| Run on Wed Aug 12 20:27:15 2026
| GB non-polar solvation energies calculated with gbsa=2
idecomp = 1: Per-residue decomp adding 1-4 interactions to Internal.
Energy Decomposition Analysis (All units kcal/mol): Generalized Born solvent
DELTAS:
Total Energy Decomposition:
Residue,Location,Internal,,,van der Waals,,,Electrostatic,,,Polar Solvation,,,Non-Polar Solv.,,,TOTAL,,
,,Avg.,Std. Dev.,Std. Err. of Mean,Avg.,Std. Dev.,Std. Err. of Mean,Avg.,Std. Dev.,Std. Err. of Mean,Avg.,Std. Dev.,Std. Err. of Mean,Avg.,Std. Dev.,Std. Err. of Mean
VAL   1,R VAL   1,0.0,0.0,0.0,-0.0019999999999997797,0.0,0.0,0.32499999999998863,0.0,0.0,-0.24600000000000222,0.0,0.0,0.0,0.0,0.0,0.07699999999998397,0.0,0.0
PRO   2,R PRO   2,0.0,0.0,0.0,-0.0009999999999998899,0.0,0.0,-0.012000000000000455,0.0,0.0,0.008999999999999453,0.0,0.0,0.0,0.0,0.0,-0.0039999999999995595,0.0,0.0
PHE   3,R PHE   3,0.0,0.0,0.0,-0.0010000000000012221,0.0,0.0,0.0030000000000001137,0.0,0.0,0.0020000000000000018,0.0,0.0,0.0,0.0,0.0,0.003999999999996007,0.0,0.0
PRO   4,R PRO   4,0.0,0.0,0.0,0.0,0.0,0.0,0.005000000000002558,0.0,0.0,0.0040000000000000036,0.0,0.0,0.0,0.0,0.0,0.009000000000003894,0.0,0.0
PRO   5,R PRO   5,0.0,0.0,0.0,0.0,0.0,0.0,0.0010000000000047748,0.0,0.0,-0.004000000000000448,0.0,0.0,0.0,0.0,0.0,-0.002999999999995673,0.0,0.0
SER   6,R SER   6,0.0,0.0,0.0,0.0,0.0,0.0,0.003999999999997783,0.0,0.0,-0.004999999999999893,0.0,0.0,0.0,0.0,0.0,-0.0010000000000021103,0.0,0.0
HIE   7,R HIE   7,0.0,0.0,0.0,0.0,0.0,0.0,-0.003999999999990678,0.0,0.0,0.0039999999999995595,0.0,0.0,0.0,0.0,0.0,7.105427357601002e-15,0.0,0.0
ARG   8,R ARG   8,0.0,0.0,0.0,0.0,0.0,0.0,0.06199999999999761,0.0,0.0,-0.06300000000000239,0.0,0.0,0.0,0.0,0.0,-0.0010000000000331966,0.0,0.0
LEU   9,R LEU   9,0.0,0.0,0.0,0.0,0.0,0.0,0.001999999999995339,0.0,0.0,-0.0020000000000000018,0.0,0.0,0.0,0.0,0.0,-3.552713678800501e-15,0.0,0.0
THR  10,R THR  10,0.0,0.0,0.0,0.0,0.0,0.0,-0.0040000000000048885,0.0,0.0,0.004000000000000448,0.0,0.0,0.0,0.0,0.0,-3.552713678800501e-15,0.0,0.0
ALA  11,R ALA  11,0.0,0.0,0.0,-0.0009999999999994458,0.0,0.0,-0.0009999999999976694,0.0,0.0,0.001000000000000334,0.0,0.0,0.0,0.0,0.0,-0.0010000000000029985,0.0,0.0
LYS  12,R LYS  12,0.0,0.0,0.0,0.0,0.0,0.0,0.03900000000001569,0.0,0.0,-0.039000000000000035,0.0,0.0,0.0,0.0,0.0,1.4210854715202004e-14,0.0,0.0
GLU  13,R GLU  13,0.0,0.0,0.0,0.0,0.0,0.0,-0.07699999999999818,0.0,0.0,0.07699999999999818,0.0,0.0,0.0,0.0,0.0,0.0,0.0,0.0
VAL  14,R VAL  14,0.0,0.0,0.0,-0.0010000000000012221,0.0,0.0,-0.0010000000000047748,0.0,0.0,0.0020000000000000018,0.0,0.0,0.0,0.0,0.0,-7.105427357601002e-15,0.0,0.0
PHE  15,R PHE  15,0.0,0.0,0.0,0.0,0.0,0.0,-0.000999999999990564,0.0,0.0,0.001000000000000112,0.0,0.0,0.0,0.0,0.0,1.0658141036401503e-14,0.0,0.0
ASP  16,R ASP  16,0.0,0.0,0.0,0.0,0.0,0.0,-0.05100000000000193,0.0,0.0,0.05100000000000193,0.0,0.0,0.0,0.0,0.0,0.0,0.0,0.0
ASN  17,R ASN  17,0.0,0.0,0.0,0.0,0.0,0.0,0.0,0.0,0.0,0.0,0.0,0.0,0.0,0.0,0.0,0.0,0.0,0.0
ASP  18,R ASP  18,0.0,0.0,0.0,0.0,0.0,0.0,-0.041999999999994486,0.0,0.0,0.04200000000000159,0.0,0.0,0.0,0.0,0.0,7.105427357601002e-15,0.0,0.0
GLY  19,R GLY  19,0.0,0.0,0.0,0.0,0.0,0.0,0.0010000000000047748,0.0,0.0,-0.0009999999999998899,0.0,0.0,0.0,0.0,0.0,4.884981308350689e-15,0.0,0.0
LYS  20,R LYS  20,0.0,0.0,0.0,0.0,0.0,0.0,0.04600000000002069,0.0,0.0,-0.045999999999999375,0.0,0.0,0.0,0.0,0.0,2.1316282072803006e-14,0.0,0.0
PRO  21,R PRO  21,0.0,0.0,0.0,0.0,0.0,0.0,0.0,0.0,0.0,0.0,0.0,0.0,0.0,0.0,0.0,0.0,0.0,0.0
ARG  22,R ARG  22,0.0,0.0,0.0,0.0,0.0,0.0,0.06400000000000006,0.0,0.0,-0.06400000000000006,0.0,0.0,0.0,0.0,0.0,0.0,0.0,0.0
VAL  23,R VAL  23,0.0,0.0,0.0,0.0,0.0,0.0,-0.003999999999997783,0.0,0.0,0.0040000000000000036,0.0,0.0,0.0,0.0,0.0,0.0,0.0,0.0
ASP  24,R ASP  24,0.0,0.0,0.0,0.0,0.0,0.0,-0.09299999999999642,0.0,0.0,0.09300000000000352,0.0,0.0,0.0,0.0,0.0,7.105427357601002e-15,0.0,0.0
ILE  25,R ILE  25,0.0,0.0,0.0,0.0,0.0,0.0,-0.0049999999999954525,0.0,0.0,0.006000000000000005,0.0,0.0,0.0,0.0,0.0,0.0010000000000047748,0.0,0.0
LEU  26,R LEU  26,0.0,0.0,0.0,0.0,0.0,0.0,-0.003999999999990678,0.0,0.0,0.008000000000000007,0.0,0.0,0.0,0.0,0.0,0.004000000000008441,0.0,0.0
LYS  27,R LYS  27,0.0,0.0,0.0,0.0,0.0,0.0,0.14400000000000546,0.0,0.0,-0.14300000000000068,0.0,0.0,0.0,0.0,0.0,0.0010000000000047748,0.0,0.0
ALA  28,R ALA  28,0.0,0.0,0.0,0.0,0.0,0.0,-0.006999999999990791,0.0,0.0,0.007000000000000006,0.0,0.0,0.0,0.0,0.0,9.325873406851315e-15,0.0,0.0
HIE  29,R HIE  29,0.0,0.0,0.0,0.0,0.0,0.0,-0.010000000000005116,0.0,0.0,0.01100000000000001,0.0,0.0,0.0,0.0,0.0,0.0009999999999947828,0.0,0.0
LEU  30,R LEU  30,0.0,0.0,0.0,-0.0009999999999994458,0.0,0.0,-0.007999999999995566,0.0,0.0,0.015000000000000124,0.0,0.0,0.0,0.0,0.0,0.006000000000000227,0.0,0.0
MET  31,R MET  31,0.0,0.0,0.0,0.0,0.0,0.0,-0.01300000000000523,0.0,0.0,0.016000000000000014,0.0,0.0,0.0,0.0,0.0,0.0029999999999947846,0.0,0.0
LYS  32,R LYS  32,0.0,0.0,0.0,0.0,0.0,0.0,0.1419999999999959,0.0,0.0,-0.13799999999999812,0.0,0.0,0.0,0.0,0.0,0.003999999999997783,0.0,0.0
GLU  33,R GLU  33,0.0,0.0,0.0,-0.0009999999999994458,0.0,0.0,-0.28300000000000125,0.0,0.0,0.2669999999999959,0.0,0.0,0.0,0.0,0.0,-0.017000000000010118,0.0,0.0
GLY  34,R GLY  34,0.0,0.0,0.0,-0.001000000000000334,0.0,0.0,-0.001999999999995339,0.0,0.0,0.0040000000000000036,0.0,0.0,0.0,0.0,0.0,0.0009999999999998899,0.0,0.0
ARG  35,R ARG  35,0.0,0.0,0.0,0.0,0.0,0.0,0.08900000000000574,0.0,0.0,-0.0799999999999983,0.0,0.0,0.0,0.0,0.0,0.009000000000014552,0.0,0.0
LEU  36,R LEU  36,0.0,0.0,0.0,0.0,0.0,0.0,-0.000999999999990564,0.0,0.0,0.0020000000000000018,0.0,0.0,0.0,0.0,0.0,0.0010000000000083276,0.0,0.0
GLU  37,R GLU  37,0.0,0.0,0.0,0.0,0.0,0.0,-0.054000000000002046,0.0,0.0,0.05299999999999727,0.0,0.0,0.0,0.0,0.0,-0.0010000000000047748,0.0,0.0
GLU  38,R GLU  38,0.0,0.0,0.0,0.0,0.0,0.0,-0.012999999999998124,0.0,0.0,0.01300000000000523,0.0,0.0,0.0,0.0,0.0,7.105427357601002e-15,0.0,0.0
THR  39,R THR  39,0.0,0.0,0.0,0.0,0.0,0.0,0.0,0.0,0.0,0.001000000000000334,0.0,0.0,0.0,0.0,0.0,0.0010000000000012221,0.0,0.0
VAL  40,R VAL  40,0.0,0.0,0.0,0.0,0.0,0.0,0.0009999999999976694,0.0,0.0,0.001000000000000334,0.0,0.0,0.0,0.0,0.0,0.0019999999999988916,0.0,0.0
ALA  41,R ALA  41,0.0,0.0,0.0,0.0,0.0,0.0,0.0,0.0,0.0,0.0010000000000000009,0.0,0.0,0.0,0.0,0.0,0.0009999999999998899,0.0,0.0
LEU  42,R LEU  42,0.0,0.0,0.0,0.0,0.0,0.0,0.0,0.0,0.0,0.0,0.0,0.0,0.0,0.0,0.0,0.0,0.0,0.0
ARG  43,R ARG  43,0.0,0.0,0.0,0.0,0.0,0.0,0.03999999999999915,0.0,0.0,-0.03999999999999915,0.0,0.0,0.0,0.0,0.0,0.0,0.0,0.0
ILE  44,R ILE  44,0.0,0.0,0.0,0.0,0.0,0.0,0.0010000000000047748,0.0,0.0,0.0,0.0,0.0,0.0,0.0,0.0,0.0010000000000047748,0.0,0.0
ILE  45,R ILE  45,0.0,0.0,0.0,0.0,0.0,0.0,0.0,0.0,0.0,0.0,0.0,0.0,0.0,0.0,0.0,0.0,0.0,0.0
THR  46,R THR  46,0.0,0.0,0.0,0.0,0.0,0.0,0.0010000000000047748,0.0,0.0,-0.0009999999999994458,0.0,0.0,0.0,0.0,0.0,3.552713678800501e-15,0.0,0.0
GLU  47,R GLU  47,0.0,0.0,0.0,0.0,0.0,0.0,-0.03399999999999892,0.0,0.0,0.034000000000006025,0.0,0.0,0.0,0.0,0.0,7.105427357601002e-15,0.0,0.0
GLY  48,R GLY  48,0.0,0.0,0.0,0.0,0.0,0.0,0.000999999999990564,0.0,0.0,-0.0009999999999998899,0.0,0.0,0.0,0.0,0.0,-8.881784197001252e-15,0.0,0.0
ALA  49,R ALA  49,0.0,0.0,0.0,0.0,0.0,0.0,0.0010000000000047748,0.0,0.0,0.0,0.0,0.0,0.0,0.0,0.0,0.0010000000000047748,0.0,0.0
SER  50,R SER  50,0.0,0.0,0.0,0.0,0.0,0.0,0.0020000000000095497,0.0,0.0,-0.0019999999999997797,0.0,0.0,0.0,0.0,0.0,9.769962616701378e-15,0.0,0.0
ILE  51,R ILE  51,0.0,0.0,0.0,0.0,0.0,0.0,0.001999999999995339,0.0,0.0,-0.001000000000000112,0.0,0.0,0.0,0.0,0.0,0.000999999999995449,0.0,0.0
LEU  52,R LEU  52,0.0,0.0,0.0,0.0,0.0,0.0,0.0010000000000047748,0.0,0.0,0.0,0.0,0.0,0.0,0.0,0.0,0.0010000000000047748,0.0,0.0
ARG  53,R ARG  53,0.0,0.0,0.0,0.0,0.0,0.0,0.006000000000000227,0.0,0.0,-0.0049999999999954525,0.0,0.0,0.0,0.0,0.0,0.0010000000000331966,0.0,0.0
GLN  54,R GLN  54,0.0,0.0,0.0,0.0,0.0,0.0,0.0,0.0,0.0,0.0,0.0,0.0,0.0,0.0,0.0,0.0,0.0,0.0
GLU  55,R GLU  55,0.0,0.0,0.0,0.0,0.0,0.0,-0.029000000000003467,0.0,0.0,0.029000000000010573,0.0,0.0,0.0,0.0,0.0,7.105427357601002e-15,0.0,0.0
LYS  56,R LYS  56,0.0,0.0,0.0,0.0,0.0,0.0,0.0010000000000047748,0.0,0.0,-0.0010000000000012221,0.0,0.0,0.0,0.0,0.0,3.552713678800501e-15,0.0,0.0
ASN  57,R ASN  57,0.0,0.0,0.0,0.0,0.0,0.0,-0.0030000000000001137,0.0,0.0,0.0030000000000000027,0.0,0.0,0.0,0.0,0.0,0.0,0.0,0.0
LEU  58,R LEU  58,0.0,0.0,0.0,0.0,0.0,0.0,0.0010000000000047748,0.0,0.0,-0.0009999999999998899,0.0,0.0,0.0,0.0,0.0,3.552713678800501e-15,0.0,0.0
LEU  59,R LEU  59,0.0,0.0,0.0,0.0,0.0,0.0,0.001999999999995339,0.0,0.0,-0.0010000000000000009,0.0,0.0,0.0,0.0,0.0,0.0009999999999976694,0.0,0.0
ASP  60,R ASP  60,0.0,0.0,0.0,0.0,0.0,0.0,-0.020999999999997243,0.0,0.0,0.02200000000000557,0.0,0.0,0.0,0.0,0.0,0.0010000000000047748,0.0,0.0
ILE  61,R ILE  61,0.0,0.0,0.0,0.0,0.0,0.0,0.0010000000000047748,0.0,0.0,-0.0009999999999998899,0.0,0.0,0.0,0.0,0.0,5.329070518200751e-15,0.0,0.0
ASP  62,R ASP  62,0.0,0.0,0.0,0.0,0.0,0.0,-0.036999999999999034,0.0,0.0,0.03700000000000614,0.0,0.0,0.0,0.0,0.0,1.4210854715202004e-14,0.0,0.0
ALA  63,R ALA  63,0.0,0.0,0.0,0.0,0.0,0.0,0.001999999999995339,0.0,0.0,-0.0019999999999997797,0.0,0.0,0.0,0.0,0.0,-5.329070518200751e-15,0.0,0.0
PRO  64,R PRO  64,0.0,0.0,0.0,0.0,0.0,0.0,0.0020000000000095497,0.0,0.0,-0.0020000000000000018,0.0,0.0,0.0,0.0,0.0,8.881784197001252e-15,0.0,0.0
VAL  65,R VAL  65,0.0,0.0,0.0,0.0,0.0,0.0,0.0,0.0,0.0,0.0,0.0,0.0,0.0,0.0,0.0,0.0,0.0,0.0
THR  66,R THR  66,0.0,0.0,0.0,0.0,0.0,0.0,0.0020000000000024443,0.0,0.0,-0.0009999999999998899,0.0,0.0,0.0,0.0,0.0,0.0010000000000012221,0.0,0.0
VAL  67,R VAL  67,0.0,0.0,0.0,0.0,0.0,0.0,-0.0030000000000001137,0.0,0.0,0.004999999999999893,0.0,0.0,0.0,0.0,0.0,0.0019999999999988916,0.0,0.0
CYS  68,R CYS  68,0.0,0.0,0.0,0.0,0.0,0.0,0.006999999999990791,0.0,0.0,-0.004999999999999893,0.0,0.0,0.0,0.0,0.0,0.001999999999990898,0.0,0.0
GLY  69,R GLY  69,0.0,0.0,0.0,0.0,0.0,0.0,0.001999999999995339,0.0,0.0,-0.001000000000000112,0.0,0.0,0.0,0.0,0.0,0.0009999999999950049,0.0,0.0
ASP  70,R ASP  70,0.0,0.0,0.0,-0.0009999999999994458,0.0,0.0,-0.10200000000000031,0.0,0.0,0.10599999999999454,0.0,0.0,0.0,0.0,0.0,0.002999999999985903,0.0,0.0
ILE  71,R ILE  71,0.0,0.0,0.0,0.0,0.0,0.0,-0.015999999999998238,0.0,0.0,0.021000000000000005,0.0,0.0,0.0,0.0,0.0,0.005000000000001781,0.0,0.0
HIE  72,R HIE  72,0.0,0.0,0.0,-0.0010000000000012221,0.0,0.0,-0.028999999999996362,0.0,0.0,0.018,0.0,0.0,0.0,0.0,0.0,-0.012000000000002231,0.0,0.0
GLY  73,R GLY  73,0.0,0.0,0.0,0.0,0.0,0.0,-0.013999999999995794,0.0,0.0,0.0129999999999999,0.0,0.0,0.0,0.0,0.0,-0.000999999999995893,0.0,0.0
GLN  74,R GLN  74,0.0,0.0,0.0,-0.0009999999999994458,0.0,0.0,0.01099999999999568,0.0,0.0,0.0040000000000000036,0.0,0.0,0.0,0.0,0.0,0.014000000000010004,0.0,0.0
PHE  75,R PHE  75,0.0,0.0,0.0,-0.0010000000000012221,0.0,0.0,0.007000000000005002,0.0,0.0,-0.006000000000000005,0.0,0.0,0.0,0.0,0.0,0.0,0.0,0.0
PHE  76,R PHE  76,0.0,0.0,0.0,-0.0009999999999994458,0.0,0.0,0.007000000000005002,0.0,0.0,-0.014000000000000234,0.0,0.0,0.0,0.0,0.0,-0.008000000000000007,0.0,0.0
ASP  77,R ASP  77,0.0,0.0,0.0,-0.0010000000000012221,0.0,0.0,-0.2909999999999995,0.0,0.0,0.2919999999999874,0.0,0.0,0.0,0.0,0.0,-1.4210854715202004e-14,0.0,0.0
LEU  78,R LEU  78,0.0,0.0,0.0,0.0,0.0,0.0,0.0049999999999954525,0.0,0.0,0.001000000000000334,0.0,0.0,0.0,0.0,0.0,0.005999999999994898,0.0,0.0
MET  79,R MET  79,0.0,0.0,0.0,0.0,0.0,0.0,0.009999999999990905,0.0,0.0,-0.01100000000000012,0.0,0.0,0.0,0.0,0.0,-0.0010000000000092157,0.0,0.0
LYS  80,R LYS  80,0.0,0.0,0.0,0.0,0.0,0.0,0.19499999999999318,0.0,0.0,-0.19400000000000261,0.0,0.0,0.0,0.0,0.0,0.000999999999990564,0.0,0.0
LEU  81,R LEU  81,0.0,0.0,0.0,0.0,0.0,0.0,0.0040000000000048885,0.0,0.0,-0.0019999999999997797,0.0,0.0,0.0,0.0,0.0,0.002000000000005997,0.0,0.0
PHE  82,R PHE  82,0.0,0.0,0.0,0.0,0.0,0.0,0.0040000000000048885,0.0,0.0,-0.0050000000000001155,0.0,0.0,0.0,0.0,0.0,-0.0009999999999941167,0.0,0.0
GLU  83,R GLU  83,0.0,0.0,0.0,0.0,0.0,0.0,-0.16600000000001103,0.0,0.0,0.16499999999999204,0.0,0.0,0.0,0.0,0.0,-0.0010000000000189857,0.0,0.0
VAL  84,R VAL  84,0.0,0.0,0.0,0.0,0.0,0.0,0.0040000000000048885,0.0,0.0,-0.0039999999999995595,0.0,0.0,0.0,0.0,0.0,7.105427357601002e-15,0.0,0.0
GLY  85,R GLY  85,0.0,0.0,0.0,0.0,0.0,0.0,0.0040000000000048885,0.0,0.0,-0.0030000000000001137,0.0,0.0,0.0,0.0,0.0,0.0010000000000047748,0.0,0.0
GLY  86,R GLY  86,0.0,0.0,0.0,0.0,0.0,0.0,0.0,0.0,0.0,0.0,0.0,0.0,0.0,0.0,0.0,0.0,0.0,0.0
SER  87,R SER  87,0.0,0.0,0.0,0.0,0.0,0.0,0.0030000000000001137,0.0,0.0,-0.0019999999999988916,0.0,0.0,0.0,0.0,0.0,0.0010000000000012221,0.0,0.0
PRO  88,R PRO  88,0.0,0.0,0.0,0.0,0.0,0.0,0.0030000000000001137,0.0,0.0,-0.0030000000000001137,0.0,0.0,0.0,0.0,0.0,0.0,0.0,0.0
ALA  89,R ALA  89,0.0,0.0,0.0,0.0,0.0,0.0,0.0030000000000001137,0.0,0.0,-0.0019999999999997797,0.0,0.0,0.0,0.0,0.0,0.001000000000000334,0.0,0.0
ASN  90,R ASN  90,0.0,0.0,0.0,0.0,0.0,0.0,0.0,0.0,0.0,0.0,0.0,0.0,0.0,0.0,0.0,0.0,0.0,0.0
THR  91,R THR  91,0.0,0.0,0.0,0.0,0.0,0.0,0.0010000000000047748,0.0,0.0,-0.0019999999999997797,0.0,0.0,0.0,0.0,0.0,-0.0009999999999976694,0.0,0.0
ARG  92,R ARG  92,0.0,0.0,0.0,0.0,0.0,0.0,0.0470000000000006,0.0,0.0,-0.04700000000000415,0.0,0.0,0.0,0.0,0.0,0.0,0.0,0.0
TYR  93,R TYR  93,0.0,0.0,0.0,0.0,0.0,0.0,0.003999999999990678,0.0,0.0,-0.0040000000000000036,0.0,0.0,0.0,0.0,0.0,-7.105427357601002e-15,0.0,0.0
LEU  94,R LEU  94,0.0,0.0,0.0,0.0,0.0,0.0,-0.0030000000000001137,0.0,0.0,0.0040000000000000036,0.0,0.0,0.0,0.0,0.0,0.0010000000000012221,0.0,0.0
PHE  95,R PHE  95,0.0,0.0,0.0,0.0,0.0,0.0,0.0049999999999954525,0.0,0.0,-0.0040000000000000036,0.0,0.0,0.0,0.0,0.0,0.0009999999999950049,0.0,0.0
LEU  96,R LEU  96,0.0,0.0,0.0,-0.0009999999999994458,0.0,0.0,0.0049999999999954525,0.0,0.0,-0.0040000000000000036,0.0,0.0,0.0,0.0,0.0,-3.552713678800501e-15,0.0,0.0
GLY  97,R GLY  97,0.0,0.0,0.0,0.0,0.0,0.0,-0.0049999999999954525,0.0,0.0,0.007000000000000006,0.0,0.0,0.0,0.0,0.0,0.0020000000000042206,0.0,0.0
ASP  98,R ASP  98,0.0,0.0,0.0,0.0,0.0,0.0,-0.06300000000000239,0.0,0.0,0.0660000000000025,0.0,0.0,0.0,0.0,0.0,0.0030000000000001137,0.0,0.0
TYR  99,R TYR  99,0.0,0.0,0.0,0.0,0.0,0.0,-0.007000000000005002,0.0,0.0,0.009999999999999787,0.0,0.0,0.0,0.0,0.0,0.0029999999999930083,0.0,0.0
VAL 100,R VAL 100,0.0,0.0,0.0,-0.0010000000000012221,0.0,0.0,-0.0020000000000024443,0.0,0.0,0.011999999999999567,0.0,0.0,0.0,0.0,0.0,0.008999999999996788,0.0,0.0
ASP 101,R ASP 101,0.0,0.0,0.0,-0.0010000000000012221,0.0,0.0,-0.02400000000000091,0.0,0.0,0.03299999999998704,0.0,0.0,0.0,0.0,0.0,0.007999999999981355,0.0,0.0
ARG 102,R ARG 102,0.0,0.0,0.0,-0.0030000000000001137,0.0,0.0,0.06499999999999773,0.0,0.0,0.0040000000000048885,0.0,0.0,0.0,0.0,0.0,0.06600000000003092,0.0,0.0
GLY 103,R GLY 103,0.0,0.0,0.0,-0.002000000000000668,0.0,0.0,0.028000000000005798,0.0,0.0,-0.01100000000000012,0.0,0.0,0.0,0.0,0.0,0.01499999999999524,0.0,0.0
TYR 104,R TYR 104,0.0,0.0,0.0,-0.01699999999999946,0.0,0.0,0.015000000000000568,0.0,0.0,-0.011999999999999567,0.0,0.0,0.0,0.0,0.0,-0.014000000000002899,0.0,0.0
PHE 105,R PHE 105,0.0,0.0,0.0,-0.0020000000000024443,0.0,0.0,0.006000000000000227,0.0,0.0,-0.010000000000000231,0.0,0.0,0.0,0.0,0.0,-0.005999999999994898,0.0,0.0
SER 106,R SER 106,0.0,0.0,0.0,-0.0009999999999994458,0.0,0.0,-0.009000000000000341,0.0,0.0,0.015000000000000013,0.0,0.0,0.0,0.0,0.0,0.005000000000009663,0.0,0.0
ILE 107,R ILE 107,0.0,0.0,0.0,-0.0010000000000012221,0.0,0.0,0.0040000000000048885,0.0,0.0,0.0,0.0,0.0,0.0,0.0,0.0,0.003000000000007219,0.0,0.0
GLU 108,R GLU 108,0.0,0.0,0.0,0.0,0.0,0.0,-0.15200000000000102,0.0,0.0,0.15399999999999636,0.0,0.0,0.0,0.0,0.0,0.001999999999995339,0.0,0.0
CYS 109,R CYS 109,0.0,0.0,0.0,0.0,0.0,0.0,-0.001999999999995339,0.0,0.0,0.001000000000000334,0.0,0.0,0.0,0.0,0.0,-0.0009999999999950049,0.0,0.0
VAL 110,R VAL 110,0.0,0.0,0.0,0.0,0.0,0.0,0.0009999999999976694,0.0,0.0,0.0019999999999997797,0.0,0.0,0.0,0.0,0.0,0.002999999999996561,0.0,0.0
LEU 111,R LEU 111,0.0,0.0,0.0,0.0,0.0,0.0,0.0040000000000048885,0.0,0.0,-0.002000000000000224,0.0,0.0,0.0,0.0,0.0,0.0020000000000024443,0.0,0.0
TYR 112,R TYR 112,0.0,0.0,0.0,0.0,0.0,0.0,0.0030000000000001137,0.0,0.0,-0.0029999999999996696,0.0,0.0,0.0,0.0,0.0,0.0,0.0,0.0
LEU 113,R LEU 113,0.0,0.0,0.0,0.0,0.0,0.0,0.001999999999995339,0.0,0.0,0.0,0.0,0.0,0.0,0.0,0.0,0.001999999999995339,0.0,0.0
TRP 114,R TRP 114,0.0,0.0,0.0,0.0,0.0,0.0,-0.0010000000000047748,0.0,0.0,0.0,0.0,0.0,0.0,0.0,0.0,-0.0010000000000047748,0.0,0.0
ALA 115,R ALA 115,0.0,0.0,0.0,0.0,0.0,0.0,0.0030000000000001137,0.0,0.0,-0.0029999999999998916,0.0,0.0,0.0,0.0,0.0,2.220446049250313e-16,0.0,0.0
LEU 116,R LEU 116,0.0,0.0,0.0,0.0,0.0,0.0,0.0020000000000095497,0.0,0.0,-0.0019999999999997797,0.0,0.0,0.0,0.0,0.0,1.0658141036401503e-14,0.0,0.0
LYS 117,R LYS 117,0.0,0.0,0.0,0.0,0.0,0.0,0.04400000000001114,0.0,0.0,-0.045000000000001705,0.0,0.0,0.0,0.0,0.0,-0.000999999999990564,0.0,0.0
ILE 118,R ILE 118,0.0,0.0,0.0,0.0,0.0,0.0,0.0020000000000095497,0.0,0.0,-0.0020000000000000018,0.0,0.0,0.0,0.0,0.0,8.881784197001252e-15,0.0,0.0
LEU 119,R LEU 119,0.0,0.0,0.0,0.0,0.0,0.0,0.001999999999995339,0.0,0.0,-0.0020000000000000018,0.0,0.0,0.0,0.0,0.0,-3.552713678800501e-15,0.0,0.0
TYR 120,R TYR 120,0.0,0.0,0.0,0.0,0.0,0.0,-0.0020000000000095497,0.0,0.0,0.002000000000000668,0.0,0.0,0.0,0.0,0.0,-8.881784197001252e-15,0.0,0.0
PRO 121,R PRO 121,0.0,0.0,0.0,0.0,0.0,0.0,0.0,0.0,0.0,0.0,0.0,0.0,0.0,0.0,0.0,0.0,0.0,0.0
LYS 122,R LYS 122,0.0,0.0,0.0,0.0,0.0,0.0,0.036000000000001364,0.0,0.0,-0.03600000000000003,0.0,0.0,0.0,0.0,0.0,3.552713678800501e-15,0.0,0.0
THR 123,R THR 123,0.0,0.0,0.0,0.0,0.0,0.0,0.0,0.0,0.0,0.0,0.0,0.0,0.0,0.0,0.0,0.0,0.0,0.0
LEU 124,R LEU 124,0.0,0.0,0.0,0.0,0.0,0.0,0.0030000000000001137,0.0,0.0,-0.002000000000000224,0.0,0.0,0.0,0.0,0.0,0.0010000000000012221,0.0,0.0
PHE 125,R PHE 125,0.0,0.0,0.0,0.0,0.0,0.0,-0.0030000000000001137,0.0,0.0,0.0030000000000000027,0.0,0.0,0.0,0.0,0.0,-4.440892098500626e-16,0.0,0.0
LEU 126,R LEU 126,0.0,0.0,0.0,0.0,0.0,0.0,0.0020000000000095497,0.0,0.0,-0.0009999999999998899,0.0,0.0,0.0,0.0,0.0,0.0010000000000083276,0.0,0.0
LEU 127,R LEU 127,0.0,0.0,0.0,0.0,0.0,0.0,-0.0030000000000001137,0.0,0.0,0.0030000000000000027,0.0,0.0,0.0,0.0,0.0,0.0,0.0,0.0
ARG 128,R ARG 128,0.0,0.0,0.0,0.0,0.0,0.0,-0.010000000000005116,0.0,0.0,0.01099999999999568,0.0,0.0,0.0,0.0,0.0,0.0010000000000047748,0.0,0.0
GLY 129,R GLY 129,0.0,0.0,0.0,0.0,0.0,0.0,0.0040000000000048885,0.0,0.0,-0.0020000000000000018,0.0,0.0,0.0,0.0,0.0,0.002000000000005997,0.0,0.0
ASN 130,R ASN 130,0.0,0.0,0.0,0.0,0.0,0.0,-0.006000000000000227,0.0,0.0,0.009999999999999787,0.0,0.0,0.0,0.0,0.0,0.003999999999990678,0.0,0.0
HIE 131,R HIE 131,0.0,0.0,0.0,-0.0010000000000012221,0.0,0.0,0.0049999999999954525,0.0,0.0,-0.006000000000000227,0.0,0.0,0.0,0.0,0.0,-0.001999999999995339,0.0,0.0
GLU 132,R GLU 132,0.0,0.0,0.0,-0.0010000000000012221,0.0,0.0,-0.038999999999997925,0.0,0.0,0.038000000000010914,0.0,0.0,0.0,0.0,0.0,-0.001999999999995339,0.0,0.0
CYS 133,R CYS 133,0.0,0.0,0.0,0.0,0.0,0.0,-0.0030000000000001137,0.0,0.0,0.0040000000000000036,0.0,0.0,0.0,0.0,0.0,0.0010000000000012221,0.0,0.0
ARG 134,R ARG 134,0.0,0.0,0.0,-0.0009999999999994458,0.0,0.0,-0.04400000000001114,0.0,0.0,0.043000000000006366,0.0,0.0,0.0,0.0,0.0,-0.0020000000000095497,0.0,0.0
HIE 135,R HIE 135,0.0,0.0,0.0,-0.0009999999999994458,0.0,0.0,0.008000000000009777,0.0,0.0,-0.006000000000000227,0.0,0.0,0.0,0.0,0.0,0.0010000000000189857,0.0,0.0
LEU 136,R LEU 136,0.0,0.0,0.0,-0.0010000000000012221,0.0,0.0,0.007999999999995566,0.0,0.0,-0.0050000000000000044,0.0,0.0,0.0,0.0,0.0,0.001999999999991786,0.0,0.0
THR 137,R THR 137,0.0,0.0,0.0,-0.0009999999999994458,0.0,0.0,0.008000000000002672,0.0,0.0,-0.0050000000000001155,0.0,0.0,0.0,0.0,0.0,0.0020000000000024443,0.0,0.0
GLU 138,R GLU 138,0.0,0.0,0.0,-0.0009999999999994458,0.0,0.0,0.142000000000003,0.0,0.0,-0.13599999999999568,0.0,0.0,0.0,0.0,0.0,0.005000000000009663,0.0,0.0
TYR 139,R TYR 139,0.0,0.0,0.0,-0.0030000000000001137,0.0,0.0,0.0030000000000001137,0.0,0.0,0.0009999999999998899,0.0,0.0,0.0,0.0,0.0,0.0010000000000012221,0.0,0.0
PHE 140,R PHE 140,0.0,0.0,0.0,-0.0039999999999995595,0.0,0.0,0.027000000000001023,0.0,0.0,-0.020999999999999908,0.0,0.0,0.0,0.0,0.0,0.001999999999996227,0.0,0.0
THR 141,R THR 141,0.0,0.0,0.0,-0.0039999999999995595,0.0,0.0,0.006000000000000227,0.0,0.0,-0.007000000000000117,0.0,0.0,0.0,0.0,0.0,-0.005000000000002558,0.0,0.0
PHE 142,R PHE 142,0.0,0.0,0.0,-0.0010000000000012221,0.0,0.0,-0.0040000000000048885,0.0,0.0,-0.001000000000000112,0.0,0.0,0.0,0.0,0.0,-0.006000000000009775,0.0,0.0
LYS 143,R LYS 143,0.0,0.0,0.0,-0.0009999999999994458,0.0,0.0,-0.10999999999998522,0.0,0.0,0.1290000000000049,0.0,0.0,0.0,0.0,0.0,0.018000000000014893,0.0,0.0
GLN 144,R GLN 144,0.0,0.0,0.0,-0.0039999999999995595,0.0,0.0,0.0010000000000047748,0.0,0.0,0.03499999999999992,0.0,0.0,0.0,0.0,0.0,0.031999999999996476,0.0,0.0
GLU 145,R GLU 145,0.0,0.0,0.0,-0.002000000000000668,0.0,0.0,-0.121,0.0,0.0,0.12700000000000955,0.0,0.0,0.0,0.0,0.0,0.004000000000019099,0.0,0.0
CYS 146,R CYS 146,0.0,0.0,0.0,-0.0009999999999994458,0.0,0.0,-0.012000000000000455,0.0,0.0,0.017000000000000015,0.0,0.0,0.0,0.0,0.0,0.00399999999999423,0.0,0.0
LYS 147,R LYS 147,0.0,0.0,0.0,-0.0009999999999994458,0.0,0.0,-0.09399999999999409,0.0,0.0,0.12000000000000455,0.0,0.0,0.0,0.0,0.0,0.025000000000005684,0.0,0.0
ILE 148,R ILE 148,0.0,0.0,0.0,-0.0030000000000001137,0.0,0.0,-0.0020000000000095497,0.0,0.0,0.01200000000000001,0.0,0.0,0.0,0.0,0.0,0.006999999999989903,0.0,0.0
LYS 149,R LYS 149,0.0,0.0,0.0,-0.0009999999999994458,0.0,0.0,0.1570000000000107,0.0,0.0,-0.12199999999999989,0.0,0.0,0.0,0.0,0.0,0.034000000000006025,0.0,0.0
TYR 150,R TYR 150,0.0,0.0,0.0,0.0,0.0,0.0,0.0020000000000095497,0.0,0.0,-0.0039999999999995595,0.0,0.0,0.0,0.0,0.0,-0.0019999999999882334,0.0,0.0
SER 151,R SER 151,0.0,0.0,0.0,0.0,0.0,0.0,-0.006999999999997897,0.0,0.0,0.006999999999999673,0.0,0.0,0.0,0.0,0.0,1.7763568394002505e-15,0.0,0.0
GLU 152,R GLU 152,0.0,0.0,0.0,0.0,0.0,0.0,0.07600000000000051,0.0,0.0,-0.07699999999999818,0.0,0.0,0.0,0.0,0.0,-0.0010000000000047748,0.0,0.0
ARG 153,R ARG 153,0.0,0.0,0.0,0.0,0.0,0.0,0.0030000000000001137,0.0,0.0,-0.0030000000000001137,0.0,0.0,0.0,0.0,0.0,0.0,0.0,0.0
VAL 154,R VAL 154,0.0,0.0,0.0,0.0,0.0,0.0,-0.0010000000000047748,0.0,0.0,0.006000000000000005,0.0,0.0,0.0,0.0,0.0,0.0049999999999954525,0.0,0.0
TYR 155,R TYR 155,0.0,0.0,0.0,-0.0010000000000012221,0.0,0.0,-0.0010000000000047748,0.0,0.0,-0.002000000000000224,0.0,0.0,0.0,0.0,0.0,-0.003999999999997783,0.0,0.0
ASP 156,R ASP 156,0.0,0.0,0.0,0.0,0.0,0.0,0.043000000000002814,0.0,0.0,-0.04400000000001114,0.0,0.0,0.0,0.0,0.0,-0.0010000000000047748,0.0,0.0
ALA 157,R ALA 157,0.0,0.0,0.0,0.0,0.0,0.0,0.0,0.0,0.0,0.0010000000000000009,0.0,0.0,0.0,0.0,0.0,0.001000000000000334,0.0,0.0
CYS 158,R CYS 158,0.0,0.0,0.0,0.0,0.0,0.0,-0.001999999999995339,0.0,0.0,0.0040000000000000036,0.0,0.0,0.0,0.0,0.0,0.0020000000000046647,0.0,0.0
MET 159,R MET 159,0.0,0.0,0.0,0.0,0.0,0.0,0.0010000000000047748,0.0,0.0,-0.0020000000000000018,0.0,0.0,0.0,0.0,0.0,-0.0009999999999941167,0.0,0.0
ASP 160,R ASP 160,0.0,0.0,0.0,0.0,0.0,0.0,0.019999999999999574,0.0,0.0,-0.021000000000015007,0.0,0.0,0.0,0.0,0.0,-0.0010000000000189857,0.0,0.0
ALA 161,R ALA 161,0.0,0.0,0.0,0.0,0.0,0.0,-0.0010000000000047748,0.0,0.0,0.001000000000000334,0.0,0.0,0.0,0.0,0.0,-4.440892098500626e-15,0.0,0.0
PHE 162,R PHE 162,0.0,0.0,0.0,0.0,0.0,0.0,-0.0010000000000047748,0.0,0.0,0.0,0.0,0.0,0.0,0.0,0.0,-0.0010000000000047748,0.0,0.0
ASP 163,R ASP 163,0.0,0.0,0.0,0.0,0.0,0.0,0.02299999999999991,0.0,0.0,-0.02400000000000091,0.0,0.0,0.0,0.0,0.0,-0.0010000000000047748,0.0,0.0
CYS 164,R CYS 164,0.0,0.0,0.0,0.0,0.0,0.0,0.001999999999995339,0.0,0.0,-0.0020000000000000018,0.0,0.0,0.0,0.0,0.0,-4.884981308350689e-15,0.0,0.0
LEU 165,R LEU 165,0.0,0.0,0.0,0.0,0.0,0.0,0.0030000000000001137,0.0,0.0,-0.002000000000000668,0.0,0.0,0.0,0.0,0.0,0.0010000000000012221,0.0,0.0
PRO 166,R PRO 166,0.0,0.0,0.0,0.0,0.0,0.0,-0.0009999999999976694,0.0,0.0,0.002000000000000668,0.0,0.0,0.0,0.0,0.0,0.0010000000000029985,0.0,0.0
LEU 167,R LEU 167,0.0,0.0,0.0,0.0,0.0,0.0,-0.0020000000000024443,0.0,0.0,0.0019999999999997797,0.0,0.0,0.0,0.0,0.0,-1.7763568394002505e-15,0.0,0.0
ALA 168,R ALA 168,0.0,0.0,0.0,0.0,0.0,0.0,0.0,0.0,0.0,-0.0009999999999998899,0.0,0.0,0.0,0.0,0.0,-0.0009999999999998899,0.0,0.0
ALA 169,R ALA 169,0.0,0.0,0.0,0.0,0.0,0.0,0.0,0.0,0.0,0.0,0.0,0.0,0.0,0.0,0.0,0.0,0.0,0.0
LEU 170,R LEU 170,0.0,0.0,0.0,0.0,0.0,0.0,-0.0010000000000047748,0.0,0.0,0.0010000000000000009,0.0,0.0,0.0,0.0,0.0,-3.552713678800501e-15,0.0,0.0
MET 171,R MET 171,0.0,0.0,0.0,0.0,0.0,0.0,0.001999999999995339,0.0,0.0,-0.0009999999999998899,0.0,0.0,0.0,0.0,0.0,0.000999999999995893,0.0,0.0
ASN 172,R ASN 172,0.0,0.0,0.0,0.0,0.0,0.0,0.0,0.0,0.0,0.0009999999999994458,0.0,0.0,0.0,0.0,0.0,0.000999999999990564,0.0,0.0
GLN 173,R GLN 173,0.0,0.0,0.0,0.0,0.0,0.0,0.001999999999995339,0.0,0.0,-0.0010000000000012221,0.0,0.0,0.0,0.0,0.0,0.0009999999999976694,0.0,0.0
GLN 174,R GLN 174,0.0,0.0,0.0,0.0,0.0,0.0,0.0,0.0,0.0,0.0,0.0,0.0,0.0,0.0,0.0,0.0,0.0,0.0
PHE 175,R PHE 175,0.0,0.0,0.0,0.0,0.0,0.0,0.0,0.0,0.0,-0.001000000000000112,0.0,0.0,0.0,0.0,0.0,-0.001000000000000334,0.0,0.0
LEU 176,R LEU 176,0.0,0.0,0.0,0.0,0.0,0.0,-0.000999999999990564,0.0,0.0,0.0020000000000000018,0.0,0.0,0.0,0.0,0.0,0.0010000000000083276,0.0,0.0
CYS 177,R CYS 177,0.0,0.0,0.0,0.0,0.0,0.0,0.001999999999995339,0.0,0.0,-0.0020000000000000018,0.0,0.0,0.0,0.0,0.0,-4.6629367034256575e-15,0.0,0.0
VAL 178,R VAL 178,0.0,0.0,0.0,0.0,0.0,0.0,-0.003999999999990678,0.0,0.0,0.0040000000000000036,0.0,0.0,0.0,0.0,0.0,8.881784197001252e-15,0.0,0.0
HIE 179,R HIE 179,0.0,0.0,0.0,0.0,0.0,0.0,-0.003999999999990678,0.0,0.0,0.0040000000000000036,0.0,0.0,0.0,0.0,0.0,8.881784197001252e-15,0.0,0.0
GLY 180,R GLY 180,0.0,0.0,0.0,-0.0009999999999994458,0.0,0.0,-0.0030000000000001137,0.0,0.0,0.0040000000000000036,0.0,0.0,0.0,0.0,0.0,-4.440892098500626e-15,0.0,0.0
GLY 181,R GLY 181,0.0,0.0,0.0,0.0,0.0,0.0,0.0010000000000047748,0.0,0.0,-0.001000000000000334,0.0,0.0,0.0,0.0,0.0,4.440892098500626e-15,0.0,0.0
LEU 182,R LEU 182,0.0,0.0,0.0,0.0,0.0,0.0,0.0010000000000047748,0.0,0.0,-0.0019999999999997797,0.0,0.0,0.0,0.0,0.0,-0.0009999999999941167,0.0,0.0
SER 183,R SER 183,0.0,0.0,0.0,0.0,0.0,0.0,-0.0009999999999976694,0.0,0.0,0.001000000000000334,0.0,0.0,0.0,0.0,0.0,2.6645352591003757e-15,0.0,0.0
PRO 184,R PRO 184,0.0,0.0,0.0,0.0,0.0,0.0,-0.0020000000000024443,0.0,0.0,0.002000000000000224,0.0,0.0,0.0,0.0,0.0,-2.220446049250313e-15,0.0,0.0
GLU 185,R GLU 185,0.0,0.0,0.0,0.0,0.0,0.0,0.036999999999999034,0.0,0.0,-0.03700000000000614,0.0,0.0,0.0,0.0,0.0,0.0,0.0,0.0
ILE 186,R ILE 186,0.0,0.0,0.0,0.0,0.0,0.0,-0.0009999999999976694,0.0,0.0,0.0010000000000000009,0.0,0.0,0.0,0.0,0.0,2.4424906541753444e-15,0.0,0.0
ASN 187,R ASN 187,0.0,0.0,0.0,0.0,0.0,0.0,0.0010000000000047748,0.0,0.0,0.0,0.0,0.0,0.0,0.0,0.0,0.0010000000000047748,0.0,0.0
THR 188,R THR 188,0.0,0.0,0.0,0.0,0.0,0.0,0.0009999999999976694,0.0,0.0,-0.001000000000000334,0.0,0.0,0.0,0.0,0.0,-3.552713678800501e-15,0.0,0.0
LEU 189,R LEU 189,0.0,0.0,0.0,0.0,0.0,0.0,0.0,0.0,0.0,-0.0009999999999998899,0.0,0.0,0.0,0.0,0.0,-0.0009999999999976694,0.0,0.0
ASP 190,R ASP 190,0.0,0.0,0.0,0.0,0.0,0.0,-0.0009999999999976694,0.0,0.0,0.0,0.0,0.0,0.0,0.0,0.0,-0.000999999999990564,0.0,0.0
ASP 191,R ASP 191,0.0,0.0,0.0,0.0,0.0,0.0,0.011000000000001009,0.0,0.0,-0.01099999999999568,0.0,0.0,0.0,0.0,0.0,0.0,0.0,0.0
ILE 192,R ILE 192,0.0,0.0,0.0,0.0,0.0,0.0,0.001999999999995339,0.0,0.0,-0.001000000000000334,0.0,0.0,0.0,0.0,0.0,0.000999999999995893,0.0,0.0
ARG 193,R ARG 193,0.0,0.0,0.0,0.0,0.0,0.0,0.008999999999993236,0.0,0.0,-0.010000000000005116,0.0,0.0,0.0,0.0,0.0,-0.0010000000000047748,0.0,0.0
LYS 194,R LYS 194,0.0,0.0,0.0,0.0,0.0,0.0,-0.007000000000005002,0.0,0.0,0.006999999999997897,0.0,0.0,0.0,0.0,0.0,-7.105427357601002e-15,0.0,0.0
LEU 195,R LEU 195,0.0,0.0,0.0,0.0,0.0,0.0,-0.001999999999995339,0.0,0.0,0.002000000000000224,0.0,0.0,0.0,0.0,0.0,7.105427357601002e-15,0.0,0.0
ASP 196,R ASP 196,0.0,0.0,0.0,0.0,0.0,0.0,0.023999999999993804,0.0,0.0,-0.02400000000000091,0.0,0.0,0.0,0.0,0.0,-1.4210854715202004e-14,0.0,0.0
ARG 197,R ARG 197,0.0,0.0,0.0,0.0,0.0,0.0,0.006000000000000227,0.0,0.0,-0.006000000000000227,0.0,0.0,0.0,0.0,0.0,-5.684341886080802e-14,0.0,0.0
PHE 198,R PHE 198,0.0,0.0,0.0,0.0,0.0,0.0,0.000999999999990564,0.0,0.0,-0.0019999999999997797,0.0,0.0,0.0,0.0,0.0,-0.0010000000000092157,0.0,0.0
LYS 199,R LYS 199,0.0,0.0,0.0,0.0,0.0,0.0,-0.03999999999999204,0.0,0.0,0.03999999999999204,0.0,0.0,0.0,0.0,0.0,0.0,0.0,0.0
GLU 200,R GLU 200,0.0,0.0,0.0,-0.0010000000000012221,0.0,0.0,0.06099999999999994,0.0,0.0,-0.06100000000000705,0.0,0.0,0.0,0.0,0.0,-0.0010000000000189857,0.0,0.0
PRO 201,R PRO 201,0.0,0.0,0.0,0.0,0.0,0.0,0.006000000000000227,0.0,0.0,-0.006999999999999673,0.0,0.0,0.0,0.0,0.0,-0.0010000000000012221,0.0,0.0
PRO 202,R PRO 202,0.0,0.0,0.0,0.0,0.0,0.0,-0.0020000000000024443,0.0,0.0,0.0009999999999994458,0.0,0.0,0.0,0.0,0.0,-0.0010000000000029985,0.0,0.0
ALA 203,R ALA 203,0.0,0.0,0.0,0.0,0.0,0.0,0.0,0.0,0.0,0.0,0.0,0.0,0.0,0.0,0.0,0.0,0.0,0.0
TYR 204,R TYR 204,0.0,0.0,0.0,0.0,0.0,0.0,0.0,0.0,0.0,0.0,0.0,0.0,0.0,0.0,0.0,0.0,0.0,0.0
GLY 205,R GLY 205,0.0,0.0,0.0,0.0,0.0,0.0,0.0010000000000047748,0.0,0.0,-0.0009999999999998899,0.0,0.0,0.0,0.0,0.0,4.884981308350689e-15,0.0,0.0
PRO 206,R PRO 206,0.0,0.0,0.0,0.0,0.0,0.0,-0.001999999999995339,0.0,0.0,0.0009999999999998899,0.0,0.0,0.0,0.0,0.0,-0.0009999999999950049,0.0,0.0
MET 207,R MET 207,0.0,0.0,0.0,0.0,0.0,0.0,-0.0020000000000024443,0.0,0.0,0.0019999999999997797,0.0,0.0,0.0,0.0,0.0,-2.6645352591003757e-15,0.0,0.0
CYS 208,R CYS 208,0.0,0.0,0.0,0.0,0.0,0.0,-0.003999999999990678,0.0,0.0,0.004999999999999893,0.0,0.0,0.0,0.0,0.0,0.0010000000000092157,0.0,0.0
ASP 209,R ASP 209,0.0,0.0,0.0,0.0,0.0,0.0,0.030999999999998806,0.0,0.0,-0.031999999999982265,0.0,0.0,0.0,0.0,0.0,-0.000999999999990564,0.0,0.0
ILE 210,R ILE 210,0.0,0.0,0.0,0.0,0.0,0.0,-0.003999999999997783,0.0,0.0,0.0040000000000000036,0.0,0.0,0.0,0.0,0.0,2.220446049250313e-15,0.0,0.0
LEU 211,R LEU 211,0.0,0.0,0.0,0.0,0.0,0.0,-0.0049999999999954525,0.0,0.0,0.007000000000000117,0.0,0.0,0.0,0.0,0.0,0.0020000000000024443,0.0,0.0
TRP 212,R TRP 212,0.0,0.0,0.0,-0.0010000000000012221,0.0,0.0,-0.0020000000000095497,0.0,0.0,0.0009999999999994458,0.0,0.0,0.0,0.0,0.0,-0.0020000000000148788,0.0,0.0
SER 213,R SER 213,0.0,0.0,0.0,0.0,0.0,0.0,-0.0020000000000095497,0.0,0.0,0.0019999999999997797,0.0,0.0,0.0,0.0,0.0,-1.0658141036401503e-14,0.0,0.0
ASP 214,R ASP 214,0.0,0.0,0.0,0.0,0.0,0.0,-0.004000000000001336,0.0,0.0,0.003999999999990678,0.0,0.0,0.0,0.0,0.0,-1.4210854715202004e-14,0.0,0.0
PRO 215,R PRO 215,0.0,0.0,0.0,0.0,0.0,0.0,0.0020000000000024443,0.0,0.0,-0.0039999999999995595,0.0,0.0,0.0,0.0,0.0,-0.001999999999997115,0.0,0.0
LEU 216,R LEU 216,0.0,0.0,0.0,0.0,0.0,0.0,-0.006000000000000227,0.0,0.0,0.004999999999999893,0.0,0.0,0.0,0.0,0.0,-0.0009999999999994458,0.0,0.0
GLU 217,R GLU 217,0.0,0.0,0.0,0.0,0.0,0.0,-0.030999999999998806,0.0,0.0,0.03100000000000591,0.0,0.0,0.0,0.0,0.0,1.4210854715202004e-14,0.0,0.0
ASP 218,R ASP 218,0.0,0.0,0.0,0.0,0.0,0.0,0.0030000000000001137,0.0,0.0,-0.003999999999990678,0.0,0.0,0.0,0.0,0.0,-0.000999999999990564,0.0,0.0
PHE 219,R PHE 219,0.0,0.0,0.0,0.0,0.0,0.0,-0.0030000000000001137,0.0,0.0,0.0030000000000001137,0.0,0.0,0.0,0.0,0.0,0.0,0.0,0.0
GLY 220,R GLY 220,0.0,0.0,0.0,0.0,0.0,0.0,-0.000999999999990564,0.0,0.0,0.001000000000000334,0.0,0.0,0.0,0.0,0.0,1.0658141036401503e-14,0.0,0.0
ASN 221,R ASN 221,0.0,0.0,0.0,0.0,0.0,0.0,0.0030000000000001137,0.0,0.0,-0.002000000000000668,0.0,0.0,0.0,0.0,0.0,0.0010000000000047748,0.0,0.0
GLU 222,R GLU 222,0.0,0.0,0.0,0.0,0.0,0.0,-0.008999999999993236,0.0,0.0,0.008000000000009777,0.0,0.0,0.0,0.0,0.0,-0.0009999999999763531,0.0,0.0
LYS 223,R LYS 223,0.0,0.0,0.0,0.0,0.0,0.0,-0.012000000000000455,0.0,0.0,0.010999999999999233,0.0,0.0,0.0,0.0,0.0,-0.0010000000000012221,0.0,0.0
THR 224,R THR 224,0.0,0.0,0.0,0.0,0.0,0.0,-0.0009999999999976694,0.0,0.0,0.001000000000000334,0.0,0.0,0.0,0.0,0.0,3.552713678800501e-15,0.0,0.0
GLN 225,R GLN 225,0.0,0.0,0.0,0.0,0.0,0.0,-0.000999999999990564,0.0,0.0,0.002000000000000668,0.0,0.0,0.0,0.0,0.0,0.0010000000000118803,0.0,0.0
GLU 226,R GLU 226,0.0,0.0,0.0,0.0,0.0,0.0,0.03399999999999981,0.0,0.0,-0.034000000000020236,0.0,0.0,0.0,0.0,0.0,-1.4210854715202004e-14,0.0,0.0
HIE 227,R HIE 227,0.0,0.0,0.0,0.0,0.0,0.0,-0.0010000000000047748,0.0,0.0,0.0,0.0,0.0,0.0,0.0,0.0,-0.0010000000000047748,0.0,0.0
PHE 228,R PHE 228,0.0,0.0,0.0,0.0,0.0,0.0,0.0010000000000047748,0.0,0.0,-0.001000000000000334,0.0,0.0,0.0,0.0,0.0,4.440892098500626e-15,0.0,0.0
THR 229,R THR 229,0.0,0.0,0.0,-0.001000000000000334,0.0,0.0,-0.003999999999997783,0.0,0.0,0.0039999999999995595,0.0,0.0,0.0,0.0,0.0,-0.0009999999999941167,0.0,0.0
HIE 230,R HIE 230,0.0,0.0,0.0,0.0,0.0,0.0,-0.000999999999990564,0.0,0.0,0.0009999999999994458,0.0,0.0,0.0,0.0,0.0,8.881784197001252e-15,0.0,0.0
ASN 231,R ASN 231,0.0,0.0,0.0,-0.0009999999999994458,0.0,0.0,0.010000000000005116,0.0,0.0,-0.009000000000000341,0.0,0.0,0.0,0.0,0.0,0.0,0.0,0.0
THR 232,R THR 232,0.0,0.0,0.0,0.0,0.0,0.0,0.005000000000002558,0.0,0.0,-0.004999999999999005,0.0,0.0,0.0,0.0,0.0,3.552713678800501e-15,0.0,0.0
VAL 233,R VAL 233,0.0,0.0,0.0,0.0,0.0,0.0,0.00999999999999801,0.0,0.0,-0.007000000000000117,0.0,0.0,0.0,0.0,0.0,0.002999999999997449,0.0,0.0
ARG 234,R ARG 234,0.0,0.0,0.0,0.0,0.0,0.0,0.01099999999999568,0.0,0.0,-0.010000000000005116,0.0,0.0,0.0,0.0,0.0,0.0010000000000331966,0.0,0.0
GLY 235,R GLY 235,0.0,0.0,0.0,0.0,0.0,0.0,0.0040000000000048885,0.0,0.0,-0.0040000000000000036,0.0,0.0,0.0,0.0,0.0,3.552713678800501e-15,0.0,0.0
CYS 236,R CYS 236,0.0,0.0,0.0,0.0,0.0,0.0,-0.0030000000000001137,0.0,0.0,0.0030000000000001137,0.0,0.0,0.0,0.0,0.0,0.0,0.0,0.0
SER 237,R SER 237,0.0,0.0,0.0,0.0,0.0,0.0,0.003999999999997783,0.0,0.0,-0.0040000000000000036,0.0,0.0,0.0,0.0,0.0,-2.220446049250313e-15,0.0,0.0
TYR 238,R TYR 238,0.0,0.0,0.0,0.0,0.0,0.0,-0.0010000000000047748,0.0,0.0,0.0019999999999997797,0.0,0.0,0.0,0.0,0.0,0.0009999999999976694,0.0,0.0
PHE 239,R PHE 239,0.0,0.0,0.0,0.0,0.0,0.0,0.0030000000000001137,0.0,0.0,-0.0029999999999998916,0.0,0.0,0.0,0.0,0.0,2.220446049250313e-16,0.0,0.0
TYR 240,R TYR 240,0.0,0.0,0.0,0.0,0.0,0.0,-0.000999999999990564,0.0,0.0,0.001000000000000334,0.0,0.0,0.0,0.0,0.0,7.105427357601002e-15,0.0,0.0
SER 241,R SER 241,0.0,0.0,0.0,0.0,0.0,0.0,-0.000999999999990564,0.0,0.0,0.0009999999999998899,0.0,0.0,0.0,0.0,0.0,8.881784197001252e-15,0.0,0.0
TYR 242,R TYR 242,0.0,0.0,0.0,0.0,0.0,0.0,0.000999999999990564,0.0,0.0,0.0,0.0,0.0,0.0,0.0,0.0,0.000999999999990564,0.0,0.0
PRO 243,R PRO 243,0.0,0.0,0.0,0.0,0.0,0.0,-0.0009999999999976694,0.0,0.0,0.0,0.0,0.0,0.0,0.0,0.0,-0.0009999999999976694,0.0,0.0
ALA 244,R ALA 244,0.0,0.0,0.0,0.0,0.0,0.0,0.0,0.0,0.0,0.0,0.0,0.0,0.0,0.0,0.0,0.0,0.0,0.0
VAL 245,R VAL 245,0.0,0.0,0.0,0.0,0.0,0.0,0.0,0.0,0.0,-0.0010000000000000009,0.0,0.0,0.0,0.0,0.0,-0.0010000000000012221,0.0,0.0
CYS 246,R CYS 246,0.0,0.0,0.0,0.0,0.0,0.0,-0.000999999999990564,0.0,0.0,0.0020000000000000018,0.0,0.0,0.0,0.0,0.0,0.0010000000000094378,0.0,0.0
GLU 247,R GLU 247,0.0,0.0,0.0,0.0,0.0,0.0,0.0019999999999997797,0.0,0.0,-0.0020000000000095497,0.0,0.0,0.0,0.0,0.0,-1.4210854715202004e-14,0.0,0.0
PHE 248,R PHE 248,0.0,0.0,0.0,0.0,0.0,0.0,0.0,0.0,0.0,0.0,0.0,0.0,0.0,0.0,0.0,0.0,0.0,0.0
LEU 249,R LEU 249,0.0,0.0,0.0,0.0,0.0,0.0,0.0,0.0,0.0,0.0,0.0,0.0,0.0,0.0,0.0,0.0,0.0,0.0
GLN 250,R GLN 250,0.0,0.0,0.0,0.0,0.0,0.0,-0.000999999999990564,0.0,0.0,0.0019999999999997797,0.0,0.0,0.0,0.0,0.0,0.0010000000000047748,0.0,0.0
HIE 251,R HIE 251,0.0,0.0,0.0,0.0,0.0,0.0,-0.000999999999990564,0.0,0.0,0.0010000000000012221,0.0,0.0,0.0,0.0,0.0,1.0658141036401503e-14,0.0,0.0
ASN 252,R ASN 252,0.0,0.0,0.0,0.0,0.0,0.0,0.0010000000000047748,0.0,0.0,-0.001000000000000334,0.0,0.0,0.0,0.0,0.0,1.4210854715202004e-14,0.0,0.0
ASN 253,R ASN 253,0.0,0.0,0.0,0.0,0.0,0.0,-0.0010000000000047748,0.0,0.0,0.0009999999999994458,0.0,0.0,0.0,0.0,0.0,0.0,0.0,0.0
LEU 254,R LEU 254,0.0,0.0,0.0,0.0,0.0,0.0,0.000999999999990564,0.0,0.0,-0.0010000000000000009,0.0,0.0,0.0,0.0,0.0,-1.0658141036401503e-14,0.0,0.0
LEU 255,R LEU 255,0.0,0.0,0.0,0.0,0.0,0.0,0.000999999999990564,0.0,0.0,-0.0009999999999998899,0.0,0.0,0.0,0.0,0.0,-1.0658141036401503e-14,0.0,0.0
SER 256,R SER 256,0.0,0.0,0.0,0.0,0.0,0.0,0.0010000000000047748,0.0,0.0,-0.0009999999999994458,0.0,0.0,0.0,0.0,0.0,7.105427357601002e-15,0.0,0.0
ILE 257,R ILE 257,0.0,0.0,0.0,0.0,0.0,0.0,-0.0020000000000024443,0.0,0.0,0.0019999999999997797,0.0,0.0,0.0,0.0,0.0,-2.6645352591003757e-15,0.0,0.0
LEU 258,R LEU 258,0.0,0.0,0.0,0.0,0.0,0.0,0.0030000000000001137,0.0,0.0,-0.0030000000000001137,0.0,0.0,0.0,0.0,0.0,0.0,0.0,0.0
ARG 259,R ARG 259,0.0,0.0,0.0,0.0,0.0,0.0,0.03999999999999204,0.0,0.0,-0.03700000000000614,0.0,0.0,0.0,0.0,0.0,0.0030000000000143245,0.0,0.0
ALA 260,R ALA 260,0.0,0.0,0.0,0.0,0.0,0.0,0.0040000000000048885,0.0,0.0,-0.0009999999999998899,0.0,0.0,0.0,0.0,0.0,0.0030000000000049987,0.0,0.0
HIE 261,R HIE 261,0.0,0.0,0.0,0.0,0.0,0.0,-0.009000000000000341,0.0,0.0,0.009000000000000119,0.0,0.0,0.0,0.0,0.0,0.0,0.0,0.0
GLU 262,R GLU 262,0.0,0.0,0.0,0.0,0.0,0.0,-0.04800000000000004,0.0,0.0,0.049000000000006594,0.0,0.0,0.0,0.0,0.0,0.0010000000000047748,0.0,0.0
ALA 263,R ALA 263,0.0,0.0,0.0,0.0,0.0,0.0,0.009000000000000341,0.0,0.0,-0.007000000000000117,0.0,0.0,0.0,0.0,0.0,0.002000000000000224,0.0,0.0
GLN 264,R GLN 264,0.0,0.0,0.0,0.0,0.0,0.0,-0.009000000000000341,0.0,0.0,0.010000000000000009,0.0,0.0,0.0,0.0,0.0,0.0009999999999976694,0.0,0.0
ASP 265,R ASP 265,0.0,0.0,0.0,0.0,0.0,0.0,-0.23499999999999943,0.0,0.0,0.23499999999999943,0.0,0.0,0.0,0.0,0.0,0.0,0.0,0.0
ALA 266,R ALA 266,0.0,0.0,0.0,0.0,0.0,0.0,-0.001999999999995339,0.0,0.0,0.0029999999999998916,0.0,0.0,0.0,0.0,0.0,0.0010000000000045528,0.0,0.0
GLY 267,R GLY 267,0.0,0.0,0.0,0.0,0.0,0.0,0.0040000000000048885,0.0,0.0,-0.0030000000000000027,0.0,0.0,0.0,0.0,0.0,0.0010000000000047748,0.0,0.0
TYR 268,R TYR 268,0.0,0.0,0.0,0.0,0.0,0.0,-0.0020000000000095497,0.0,0.0,0.0019999999999997797,0.0,0.0,0.0,0.0,0.0,-1.0658141036401503e-14,0.0,0.0
ARG 269,R ARG 269,0.0,0.0,0.0,0.0,0.0,0.0,0.0660000000000025,0.0,0.0,-0.0660000000000025,0.0,0.0,0.0,0.0,0.0,0.0,0.0,0.0
MET 270,R MET 270,0.0,0.0,0.0,0.0,0.0,0.0,0.0010000000000047748,0.0,0.0,-0.0009999999999998899,0.0,0.0,0.0,0.0,0.0,4.884981308350689e-15,0.0,0.0
TYR 271,R TYR 271,0.0,0.0,0.0,0.0,0.0,0.0,0.0,0.0,0.0,0.0,0.0,0.0,0.0,0.0,0.0,0.0,0.0,0.0
ARG 272,R ARG 272,0.0,0.0,0.0,0.0,0.0,0.0,0.025000000000000355,0.0,0.0,-0.02400000000000091,0.0,0.0,0.0,0.0,0.0,0.0009999999999763531,0.0,0.0
LYS 273,R LYS 273,0.0,0.0,0.0,0.0,0.0,0.0,0.049000000000006594,0.0,0.0,-0.04899999999999949,0.0,0.0,0.0,0.0,0.0,7.105427357601002e-15,0.0,0.0
SER 274,R SER 274,0.0,0.0,0.0,0.0,0.0,0.0,-0.0009999999999976694,0.0,0.0,0.0019999999999997797,0.0,0.0,0.0,0.0,0.0,0.0010000000000012221,0.0,0.0
GLN 275,R GLN 275,0.0,0.0,0.0,0.0,0.0,0.0,-0.0030000000000001137,0.0,0.0,0.0030000000000001137,0.0,0.0,0.0,0.0,0.0,0.0,0.0,0.0
THR 276,R THR 276,0.0,0.0,0.0,0.0,0.0,0.0,-0.0009999999999976694,0.0,0.0,0.0,0.0,0.0,0.0,0.0,0.0,-0.0009999999999976694,0.0,0.0
THR 277,R THR 277,0.0,0.0,0.0,0.0,0.0,0.0,0.0009999999999976694,0.0,0.0,0.0,0.0,0.0,0.0,0.0,0.0,0.0009999999999976694,0.0,0.0
GLY 278,R GLY 278,0.0,0.0,0.0,0.0,0.0,0.0,-0.001999999999995339,0.0,0.0,0.0020000000000000018,0.0,0.0,0.0,0.0,0.0,5.329070518200751e-15,0.0,0.0
PHE 279,R PHE 279,0.0,0.0,0.0,0.0,0.0,0.0,0.0030000000000001137,0.0,0.0,-0.002000000000000224,0.0,0.0,0.0,0.0,0.0,0.0009999999999994458,0.0,0.0
PRO 280,R PRO 280,0.0,0.0,0.0,0.0,0.0,0.0,0.0009999999999976694,0.0,0.0,-0.0009999999999998899,0.0,0.0,0.0,0.0,0.0,-2.6645352591003757e-15,0.0,0.0
SER 281,R SER 281,0.0,0.0,0.0,-0.0010000000000012221,0.0,0.0,-0.0009999999999976694,0.0,0.0,0.0,0.0,0.0,0.0,0.0,0.0,-0.001999999999995339,0.0,0.0
LEU 282,R LEU 282,0.0,0.0,0.0,0.0,0.0,0.0,-0.000999999999990564,0.0,0.0,0.0009999999999994458,0.0,0.0,0.0,0.0,0.0,1.0658141036401503e-14,0.0,0.0
ILE 283,R ILE 283,0.0,0.0,0.0,0.0,0.0,0.0,0.0030000000000001137,0.0,0.0,-0.0020000000000000018,0.0,0.0,0.0,0.0,0.0,0.001000000000000334,0.0,0.0
THR 284,R THR 284,0.0,0.0,0.0,0.0,0.0,0.0,0.0020000000000024443,0.0,0.0,0.0,0.0,0.0,0.0,0.0,0.0,0.0020000000000024443,0.0,0.0
ILE 285,R ILE 285,0.0,0.0,0.0,0.0,0.0,0.0,0.0040000000000048885,0.0,0.0,-0.001000000000000112,0.0,0.0,0.0,0.0,0.0,0.0030000000000049987,0.0,0.0
PHE 286,R PHE 286,0.0,0.0,0.0,0.0,0.0,0.0,-0.0010000000000047748,0.0,0.0,-0.002000000000000224,0.0,0.0,0.0,0.0,0.0,-0.0030000000000054428,0.0,0.0
SER 287,R SER 287,0.0,0.0,0.0,0.0,0.0,0.0,-0.003999999999997783,0.0,0.0,0.007000000000000117,0.0,0.0,0.0,0.0,0.0,0.00300000000000189,0.0,0.0
ALA 288,R ALA 288,0.0,0.0,0.0,-0.001000000000000334,0.0,0.0,-0.0010000000000047748,0.0,0.0,0.004999999999999893,0.0,0.0,0.0,0.0,0.0,0.002999999999991232,0.0,0.0
PRO 289,R PRO 289,0.0,0.0,0.0,0.0,0.0,0.0,-0.008000000000002672,0.0,0.0,0.02200000000000024,0.0,0.0,0.0,0.0,0.0,0.01399999999999757,0.0,0.0
ASN 290,R ASN 290,0.0,0.0,0.0,-0.0019999999999988916,0.0,0.0,-0.03200000000001069,0.0,0.0,0.058999999999999275,0.0,0.0,0.0,0.0,0.0,0.024999999999991473,0.0,0.0
TYR 291,R TYR 291,0.0,0.0,0.0,-0.002000000000000668,0.0,0.0,-0.0309999999999917,0.0,0.0,-0.008000000000000007,0.0,0.0,0.0,0.0,0.0,-0.04099999999999682,0.0,0.0
LEU 292,R LEU 292,0.0,0.0,0.0,-0.006000000000000227,0.0,0.0,-0.06300000000000239,0.0,0.0,0.0,0.0,0.0,0.0,0.0,0.0,-0.06900000000000261,0.0,0.0
ASP 293,R ASP 293,0.0,0.0,0.0,-0.0070000000000014495,0.0,0.0,-0.7080000000000002,0.0,0.0,0.7040000000000077,0.0,0.0,0.0,0.0,0.0,-0.010999999999981469,0.0,0.0
VAL 294,R VAL 294,0.0,0.0,0.0,-0.009000000000000341,0.0,0.0,-0.018000000000000682,0.0,0.0,0.014000000000000234,0.0,0.0,0.0,0.0,0.0,-0.013000000000001677,0.0,0.0
TYR 295,R TYR 295,0.0,0.0,0.0,-0.0030000000000001137,0.0,0.0,-0.022999999999996135,0.0,0.0,0.02800000000000047,0.0,0.0,0.0,0.0,0.0,0.002000000000005997,0.0,0.0
ASN 296,R ASN 296,0.0,0.0,0.0,-0.001000000000000334,0.0,0.0,0.03499999999999659,0.0,0.0,-0.0259999999999998,0.0,0.0,0.0,0.0,0.0,0.007999999999981355,0.0,0.0
ASN 297,R ASN 297,0.0,0.0,0.0,0.0,0.0,0.0,-0.04099999999999682,0.0,0.0,0.04200000000000004,0.0,0.0,0.0,0.0,0.0,0.0010000000000047748,0.0,0.0
LYS 298,R LYS 298,0.0,0.0,0.0,0.0,0.0,0.0,0.1910000000000025,0.0,0.0,-0.18999999999999773,0.0,0.0,0.0,0.0,0.0,0.0010000000000047748,0.0,0.0
ALA 299,R ALA 299,0.0,0.0,0.0,0.0,0.0,0.0,-0.0020000000000095497,0.0,0.0,0.004000000000000448,0.0,0.0,0.0,0.0,0.0,0.001999999999990898,0.0,0.0
ALA 300,R ALA 300,0.0,0.0,0.0,0.0,0.0,0.0,-0.0030000000000001137,0.0,0.0,0.0030000000000001137,0.0,0.0,0.0,0.0,0.0,0.0,0.0,0.0
VAL 301,R VAL 301,0.0,0.0,0.0,-0.0009999999999994458,0.0,0.0,-0.001999999999995339,0.0,0.0,0.0030000000000001137,0.0,0.0,0.0,0.0,0.0,7.105427357601002e-15,0.0,0.0
LEU 302,R LEU 302,0.0,0.0,0.0,0.0,0.0,0.0,-0.0030000000000001137,0.0,0.0,0.0030000000000000027,0.0,0.0,0.0,0.0,0.0,0.0,0.0,0.0
LYS 303,R LYS 303,0.0,0.0,0.0,0.0,0.0,0.0,0.09600000000000364,0.0,0.0,-0.09600000000000009,0.0,0.0,0.0,0.0,0.0,3.552713678800501e-15,0.0,0.0
TYR 304,R TYR 304,0.0,0.0,0.0,0.0,0.0,0.0,0.0,0.0,0.0,0.0,0.0,0.0,0.0,0.0,0.0,0.0,0.0,0.0
GLU 305,R GLU 305,0.0,0.0,0.0,0.0,0.0,0.0,-0.0659999999999954,0.0,0.0,0.0660000000000025,0.0,0.0,0.0,0.0,0.0,7.105427357601002e-15,0.0,0.0
ASN 306,R ASN 306,0.0,0.0,0.0,0.0,0.0,0.0,0.0009999999999976694,0.0,0.0,-0.0009999999999994458,0.0,0.0,0.0,0.0,0.0,0.0,0.0,0.0
ASN 307,R ASN 307,0.0,0.0,0.0,0.0,0.0,0.0,0.0,0.0,0.0,0.0,0.0,0.0,0.0,0.0,0.0,0.0,0.0,0.0
VAL 308,R VAL 308,0.0,0.0,0.0,0.0,0.0,0.0,0.0,0.0,0.0,0.0,0.0,0.0,0.0,0.0,0.0,0.0,0.0,0.0
MET 309,R MET 309,0.0,0.0,0.0,0.0,0.0,0.0,-0.0020000000000024443,0.0,0.0,0.002000000000000224,0.0,0.0,0.0,0.0,0.0,-2.220446049250313e-15,0.0,0.0
ASN 310,R ASN 310,0.0,0.0,0.0,0.0,0.0,0.0,0.0010000000000047748,0.0,0.0,-0.0009999999999994458,0.0,0.0,0.0,0.0,0.0,0.0,0.0,0.0
ILE 311,R ILE 311,0.0,0.0,0.0,0.0,0.0,0.0,0.000999999999990564,0.0,0.0,-0.0010000000000000009,0.0,0.0,0.0,0.0,0.0,-8.881784197001252e-15,0.0,0.0
ARG 312,R ARG 312,0.0,0.0,0.0,0.0,0.0,0.0,0.12300000000000111,0.0,0.0,-0.123,0.0,0.0,0.0,0.0,0.0,2.842170943040401e-14,0.0,0.0
GLN 313,R GLN 313,0.0,0.0,0.0,0.0,0.0,0.0,0.0030000000000001137,0.0,0.0,-0.002000000000000668,0.0,0.0,0.0,0.0,0.0,0.0010000000000047748,0.0,0.0
PHE 314,R PHE 314,0.0,0.0,0.0,0.0,0.0,0.0,0.0010000000000047748,0.0,0.0,-0.0019999999999997797,0.0,0.0,0.0,0.0,0.0,-0.000999999999995893,0.0,0.0
ASN 315,R ASN 315,0.0,0.0,0.0,-0.0009999999999994458,0.0,0.0,0.017000000000010118,0.0,0.0,-0.013999999999999346,0.0,0.0,0.0,0.0,0.0,0.0020000000000237605,0.0,0.0
CYS 316,R CYS 316,0.0,0.0,0.0,0.0,0.0,0.0,0.009000000000000341,0.0,0.0,-0.004999999999999893,0.0,0.0,0.0,0.0,0.0,0.004000000000000448,0.0,0.0
SER 317,R SER 317,0.0,0.0,0.0,0.0,0.0,0.0,-0.012000000000000455,0.0,0.0,0.019000000000000128,0.0,0.0,0.0,0.0,0.0,0.006999999999999673,0.0,0.0
PRO 318,R PRO 318,0.0,0.0,0.0,-0.001000000000000334,0.0,0.0,0.02499999999999858,0.0,0.0,-0.018000000000000682,0.0,0.0,0.0,0.0,0.0,0.005999999999993122,0.0,0.0
HIE 319,R HIE 319,0.0,0.0,0.0,-0.004000000000001336,0.0,0.0,-0.013999999999995794,0.0,0.0,0.03200000000000003,0.0,0.0,0.0,0.0,0.0,0.013999999999999346,0.0,0.0
PRO 320,R PRO 320,0.0,0.0,0.0,-0.0030000000000001137,0.0,0.0,-0.0030000000000001137,0.0,0.0,0.015000000000000568,0.0,0.0,0.0,0.0,0.0,0.009000000000000341,0.0,0.0
TYR 321,R TYR 321,0.0,0.0,0.0,-0.25700000000000145,0.0,0.0,0.01100000000000989,0.0,0.0,0.4549999999999996,0.0,0.0,-0.009511199999999997,0.0,0.0,0.19948880000000813,0.0,0.0
TRP 322,R TRP 322,0.0,0.0,0.0,-0.03200000000000003,0.0,0.0,-0.10999999999999943,0.0,0.0,-0.03200000000000003,0.0,0.0,0.0,0.0,0.0,-0.17399999999999594,0.0,0.0
LEU 323,R LEU 323,0.0,0.0,0.0,-0.44099999999999895,0.0,0.0,0.022999999999996135,0.0,0.0,-0.681,0.0,0.0,-0.008704799999999999,0.0,0.0,-1.107704800000004,0.0,0.0
PRO 324,R PRO 324,0.0,0.0,0.0,-0.6219999999999999,0.0,0.0,0.1280000000000001,0.0,0.0,-0.2160000000000002,0.0,0.0,-0.0475776,0.0,0.0,-0.7575776000000003,0.0,0.0
ASN 325,R ASN 325,0.0,0.0,0.0,-0.03000000000000025,0.0,0.0,0.08500000000000796,0.0,0.0,-0.009000000000000341,0.0,0.0,0.0,0.0,0.0,0.04600000000000648,0.0,0.0
PHE 326,R PHE 326,0.0,0.0,0.0,-0.014999999999998792,0.0,0.0,0.020000000000010232,0.0,0.0,-0.019000000000000128,0.0,0.0,0.0,0.0,0.0,-0.013999999999990465,0.0,0.0
MET 327,R MET 327,0.0,0.0,0.0,-0.3570000000000011,0.0,0.0,-0.10999999999999943,0.0,0.0,-0.04300000000000004,0.0,0.0,-0.005731199999999992,0.0,0.0,-0.5157311999999994,0.0,0.0
ASP 328,R ASP 328,0.0,0.0,0.0,-0.03500000000000014,0.0,0.0,0.1980000000000004,0.0,0.0,-0.09400000000002251,0.0,0.0,0.0,0.0,0.0,0.0689999999999884,0.0,0.0
VAL 329,R VAL 329,0.0,0.0,0.0,-0.10899999999999999,0.0,0.0,0.06300000000000239,0.0,0.0,-0.21799999999999997,0.0,0.0,0.0,0.0,0.0,-0.26399999999999224,0.0,0.0
PHE 330,R PHE 330,0.0,0.0,0.0,-0.054999999999999716,0.0,0.0,0.012000000000000455,0.0,0.0,0.055,0.0,0.0,0.0,0.0,0.0,0.01199999999999335,0.0,0.0
THR 331,R THR 331,0.0,0.0,0.0,-0.0990000000000002,0.0,0.0,-0.03999999999999915,0.0,0.0,-0.3899999999999997,0.0,0.0,0.0,0.0,0.0,-0.5289999999999964,0.0,0.0
TRP 332,R TRP 332,0.0,0.0,0.0,-3.9450000000000003,0.0,0.0,-3.5630000000000024,0.0,0.0,2.384,0.0,0.0,-0.36586799999999997,0.0,0.0,-5.489867999999996,0.0,0.0
SER 333,R SER 333,0.0,0.0,0.0,-1.2530000000000001,0.0,0.0,-0.2890000000000015,0.0,0.0,0.33499999999999996,0.0,0.0,-0.06859439999999999,0.0,0.0,-1.275594400000002,0.0,0.0
LEU 334,R LEU 334,0.0,0.0,0.0,-0.16699999999999982,0.0,0.0,-0.1110000000000042,0.0,0.0,-0.2650000000000001,0.0,0.0,0.0,0.0,0.0,-0.5429999999999984,0.0,0.0
PRO 335,R PRO 335,0.0,0.0,0.0,-1.2110000000000003,0.0,0.0,-0.8659999999999997,0.0,0.0,1.7329999999999997,0.0,0.0,-0.10833840000000002,0.0,0.0,-0.4523383999999986,0.0,0.0
PHE 336,R PHE 336,0.0,0.0,0.0,-3.935999999999998,0.0,0.0,-0.5289999999999964,0.0,0.0,0.46099999999999985,0.0,0.0,-0.361548,0.0,0.0,-4.365547999999988,0.0,0.0
VAL 337,R VAL 337,0.0,0.0,0.0,-0.19400000000000084,0.0,0.0,-0.03300000000000125,0.0,0.0,-0.131,0.0,0.0,0.0,0.0,0.0,-0.3580000000000041,0.0,0.0
GLY 338,R GLY 338,0.0,0.0,0.0,-0.06199999999999939,0.0,0.0,0.15800000000000125,0.0,0.0,-0.08099999999999996,0.0,0.0,0.0,0.0,0.0,0.015000000000002345,0.0,0.0
GLU 339,R GLU 339,0.0,0.0,0.0,-1.7850000000000001,0.0,0.0,-1.0779999999999994,0.0,0.0,5.340000000000003,0.0,0.0,-0.26805599999999996,0.0,0.0,2.2089440000000096,0.0,0.0
LYS 340,R LYS 340,0.0,0.0,0.0,-0.24399999999999977,0.0,0.0,0.3350000000000364,0.0,0.0,-0.41399999999998727,0.0,0.0,0.0,0.0,0.0,-0.32299999999992224,0.0,0.0
VAL 341,R VAL 341,0.0,0.0,0.0,-0.02099999999999902,0.0,0.0,0.04800000000000182,0.0,0.0,-0.031000000000000028,0.0,0.0,0.0,0.0,0.0,-0.004000000000001336,0.0,0.0
THR 342,R THR 342,0.0,0.0,0.0,-0.018000000000000682,0.0,0.0,0.04899999999999949,0.0,0.0,-0.05699999999999994,0.0,0.0,0.0,0.0,0.0,-0.026000000000003354,0.0,0.0
GLU 343,R GLU 343,0.0,0.0,0.0,-0.06599999999999895,0.0,0.0,-0.05600000000000449,0.0,0.0,0.2709999999999866,0.0,0.0,0.0,0.0,0.0,0.1490000000000009,0.0,0.0
MET 344,R MET 344,0.0,0.0,0.0,-0.006999999999999673,0.0,0.0,0.019000000000005457,0.0,0.0,-0.008000000000000007,0.0,0.0,0.0,0.0,0.0,0.0040000000000146585,0.0,0.0
LEU 345,R LEU 345,0.0,0.0,0.0,-0.004000000000001336,0.0,0.0,0.016999999999995907,0.0,0.0,0.015000000000000124,0.0,0.0,0.0,0.0,0.0,0.027999999999991587,0.0,0.0
VAL 346,R VAL 346,0.0,0.0,0.0,-0.004999999999999893,0.0,0.0,0.006999999999997897,0.0,0.0,0.016999999999999904,0.0,0.0,0.0,0.0,0.0,0.019000000000001904,0.0,0.0
ASN 347,R ASN 347,0.0,0.0,0.0,-0.004000000000001336,0.0,0.0,0.04600000000000648,0.0,0.0,-0.0020000000000000018,0.0,0.0,0.0,0.0,0.0,0.04000000000000625,0.0,0.0
VAL 348,R VAL 348,0.0,0.0,0.0,-0.0009999999999994458,0.0,0.0,0.006999999999997897,0.0,0.0,0.010999999999999677,0.0,0.0,0.0,0.0,0.0,0.01699999999999413,0.0,0.0
LEU 349,R LEU 349,0.0,0.0,0.0,-0.0009999999999994458,0.0,0.0,0.000999999999990564,0.0,0.0,0.009000000000000341,0.0,0.0,0.0,0.0,0.0,0.008999999999993236,0.0,0.0
ASN 350,R ASN 350,0.0,0.0,0.0,-0.001000000000000334,0.0,0.0,0.016000000000005343,0.0,0.0,-0.0019999999999988916,0.0,0.0,0.0,0.0,0.0,0.01300000000000523,0.0,0.0
ILE 351,R ILE 351,0.0,0.0,0.0,-0.001000000000000334,0.0,0.0,0.0030000000000001137,0.0,0.0,-0.0010000000000000009,0.0,0.0,0.0,0.0,0.0,0.0009999999999950049,0.0,0.0
CYS 352,R CYS 352,0.0,0.0,0.0,0.0,0.0,0.0,0.06700000000000017,0.0,0.0,-0.06800000000001205,0.0,0.0,0.0,0.0,0.0,-0.0010000000000047748,0.0,0.0
GLY 353,R GLY 353,0.0,0.0,0.0,0.0,0.0,0.0,0.027000000000015234,0.0,0.0,-0.02599999999999625,0.0,0.0,0.0,0.0,0.0,0.000999999999990564,0.0,0.0
ASN 354,R ASN 354,0.0,0.0,0.0,0.0,0.0,0.0,0.0040000000000048885,0.0,0.0,-0.0040000000000000036,0.0,0.0,0.0,0.0,0.0,1.4210854715202004e-14,0.0,0.0
GLU 355,R GLU 355,0.0,0.0,0.0,0.0,0.0,0.0,-0.011999999999999983,0.0,0.0,0.01300000000000523,0.0,0.0,0.0,0.0,0.0,0.0010000000000047748,0.0,0.0
ALA 356,R ALA 356,0.0,0.0,0.0,0.0,0.0,0.0,-0.001999999999995339,0.0,0.0,0.0009999999999994458,0.0,0.0,0.0,0.0,0.0,-0.000999999999995893,0.0,0.0
SER 357,R SER 357,0.0,0.0,0.0,0.0,0.0,0.0,0.001999999999995339,0.0,0.0,-0.0030000000000001137,0.0,0.0,0.0,0.0,0.0,-0.0010000000000047748,0.0,0.0
TYR 358,R TYR 358,0.0,0.0,0.0,0.0,0.0,0.0,-0.001999999999995339,0.0,0.0,0.0009999999999976694,0.0,0.0,0.0,0.0,0.0,-0.0009999999999976694,0.0,0.0
PRO 359,R PRO 359,0.0,0.0,0.0,0.0,0.0,0.0,-0.0030000000000001137,0.0,0.0,0.002000000000000668,0.0,0.0,0.0,0.0,0.0,-0.0009999999999994458,0.0,0.0
LEU 360,R LEU 360,0.0,0.0,0.0,0.0,0.0,0.0,0.0030000000000001137,0.0,0.0,-0.0020000000000000018,0.0,0.0,0.0,0.0,0.0,0.0010000000000012221,0.0,0.0
GLU 361,R GLU 361,0.0,0.0,0.0,0.0,0.0,0.0,-0.027999999999998693,0.0,0.0,0.027999999999991587,0.0,0.0,0.0,0.0,0.0,0.0,0.0,0.0
MET 362,R MET 362,0.0,0.0,0.0,0.0,0.0,0.0,0.0030000000000001137,0.0,0.0,-0.0030000000000001137,0.0,0.0,0.0,0.0,0.0,0.0,0.0,0.0
CYS 363,R CYS 363,0.0,0.0,0.0,0.0,0.0,0.0,-0.001999999999995339,0.0,0.0,0.0030000000000001137,0.0,0.0,0.0,0.0,0.0,0.0010000000000047748,0.0,0.0
SER 364,R SER 364,0.0,0.0,0.0,0.0,0.0,0.0,0.0030000000000001137,0.0,0.0,-0.0009999999999994458,0.0,0.0,0.0,0.0,0.0,0.002000000000000668,0.0,0.0
HIE 365,R HIE 365,0.0,0.0,0.0,0.0,0.0,0.0,0.007999999999995566,0.0,0.0,-0.008000000000000007,0.0,0.0,0.0,0.0,0.0,-4.440892098500626e-15,0.0,0.0
PHE 366,R PHE 366,0.0,0.0,0.0,0.0,0.0,0.0,-0.000999999999990564,0.0,0.0,-0.0009999999999998899,0.0,0.0,0.0,0.0,0.0,-0.0019999999999900098,0.0,0.0
ASP 367,R ASP 367,0.0,0.0,0.0,0.0,0.0,0.0,0.0519999999999996,0.0,0.0,-0.05299999999999727,0.0,0.0,0.0,0.0,0.0,-0.000999999999990564,0.0,0.0
ALA 368,R ALA 368,0.0,0.0,0.0,0.0,0.0,0.0,-0.001999999999995339,0.0,0.0,0.0020000000000000018,0.0,0.0,0.0,0.0,0.0,4.6629367034256575e-15,0.0,0.0
ASP 369,R ASP 369,0.0,0.0,0.0,0.0,0.0,0.0,0.045999999999999375,0.0,0.0,-0.04600000000000648,0.0,0.0,0.0,0.0,0.0,-1.4210854715202004e-14,0.0,0.0
GLU 370,R GLU 370,0.0,0.0,0.0,-0.0009999999999994458,0.0,0.0,0.05900000000000016,0.0,0.0,-0.05700000000001637,0.0,0.0,0.0,0.0,0.0,0.0009999999999763531,0.0,0.0
ILE 371,R ILE 371,0.0,0.0,0.0,0.0,0.0,0.0,-0.001999999999995339,0.0,0.0,0.0020000000000000018,0.0,0.0,0.0,0.0,0.0,5.329070518200751e-15,0.0,0.0
LYS 372,R LYS 372,0.0,0.0,0.0,0.0,0.0,0.0,-0.03299999999998704,0.0,0.0,0.03399999999999892,0.0,0.0,0.0,0.0,0.0,0.0010000000000118803,0.0,0.0
ARG 373,R ARG 373,0.0,0.0,0.0,0.0,0.0,0.0,-0.07199999999998852,0.0,0.0,0.07399999999999807,0.0,0.0,0.0,0.0,0.0,0.001999999999981128,0.0,0.0
LEU 374,R LEU 374,0.0,0.0,0.0,0.0,0.0,0.0,-0.0030000000000001137,0.0,0.0,0.006000000000000005,0.0,0.0,0.0,0.0,0.0,0.0030000000000001137,0.0,0.0
GLY 375,R GLY 375,0.0,0.0,0.0,0.0,0.0,0.0,-0.003999999999990678,0.0,0.0,0.0030000000000001137,0.0,0.0,0.0,0.0,0.0,-0.000999999999990564,0.0,0.0
LYS 376,R LYS 376,0.0,0.0,0.0,0.0,0.0,0.0,-0.03700000000000614,0.0,0.0,0.03999999999999915,0.0,0.0,0.0,0.0,0.0,0.0029999999999930083,0.0,0.0
ARG 377,R ARG 377,0.0,0.0,0.0,0.0,0.0,0.0,-0.04099999999999682,0.0,0.0,0.04999999999999716,0.0,0.0,0.0,0.0,0.0,0.00899999999998613,0.0,0.0
PHE 378,R PHE 378,0.0,0.0,0.0,0.0,0.0,0.0,-0.001999999999995339,0.0,0.0,0.0,0.0,0.0,0.0,0.0,0.0,-0.001999999999995339,0.0,0.0
LYS 379,R LYS 379,0.0,0.0,0.0,0.0,0.0,0.0,-0.003999999999990678,0.0,0.0,0.003999999999997783,0.0,0.0,0.0,0.0,0.0,7.105427357601002e-15,0.0,0.0
LYS 380,R LYS 380,0.0,0.0,0.0,-0.0010000000000012221,0.0,0.0,-0.01999999999998181,0.0,0.0,0.01999999999999602,0.0,0.0,0.0,0.0,0.0,-0.000999999999990564,0.0,0.0
LEU 381,R LEU 381,0.0,0.0,0.0,0.0,0.0,0.0,-0.0040000000000048885,0.0,0.0,0.008000000000000895,0.0,0.0,0.0,0.0,0.0,0.00399999999999423,0.0,0.0
ASP 382,R ASP 382,0.0,0.0,0.0,0.0,0.0,0.0,-0.04299999999999926,0.0,0.0,0.043000000000006366,0.0,0.0,0.0,0.0,0.0,0.0,0.0,0.0
LEU 383,R LEU 383,0.0,0.0,0.0,0.0,0.0,0.0,0.001999999999995339,0.0,0.0,-0.0019999999999997797,0.0,0.0,0.0,0.0,0.0,-5.329070518200751e-15,0.0,0.0
ASP 384,R ASP 384,0.0,0.0,0.0,0.0,0.0,0.0,-0.0589999999999975,0.0,0.0,0.058000000000021146,0.0,0.0,0.0,0.0,0.0,-0.0010000000000047748,0.0,0.0
ASN 385,R ASN 385,0.0,0.0,0.0,0.0,0.0,0.0,0.0010000000000047748,0.0,0.0,-0.0009999999999998899,0.0,0.0,0.0,0.0,0.0,0.0,0.0,0.0
SER 386,R SER 386,0.0,0.0,0.0,0.0,0.0,0.0,0.001999999999995339,0.0,0.0,-0.0029999999999998916,0.0,0.0,0.0,0.0,0.0,-0.0010000000000047748,0.0,0.0
GLY 387,R GLY 387,0.0,0.0,0.0,0.0,0.0,0.0,0.0,0.0,0.0,0.0,0.0,0.0,0.0,0.0,0.0,0.0,0.0,0.0
SER 388,R SER 388,0.0,0.0,0.0,0.0,0.0,0.0,0.0030000000000001137,0.0,0.0,-0.0019999999999988916,0.0,0.0,0.0,0.0,0.0,0.0010000000000012221,0.0,0.0
LEU 389,R LEU 389,0.0,0.0,0.0,-0.0009999999999994458,0.0,0.0,-0.0030000000000001137,0.0,0.0,0.008000000000000007,0.0,0.0,0.0,0.0,0.0,0.00399999999999423,0.0,0.0
SER 390,R SER 390,0.0,0.0,0.0,0.0,0.0,0.0,-0.0010000000000047748,0.0,0.0,0.0020000000000000018,0.0,0.0,0.0,0.0,0.0,0.0009999999999941167,0.0,0.0
VAL 391,R VAL 391,0.0,0.0,0.0,0.0,0.0,0.0,0.0020000000000024443,0.0,0.0,0.0040000000000000036,0.0,0.0,0.0,0.0,0.0,0.00600000000000378,0.0,0.0
GLU 392,R GLU 392,0.0,0.0,0.0,0.0,0.0,0.0,-0.11700000000000443,0.0,0.0,0.11400000000000432,0.0,0.0,0.0,0.0,0.0,-0.002999999999985903,0.0,0.0
GLU 393,R GLU 393,0.0,0.0,0.0,0.0,0.0,0.0,-0.07200000000000273,0.0,0.0,0.07399999999998386,0.0,0.0,0.0,0.0,0.0,0.001999999999981128,0.0,0.0
PHE 394,R PHE 394,0.0,0.0,0.0,-0.0009999999999994458,0.0,0.0,0.0040000000000048885,0.0,0.0,-0.0050000000000000044,0.0,0.0,0.0,0.0,0.0,-0.0019999999999997797,0.0,0.0
MET 395,R MET 395,0.0,0.0,0.0,-0.0019999999999988916,0.0,0.0,0.007000000000005002,0.0,0.0,-0.008999999999999453,0.0,0.0,0.0,0.0,0.0,-0.0039999999999897895,0.0,0.0
SER 396,R SER 396,0.0,0.0,0.0,0.0,0.0,0.0,0.001999999999995339,0.0,0.0,-0.001000000000000334,0.0,0.0,0.0,0.0,0.0,0.000999999999995893,0.0,0.0
LEU 397,R LEU 397,0.0,0.0,0.0,-0.001000000000000334,0.0,0.0,-0.013999999999995794,0.0,0.0,0.028999999999999915,0.0,0.0,0.0,0.0,0.0,0.014000000000013557,0.0,0.0
PRO 398,R PRO 398,0.0,0.0,0.0,-0.0009999999999998899,0.0,0.0,-0.01899999999999835,0.0,0.0,0.028999999999999915,0.0,0.0,0.0,0.0,0.0,0.008999999999996788,0.0,0.0
GLU 399,R GLU 399,0.0,0.0,0.0,-0.009000000000000341,0.0,0.0,0.0660000000000025,0.0,0.0,0.009999999999990905,0.0,0.0,0.0,0.0,0.0,0.06700000000000728,0.0,0.0
LEU 400,R LEU 400,0.0,0.0,0.0,-0.0030000000000001137,0.0,0.0,-0.000999999999990564,0.0,0.0,0.02400000000000002,0.0,0.0,0.0,0.0,0.0,0.020000000000008455,0.0,0.0
GLN 401,R GLN 401,0.0,0.0,0.0,-0.004999999999999893,0.0,0.0,-0.028999999999996362,0.0,0.0,0.08699999999999974,0.0,0.0,0.0,0.0,0.0,0.05300000000000438,0.0,0.0
GLN 402,R GLN 402,0.0,0.0,0.0,-0.03699999999999992,0.0,0.0,0.0660000000000025,0.0,0.0,0.09199999999999964,0.0,0.0,0.0,0.0,0.0,0.12100000000000222,0.0,0.0
ASN 403,R ASN 403,0.0,0.0,0.0,-0.022999999999999687,0.0,0.0,0.04000000000000625,0.0,0.0,0.0009999999999998899,0.0,0.0,0.0,0.0,0.0,0.018000000000000682,0.0,0.0
PRO 404,R PRO 404,0.0,0.0,0.0,-0.07900000000000063,0.0,0.0,0.03599999999999426,0.0,0.0,0.09899999999999975,0.0,0.0,0.0,0.0,0.0,0.05599999999998673,0.0,0.0
LEU 405,R LEU 405,0.0,0.0,0.0,-0.057000000000000384,0.0,0.0,0.019000000000005457,0.0,0.0,-0.039999999999999813,0.0,0.0,0.0,0.0,0.0,-0.07799999999999585,0.0,0.0
VAL 406,R VAL 406,0.0,0.0,0.0,-0.005000000000000782,0.0,0.0,0.00999999999999801,0.0,0.0,0.015999999999999792,0.0,0.0,0.0,0.0,0.0,0.02099999999999369,0.0,0.0
GLN 407,R GLN 407,0.0,0.0,0.0,-0.0030000000000001137,0.0,0.0,0.019000000000005457,0.0,0.0,0.0019999999999997797,0.0,0.0,0.0,0.0,0.0,0.018000000000007788,0.0,0.0
ARG 408,R ARG 408,0.0,0.0,0.0,-0.007999999999999119,0.0,0.0,0.3230000000000075,0.0,0.0,-0.20900000000000318,0.0,0.0,0.0,0.0,0.0,0.10600000000005139,0.0,0.0
VAL 409,R VAL 409,0.0,0.0,0.0,-0.0030000000000001137,0.0,0.0,0.012999999999998124,0.0,0.0,0.0020000000000000018,0.0,0.0,0.0,0.0,0.0,0.011999999999996902,0.0,0.0
ILE 410,R ILE 410,0.0,0.0,0.0,-0.0009999999999994458,0.0,0.0,0.011000000000002785,0.0,0.0,0.0,0.0,0.0,0.0,0.0,0.0,0.010000000000005116,0.0,0.0
ASP 411,R ASP 411,0.0,0.0,0.0,-0.0009999999999994458,0.0,0.0,-0.20100000000000762,0.0,0.0,0.20400000000000773,0.0,0.0,0.0,0.0,0.0,0.0020000000000095497,0.0,0.0
ILE 412,R ILE 412,0.0,0.0,0.0,-0.002000000000000668,0.0,0.0,0.01099999999999568,0.0,0.0,0.0029999999999996696,0.0,0.0,0.0,0.0,0.0,0.01200000000000001,0.0,0.0
PHE 413,R PHE 413,0.0,0.0,0.0,-0.0010000000000012221,0.0,0.0,0.006999999999990791,0.0,0.0,-0.01899999999999924,0.0,0.0,0.0,0.0,0.0,-0.012999999999999012,0.0,0.0
ASP 414,R ASP 414,0.0,0.0,0.0,0.0,0.0,0.0,-0.12299999999999045,0.0,0.0,0.12000000000000455,0.0,0.0,0.0,0.0,0.0,-0.002999999999985903,0.0,0.0
THR 415,R THR 415,0.0,0.0,0.0,0.0,0.0,0.0,-0.0020000000000024443,0.0,0.0,0.002000000000000668,0.0,0.0,0.0,0.0,0.0,0.0,0.0,0.0
ASP 416,R ASP 416,0.0,0.0,0.0,0.0,0.0,0.0,-0.0799999999999983,0.0,0.0,0.07800000000000296,0.0,0.0,0.0,0.0,0.0,-0.0020000000000095497,0.0,0.0
GLY 417,R GLY 417,0.0,0.0,0.0,0.0,0.0,0.0,0.0,0.0,0.0,0.0,0.0,0.0,0.0,0.0,0.0,0.0,0.0,0.0
ASN 418,R ASN 418,0.0,0.0,0.0,0.0,0.0,0.0,-0.0059999999999860165,0.0,0.0,0.004999999999999005,0.0,0.0,0.0,0.0,0.0,-0.000999999999990564,0.0,0.0
GLY 419,R GLY 419,0.0,0.0,0.0,0.0,0.0,0.0,-0.0020000000000095497,0.0,0.0,0.0020000000000000018,0.0,0.0,0.0,0.0,0.0,-8.881784197001252e-15,0.0,0.0
GLU 420,R GLU 420,0.0,0.0,0.0,0.0,0.0,0.0,-0.08600000000001273,0.0,0.0,0.08799999999999386,0.0,0.0,0.0,0.0,0.0,0.001999999999981128,0.0,0.0
VAL 421,R VAL 421,0.0,0.0,0.0,-0.0009999999999994458,0.0,0.0,0.0009999999999976694,0.0,0.0,0.0050000000000000044,0.0,0.0,0.0,0.0,0.0,0.004999999999999005,0.0,0.0
ASP 422,R ASP 422,0.0,0.0,0.0,0.0,0.0,0.0,-0.060000000000002274,0.0,0.0,0.058000000000021146,0.0,0.0,0.0,0.0,0.0,-0.001999999999981128,0.0,0.0
PHE 423,R PHE 423,0.0,0.0,0.0,0.0,0.0,0.0,0.0,0.0,0.0,0.001000000000000334,0.0,0.0,0.0,0.0,0.0,0.0009999999999994458,0.0,0.0
LYS 424,R LYS 424,0.0,0.0,0.0,0.0,0.0,0.0,0.03999999999996362,0.0,0.0,-0.03700000000000614,0.0,0.0,0.0,0.0,0.0,0.002999999999957481,0.0,0.0
GLU 425,R GLU 425,0.0,0.0,0.0,-0.0010000000000012221,0.0,0.0,-0.08199999999999363,0.0,0.0,0.08299999999999841,0.0,0.0,0.0,0.0,0.0,2.842170943040401e-14,0.0,0.0
PHE 426,R PHE 426,0.0,0.0,0.0,-0.0009999999999976694,0.0,0.0,-0.0010000000000047748,0.0,0.0,-0.0010000000000000009,0.0,0.0,0.0,0.0,0.0,-0.0029999999999947846,0.0,0.0
ILE 427,R ILE 427,0.0,0.0,0.0,-0.001000000000000334,0.0,0.0,0.0,0.0,0.0,0.002000000000000224,0.0,0.0,0.0,0.0,0.0,0.000999999999995449,0.0,0.0
GLU 428,R GLU 428,0.0,0.0,0.0,0.0,0.0,0.0,-0.030999999999998806,0.0,0.0,0.03100000000000591,0.0,0.0,0.0,0.0,0.0,0.0,0.0,0.0
GLY 429,R GLY 429,0.0,0.0,0.0,0.0,0.0,0.0,-0.001999999999995339,0.0,0.0,0.009999999999999787,0.0,0.0,0.0,0.0,0.0,0.008000000000004448,0.0,0.0
VAL 430,R VAL 430,0.0,0.0,0.0,0.0,0.0,0.0,0.0009999999999976694,0.0,0.0,0.008999999999999897,0.0,0.0,0.0,0.0,0.0,0.00999999999999801,0.0,0.0
SER 431,R SER 431,0.0,0.0,0.0,0.0,0.0,0.0,0.008000000000002672,0.0,0.0,-0.0030000000000000027,0.0,0.0,0.0,0.0,0.0,0.005000000000002558,0.0,0.0
GLN 432,R GLN 432,0.0,0.0,0.0,-0.0010000000000012221,0.0,0.0,0.006000000000000227,0.0,0.0,0.016000000000000014,0.0,0.0,0.0,0.0,0.0,0.021000000000000796,0.0,0.0
PHE 433,R PHE 433,0.0,0.0,0.0,-0.0039999999999995595,0.0,0.0,0.01300000000000523,0.0,0.0,-0.04299999999999993,0.0,0.0,0.0,0.0,0.0,-0.03399999999999981,0.0,0.0
SER 434,R SER 434,0.0,0.0,0.0,-0.0009999999999994458,0.0,0.0,0.0,0.0,0.0,0.001000000000000334,0.0,0.0,0.0,0.0,0.0,9.769962616701378e-15,0.0,0.0
VAL 435,R VAL 435,0.0,0.0,0.0,-0.001000000000000334,0.0,0.0,-0.011000000000002785,0.0,0.0,0.016000000000000014,0.0,0.0,0.0,0.0,0.0,0.003999999999992454,0.0,0.0
LYS 436,R LYS 436,0.0,0.0,0.0,0.0,0.0,0.0,-0.0730000000000075,0.0,0.0,0.07500000000000284,0.0,0.0,0.0,0.0,0.0,0.001999999999995339,0.0,0.0
GLY 437,R GLY 437,0.0,0.0,0.0,0.0,0.0,0.0,0.009000000000000341,0.0,0.0,-0.004000000000000448,0.0,0.0,0.0,0.0,0.0,0.004999999999999005,0.0,0.0
ASP 438,R ASP 438,0.0,0.0,0.0,0.0,0.0,0.0,0.0039999999999995595,0.0,0.0,-0.0030000000000143245,0.0,0.0,0.0,0.0,0.0,0.000999999999990564,0.0,0.0
LYS 439,R LYS 439,0.0,0.0,0.0,-0.002000000000000668,0.0,0.0,-0.13299999999998136,0.0,0.0,0.16200000000000614,0.0,0.0,0.0,0.0,0.0,0.027000000000015234,0.0,0.0
GLU 440,R GLU 440,0.0,0.0,0.0,-0.0009999999999994458,0.0,0.0,-0.008999999999999897,0.0,0.0,0.002999999999985903,0.0,0.0,0.0,0.0,0.0,-0.007000000000019213,0.0,0.0
GLN 441,R GLN 441,0.0,0.0,0.0,-0.0009999999999994458,0.0,0.0,0.0,0.0,0.0,0.02100000000000002,0.0,0.0,0.0,0.0,0.0,0.020000000000003126,0.0,0.0
LYS 442,R LYS 442,0.0,0.0,0.0,-0.004000000000001336,0.0,0.0,-0.04099999999999682,0.0,0.0,0.09499999999999886,0.0,0.0,0.0,0.0,0.0,0.04999999999998295,0.0,0.0
LEU 443,R LEU 443,0.0,0.0,0.0,-0.004000000000001336,0.0,0.0,-0.017000000000010118,0.0,0.0,0.017000000000000126,0.0,0.0,0.0,0.0,0.0,-0.004000000000015547,0.0,0.0
ARG 444,R ARG 444,0.0,0.0,0.0,-0.002000000000000668,0.0,0.0,0.03700000000000614,0.0,0.0,-0.02400000000000091,0.0,0.0,0.0,0.0,0.0,0.011000000000024102,0.0,0.0
PHE 445,R PHE 445,0.0,0.0,0.0,-0.004999999999999005,0.0,0.0,-0.009000000000000341,0.0,0.0,-0.03000000000000025,0.0,0.0,0.0,0.0,0.0,-0.043999999999995154,0.0,0.0
ALA 446,R ALA 446,0.0,0.0,0.0,-0.006000000000000227,0.0,0.0,-0.016000000000005343,0.0,0.0,0.0129999999999999,0.0,0.0,0.0,0.0,0.0,-0.00900000000000567,0.0,0.0
PHE 447,R PHE 447,0.0,0.0,0.0,-0.0030000000000001137,0.0,0.0,-0.015999999999991132,0.0,0.0,0.0,0.0,0.0,0.0,0.0,0.0,-0.019000000000005457,0.0,0.0
ARG 448,R ARG 448,0.0,0.0,0.0,-0.0030000000000001137,0.0,0.0,0.09999999999999432,0.0,0.0,-0.06300000000000239,0.0,0.0,0.0,0.0,0.0,0.034000000000020236,0.0,0.0
ILE 449,R ILE 449,0.0,0.0,0.0,-0.01699999999999946,0.0,0.0,-0.010000000000005116,0.0,0.0,-0.038000000000000034,0.0,0.0,0.0,0.0,0.0,-0.06500000000000039,0.0,0.0
TYR 450,R TYR 450,0.0,0.0,0.0,-0.05500000000000327,0.0,0.0,-0.01099999999999568,0.0,0.0,0.14900000000000002,0.0,0.0,0.0,0.0,0.0,0.08300000000000551,0.0,0.0
ASP 451,R ASP 451,0.0,0.0,0.0,-0.002000000000000668,0.0,0.0,-0.16400000000000148,0.0,0.0,0.17500000000001137,0.0,0.0,0.0,0.0,0.0,0.00899999999998613,0.0,0.0
MET 452,R MET 452,0.0,0.0,0.0,-0.0030000000000001137,0.0,0.0,0.001999999999995339,0.0,0.0,0.010000000000000009,0.0,0.0,0.0,0.0,0.0,0.0089999999999959,0.0,0.0
ASP 453,R ASP 453,0.0,0.0,0.0,0.0,0.0,0.0,-0.15800000000000125,0.0,0.0,0.1570000000000107,0.0,0.0,0.0,0.0,0.0,-0.0010000000000047748,0.0,0.0
LYS 454,R LYS 454,0.0,0.0,0.0,-0.001000000000000334,0.0,0.0,0.1490000000000009,0.0,0.0,-0.13700000000000045,0.0,0.0,0.0,0.0,0.0,0.01099999999999568,0.0,0.0
ASP 455,R ASP 455,0.0,0.0,0.0,0.0,0.0,0.0,-0.12699999999999534,0.0,0.0,0.12399999999999523,0.0,0.0,0.0,0.0,0.0,-0.002999999999985903,0.0,0.0
GLY 456,R GLY 456,0.0,0.0,0.0,-0.001000000000000334,0.0,0.0,0.006000000000000227,0.0,0.0,0.001000000000000334,0.0,0.0,0.0,0.0,0.0,0.006000000000009109,0.0,0.0
TYR 457,R TYR 457,0.0,0.0,0.0,-0.0009999999999994458,0.0,0.0,-0.003999999999990678,0.0,0.0,0.015000000000000568,0.0,0.0,0.0,0.0,0.0,0.010000000000019327,0.0,0.0
ILE 458,R ILE 458,0.0,0.0,0.0,-0.0039999999999995595,0.0,0.0,0.007000000000005002,0.0,0.0,-0.02100000000000002,0.0,0.0,0.0,0.0,0.0,-0.017999999999985583,0.0,0.0
SER 459,R SER 459,0.0,0.0,0.0,-0.0019999999999997797,0.0,0.0,-0.017000000000003013,0.0,0.0,-0.0030000000000001137,0.0,0.0,0.0,0.0,0.0,-0.02200000000000557,0.0,0.0
ASN 460,R ASN 460,0.0,0.0,0.0,-0.0019999999999988916,0.0,0.0,-0.03700000000000614,0.0,0.0,0.020000000000000462,0.0,0.0,0.0,0.0,0.0,-0.019000000000005457,0.0,0.0
GLY 461,R GLY 461,0.0,0.0,0.0,-0.001000000000000334,0.0,0.0,-0.01999999999999602,0.0,0.0,0.008999999999999897,0.0,0.0,0.0,0.0,0.0,-0.01199999999998802,0.0,0.0
GLU 462,R GLU 462,0.0,0.0,0.0,-0.0039999999999995595,0.0,0.0,-0.24500000000000455,0.0,0.0,0.1699999999999875,0.0,0.0,0.0,0.0,0.0,-0.07900000000003615,0.0,0.0
LEU 463,R LEU 463,0.0,0.0,0.0,-0.021999999999998465,0.0,0.0,-0.04600000000000648,0.0,0.0,-0.09100000000000019,0.0,0.0,0.0,0.0,0.0,-0.15900000000001313,0.0,0.0
PHE 464,R PHE 464,0.0,0.0,0.0,-0.019999999999999574,0.0,0.0,-0.04399999999999693,0.0,0.0,0.064,0.0,0.0,0.0,0.0,0.0,7.105427357601002e-15,0.0,0.0
GLN 465,R GLN 465,0.0,0.0,0.0,-0.011999999999998678,0.0,0.0,-0.036000000000001364,0.0,0.0,0.02400000000000002,0.0,0.0,0.0,0.0,0.0,-0.02400000000000091,0.0,0.0
VAL 466,R VAL 466,0.0,0.0,0.0,-0.07000000000000028,0.0,0.0,-0.07600000000000051,0.0,0.0,-0.09600000000000009,0.0,0.0,0.0,0.0,0.0,-0.24200000000000088,0.0,0.0
LEU 467,R LEU 467,0.0,0.0,0.0,-0.6259999999999994,0.0,0.0,-0.03100000000000591,0.0,0.0,-0.0040000000000000036,0.0,0.0,0.0,0.0,0.0,-0.6610000000000049,0.0,0.0
LYS 468,R LYS 468,0.0,0.0,0.0,-0.07899999999999885,0.0,0.0,0.7270000000000039,0.0,0.0,-0.4129999999999967,0.0,0.0,0.0,0.0,0.0,0.23499999999999943,0.0,0.0
MET 469,R MET 469,0.0,0.0,0.0,-0.06300000000000061,0.0,0.0,0.01099999999999568,0.0,0.0,0.018000000000000016,0.0,0.0,0.0,0.0,0.0,-0.0340000000000078,0.0,0.0
MET 470,R MET 470,0.0,0.0,0.0,-1.2859999999999996,0.0,0.0,-0.32100000000001216,0.0,0.0,0.7279999999999998,0.0,0.0,-0.07016399999999999,0.0,0.0,-0.9491640000000139,0.0,0.0
VAL 471,R VAL 471,0.0,0.0,0.0,-1.9560000000000004,0.0,0.0,-0.25900000000000034,0.0,0.0,0.35199999999999987,0.0,0.0,-0.151272,0.0,0.0,-2.0142719999999983,0.0,0.0
GLY 472,R GLY 472,0.0,0.0,0.0,-0.10099999999999998,0.0,0.0,-0.03900000000000148,0.0,0.0,0.16300000000000026,0.0,0.0,0.0,0.0,0.0,0.022999999999999687,0.0,0.0
ASN 473,R ASN 473,0.0,0.0,0.0,-0.06099999999999994,0.0,0.0,0.034000000000006025,0.0,0.0,0.05899999999999972,0.0,0.0,0.0,0.0,0.0,0.0320000000000249,0.0,0.0
ASN 474,R ASN 474,0.0,0.0,0.0,-1.314,0.0,0.0,0.22499999999999432,0.0,0.0,1.2289999999999996,0.0,0.0,-0.08932319999999999,0.0,0.0,0.05067679999997665,0.0,0.0
LEU 475,R LEU 475,0.0,0.0,0.0,-0.8719999999999999,0.0,0.0,-0.030000000000001137,0.0,0.0,-0.10799999999999965,0.0,0.0,-0.0396288,0.0,0.0,-1.049628799999999,0.0,0.0
LYS 476,R LYS 476,0.0,0.0,0.0,-0.0259999999999998,0.0,0.0,0.7150000000000034,0.0,0.0,-0.4869999999999983,0.0,0.0,0.0,0.0,0.0,0.20200000000000884,0.0,0.0
ASP 477,R ASP 477,0.0,0.0,0.0,-0.01100000000000012,0.0,0.0,-0.6270000000000024,0.0,0.0,0.5820000000000078,0.0,0.0,0.0,0.0,0.0,-0.055999999999997385,0.0,0.0
THR 478,R THR 478,0.0,0.0,0.0,-0.006000000000000227,0.0,0.0,-0.0020000000000024443,0.0,0.0,-0.05400000000000027,0.0,0.0,0.0,0.0,0.0,-0.06200000000000472,0.0,0.0
GLN 479,R GLN 479,0.0,0.0,0.0,-0.030999999999998806,0.0,0.0,-0.05999999999999517,0.0,0.0,-0.0600000000000005,0.0,0.0,0.0,0.0,0.0,-0.15099999999999625,0.0,0.0
LEU 480,R LEU 480,0.0,0.0,0.0,-0.09200000000000053,0.0,0.0,0.03700000000000614,0.0,0.0,-0.14700000000000024,0.0,0.0,0.0,0.0,0.0,-0.20199999999999463,0.0,0.0
GLN 481,R GLN 481,0.0,0.0,0.0,-0.006999999999999673,0.0,0.0,0.0040000000000048885,0.0,0.0,0.022999999999999687,0.0,0.0,0.0,0.0,0.0,0.020000000000010232,0.0,0.0
GLN 482,R GLN 482,0.0,0.0,0.0,-0.006999999999999673,0.0,0.0,-0.012000000000000455,0.0,0.0,-0.08300000000000018,0.0,0.0,0.0,0.0,0.0,-0.10200000000001808,0.0,0.0
ILE 483,R ILE 483,0.0,0.0,0.0,-0.06600000000000072,0.0,0.0,0.042999999999992156,0.0,0.0,-0.264,0.0,0.0,0.0,0.0,0.0,-0.28700000000001036,0.0,0.0
VAL 484,R VAL 484,0.0,0.0,0.0,-0.013000000000001677,0.0,0.0,0.027999999999998693,0.0,0.0,-0.10899999999999999,0.0,0.0,0.0,0.0,0.0,-0.09400000000000475,0.0,0.0
ASP 485,R ASP 485,0.0,0.0,0.0,-0.0030000000000001137,0.0,0.0,-0.261,0.0,0.0,0.23400000000000887,0.0,0.0,0.0,0.0,0.0,-0.029999999999986926,0.0,0.0
LYS 486,R LYS 486,0.0,0.0,0.0,-0.006000000000000227,0.0,0.0,0.34899999999998954,0.0,0.0,-0.23499999999999943,0.0,0.0,0.0,0.0,0.0,0.1080000000000183,0.0,0.0
THR 487,R THR 487,0.0,0.0,0.0,-0.008000000000000007,0.0,0.0,0.012999999999998124,0.0,0.0,-0.131,0.0,0.0,0.0,0.0,0.0,-0.12599999999999767,0.0,0.0
ILE 488,R ILE 488,0.0,0.0,0.0,-0.0030000000000001137,0.0,0.0,0.014000000000002899,0.0,0.0,0.013000000000000345,0.0,0.0,0.0,0.0,0.0,0.02400000000000313,0.0,0.0
ILE 489,R ILE 489,0.0,0.0,0.0,-0.001000000000000334,0.0,0.0,0.009000000000000341,0.0,0.0,0.016000000000000014,0.0,0.0,0.0,0.0,0.0,0.024000000000002686,0.0,0.0
ASN 490,R ASN 490,0.0,0.0,0.0,-0.002000000000000668,0.0,0.0,0.0030000000000001137,0.0,0.0,0.03000000000000025,0.0,0.0,0.0,0.0,0.0,0.03100000000000591,0.0,0.0
ALA 491,R ALA 491,0.0,0.0,0.0,-0.0019999999999997797,0.0,0.0,0.006000000000000227,0.0,0.0,0.008999999999999897,0.0,0.0,0.0,0.0,0.0,0.013000000000004786,0.0,0.0
ASP 492,R ASP 492,0.0,0.0,0.0,0.0,0.0,0.0,-0.09199999999999875,0.0,0.0,0.09299999999998931,0.0,0.0,0.0,0.0,0.0,0.0009999999999763531,0.0,0.0
LYS 493,R LYS 493,0.0,0.0,0.0,-0.0009999999999994458,0.0,0.0,0.0049999999999954525,0.0,0.0,0.005000000000009663,0.0,0.0,0.0,0.0,0.0,0.009000000000000341,0.0,0.0
ASP 494,R ASP 494,0.0,0.0,0.0,0.0,0.0,0.0,-0.06499999999999773,0.0,0.0,0.06500000000002615,0.0,0.0,0.0,0.0,0.0,2.842170943040401e-14,0.0,0.0
GLY 495,R GLY 495,0.0,0.0,0.0,-0.0009999999999998899,0.0,0.0,-0.0010000000000047748,0.0,0.0,0.002000000000000224,0.0,0.0,0.0,0.0,0.0,-8.881784197001252e-15,0.0,0.0
ASP 496,R ASP 496,0.0,0.0,0.0,0.0,0.0,0.0,-0.0969999999999942,0.0,0.0,0.09700000000000841,0.0,0.0,0.0,0.0,0.0,0.0,0.0,0.0
GLY 497,R GLY 497,0.0,0.0,0.0,-0.0009999999999998899,0.0,0.0,-0.007999999999995566,0.0,0.0,0.0129999999999999,0.0,0.0,0.0,0.0,0.0,0.00400000000001377,0.0,0.0
ARG 498,R ARG 498,0.0,0.0,0.0,-0.0009999999999994458,0.0,0.0,0.11699999999999022,0.0,0.0,-0.09799999999998477,0.0,0.0,0.0,0.0,0.0,0.018000000000000682,0.0,0.0
ILE 499,R ILE 499,0.0,0.0,0.0,-0.0019999999999988916,0.0,0.0,-0.0049999999999954525,0.0,0.0,-0.0040000000000000036,0.0,0.0,0.0,0.0,0.0,-0.01099999999999035,0.0,0.0
SER 500,R SER 500,0.0,0.0,0.0,-0.0009999999999994458,0.0,0.0,0.0,0.0,0.0,-0.006000000000000005,0.0,0.0,0.0,0.0,0.0,-0.006999999999997897,0.0,0.0
PHE 501,R PHE 501,0.0,0.0,0.0,-0.0010000000000012221,0.0,0.0,0.003999999999990678,0.0,0.0,-0.010000000000000009,0.0,0.0,0.0,0.0,0.0,-0.007000000000014328,0.0,0.0
GLU 502,R GLU 502,0.0,0.0,0.0,-0.001000000000000334,0.0,0.0,-0.015999999999998238,0.0,0.0,0.016999999999995907,0.0,0.0,0.0,0.0,0.0,0.0,0.0,0.0
GLU 503,R GLU 503,0.0,0.0,0.0,-0.0009999999999994458,0.0,0.0,-0.057999999999992724,0.0,0.0,0.05900000000002592,0.0,0.0,0.0,0.0,0.0,2.842170943040401e-14,0.0,0.0
PHE 504,R PHE 504,0.0,0.0,0.0,-0.006000000000000227,0.0,0.0,0.015000000000000568,0.0,0.0,-0.04699999999999993,0.0,0.0,0.0,0.0,0.0,-0.03799999999999848,0.0,0.0
CYS 505,R CYS 505,0.0,0.0,0.0,-0.0019999999999988916,0.0,0.0,0.006000000000000227,0.0,0.0,0.0030000000000000027,0.0,0.0,0.0,0.0,0.0,0.006999999999990791,0.0,0.0
ALA 506,R ALA 506,0.0,0.0,0.0,-0.0009999999999994458,0.0,0.0,0.009999999999990905,0.0,0.0,0.0040000000000000036,0.0,0.0,0.0,0.0,0.0,0.012999999999986134,0.0,0.0
VAL 507,R VAL 507,0.0,0.0,0.0,-0.0039999999999995595,0.0,0.0,0.020000000000003126,0.0,0.0,-0.006000000000000005,0.0,0.0,0.0,0.0,0.0,0.00999999999999801,0.0,0.0
VAL 508,R VAL 508,0.0,0.0,0.0,-0.007000000000000561,0.0,0.0,0.01300000000000523,0.0,0.0,-0.03600000000000003,0.0,0.0,0.0,0.0,0.0,-0.02999999999999403,0.0,0.0
GLY 509,R GLY 509,0.0,0.0,0.0,-0.0009999999999998899,0.0,0.0,0.0049999999999954525,0.0,0.0,0.0009999999999998899,0.0,0.0,0.0,0.0,0.0,0.004999999999997229,0.0,0.0
GLY 510,R GLY 510,0.0,0.0,0.0,-0.0019999999999997797,0.0,0.0,0.019000000000005457,0.0,0.0,0.008000000000000007,0.0,0.0,0.0,0.0,0.0,0.024999999999996803,0.0,0.0
LEU 511,R LEU 511,0.0,0.0,0.0,-0.018000000000000682,0.0,0.0,-0.01999999999999602,0.0,0.0,0.06299999999999972,0.0,0.0,0.0,0.0,0.0,0.02500000000000213,0.0,0.0
ASP 512,R ASP 512,0.0,0.0,0.0,-0.011999999999999567,0.0,0.0,0.33500000000000085,0.0,0.0,-0.284000000000006,0.0,0.0,0.0,0.0,0.0,0.03899999999998727,0.0,0.0
ILE 513,R ILE 513,0.0,0.0,0.0,-0.0519999999999996,0.0,0.0,-0.0239999999999867,0.0,0.0,-0.0009999999999998899,0.0,0.0,0.0,0.0,0.0,-0.07699999999999285,0.0,0.0
HIE 514,R HIE 514,0.0,0.0,0.0,-0.009000000000000341,0.0,0.0,-0.028000000000005798,0.0,0.0,0.07899999999999974,0.0,0.0,0.0,0.0,0.0,0.041999999999994486,0.0,0.0
LYS 515,R LYS 515,0.0,0.0,0.0,-0.007999999999999119,0.0,0.0,-0.34200000000001296,0.0,0.0,0.4309999999999974,0.0,0.0,0.0,0.0,0.0,0.08099999999998886,0.0,0.0
LYS 516,R LYS 516,0.0,0.0,0.0,-0.20500000000000007,0.0,0.0,-1.2820000000000107,0.0,0.0,1.6409999999999911,0.0,0.0,-0.1764648000000001,0.0,0.0,-0.02246480000001938,0.0,0.0
MET 517,R MET 517,0.0,0.0,0.0,-0.016000000000000014,0.0,0.0,0.009000000000000341,0.0,0.0,0.030999999999999694,0.0,0.0,0.0,0.0,0.0,0.023999999999994692,0.0,0.0
VAL 518,R VAL 518,0.0,0.0,0.0,-0.0039999999999995595,0.0,0.0,-0.0030000000000001137,0.0,0.0,0.026000000000000023,0.0,0.0,0.0,0.0,0.0,0.019000000000001904,0.0,0.0
VAL 519,R VAL 519,0.0,0.0,0.0,-0.0019999999999988916,0.0,0.0,-0.0030000000000001137,0.0,0.0,0.012,0.0,0.0,0.0,0.0,0.0,0.0070000000000014495,0.0,0.0
ASP 520,R ASP 520,0.0,0.0,0.0,-0.001000000000000334,0.0,0.0,0.15500000000000114,0.0,0.0,-0.15000000000000568,0.0,0.0,0.0,0.0,0.0,0.0040000000000048885,0.0,0.0
VAL 521,R VAL 521,0.0,0.0,0.0,-0.001000000000000334,0.0,0.0,0.07500000000000284,0.0,0.0,-0.07800000000000296,0.0,0.0,0.0,0.0,0.0,-0.0040000000000048885,0.0,0.0
GLY 522,R GLY 522,0.0,0.0,0.0,-0.004000000000000448,0.0,0.0,-0.8600000000000136,0.0,0.0,0.9980000000000047,0.0,0.0,0.0,0.0,0.0,0.13400000000000034,0.0,0.0
VAL 523,R VAL 523,0.0,0.0,0.0,-0.0129999999999999,0.0,0.0,-0.025000000000005684,0.0,0.0,-0.04700000000000004,0.0,0.0,0.0,0.0,0.0,-0.08500000000000796,0.0,0.0
GLN 524,R GLN 524,0.0,0.0,0.0,-0.0039999999999995595,0.0,0.0,-0.017000000000010118,0.0,0.0,0.02800000000000047,0.0,0.0,0.0,0.0,0.0,0.006999999999990791,0.0,0.0
VAL 525,R VAL 525,0.0,0.0,0.0,-0.0039999999999995595,0.0,0.0,0.015999999999998238,0.0,0.0,-0.019000000000000128,0.0,0.0,0.0,0.0,0.0,-0.006999999999999673,0.0,0.0
GLU 526,R GLU 526,0.0,0.0,0.0,-0.0030000000000001137,0.0,0.0,0.23600000000000065,0.0,0.0,-0.2300000000000182,0.0,0.0,0.0,0.0,0.0,0.002999999999985903,0.0,0.0
THR 527,R THR 527,0.0,0.0,0.0,-0.001000000000000334,0.0,0.0,0.021999999999998465,0.0,0.0,-0.015000000000000568,0.0,0.0,0.0,0.0,0.0,0.005999999999993122,0.0,0.0
ILE 528,R ILE 528,0.0,0.0,0.0,-0.0030000000000001137,0.0,0.0,0.013999999999995794,0.0,0.0,-0.007000000000000117,0.0,0.0,0.0,0.0,0.0,0.003999999999996007,0.0,0.0
SER 529,R SER 529,0.0,0.0,0.0,-0.001000000000000334,0.0,0.0,0.0009999999999976694,0.0,0.0,-0.011000000000001009,0.0,0.0,0.0,0.0,0.0,-0.010999999999993904,0.0,0.0
PRO 530,R PRO 530,0.0,0.0,0.0,-0.0009999999999994458,0.0,0.0,0.0020000000000024443,0.0,0.0,0.0,0.0,0.0,0.0,0.0,0.0,0.0009999999999976694,0.0,0.0
GLY 531,R GLY 531,0.0,0.0,0.0,0.0,0.0,0.0,0.016000000000005343,0.0,0.0,-0.014000000000000012,0.0,0.0,0.0,0.0,0.0,0.002000000000005997,0.0,0.0
ASP 532,R ASP 532,0.0,0.0,0.0,0.0,0.0,0.0,-0.16300000000000026,0.0,0.0,0.15800000000000125,0.0,0.0,0.0,0.0,0.0,-0.0049999999999954525,0.0,0.0
GLY 533,R GLY 533,0.0,0.0,0.0,0.0,0.0,0.0,0.006000000000000227,0.0,0.0,-0.004999999999999893,0.0,0.0,0.0,0.0,0.0,0.001000000000000334,0.0,0.0
ARG 534,R ARG 534,0.0,0.0,0.0,-0.0009999999999994458,0.0,0.0,0.120000000000001,0.0,0.0,-0.11399999999999721,0.0,0.0,0.0,0.0,0.0,0.005000000000023874,0.0,0.0
THR 535,R THR 535,0.0,0.0,0.0,-0.001000000000000334,0.0,0.0,-0.003999999999997783,0.0,0.0,0.0039999999999995595,0.0,0.0,0.0,0.0,0.0,-0.0009999999999976694,0.0,0.0
PHE 536,R PHE 536,0.0,0.0,0.0,-0.002000000000000668,0.0,0.0,-0.000999999999990564,0.0,0.0,0.004999999999999893,0.0,0.0,0.0,0.0,0.0,0.0020000000000148788,0.0,0.0
PRO 537,R PRO 537,0.0,0.0,0.0,-0.0030000000000001137,0.0,0.0,0.035000000000003695,0.0,0.0,-0.01200000000000001,0.0,0.0,0.0,0.0,0.0,0.020000000000003126,0.0,0.0
LYS 538,R LYS 538,0.0,0.0,0.0,-0.0019999999999997797,0.0,0.0,0.0660000000000025,0.0,0.0,-0.0519999999999996,0.0,0.0,0.0,0.0,0.0,0.01199999999999335,0.0,0.0
ALA 539,R ALA 539,0.0,0.0,0.0,-0.002000000000000224,0.0,0.0,-0.015000000000000568,0.0,0.0,0.031000000000000028,0.0,0.0,0.0,0.0,0.0,0.014000000000003787,0.0,0.0
GLY 540,R GLY 540,0.0,0.0,0.0,-0.002000000000000224,0.0,0.0,-0.018000000000000682,0.0,0.0,0.0349999999999997,0.0,0.0,0.0,0.0,0.0,0.015000000000002345,0.0,0.0
GLN 541,R GLN 541,0.0,0.0,0.0,-0.0039999999999995595,0.0,0.0,0.02400000000000091,0.0,0.0,-0.0470000000000006,0.0,0.0,0.0,0.0,0.0,-0.026999999999986812,0.0,0.0
THR 542,R THR 542,0.0,0.0,0.0,-0.011999999999998678,0.0,0.0,0.045000000000001705,0.0,0.0,-0.19500000000000028,0.0,0.0,0.0,0.0,0.0,-0.16199999999999903,0.0,0.0
CYS 543,R CYS 543,0.0,0.0,0.0,-0.022999999999999687,0.0,0.0,-0.07600000000000762,0.0,0.0,0.07800000000000007,0.0,0.0,0.0,0.0,0.0,-0.02100000000000346,0.0,0.0
VAL 544,R VAL 544,0.0,0.0,0.0,-0.01699999999999946,0.0,0.0,0.07699999999999818,0.0,0.0,-0.25,0.0,0.0,0.0,0.0,0.0,-0.19000000000000483,0.0,0.0
VAL 545,R VAL 545,0.0,0.0,0.0,-0.08699999999999974,0.0,0.0,-0.08599999999999852,0.0,0.0,-0.09600000000000009,0.0,0.0,0.0,0.0,0.0,-0.2690000000000019,0.0,0.0
HIE 546,R HIE 546,0.0,0.0,0.0,-0.04099999999999859,0.0,0.0,0.0020000000000095497,0.0,0.0,-0.019999999999999574,0.0,0.0,0.0,0.0,0.0,-0.05899999999998684,0.0,0.0
TYR 547,R TYR 547,0.0,0.0,0.0,-2.9109999999999996,0.0,0.0,-0.17900000000000205,0.0,0.0,3.324,0.0,0.0,-0.18339840000000002,0.0,0.0,0.050601599999996694,0.0,0.0
THR 548,R THR 548,0.0,0.0,0.0,-0.07000000000000028,0.0,0.0,0.06799999999999784,0.0,0.0,-0.393,0.0,0.0,0.0,0.0,0.0,-0.3950000000000031,0.0,0.0
GLY 549,R GLY 549,0.0,0.0,0.0,-0.15000000000000036,0.0,0.0,-0.054000000000002046,0.0,0.0,-0.09600000000000003,0.0,0.0,0.0,0.0,0.0,-0.3000000000000007,0.0,0.0
MET 550,R MET 550,0.0,0.0,0.0,-0.0519999999999996,0.0,0.0,0.07899999999999352,0.0,0.0,-0.14399999999999996,0.0,0.0,0.0,0.0,0.0,-0.11700000000001332,0.0,0.0
LEU 551,R LEU 551,0.0,0.0,0.0,-0.03599999999999959,0.0,0.0,-0.07500000000000284,0.0,0.0,0.096,0.0,0.0,0.0,0.0,0.0,-0.015000000000004121,0.0,0.0
GLU 552,R GLU 552,0.0,0.0,0.0,-0.006999999999999673,0.0,0.0,0.6099999999999994,0.0,0.0,-0.5380000000000109,0.0,0.0,0.0,0.0,0.0,0.06499999999999773,0.0,0.0
ASP 553,R ASP 553,0.0,0.0,0.0,-0.0030000000000001137,0.0,0.0,0.3810000000000002,0.0,0.0,-0.3540000000000134,0.0,0.0,0.0,0.0,0.0,0.0239999999999867,0.0,0.0
GLY 554,R GLY 554,0.0,0.0,0.0,-0.0030000000000001137,0.0,0.0,-0.057999999999992724,0.0,0.0,0.063,0.0,0.0,0.0,0.0,0.0,0.0020000000000073292,0.0,0.0
LYS 555,R LYS 555,0.0,0.0,0.0,-0.0129999999999999,0.0,0.0,-0.28299999999998704,0.0,0.0,0.36599999999999966,0.0,0.0,0.0,0.0,0.0,0.07000000000000739,0.0,0.0
LYS 556,R LYS 556,0.0,0.0,0.0,-0.038000000000000256,0.0,0.0,0.811000000000007,0.0,0.0,-0.840999999999994,0.0,0.0,0.0,0.0,0.0,-0.06799999999998363,0.0,0.0
PHE 557,R PHE 557,0.0,0.0,0.0,-0.4090000000000007,0.0,0.0,-0.22100000000000364,0.0,0.0,-0.0030000000000001137,0.0,0.0,-0.06577919999999998,0.0,0.0,-0.6987791999999953,0.0,0.0
ASP 558,R ASP 558,0.0,0.0,0.0,-1.7829999999999995,0.0,0.0,-5.992000000000004,0.0,0.0,13.962999999999994,0.0,0.0,-0.10779839999999999,0.0,0.0,6.080201599999988,0.0,0.0
SER 559,R SER 559,0.0,0.0,0.0,-0.15700000000000003,0.0,0.0,-0.07900000000000063,0.0,0.0,0.10999999999999988,0.0,0.0,0.0,0.0,0.0,-0.126000000000003,0.0,0.0
SER 560,R SER 560,0.0,0.0,0.0,-0.1670000000000016,0.0,0.0,0.19200000000000017,0.0,0.0,-0.1469999999999998,0.0,0.0,0.0,0.0,0.0,-0.12200000000000122,0.0,0.0
ARG 561,R ARG 561,0.0,0.0,0.0,-0.032999999999999474,0.0,0.0,0.9110000000000014,0.0,0.0,-0.8689999999999998,0.0,0.0,0.0,0.0,0.0,0.008999999999957708,0.0,0.0
ASP 562,R ASP 562,0.0,0.0,0.0,-0.04899999999999949,0.0,0.0,-1.212,0.0,0.0,1.211999999999989,0.0,0.0,0.0,0.0,0.0,-0.049000000000020805,0.0,0.0
ARG 563,R ARG 563,0.0,0.0,0.0,-1.222999999999999,0.0,0.0,3.6700000000000017,0.0,0.0,-3.622,0.0,0.0,-0.0634392,0.0,0.0,-1.2384391999999877,0.0,0.0
ASN 564,R ASN 564,0.0,0.0,0.0,-0.0129999999999999,0.0,0.0,0.07699999999999818,0.0,0.0,0.06500000000000039,0.0,0.0,0.0,0.0,0.0,0.1290000000000049,0.0,0.0
LYS 565,R LYS 565,0.0,0.0,0.0,-0.0649999999999995,0.0,0.0,0.8509999999999991,0.0,0.0,-0.6080000000000005,0.0,0.0,0.0,0.0,0.0,0.17800000000000082,0.0,0.0
PRO 566,R PRO 566,0.0,0.0,0.0,-0.04300000000000015,0.0,0.0,0.012999999999991019,0.0,0.0,-0.118,0.0,0.0,0.0,0.0,0.0,-0.14800000000000058,0.0,0.0
PHE 567,R PHE 567,0.0,0.0,0.0,-2.9239999999999977,0.0,0.0,0.0030000000000001137,0.0,0.0,0.29800000000000004,0.0,0.0,-0.252072,0.0,0.0,-2.8750719999999923,0.0,0.0
LYS 568,R LYS 568,0.0,0.0,0.0,-0.13299999999999912,0.0,0.0,0.7139999999999986,0.0,0.0,-0.4609999999999985,0.0,0.0,0.0,0.0,0.0,0.12000000000000455,0.0,0.0
PHE 569,R PHE 569,0.0,0.0,0.0,-0.3089999999999993,0.0,0.0,-0.09199999999999875,0.0,0.0,0.3069999999999997,0.0,0.0,0.0,0.0,0.0,-0.09399999999999675,0.0,0.0
MET 570,R MET 570,0.0,0.0,0.0,-0.030999999999998806,0.0,0.0,0.036000000000001364,0.0,0.0,-0.04700000000000015,0.0,0.0,0.0,0.0,0.0,-0.04199999999999049,0.0,0.0
LEU 571,R LEU 571,0.0,0.0,0.0,-0.019999999999999574,0.0,0.0,-0.04600000000000648,0.0,0.0,0.05800000000000005,0.0,0.0,0.0,0.0,0.0,-0.008000000000002672,0.0,0.0
GLY 572,R GLY 572,0.0,0.0,0.0,-0.006000000000000227,0.0,0.0,-0.0020000000000095497,0.0,0.0,0.06000000000000005,0.0,0.0,0.0,0.0,0.0,0.051999999999990276,0.0,0.0
LYS 573,R LYS 573,0.0,0.0,0.0,-0.02600000000000069,0.0,0.0,0.14099999999999113,0.0,0.0,-0.015999999999991132,0.0,0.0,0.0,0.0,0.0,0.09900000000000375,0.0,0.0
GLN 574,R GLN 574,0.0,0.0,0.0,-0.10799999999999965,0.0,0.0,-0.049000000000006594,0.0,0.0,0.08999999999999986,0.0,0.0,0.0,0.0,0.0,-0.06700000000001438,0.0,0.0
GLU 575,R GLU 575,0.0,0.0,0.0,-0.8650000000000002,0.0,0.0,-1.524000000000001,0.0,0.0,3.0120000000000005,0.0,0.0,-0.14281200000000002,0.0,0.0,0.4801880000000054,0.0,0.0
VAL 576,R VAL 576,0.0,0.0,0.0,-1.9069999999999983,0.0,0.0,-1.841000000000001,0.0,0.0,0.04699999999999971,0.0,0.0,-0.1520208,0.0,0.0,-3.8530207999999977,0.0,0.0
ILE 577,R ILE 577,0.0,0.0,0.0,-2.130000000000001,0.0,0.0,-2.222999999999999,0.0,0.0,0.8220000000000001,0.0,0.0,-0.16002719999999998,0.0,0.0,-3.6910271999999935,0.0,0.0
ARG 578,R ARG 578,0.0,0.0,0.0,-0.0840000000000014,0.0,0.0,-1.3829999999999956,0.0,0.0,1.5919999999999987,0.0,0.0,0.0,0.0,0.0,0.12500000000002842,0.0,0.0
GLY 579,R GLY 579,0.0,0.0,0.0,-0.04499999999999993,0.0,0.0,-0.2530000000000001,0.0,0.0,0.268,0.0,0.0,0.0,0.0,0.0,-0.030000000000002913,0.0,0.0
TRP 580,R TRP 580,0.0,0.0,0.0,-2.1759999999999984,0.0,0.0,-0.8999999999999915,0.0,0.0,0.5619999999999998,0.0,0.0,-0.06783840000000001,0.0,0.0,-2.5818383999999934,0.0,0.0
GLU 581,R GLU 581,0.0,0.0,0.0,-0.06799999999999962,0.0,0.0,0.35599999999999987,0.0,0.0,-0.23799999999999955,0.0,0.0,0.0,0.0,0.0,0.04999999999999716,0.0,0.0
GLU 582,R GLU 582,0.0,0.0,0.0,-0.010999999999999233,0.0,0.0,0.559000000000001,0.0,0.0,-0.5490000000000066,0.0,0.0,0.0,0.0,0.0,-0.0010000000000047748,0.0,0.0
GLY 583,R GLY 583,0.0,0.0,0.0,-0.009000000000000341,0.0,0.0,-0.046999999999997044,0.0,0.0,-0.04000000000000001,0.0,0.0,0.0,0.0,0.0,-0.09599999999998321,0.0,0.0
VAL 584,R VAL 584,0.0,0.0,0.0,-0.040000000000000924,0.0,0.0,-0.018000000000000682,0.0,0.0,-0.10200000000000001,0.0,0.0,0.0,0.0,0.0,-0.16000000000000014,0.0,0.0
ALA 585,R ALA 585,0.0,0.0,0.0,-0.004000000000000448,0.0,0.0,-0.03699999999999193,0.0,0.0,0.09999999999999987,0.0,0.0,0.0,0.0,0.0,0.05900000000001704,0.0,0.0
GLN 586,R GLN 586,0.0,0.0,0.0,-0.0030000000000001137,0.0,0.0,-0.045000000000001705,0.0,0.0,0.08199999999999985,0.0,0.0,0.0,0.0,0.0,0.03399999999999892,0.0,0.0
MET 587,R MET 587,0.0,0.0,0.0,-0.008000000000000895,0.0,0.0,0.006999999999990791,0.0,0.0,0.015999999999999986,0.0,0.0,0.0,0.0,0.0,0.01499999999999524,0.0,0.0
SER 588,R SER 588,0.0,0.0,0.0,-0.001000000000000334,0.0,0.0,-0.028999999999996362,0.0,0.0,0.017999999999999794,0.0,0.0,0.0,0.0,0.0,-0.012000000000000455,0.0,0.0
VAL 589,R VAL 589,0.0,0.0,0.0,-0.001000000000000334,0.0,0.0,0.023999999999993804,0.0,0.0,-0.016999999999999904,0.0,0.0,0.0,0.0,0.0,0.005999999999993122,0.0,0.0
GLY 590,R GLY 590,0.0,0.0,0.0,-0.0009999999999994458,0.0,0.0,0.015000000000000568,0.0,0.0,-0.003999999999999948,0.0,0.0,0.0,0.0,0.0,0.010000000000001563,0.0,0.0
GLN 591,R GLN 591,0.0,0.0,0.0,-0.0030000000000001137,0.0,0.0,-0.046999999999997044,0.0,0.0,0.02800000000000047,0.0,0.0,0.0,0.0,0.0,-0.021999999999998465,0.0,0.0
ARG 592,R ARG 592,0.0,0.0,0.0,-0.004999999999999005,0.0,0.0,0.3430000000000035,0.0,0.0,-0.3440000000000083,0.0,0.0,0.0,0.0,0.0,-0.005999999999971806,0.0,0.0
ALA 593,R ALA 593,0.0,0.0,0.0,-0.005000000000000782,0.0,0.0,-0.04399999999999693,0.0,0.0,0.049000000000000016,0.0,0.0,0.0,0.0,0.0,-6.217248937900877e-15,0.0,0.0
LYS 594,R LYS 594,0.0,0.0,0.0,-0.006999999999999673,0.0,0.0,-0.24600000000000932,0.0,0.0,0.25199999999999534,0.0,0.0,0.0,0.0,0.0,-0.0010000000000189857,0.0,0.0
LEU 595,R LEU 595,0.0,0.0,0.0,-0.04100000000000037,0.0,0.0,0.06500000000001194,0.0,0.0,-0.11499999999999999,0.0,0.0,0.0,0.0,0.0,-0.09099999999998687,0.0,0.0
THR 596,R THR 596,0.0,0.0,0.0,-0.008999999999998565,0.0,0.0,-0.04299999999999926,0.0,0.0,0.0,0.0,0.0,0.0,0.0,0.0,-0.0519999999999996,0.0,0.0
ILE 597,R ILE 597,0.0,0.0,0.0,-0.09299999999999997,0.0,0.0,-0.016000000000005343,0.0,0.0,-0.06499999999999995,0.0,0.0,0.0,0.0,0.0,-0.17400000000000837,0.0,0.0
SER 598,R SER 598,0.0,0.0,0.0,-0.0129999999999999,0.0,0.0,0.2989999999999995,0.0,0.0,-0.30799999999999983,0.0,0.0,0.0,0.0,0.0,-0.02200000000000557,0.0,0.0
PRO 599,R PRO 599,0.0,0.0,0.0,-0.02099999999999902,0.0,0.0,0.2749999999999986,0.0,0.0,-0.2200000000000002,0.0,0.0,0.0,0.0,0.0,0.03399999999999759,0.0,0.0
ASP 600,R ASP 600,0.0,0.0,0.0,-0.017999999999999794,0.0,0.0,1.3689999999999998,0.0,0.0,-1.3140000000000072,0.0,0.0,0.0,0.0,0.0,0.03699999999999193,0.0,0.0
TYR 601,R TYR 601,0.0,0.0,0.0,-0.05299999999999905,0.0,0.0,0.1700000000000017,0.0,0.0,-0.29200000000000004,0.0,0.0,0.0,0.0,0.0,-0.17500000000000426,0.0,0.0
ALA 602,R ALA 602,0.0,0.0,0.0,-0.21699999999999964,0.0,0.0,0.5390000000000015,0.0,0.0,-0.5030000000000001,0.0,0.0,-0.024767999999999984,0.0,0.0,-0.2057679999999973,0.0,0.0
TYR 603,R TYR 603,0.0,0.0,0.0,-3.2270000000000003,0.0,0.0,0.6700000000000017,0.0,0.0,4.943,0.0,0.0,-0.4422383999999999,0.0,0.0,1.9437615999999949,0.0,0.0
GLY 604,R GLY 604,0.0,0.0,0.0,-0.028999999999999915,0.0,0.0,0.09199999999999875,0.0,0.0,-0.03799999999999937,0.0,0.0,0.0,0.0,0.0,0.02500000000000213,0.0,0.0
ALA 605,R ALA 605,0.0,0.0,0.0,-0.010999999999999677,0.0,0.0,-0.04200000000000159,0.0,0.0,0.05900000000000016,0.0,0.0,0.0,0.0,0.0,0.006000000000002892,0.0,0.0
THR 606,R THR 606,0.0,0.0,0.0,-0.08399999999999963,0.0,0.0,-0.2530000000000001,0.0,0.0,0.2530000000000001,0.0,0.0,-0.005256000000000038,0.0,0.0,-0.08925599999999534,0.0,0.0
GLY 607,R GLY 607,0.0,0.0,0.0,-0.10400000000000009,0.0,0.0,0.16100000000000136,0.0,0.0,-0.093,0.0,0.0,-0.0023759999999999996,0.0,0.0,-0.038375999999997745,0.0,0.0
HIE 608,R HIE 608,0.0,0.0,0.0,-3.190999999999999,0.0,0.0,-0.06699999999999307,0.0,0.0,2.666,0.0,0.0,-0.23314320000000002,0.0,0.0,-0.8251431999999799,0.0,0.0
PRO 609,R PRO 609,0.0,0.0,0.0,-0.16699999999999982,0.0,0.0,0.018000000000000682,0.0,0.0,0.4639999999999995,0.0,0.0,0.0,0.0,0.0,0.3149999999999977,0.0,0.0
GLY 610,R GLY 610,0.0,0.0,0.0,-0.056999999999999496,0.0,0.0,-0.043000000000006366,0.0,0.0,0.001000000000000334,0.0,0.0,0.0,0.0,0.0,-0.09900000000000819,0.0,0.0
ILE 611,R ILE 611,0.0,0.0,0.0,-1.734,0.0,0.0,-0.1910000000000025,0.0,0.0,-0.29200000000000004,0.0,0.0,-0.1109088,0.0,0.0,-2.327908800000011,0.0,0.0
ILE 612,R ILE 612,0.0,0.0,0.0,-0.8559999999999999,0.0,0.0,-0.06499999999999773,0.0,0.0,-0.07399999999999998,0.0,0.0,-0.027417600000000007,0.0,0.0,-1.0224175999999927,0.0,0.0
PRO 613,R PRO 613,0.0,0.0,0.0,-0.03300000000000036,0.0,0.0,0.17199999999999704,0.0,0.0,-0.026000000000000245,0.0,0.0,0.0,0.0,0.0,0.11299999999999599,0.0,0.0
PRO 614,R PRO 614,0.0,0.0,0.0,-0.0129999999999999,0.0,0.0,-0.03899999999999437,0.0,0.0,0.0990000000000002,0.0,0.0,0.0,0.0,0.0,0.0470000000000006,0.0,0.0
HIE 615,R HIE 615,0.0,0.0,0.0,-0.009000000000000341,0.0,0.0,-0.11699999999999733,0.0,0.0,0.1559999999999988,0.0,0.0,0.0,0.0,0.0,0.030000000000001137,0.0,0.0
ALA 616,R ALA 616,0.0,0.0,0.0,-0.020000000000000462,0.0,0.0,0.15400000000001057,0.0,0.0,-0.155,0.0,0.0,0.0,0.0,0.0,-0.020999999999999686,0.0,0.0
THR 617,R THR 617,0.0,0.0,0.0,-0.015000000000000568,0.0,0.0,0.005000000000002558,0.0,0.0,-0.15400000000000036,0.0,0.0,0.0,0.0,0.0,-0.16399999999999793,0.0,0.0
LEU 618,R LEU 618,0.0,0.0,0.0,-0.2480000000000011,0.0,0.0,-0.04099999999999682,0.0,0.0,-0.14800000000000002,0.0,0.0,0.0,0.0,0.0,-0.43700000000000117,0.0,0.0
VAL 619,R VAL 619,0.0,0.0,0.0,-0.031000000000000583,0.0,0.0,0.021999999999998465,0.0,0.0,-0.11499999999999999,0.0,0.0,0.0,0.0,0.0,-0.12400000000000055,0.0,0.0
PHE 620,R PHE 620,0.0,0.0,0.0,-1.024000000000001,0.0,0.0,-0.24099999999999966,0.0,0.0,0.1759999999999997,0.0,0.0,-0.0803808,0.0,0.0,-1.1693808000000008,0.0,0.0
ASP 621,R ASP 621,0.0,0.0,0.0,-0.022999999999999687,0.0,0.0,-0.49500000000000455,0.0,0.0,0.48499999999999943,0.0,0.0,0.0,0.0,0.0,-0.03300000000001546,0.0,0.0
VAL 622,R VAL 622,0.0,0.0,0.0,-0.06399999999999828,0.0,0.0,0.08500000000000085,0.0,0.0,-0.364,0.0,0.0,0.0,0.0,0.0,-0.34299999999999997,0.0,0.0
GLU 623,R GLU 623,0.0,0.0,0.0,-0.010999999999999233,0.0,0.0,-0.591,0.0,0.0,0.6269999999999811,0.0,0.0,0.0,0.0,0.0,0.024999999999977263,0.0,0.0
LEU 624,R LEU 624,0.0,0.0,0.0,-0.009000000000000341,0.0,0.0,0.02400000000000091,0.0,0.0,-0.1120000000000001,0.0,0.0,0.0,0.0,0.0,-0.09700000000000131,0.0,0.0
LEU 625,R LEU 625,0.0,0.0,0.0,-0.007999999999999119,0.0,0.0,0.06199999999999761,0.0,0.0,-0.10199999999999987,0.0,0.0,0.0,0.0,0.0,-0.048000000000003595,0.0,0.0
LYS 626,R LYS 626,0.0,0.0,0.0,-0.0039999999999995595,0.0,0.0,0.37999999999999545,0.0,0.0,-0.3369999999999962,0.0,0.0,0.0,0.0,0.0,0.03899999999999437,0.0,0.0
LEU 627,R LEU 627,0.0,0.0,0.0,-0.0039999999999995595,0.0,0.0,-0.009000000000000341,0.0,0.0,0.009999999999999787,0.0,0.0,0.0,0.0,0.0,-0.0029999999999894555,0.0,0.0
GLU 628,R GLU 628,0.0,0.0,0.0,-0.0039999999999995595,0.0,0.0,-0.9319999999999999,0.0,0.0,0.9469999999999743,0.0,0.0,0.0,0.0,0.0,0.010999999999981469,0.0,0.0
FK5 629,L FK5   1,0.0,0.0,0.0,-52.441,0.0,0.0,-14.469,0.0,0.0,19.106999999999996,0.0,0.0,-6.698361599999999,0.0,0.0,-54.50136160000001,0.0,0.0

Sidechain Energy Decomposition:
Residue,Location,Internal,,,van der Waals,,,Electrostatic,,,Polar Solvation,,,Non-Polar Solv.,,,TOTAL,,
,,Avg.,Std. Dev.,Std. Err. of Mean,Avg.,Std. Dev.,Std. Err. of Mean,Avg.,Std. Dev.,Std. Err. of Mean,Avg.,Std. Dev.,Std. Err. of Mean,Avg.,Std. Dev.,Std. Err. of Mean
VAL   1,R VAL   1,0.0,0.0,0.0,-0.002000000000000668,0.0,0.0,0.03599999999999959,0.0,0.0,-0.026999999999999247,0.0,0.0,0.0,0.0,0.0,0.0069999999999961204,0.0,0.0
PRO   2,R PRO   2,0.0,0.0,0.0,0.0,0.0,0.0,0.049999999999998934,0.0,0.0,-0.04800000000000004,0.0,0.0,0.0,0.0,0.0,0.0019999999999988916,0.0,0.0
PHE   3,R PHE   3,0.0,0.0,0.0,0.0,0.0,0.0,0.0030000000000000027,0.0,0.0,-0.01100000000000001,0.0,0.0,0.0,0.0,0.0,-0.008000000000000007,0.0,0.0
PRO   4,R PRO   4,0.0,0.0,0.0,-0.001000000000000334,0.0,0.0,0.03999999999999915,0.0,0.0,-0.029999999999997584,0.0,0.0,0.0,0.0,0.0,0.009000000000002117,0.0,0.0
PRO   5,R PRO   5,0.0,0.0,0.0,0.0,0.0,0.0,0.028000000000002245,0.0,0.0,-0.026999999999999247,0.0,0.0,0.0,0.0,0.0,0.0010000000000029985,0.0,0.0
SER   6,R SER   6,0.0,0.0,0.0,-0.001000000000000112,0.0,0.0,0.0040000000000000036,0.0,0.0,-0.0040000000000000036,0.0,0.0,0.0,0.0,0.0,-0.0009999999999998899,0.0,0.0
HIE   7,R HIE   7,0.0,0.0,0.0,0.0,0.0,0.0,-0.002000000000000668,0.0,0.0,0.0019999999999997797,0.0,0.0,0.0,0.0,0.0,-1.7763568394002505e-15,0.0,0.0
ARG   8,R ARG   8,0.0,0.0,0.0,0.0,0.0,0.0,0.04200000000000159,0.0,0.0,-0.043000000000006366,0.0,0.0,0.0,0.0,0.0,-0.0009999999999763531,0.0,0.0
LEU   9,R LEU   9,0.0,0.0,0.0,-0.001000000000000334,0.0,0.0,0.002000000000000668,0.0,0.0,-0.0009999999999998899,0.0,0.0,0.0,0.0,0.0,-3.552713678800501e-15,0.0,0.0
THR  10,R THR  10,0.0,0.0,0.0,0.0,0.0,0.0,0.0,0.0,0.0,0.0,0.0,0.0,0.0,0.0,0.0,0.0,0.0,0.0
ALA  11,R ALA  11,0.0,0.0,0.0,0.0,0.0,0.0,0.0010000000000000009,0.0,0.0,-0.0010000000000000009,0.0,0.0,0.0,0.0,0.0,4.440892098500626e-16,0.0,0.0
LYS  12,R LYS  12,0.0,0.0,0.0,0.0,0.0,0.0,0.027000000000001023,0.0,0.0,-0.027000000000000135,0.0,0.0,0.0,0.0,0.0,0.0,0.0,0.0
GLU  13,R GLU  13,0.0,0.0,0.0,0.0,0.0,0.0,-0.06599999999999895,0.0,0.0,0.0660000000000025,0.0,0.0,0.0,0.0,0.0,7.105427357601002e-15,0.0,0.0
VAL  14,R VAL  14,0.0,0.0,0.0,0.0,0.0,0.0,0.0009999999999994458,0.0,0.0,0.0,0.0,0.0,0.0,0.0,0.0,0.0009999999999994458,0.0,0.0
PHE  15,R PHE  15,0.0,0.0,0.0,0.0,0.0,0.0,0.001000000000000112,0.0,0.0,-0.0010000000000000009,0.0,0.0,0.0,0.0,0.0,0.0,0.0,0.0
ASP  16,R ASP  16,0.0,0.0,0.0,0.0,0.0,0.0,-0.043000000000002814,0.0,0.0,0.04399999999999693,0.0,0.0,0.0,0.0,0.0,0.0009999999999976694,0.0,0.0
ASN  17,R ASN  17,0.0,0.0,0.0,0.0,0.0,0.0,-0.001000000000000334,0.0,0.0,0.002000000000000668,0.0,0.0,0.0,0.0,0.0,0.0010000000000047748,0.0,0.0
ASP  18,R ASP  18,0.0,0.0,0.0,0.0,0.0,0.0,-0.03500000000000014,0.0,0.0,0.0350000000000108,0.0,0.0,0.0,0.0,0.0,7.105427357601002e-15,0.0,0.0
GLY  19,R GLY  19,0.0,0.0,0.0,0.0,0.0,0.0,-0.001000000000000112,0.0,0.0,0.001000000000000112,0.0,0.0,0.0,0.0,0.0,-2.220446049250313e-16,0.0,0.0
LYS  20,R LYS  20,0.0,0.0,0.0,0.0,0.0,0.0,0.03499999999999659,0.0,0.0,-0.03500000000000014,0.0,0.0,0.0,0.0,0.0,-3.552713678800501e-15,0.0,0.0
PRO  21,R PRO  21,0.0,0.0,0.0,0.0,0.0,0.0,0.011000000000002785,0.0,0.0,-0.009999999999999787,0.0,0.0,0.0,0.0,0.0,0.0010000000000029985,0.0,0.0
ARG  22,R ARG  22,0.0,0.0,0.0,0.0,0.0,0.0,0.04800000000000182,0.0,0.0,-0.047999999999994714,0.0,0.0,0.0,0.0,0.0,0.0,0.0,0.0
VAL  23,R VAL  23,0.0,0.0,0.0,0.0,0.0,0.0,0.002000000000000668,0.0,0.0,-0.001000000000000112,0.0,0.0,0.0,0.0,0.0,0.001000000000000334,0.0,0.0
ASP  24,R ASP  24,0.0,0.0,0.0,0.0,0.0,0.0,-0.07000000000000028,0.0,0.0,0.07099999999999795,0.0,0.0,0.0,0.0,0.0,0.0009999999999976694,0.0,0.0
ILE  25,R ILE  25,0.0,0.0,0.0,0.0,0.0,0.0,0.0020000000000000018,0.0,0.0,-0.002000000000000224,0.0,0.0,0.0,0.0,0.0,0.0,0.0,0.0
LEU  26,R LEU  26,0.0,0.0,0.0,0.0,0.0,0.0,0.0019999999999997797,0.0,0.0,-0.0009999999999998899,0.0,0.0,0.0,0.0,0.0,0.0010000000000012221,0.0,0.0
LYS  27,R LYS  27,0.0,0.0,0.0,0.0,0.0,0.0,0.12199999999999989,0.0,0.0,-0.12199999999999989,0.0,0.0,0.0,0.0,0.0,0.0,0.0,0.0
ALA  28,R ALA  28,0.0,0.0,0.0,0.0,0.0,0.0,0.0050000000000001155,0.0,0.0,-0.0040000000000000036,0.0,0.0,0.0,0.0,0.0,0.0009999999999998899,0.0,0.0
HIE  29,R HIE  29,0.0,0.0,0.0,-0.0009999999999994458,0.0,0.0,-0.006999999999999673,0.0,0.0,0.007000000000000006,0.0,0.0,0.0,0.0,0.0,-0.001000000000000334,0.0,0.0
LEU  30,R LEU  30,0.0,0.0,0.0,0.0,0.0,0.0,0.0019999999999997797,0.0,0.0,0.0,0.0,0.0,0.0,0.0,0.0,0.0020000000000024443,0.0,0.0
MET  31,R MET  31,0.0,0.0,0.0,0.0,0.0,0.0,0.0030000000000001137,0.0,0.0,-0.0020000000000000018,0.0,0.0,0.0,0.0,0.0,0.001000000000000112,0.0,0.0
LYS  32,R LYS  32,0.0,0.0,0.0,0.0,0.0,0.0,0.1039999999999992,0.0,0.0,-0.10899999999999999,0.0,0.0,0.0,0.0,0.0,-0.005000000000002558,0.0,0.0
GLU  33,R GLU  33,0.0,0.0,0.0,-0.001000000000000334,0.0,0.0,-0.2539999999999978,0.0,0.0,0.23900000000000432,0.0,0.0,0.0,0.0,0.0,-0.015999999999991132,0.0,0.0
GLY  34,R GLY  34,0.0,0.0,0.0,0.0,0.0,0.0,-0.0040000000000000036,0.0,0.0,0.0040000000000000036,0.0,0.0,0.0,0.0,0.0,0.0,0.0,0.0
ARG  35,R ARG  35,0.0,0.0,0.0,-0.001000000000000334,0.0,0.0,0.06799999999999784,0.0,0.0,-0.06199999999999761,0.0,0.0,0.0,0.0,0.0,0.0049999999999954525,0.0,0.0
LEU  36,R LEU  36,0.0,0.0,0.0,0.0,0.0,0.0,0.0019999999999997797,0.0,0.0,0.0,0.0,0.0,0.0,0.0,0.0,0.0019999999999988916,0.0,0.0
GLU  37,R GLU  37,0.0,0.0,0.0,0.0,0.0,0.0,-0.043000000000002814,0.0,0.0,0.04399999999999693,0.0,0.0,0.0,0.0,0.0,0.0009999999999976694,0.0,0.0
GLU  38,R GLU  38,0.0,0.0,0.0,0.0,0.0,0.0,-0.006999999999997897,0.0,0.0,0.006999999999990791,0.0,0.0,0.0,0.0,0.0,-7.105427357601002e-15,0.0,0.0
THR  39,R THR  39,0.0,0.0,0.0,0.0,0.0,0.0,-0.0019999999999988916,0.0,0.0,0.0019999999999997797,0.0,0.0,0.0,0.0,0.0,0.0,0.0,0.0
VAL  40,R VAL  40,0.0,0.0,0.0,0.0,0.0,0.0,0.0010000000000012221,0.0,0.0,0.0,0.0,0.0,0.0,0.0,0.0,0.0010000000000012221,0.0,0.0
ALA  41,R ALA  41,0.0,0.0,0.0,0.0,0.0,0.0,0.0009999999999998899,0.0,0.0,-0.0019999999999997797,0.0,0.0,0.0,0.0,0.0,-0.0009999999999998899,0.0,0.0
LEU  42,R LEU  42,0.0,0.0,0.0,0.0,0.0,0.0,0.0,0.0,0.0,0.0009999999999998899,0.0,0.0,0.0,0.0,0.0,0.0010000000000012221,0.0,0.0
ARG  43,R ARG  43,0.0,0.0,0.0,0.0,0.0,0.0,0.0309999999999917,0.0,0.0,-0.03100000000000236,0.0,0.0,0.0,0.0,0.0,-2.842170943040401e-14,0.0,0.0
ILE  44,R ILE  44,0.0,0.0,0.0,0.0,0.0,0.0,0.0020000000000000018,0.0,0.0,-0.0009999999999998899,0.0,0.0,0.0,0.0,0.0,0.001000000000000112,0.0,0.0
ILE  45,R ILE  45,0.0,0.0,0.0,0.0,0.0,0.0,0.0009999999999998899,0.0,0.0,-0.0009999999999998899,0.0,0.0,0.0,0.0,0.0,0.0,0.0,0.0
THR  46,R THR  46,0.0,0.0,0.0,0.0,0.0,0.0,0.0009999999999976694,0.0,0.0,0.0,0.0,0.0,0.0,0.0,0.0,0.0009999999999976694,0.0,0.0
GLU  47,R GLU  47,0.0,0.0,0.0,0.0,0.0,0.0,-0.029999999999997584,0.0,0.0,0.030000000000001137,0.0,0.0,0.0,0.0,0.0,7.105427357601002e-15,0.0,0.0
GLY  48,R GLY  48,0.0,0.0,0.0,0.0,0.0,0.0,-0.001000000000000112,0.0,0.0,0.0009999999999998899,0.0,0.0,0.0,0.0,0.0,-2.220446049250313e-16,0.0,0.0
ALA  49,R ALA  49,0.0,0.0,0.0,0.0,0.0,0.0,0.0009999999999998899,0.0,0.0,0.0,0.0,0.0,0.0,0.0,0.0,0.0009999999999998899,0.0,0.0
SER  50,R SER  50,0.0,0.0,0.0,0.0,0.0,0.0,0.0010000000000000009,0.0,0.0,-0.0019999999999997797,0.0,0.0,0.0,0.0,0.0,-0.0009999999999998899,0.0,0.0
ILE  51,R ILE  51,0.0,0.0,0.0,0.0,0.0,0.0,0.0009999999999998899,0.0,0.0,-0.0009999999999998899,0.0,0.0,0.0,0.0,0.0,0.0,0.0,0.0
LEU  52,R LEU  52,0.0,0.0,0.0,0.0,0.0,0.0,0.0,0.0,0.0,0.0,0.0,0.0,0.0,0.0,0.0,0.0,0.0,0.0
ARG  53,R ARG  53,0.0,0.0,0.0,0.0,0.0,0.0,0.001999999999995339,0.0,0.0,-0.001999999999995339,0.0,0.0,0.0,0.0,0.0,-2.842170943040401e-14,0.0,0.0
GLN  54,R GLN  54,0.0,0.0,0.0,0.0,0.0,0.0,0.0,0.0,0.0,0.0,0.0,0.0,0.0,0.0,0.0,0.0,0.0,0.0
GLU  55,R GLU  55,0.0,0.0,0.0,0.0,0.0,0.0,-0.028000000000002245,0.0,0.0,0.027999999999991587,0.0,0.0,0.0,0.0,0.0,-1.4210854715202004e-14,0.0,0.0
LYS  56,R LYS  56,0.0,0.0,0.0,0.0,0.0,0.0,0.0,0.0,0.0,0.0,0.0,0.0,0.0,0.0,0.0,0.0,0.0,0.0
ASN  57,R ASN  57,0.0,0.0,0.0,0.0,0.0,0.0,-0.0009999999999994458,0.0,0.0,0.001000000000000334,0.0,0.0,0.0,0.0,0.0,0.0,0.0,0.0
LEU  58,R LEU  58,0.0,0.0,0.0,0.0,0.0,0.0,0.001000000000000334,0.0,0.0,-0.001000000000000112,0.0,0.0,0.0,0.0,0.0,0.0,0.0,0.0
LEU  59,R LEU  59,0.0,0.0,0.0,0.0,0.0,0.0,0.001000000000000334,0.0,0.0,-0.0009999999999998899,0.0,0.0,0.0,0.0,0.0,0.0,0.0,0.0
ASP  60,R ASP  60,0.0,0.0,0.0,0.0,0.0,0.0,-0.015999999999998238,0.0,0.0,0.016000000000005343,0.0,0.0,0.0,0.0,0.0,7.105427357601002e-15,0.0,0.0
ILE  61,R ILE  61,0.0,0.0,0.0,0.0,0.0,0.0,0.001000000000000334,0.0,0.0,-0.0009999999999998899,0.0,0.0,0.0,0.0,0.0,4.440892098500626e-16,0.0,0.0
ASP  62,R ASP  62,0.0,0.0,0.0,0.0,0.0,0.0,-0.027999999999998693,0.0,0.0,0.027999999999991587,0.0,0.0,0.0,0.0,0.0,-7.105427357601002e-15,0.0,0.0
ALA  63,R ALA  63,0.0,0.0,0.0,0.0,0.0,0.0,0.0020000000000000018,0.0,0.0,-0.0009999999999998899,0.0,0.0,0.0,0.0,0.0,0.001000000000000334,0.0,0.0
PRO  64,R PRO  64,0.0,0.0,0.0,0.0,0.0,0.0,0.010000000000001563,0.0,0.0,-0.008999999999998565,0.0,0.0,0.0,0.0,0.0,0.0010000000000029985,0.0,0.0
VAL  65,R VAL  65,0.0,0.0,0.0,0.0,0.0,0.0,0.0009999999999994458,0.0,0.0,-0.001000000000000334,0.0,0.0,0.0,0.0,0.0,0.0,0.0,0.0
THR  66,R THR  66,0.0,0.0,0.0,0.0,0.0,0.0,0.0029999999999983373,0.0,0.0,-0.0020000000000000018,0.0,0.0,0.0,0.0,0.0,0.0009999999999976694,0.0,0.0
VAL  67,R VAL  67,0.0,0.0,0.0,0.0,0.0,0.0,0.0,0.0,0.0,0.0,0.0,0.0,0.0,0.0,0.0,0.0,0.0,0.0
CYS  68,R CYS  68,0.0,0.0,0.0,0.0,0.0,0.0,0.0009999999999998899,0.0,0.0,0.0,0.0,0.0,0.0,0.0,0.0,0.0009999999999994458,0.0,0.0
GLY  69,R GLY  69,0.0,0.0,0.0,0.0,0.0,0.0,-0.0019999999999997797,0.0,0.0,0.0030000000000001137,0.0,0.0,0.0,0.0,0.0,0.001000000000000334,0.0,0.0
ASP  70,R ASP  70,0.0,0.0,0.0,0.0,0.0,0.0,-0.07099999999999795,0.0,0.0,0.0730000000000075,0.0,0.0,0.0,0.0,0.0,0.0020000000000095497,0.0,0.0
ILE  71,R ILE  71,0.0,0.0,0.0,0.0,0.0,0.0,0.0029999999999998916,0.0,0.0,-0.0030000000000001137,0.0,0.0,0.0,0.0,0.0,-2.220446049250313e-16,0.0,0.0
HIE  72,R HIE  72,0.0,0.0,0.0,-0.0009999999999994458,0.0,0.0,-0.008999999999999897,0.0,0.0,0.001000000000000334,0.0,0.0,0.0,0.0,0.0,-0.009000000000000341,0.0,0.0
GLY  73,R GLY  73,0.0,0.0,0.0,0.0,0.0,0.0,-0.004999999999999893,0.0,0.0,0.0040000000000000036,0.0,0.0,0.0,0.0,0.0,-0.0009999999999998899,0.0,0.0
GLN  74,R GLN  74,0.0,0.0,0.0,-0.0009999999999994458,0.0,0.0,0.011999999999998678,0.0,0.0,-0.0040000000000000036,0.0,0.0,0.0,0.0,0.0,0.006999999999990791,0.0,0.0
PHE  75,R PHE  75,0.0,0.0,0.0,0.0,0.0,0.0,0.0030000000000000027,0.0,0.0,-0.007000000000000006,0.0,0.0,0.0,0.0,0.0,-0.0040000000000000036,0.0,0.0
PHE  76,R PHE  76,0.0,0.0,0.0,-0.0010000000000012221,0.0,0.0,0.0040000000000000036,0.0,0.0,-0.01200000000000001,0.0,0.0,0.0,0.0,0.0,-0.00900000000000123,0.0,0.0
ASP  77,R ASP  77,0.0,0.0,0.0,-0.0009999999999994458,0.0,0.0,-0.257000000000005,0.0,0.0,0.2609999999999957,0.0,0.0,0.0,0.0,0.0,0.0029999999999930083,0.0,0.0
LEU  78,R LEU  78,0.0,0.0,0.0,0.0,0.0,0.0,0.0030000000000001137,0.0,0.0,-0.0009999999999998899,0.0,0.0,0.0,0.0,0.0,0.002000000000000668,0.0,0.0
MET  79,R MET  79,0.0,0.0,0.0,0.0,0.0,0.0,0.007000000000000561,0.0,0.0,-0.007000000000000117,0.0,0.0,0.0,0.0,0.0,4.440892098500626e-16,0.0,0.0
LYS  80,R LYS  80,0.0,0.0,0.0,0.0,0.0,0.0,0.15100000000000335,0.0,0.0,-0.15199999999999925,0.0,0.0,0.0,0.0,0.0,-0.0009999999999976694,0.0,0.0
LEU  81,R LEU  81,0.0,0.0,0.0,0.0,0.0,0.0,0.0030000000000001137,0.0,0.0,-0.002000000000000224,0.0,0.0,0.0,0.0,0.0,0.0010000000000012221,0.0,0.0
PHE  82,R PHE  82,0.0,0.0,0.0,0.0,0.0,0.0,0.0020000000000000018,0.0,0.0,-0.0020000000000000018,0.0,0.0,0.0,0.0,0.0,0.0,0.0,0.0
GLU  83,R GLU  83,0.0,0.0,0.0,-0.001000000000000334,0.0,0.0,-0.14999999999999858,0.0,0.0,0.14999999999999147,0.0,0.0,0.0,0.0,0.0,-0.0010000000000118803,0.0,0.0
VAL  84,R VAL  84,0.0,0.0,0.0,0.0,0.0,0.0,0.0029999999999983373,0.0,0.0,-0.0029999999999998916,0.0,0.0,0.0,0.0,0.0,0.0,0.0,0.0
GLY  85,R GLY  85,0.0,0.0,0.0,0.0,0.0,0.0,-0.0030000000000000027,0.0,0.0,0.0030000000000001137,0.0,0.0,0.0,0.0,0.0,0.0,0.0,0.0
GLY  86,R GLY  86,0.0,0.0,0.0,0.0,0.0,0.0,-0.0030000000000000027,0.0,0.0,0.0020000000000000018,0.0,0.0,0.0,0.0,0.0,-0.001000000000000112,0.0,0.0
SER  87,R SER  87,0.0,0.0,0.0,0.0,0.0,0.0,0.0019999999999997797,0.0,0.0,-0.0030000000000001137,0.0,0.0,0.0,0.0,0.0,-0.001000000000000334,0.0,0.0
PRO  88,R PRO  88,0.0,0.0,0.0,0.0,0.0,0.0,0.017000000000001236,0.0,0.0,-0.01699999999999946,0.0,0.0,0.0,0.0,0.0,1.7763568394002505e-15,0.0,0.0
ALA  89,R ALA  89,0.0,0.0,0.0,0.0,0.0,0.0,0.0029999999999996696,0.0,0.0,-0.0029999999999998916,0.0,0.0,0.0,0.0,0.0,0.0,0.0,0.0
ASN  90,R ASN  90,0.0,0.0,0.0,0.0,0.0,0.0,-0.002000000000000224,0.0,0.0,0.002000000000000668,0.0,0.0,0.0,0.0,0.0,1.4210854715202004e-14,0.0,0.0
THR  91,R THR  91,0.0,0.0,0.0,0.0,0.0,0.0,0.002000000000000668,0.0,0.0,-0.0020000000000000018,0.0,0.0,0.0,0.0,0.0,-3.552713678800501e-15,0.0,0.0
ARG  92,R ARG  92,0.0,0.0,0.0,0.0,0.0,0.0,0.033999999999991815,0.0,0.0,-0.03399999999999892,0.0,0.0,0.0,0.0,0.0,-2.842170943040401e-14,0.0,0.0
TYR  93,R TYR  93,0.0,0.0,0.0,0.0,0.0,0.0,0.0039999999999995595,0.0,0.0,-0.0030000000000001137,0.0,0.0,0.0,0.0,0.0,0.0009999999999976694,0.0,0.0
LEU  94,R LEU  94,0.0,0.0,0.0,0.0,0.0,0.0,0.0009999999999994458,0.0,0.0,0.0,0.0,0.0,0.0,0.0,0.0,0.0010000000000047748,0.0,0.0
PHE  95,R PHE  95,0.0,0.0,0.0,0.0,0.0,0.0,0.0020000000000000018,0.0,0.0,-0.0029999999999998916,0.0,0.0,0.0,0.0,0.0,-0.0009999999999998899,0.0,0.0
LEU  96,R LEU  96,0.0,0.0,0.0,0.0,0.0,0.0,0.0019999999999997797,0.0,0.0,-0.0009999999999998899,0.0,0.0,0.0,0.0,0.0,0.0010000000000012221,0.0,0.0
GLY  97,R GLY  97,0.0,0.0,0.0,0.0,0.0,0.0,-0.0009999999999998899,0.0,0.0,0.001000000000000334,0.0,0.0,0.0,0.0,0.0,8.881784197001252e-16,0.0,0.0
ASP  98,R ASP  98,0.0,0.0,0.0,-0.0010000000000012221,0.0,0.0,-0.0379999999999967,0.0,0.0,0.04099999999999682,0.0,0.0,0.0,0.0,0.0,0.001999999999995339,0.0,0.0
TYR  99,R TYR  99,0.0,0.0,0.0,0.0,0.0,0.0,0.004000000000000448,0.0,0.0,-0.0050000000000003375,0.0,0.0,0.0,0.0,0.0,-0.0009999999999976694,0.0,0.0
VAL 100,R VAL 100,0.0,0.0,0.0,0.0,0.0,0.0,0.0,0.0,0.0,-0.0009999999999998899,0.0,0.0,0.0,0.0,0.0,-0.0010000000000012221,0.0,0.0
ASP 101,R ASP 101,0.0,0.0,0.0,0.0,0.0,0.0,0.0030000000000001137,0.0,0.0,0.0,0.0,0.0,0.0,0.0,0.0,0.0030000000000001137,0.0,0.0
ARG 102,R ARG 102,0.0,0.0,0.0,-0.0019999999999988916,0.0,0.0,0.04100000000000392,0.0,0.0,-0.012000000000000455,0.0,0.0,0.0,0.0,0.0,0.026999999999986812,0.0,0.0
GLY 103,R GLY 103,0.0,0.0,0.0,0.0,0.0,0.0,-0.007000000000000117,0.0,0.0,0.005999999999999783,0.0,0.0,0.0,0.0,0.0,-0.001000000000000334,0.0,0.0
TYR 104,R TYR 104,0.0,0.0,0.0,-0.016000000000000014,0.0,0.0,0.0129999999999999,0.0,0.0,-0.01499999999999968,0.0,0.0,0.0,0.0,0.0,-0.01799999999999713,0.0,0.0
PHE 105,R PHE 105,0.0,0.0,0.0,-0.002000000000000668,0.0,0.0,0.008000000000000007,0.0,0.0,-0.02300000000000013,0.0,0.0,0.0,0.0,0.0,-0.017000000000000792,0.0,0.0
SER 106,R SER 106,0.0,0.0,0.0,0.0,0.0,0.0,-0.008000000000000007,0.0,0.0,0.006999999999999673,0.0,0.0,0.0,0.0,0.0,-0.001000000000000334,0.0,0.0
ILE 107,R ILE 107,0.0,0.0,0.0,-0.0009999999999994458,0.0,0.0,0.0020000000000000018,0.0,0.0,-0.0030000000000001137,0.0,0.0,0.0,0.0,0.0,-0.0019999999999997797,0.0,0.0
GLU 108,R GLU 108,0.0,0.0,0.0,-0.0009999999999994458,0.0,0.0,-0.13800000000000523,0.0,0.0,0.1389999999999958,0.0,0.0,0.0,0.0,0.0,-7.105427357601002e-15,0.0,0.0
CYS 109,R CYS 109,0.0,0.0,0.0,0.0,0.0,0.0,-0.0040000000000000036,0.0,0.0,0.0030000000000000027,0.0,0.0,0.0,0.0,0.0,-0.0009999999999994458,0.0,0.0
VAL 110,R VAL 110,0.0,0.0,0.0,0.0,0.0,0.0,0.001000000000000334,0.0,0.0,0.001000000000000334,0.0,0.0,0.0,0.0,0.0,0.0020000000000024443,0.0,0.0
LEU 111,R LEU 111,0.0,0.0,0.0,0.0,0.0,0.0,0.002000000000000668,0.0,0.0,-0.0009999999999998899,0.0,0.0,0.0,0.0,0.0,0.0010000000000012221,0.0,0.0
TYR 112,R TYR 112,0.0,0.0,0.0,0.0,0.0,0.0,0.0019999999999997797,0.0,0.0,-0.0030000000000001137,0.0,0.0,0.0,0.0,0.0,-0.0010000000000012221,0.0,0.0
LEU 113,R LEU 113,0.0,0.0,0.0,0.0,0.0,0.0,0.0019999999999997797,0.0,0.0,0.0,0.0,0.0,0.0,0.0,0.0,0.0019999999999988916,0.0,0.0
TRP 114,R TRP 114,0.0,0.0,0.0,0.0,0.0,0.0,-0.0030000000000001137,0.0,0.0,0.0009999999999998899,0.0,0.0,0.0,0.0,0.0,-0.002000000000000668,0.0,0.0
ALA 115,R ALA 115,0.0,0.0,0.0,0.0,0.0,0.0,0.002000000000000224,0.0,0.0,-0.0030000000000001137,0.0,0.0,0.0,0.0,0.0,-0.0009999999999998899,0.0,0.0
LEU 116,R LEU 116,0.0,0.0,0.0,0.0,0.0,0.0,0.0030000000000001137,0.0,0.0,-0.002000000000000224,0.0,0.0,0.0,0.0,0.0,0.0009999999999994458,0.0,0.0
LYS 117,R LYS 117,0.0,0.0,0.0,0.0,0.0,0.0,0.03100000000000591,0.0,0.0,-0.031999999999996476,0.0,0.0,0.0,0.0,0.0,-0.000999999999990564,0.0,0.0
ILE 118,R ILE 118,0.0,0.0,0.0,0.0,0.0,0.0,0.0020000000000000018,0.0,0.0,-0.0009999999999998899,0.0,0.0,0.0,0.0,0.0,0.001000000000000334,0.0,0.0
LEU 119,R LEU 119,0.0,0.0,0.0,0.0,0.0,0.0,0.0009999999999998899,0.0,0.0,-0.001000000000000112,0.0,0.0,0.0,0.0,0.0,0.0,0.0,0.0
TYR 120,R TYR 120,0.0,0.0,0.0,0.0,0.0,0.0,0.0,0.0,0.0,-0.0009999999999994458,0.0,0.0,0.0,0.0,0.0,-0.0009999999999976694,0.0,0.0
PRO 121,R PRO 121,0.0,0.0,0.0,0.0,0.0,0.0,0.007999999999999119,0.0,0.0,-0.006999999999999673,0.0,0.0,0.0,0.0,0.0,0.0009999999999994458,0.0,0.0
LYS 122,R LYS 122,0.0,0.0,0.0,0.0,0.0,0.0,0.026000000000003354,0.0,0.0,-0.0259999999999998,0.0,0.0,0.0,0.0,0.0,3.552713678800501e-15,0.0,0.0
THR 123,R THR 123,0.0,0.0,0.0,0.0,0.0,0.0,0.0009999999999994458,0.0,0.0,-0.0009999999999998899,0.0,0.0,0.0,0.0,0.0,0.0,0.0,0.0
LEU 124,R LEU 124,0.0,0.0,0.0,0.0,0.0,0.0,0.0019999999999997797,0.0,0.0,-0.0009999999999998899,0.0,0.0,0.0,0.0,0.0,0.0009999999999976694,0.0,0.0
PHE 125,R PHE 125,0.0,0.0,0.0,0.0,0.0,0.0,0.0,0.0,0.0,-0.001000000000000112,0.0,0.0,0.0,0.0,0.0,-0.0009999999999998899,0.0,0.0
LEU 126,R LEU 126,0.0,0.0,0.0,0.0,0.0,0.0,0.001000000000000334,0.0,0.0,-0.0009999999999998899,0.0,0.0,0.0,0.0,0.0,3.552713678800501e-15,0.0,0.0
LEU 127,R LEU 127,0.0,0.0,0.0,0.0,0.0,0.0,0.0009999999999994458,0.0,0.0,0.0,0.0,0.0,0.0,0.0,0.0,0.0009999999999976694,0.0,0.0
ARG 128,R ARG 128,0.0,0.0,0.0,0.0,0.0,0.0,-0.01600000000000179,0.0,0.0,0.015000000000000568,0.0,0.0,0.0,0.0,0.0,-0.0009999999999763531,0.0,0.0
GLY 129,R GLY 129,0.0,0.0,0.0,0.0,0.0,0.0,-0.0009999999999998899,0.0,0.0,0.0009999999999994458,0.0,0.0,0.0,0.0,0.0,-4.440892098500626e-16,0.0,0.0
ASN 130,R ASN 130,0.0,0.0,0.0,0.0,0.0,0.0,-0.010999999999999233,0.0,0.0,0.014000000000000234,0.0,0.0,0.0,0.0,0.0,0.0030000000000001137,0.0,0.0
HIE 131,R HIE 131,0.0,0.0,0.0,0.0,0.0,0.0,0.0019999999999988916,0.0,0.0,-0.005000000000000782,0.0,0.0,0.0,0.0,0.0,-0.00300000000000189,0.0,0.0
GLU 132,R GLU 132,0.0,0.0,0.0,0.0,0.0,0.0,-0.04000000000000625,0.0,0.0,0.03999999999999204,0.0,0.0,0.0,0.0,0.0,-1.4210854715202004e-14,0.0,0.0
CYS 133,R CYS 133,0.0,0.0,0.0,0.0,0.0,0.0,0.0,0.0,0.0,-0.001000000000000112,0.0,0.0,0.0,0.0,0.0,-0.001000000000000334,0.0,0.0
ARG 134,R ARG 134,0.0,0.0,0.0,0.0,0.0,0.0,-0.030999999999998806,0.0,0.0,0.027999999999991587,0.0,0.0,0.0,0.0,0.0,-0.0030000000000427463,0.0,0.0
HIE 135,R HIE 135,0.0,0.0,0.0,0.0,0.0,0.0,0.0009999999999994458,0.0,0.0,-0.0009999999999994458,0.0,0.0,0.0,0.0,0.0,3.552713678800501e-15,0.0,0.0
LEU 136,R LEU 136,0.0,0.0,0.0,-0.001000000000000334,0.0,0.0,0.001000000000000334,0.0,0.0,0.0009999999999998899,0.0,0.0,0.0,0.0,0.0,0.0010000000000012221,0.0,0.0
THR 137,R THR 137,0.0,0.0,0.0,0.0,0.0,0.0,0.006999999999999673,0.0,0.0,-0.006000000000000005,0.0,0.0,0.0,0.0,0.0,0.0009999999999976694,0.0,0.0
GLU 138,R GLU 138,0.0,0.0,0.0,0.0,0.0,0.0,0.11099999999999,0.0,0.0,-0.10900000000000887,0.0,0.0,0.0,0.0,0.0,0.001999999999981128,0.0,0.0
TYR 139,R TYR 139,0.0,0.0,0.0,-0.0030000000000001137,0.0,0.0,-0.02400000000000091,0.0,0.0,0.020000000000000018,0.0,0.0,0.0,0.0,0.0,-0.0070000000000014495,0.0,0.0
PHE 140,R PHE 140,0.0,0.0,0.0,-0.0019999999999988916,0.0,0.0,0.0029999999999998916,0.0,0.0,-0.019000000000000017,0.0,0.0,0.0,0.0,0.0,-0.017999999999998906,0.0,0.0
THR 141,R THR 141,0.0,0.0,0.0,-0.0030000000000001137,0.0,0.0,0.004000000000001336,0.0,0.0,-0.005999999999999783,0.0,0.0,0.0,0.0,0.0,-0.004999999999999005,0.0,0.0
PHE 142,R PHE 142,0.0,0.0,0.0,0.0,0.0,0.0,0.0010000000000000009,0.0,0.0,-0.008000000000000007,0.0,0.0,0.0,0.0,0.0,-0.007000000000000117,0.0,0.0
LYS 143,R LYS 143,0.0,0.0,0.0,-0.0009999999999994458,0.0,0.0,-0.09199999999999875,0.0,0.0,0.08599999999999852,0.0,0.0,0.0,0.0,0.0,-0.006999999999990791,0.0,0.0
GLN 144,R GLN 144,0.0,0.0,0.0,-0.004000000000000448,0.0,0.0,0.0039999999999995595,0.0,0.0,0.03799999999999981,0.0,0.0,0.0,0.0,0.0,0.0379999999999967,0.0,0.0
GLU 145,R GLU 145,0.0,0.0,0.0,-0.0010000000000012221,0.0,0.0,-0.11699999999999733,0.0,0.0,0.12100000000000932,0.0,0.0,0.0,0.0,0.0,0.0030000000000143245,0.0,0.0
CYS 146,R CYS 146,0.0,0.0,0.0,-0.001000000000000334,0.0,0.0,-0.006000000000000005,0.0,0.0,0.0040000000000000036,0.0,0.0,0.0,0.0,0.0,-0.0029999999999992255,0.0,0.0
LYS 147,R LYS 147,0.0,0.0,0.0,-0.0009999999999994458,0.0,0.0,-0.0870000000000033,0.0,0.0,0.09299999999999642,0.0,0.0,0.0,0.0,0.0,0.005000000000002558,0.0,0.0
ILE 148,R ILE 148,0.0,0.0,0.0,-0.0019999999999997797,0.0,0.0,0.001000000000000112,0.0,0.0,-0.007000000000000117,0.0,0.0,0.0,0.0,0.0,-0.008000000000000895,0.0,0.0
LYS 149,R LYS 149,0.0,0.0,0.0,-0.0010000000000012221,0.0,0.0,0.14699999999999136,0.0,0.0,-0.1280000000000001,0.0,0.0,0.0,0.0,0.0,0.018000000000000682,0.0,0.0
TYR 150,R TYR 150,0.0,0.0,0.0,-0.0009999999999994458,0.0,0.0,0.0030000000000001137,0.0,0.0,-0.005999999999999783,0.0,0.0,0.0,0.0,0.0,-0.00399999999999423,0.0,0.0
SER 151,R SER 151,0.0,0.0,0.0,0.0,0.0,0.0,-0.0009999999999998899,0.0,0.0,0.0,0.0,0.0,0.0,0.0,0.0,-0.0009999999999994458,0.0,0.0
GLU 152,R GLU 152,0.0,0.0,0.0,0.0,0.0,0.0,0.0730000000000004,0.0,0.0,-0.07200000000000273,0.0,0.0,0.0,0.0,0.0,0.000999999999990564,0.0,0.0
ARG 153,R ARG 153,0.0,0.0,0.0,0.0,0.0,0.0,0.007000000000005002,0.0,0.0,-0.006999999999997897,0.0,0.0,0.0,0.0,0.0,0.0,0.0,0.0
VAL 154,R VAL 154,0.0,0.0,0.0,0.0,0.0,0.0,0.0010000000000012221,0.0,0.0,0.001000000000000334,0.0,0.0,0.0,0.0,0.0,0.002000000000000668,0.0,0.0
TYR 155,R TYR 155,0.0,0.0,0.0,0.0,0.0,0.0,0.0030000000000001137,0.0,0.0,-0.006000000000000005,0.0,0.0,0.0,0.0,0.0,-0.0030000000000001137,0.0,0.0
ASP 156,R ASP 156,0.0,0.0,0.0,0.0,0.0,0.0,0.04000000000000625,0.0,0.0,-0.03899999999998727,0.0,0.0,0.0,0.0,0.0,0.0010000000000189857,0.0,0.0
ALA 157,R ALA 157,0.0,0.0,0.0,0.0,0.0,0.0,0.0,0.0,0.0,0.0,0.0,0.0,0.0,0.0,0.0,0.0,0.0,0.0
CYS 158,R CYS 158,0.0,0.0,0.0,0.0,0.0,0.0,-0.0009999999999998899,0.0,0.0,0.0010000000000000009,0.0,0.0,0.0,0.0,0.0,8.881784197001252e-16,0.0,0.0
MET 159,R MET 159,0.0,0.0,0.0,0.0,0.0,0.0,0.0019999999999997797,0.0,0.0,-0.0019999999999997797,0.0,0.0,0.0,0.0,0.0,0.0,0.0,0.0
ASP 160,R ASP 160,0.0,0.0,0.0,0.0,0.0,0.0,0.019000000000005457,0.0,0.0,-0.018999999999977035,0.0,0.0,0.0,0.0,0.0,2.842170943040401e-14,0.0,0.0
ALA 161,R ALA 161,0.0,0.0,0.0,0.0,0.0,0.0,0.0009999999999994458,0.0,0.0,0.0,0.0,0.0,0.0,0.0,0.0,0.0009999999999994458,0.0,0.0
PHE 162,R PHE 162,0.0,0.0,0.0,0.0,0.0,0.0,0.0,0.0,0.0,-0.0020000000000000018,0.0,0.0,0.0,0.0,0.0,-0.0020000000000000018,0.0,0.0
ASP 163,R ASP 163,0.0,0.0,0.0,0.0,0.0,0.0,0.021999999999998465,0.0,0.0,-0.022999999999996135,0.0,0.0,0.0,0.0,0.0,-0.0009999999999976694,0.0,0.0
CYS 164,R CYS 164,0.0,0.0,0.0,0.0,0.0,0.0,0.0020000000000000018,0.0,0.0,-0.0020000000000000018,0.0,0.0,0.0,0.0,0.0,8.881784197001252e-16,0.0,0.0
LEU 165,R LEU 165,0.0,0.0,0.0,0.0,0.0,0.0,0.001000000000000334,0.0,0.0,0.0,0.0,0.0,0.0,0.0,0.0,0.0010000000000012221,0.0,0.0
PRO 166,R PRO 166,0.0,0.0,0.0,0.0,0.0,0.0,0.004000000000001336,0.0,0.0,-0.004999999999999005,0.0,0.0,0.0,0.0,0.0,-0.0009999999999976694,0.0,0.0
LEU 167,R LEU 167,0.0,0.0,0.0,0.0,0.0,0.0,0.0,0.0,0.0,0.0,0.0,0.0,0.0,0.0,0.0,0.0,0.0,0.0
ALA 168,R ALA 168,0.0,0.0,0.0,0.0,0.0,0.0,0.0,0.0,0.0,-0.0009999999999998899,0.0,0.0,0.0,0.0,0.0,-0.0009999999999998899,0.0,0.0
ALA 169,R ALA 169,0.0,0.0,0.0,0.0,0.0,0.0,0.0009999999999998899,0.0,0.0,-0.001000000000000334,0.0,0.0,0.0,0.0,0.0,-4.440892098500626e-16,0.0,0.0
LEU 170,R LEU 170,0.0,0.0,0.0,0.0,0.0,0.0,0.0,0.0,0.0,-0.0009999999999998899,0.0,0.0,0.0,0.0,0.0,-0.0009999999999976694,0.0,0.0
MET 171,R MET 171,0.0,0.0,0.0,0.0,0.0,0.0,0.0020000000000000018,0.0,0.0,-0.002000000000000224,0.0,0.0,0.0,0.0,0.0,-2.220446049250313e-16,0.0,0.0
ASN 172,R ASN 172,0.0,0.0,0.0,0.0,0.0,0.0,0.0,0.0,0.0,-0.001000000000000334,0.0,0.0,0.0,0.0,0.0,-0.0010000000000047748,0.0,0.0
GLN 173,R GLN 173,0.0,0.0,0.0,0.0,0.0,0.0,0.0020000000000000018,0.0,0.0,-0.002000000000000668,0.0,0.0,0.0,0.0,0.0,-7.105427357601002e-15,0.0,0.0
GLN 174,R GLN 174,0.0,0.0,0.0,0.0,0.0,0.0,-0.0010000000000000009,0.0,0.0,0.0,0.0,0.0,0.0,0.0,0.0,-0.0009999999999976694,0.0,0.0
PHE 175,R PHE 175,0.0,0.0,0.0,0.0,0.0,0.0,0.001000000000000112,0.0,0.0,0.0,0.0,0.0,0.0,0.0,0.0,0.001000000000000112,0.0,0.0
LEU 176,R LEU 176,0.0,0.0,0.0,0.0,0.0,0.0,0.0,0.0,0.0,0.0,0.0,0.0,0.0,0.0,0.0,0.0,0.0,0.0
CYS 177,R CYS 177,0.0,0.0,0.0,0.0,0.0,0.0,0.0,0.0,0.0,0.0,0.0,0.0,0.0,0.0,0.0,0.0,0.0,0.0
VAL 178,R VAL 178,0.0,0.0,0.0,0.0,0.0,0.0,0.0,0.0,0.0,0.0009999999999998899,0.0,0.0,0.0,0.0,0.0,0.0009999999999994458,0.0,0.0
HIE 179,R HIE 179,0.0,0.0,0.0,-0.0010000000000012221,0.0,0.0,-0.0009999999999994458,0.0,0.0,0.0,0.0,0.0,0.0,0.0,0.0,-0.002000000000000668,0.0,0.0
GLY 180,R GLY 180,0.0,0.0,0.0,0.0,0.0,0.0,0.0,0.0,0.0,0.0,0.0,0.0,0.0,0.0,0.0,0.0,0.0,0.0
GLY 181,R GLY 181,0.0,0.0,0.0,0.0,0.0,0.0,0.0,0.0,0.0,0.0,0.0,0.0,0.0,0.0,0.0,0.0,0.0,0.0
LEU 182,R LEU 182,0.0,0.0,0.0,0.0,0.0,0.0,0.0,0.0,0.0,0.0,0.0,0.0,0.0,0.0,0.0,0.0,0.0,0.0
SER 183,R SER 183,0.0,0.0,0.0,0.0,0.0,0.0,0.0009999999999994458,0.0,0.0,-0.0010000000000000009,0.0,0.0,0.0,0.0,0.0,-5.551115123125783e-16,0.0,0.0
PRO 184,R PRO 184,0.0,0.0,0.0,0.0,0.0,0.0,-0.004999999999999005,0.0,0.0,0.004999999999999005,0.0,0.0,0.0,0.0,0.0,0.0,0.0,0.0
GLU 185,R GLU 185,0.0,0.0,0.0,0.0,0.0,0.0,0.03300000000000125,0.0,0.0,-0.03300000000001546,0.0,0.0,0.0,0.0,0.0,-1.4210854715202004e-14,0.0,0.0
ILE 186,R ILE 186,0.0,0.0,0.0,0.0,0.0,0.0,0.0,0.0,0.0,0.0,0.0,0.0,0.0,0.0,0.0,0.0,0.0,0.0
ASN 187,R ASN 187,0.0,0.0,0.0,0.0,0.0,0.0,0.001000000000000334,0.0,0.0,-0.0009999999999994458,0.0,0.0,0.0,0.0,0.0,0.0,0.0,0.0
THR 188,R THR 188,0.0,0.0,0.0,0.0,0.0,0.0,0.0010000000000012221,0.0,0.0,0.0,0.0,0.0,0.0,0.0,0.0,0.0010000000000047748,0.0,0.0
LEU 189,R LEU 189,0.0,0.0,0.0,0.0,0.0,0.0,0.0,0.0,0.0,-0.001000000000000334,0.0,0.0,0.0,0.0,0.0,-0.0010000000000012221,0.0,0.0
ASP 190,R ASP 190,0.0,0.0,0.0,0.0,0.0,0.0,-0.0019999999999988916,0.0,0.0,0.0020000000000095497,0.0,0.0,0.0,0.0,0.0,7.105427357601002e-15,0.0,0.0
ASP 191,R ASP 191,0.0,0.0,0.0,0.0,0.0,0.0,0.009000000000000341,0.0,0.0,-0.009000000000000341,0.0,0.0,0.0,0.0,0.0,0.0,0.0,0.0
ILE 192,R ILE 192,0.0,0.0,0.0,0.0,0.0,0.0,0.0009999999999998899,0.0,0.0,-0.001000000000000334,0.0,0.0,0.0,0.0,0.0,-4.440892098500626e-16,0.0,0.0
ARG 193,R ARG 193,0.0,0.0,0.0,0.0,0.0,0.0,0.009000000000000341,0.0,0.0,-0.00999999999999801,0.0,0.0,0.0,0.0,0.0,-0.0009999999999763531,0.0,0.0
LYS 194,R LYS 194,0.0,0.0,0.0,0.0,0.0,0.0,-0.006000000000000227,0.0,0.0,0.006000000000000227,0.0,0.0,0.0,0.0,0.0,0.0,0.0,0.0
LEU 195,R LEU 195,0.0,0.0,0.0,0.0,0.0,0.0,0.0,0.0,0.0,0.0,0.0,0.0,0.0,0.0,0.0,0.0,0.0,0.0
ASP 196,R ASP 196,0.0,0.0,0.0,0.0,0.0,0.0,0.019000000000001904,0.0,0.0,-0.020000000000010232,0.0,0.0,0.0,0.0,0.0,-0.0010000000000118803,0.0,0.0
ARG 197,R ARG 197,0.0,0.0,0.0,0.0,0.0,0.0,0.007999999999995566,0.0,0.0,-0.008000000000002672,0.0,0.0,0.0,0.0,0.0,0.0,0.0,0.0
PHE 198,R PHE 198,0.0,0.0,0.0,0.0,0.0,0.0,0.0,0.0,0.0,0.0,0.0,0.0,0.0,0.0,0.0,0.0,0.0,0.0
LYS 199,R LYS 199,0.0,0.0,0.0,0.0,0.0,0.0,-0.028999999999996362,0.0,0.0,0.029000000000003467,0.0,0.0,0.0,0.0,0.0,7.105427357601002e-15,0.0,0.0
GLU 200,R GLU 200,0.0,0.0,0.0,0.0,0.0,0.0,0.054000000000002046,0.0,0.0,-0.054000000000002046,0.0,0.0,0.0,0.0,0.0,0.0,0.0,0.0
PRO 201,R PRO 201,0.0,0.0,0.0,0.0,0.0,0.0,-0.006000000000000227,0.0,0.0,0.006000000000000227,0.0,0.0,0.0,0.0,0.0,0.0,0.0,0.0
PRO 202,R PRO 202,0.0,0.0,0.0,-0.001000000000000334,0.0,0.0,-0.008000000000002672,0.0,0.0,0.007999999999999119,0.0,0.0,0.0,0.0,0.0,-0.0010000000000029985,0.0,0.0
ALA 203,R ALA 203,0.0,0.0,0.0,0.0,0.0,0.0,-0.0030000000000001137,0.0,0.0,0.0030000000000001137,0.0,0.0,0.0,0.0,0.0,0.0,0.0,0.0
TYR 204,R TYR 204,0.0,0.0,0.0,0.0,0.0,0.0,-0.0039999999999995595,0.0,0.0,0.0030000000000001137,0.0,0.0,0.0,0.0,0.0,-0.0009999999999976694,0.0,0.0
GLY 205,R GLY 205,0.0,0.0,0.0,0.0,0.0,0.0,0.0009999999999998899,0.0,0.0,-0.001000000000000334,0.0,0.0,0.0,0.0,0.0,-8.881784197001252e-16,0.0,0.0
PRO 206,R PRO 206,0.0,0.0,0.0,0.0,0.0,0.0,-0.004999999999999005,0.0,0.0,0.004999999999999005,0.0,0.0,0.0,0.0,0.0,0.0,0.0,0.0
MET 207,R MET 207,0.0,0.0,0.0,0.0,0.0,0.0,0.001000000000000112,0.0,0.0,0.0,0.0,0.0,0.0,0.0,0.0,0.001000000000000334,0.0,0.0
CYS 208,R CYS 208,0.0,0.0,0.0,0.0,0.0,0.0,-0.001000000000000334,0.0,0.0,0.0009999999999998899,0.0,0.0,0.0,0.0,0.0,0.0,0.0,0.0
ASP 209,R ASP 209,0.0,0.0,0.0,0.0,0.0,0.0,0.030000000000001137,0.0,0.0,-0.029999999999986926,0.0,0.0,0.0,0.0,0.0,1.4210854715202004e-14,0.0,0.0
ILE 210,R ILE 210,0.0,0.0,0.0,0.0,0.0,0.0,0.0,0.0,0.0,0.0,0.0,0.0,0.0,0.0,0.0,0.0,0.0,0.0
LEU 211,R LEU 211,0.0,0.0,0.0,0.0,0.0,0.0,-0.001000000000000334,0.0,0.0,0.001000000000000334,0.0,0.0,0.0,0.0,0.0,0.0,0.0,0.0
TRP 212,R TRP 212,0.0,0.0,0.0,0.0,0.0,0.0,-0.002000000000000668,0.0,0.0,0.0009999999999994458,0.0,0.0,0.0,0.0,0.0,-0.0010000000000012221,0.0,0.0
SER 213,R SER 213,0.0,0.0,0.0,0.0,0.0,0.0,0.0030000000000001137,0.0,0.0,-0.002000000000000224,0.0,0.0,0.0,0.0,0.0,0.0009999999999998899,0.0,0.0
ASP 214,R ASP 214,0.0,0.0,0.0,0.0,0.0,0.0,-0.008000000000009777,0.0,0.0,0.007000000000005002,0.0,0.0,0.0,0.0,0.0,-0.0010000000000047748,0.0,0.0
PRO 215,R PRO 215,0.0,0.0,0.0,0.0,0.0,0.0,0.005000000000002558,0.0,0.0,-0.004999999999999005,0.0,0.0,0.0,0.0,0.0,3.552713678800501e-15,0.0,0.0
LEU 216,R LEU 216,0.0,0.0,0.0,0.0,0.0,0.0,0.0,0.0,0.0,0.0,0.0,0.0,0.0,0.0,0.0,0.0,0.0,0.0
GLU 217,R GLU 217,0.0,0.0,0.0,0.0,0.0,0.0,-0.02400000000000091,0.0,0.0,0.02400000000000091,0.0,0.0,0.0,0.0,0.0,0.0,0.0,0.0
ASP 218,R ASP 218,0.0,0.0,0.0,0.0,0.0,0.0,0.005000000000002558,0.0,0.0,-0.0049999999999954525,0.0,0.0,0.0,0.0,0.0,1.4210854715202004e-14,0.0,0.0
PHE 219,R PHE 219,0.0,0.0,0.0,0.0,0.0,0.0,0.0,0.0,0.0,-0.0010000000000000009,0.0,0.0,0.0,0.0,0.0,-0.0009999999999998899,0.0,0.0
GLY 220,R GLY 220,0.0,0.0,0.0,0.0,0.0,0.0,0.0,0.0,0.0,0.0009999999999998899,0.0,0.0,0.0,0.0,0.0,0.0009999999999998899,0.0,0.0
ASN 221,R ASN 221,0.0,0.0,0.0,0.0,0.0,0.0,0.0019999999999997797,0.0,0.0,-0.0019999999999988916,0.0,0.0,0.0,0.0,0.0,0.0,0.0,0.0
GLU 222,R GLU 222,0.0,0.0,0.0,0.0,0.0,0.0,-0.006000000000000227,0.0,0.0,0.006000000000000227,0.0,0.0,0.0,0.0,0.0,0.0,0.0,0.0
LYS 223,R LYS 223,0.0,0.0,0.0,0.0,0.0,0.0,-0.009000000000000341,0.0,0.0,0.008999999999998565,0.0,0.0,0.0,0.0,0.0,-1.7763568394002505e-15,0.0,0.0
THR 224,R THR 224,0.0,0.0,0.0,0.0,0.0,0.0,-0.0019999999999988916,0.0,0.0,0.0020000000000000018,0.0,0.0,0.0,0.0,0.0,0.0,0.0,0.0
GLN 225,R GLN 225,0.0,0.0,0.0,0.0,0.0,0.0,-0.0009999999999998899,0.0,0.0,0.001000000000000334,0.0,0.0,0.0,0.0,0.0,0.0,0.0,0.0
GLU 226,R GLU 226,0.0,0.0,0.0,0.0,0.0,0.0,0.03300000000000125,0.0,0.0,-0.03299999999998704,0.0,0.0,0.0,0.0,0.0,1.4210854715202004e-14,0.0,0.0
HIE 227,R HIE 227,0.0,0.0,0.0,0.0,0.0,0.0,0.001000000000000112,0.0,0.0,-0.002000000000000668,0.0,0.0,0.0,0.0,0.0,-0.0010000000000012221,0.0,0.0
PHE 228,R PHE 228,0.0,0.0,0.0,0.0,0.0,0.0,-0.0010000000000000009,0.0,0.0,0.0,0.0,0.0,0.0,0.0,0.0,-0.0010000000000000009,0.0,0.0
THR 229,R THR 229,0.0,0.0,0.0,0.0,0.0,0.0,-0.0019999999999988916,0.0,0.0,0.002000000000000224,0.0,0.0,0.0,0.0,0.0,0.0,0.0,0.0
HIE 230,R HIE 230,0.0,0.0,0.0,0.0,0.0,0.0,0.0009999999999994458,0.0,0.0,0.0,0.0,0.0,0.0,0.0,0.0,0.0010000000000012221,0.0,0.0
ASN 231,R ASN 231,0.0,0.0,0.0,0.0,0.0,0.0,0.0039999999999995595,0.0,0.0,-0.0030000000000001137,0.0,0.0,0.0,0.0,0.0,0.0010000000000047748,0.0,0.0
THR 232,R THR 232,0.0,0.0,0.0,0.0,0.0,0.0,-0.0039999999999995595,0.0,0.0,0.004999999999999893,0.0,0.0,0.0,0.0,0.0,0.0010000000000012221,0.0,0.0
VAL 233,R VAL 233,0.0,0.0,0.0,0.0,0.0,0.0,0.0009999999999994458,0.0,0.0,0.0,0.0,0.0,0.0,0.0,0.0,0.0009999999999994458,0.0,0.0
ARG 234,R ARG 234,0.0,0.0,0.0,-0.0010000000000012221,0.0,0.0,0.025000000000000355,0.0,0.0,-0.02400000000000091,0.0,0.0,0.0,0.0,0.0,-5.684341886080802e-14,0.0,0.0
GLY 235,R GLY 235,0.0,0.0,0.0,0.0,0.0,0.0,0.0030000000000001137,0.0,0.0,-0.0030000000000001137,0.0,0.0,0.0,0.0,0.0,0.0,0.0,0.0
CYS 236,R CYS 236,0.0,0.0,0.0,0.0,0.0,0.0,-0.0029999999999996696,0.0,0.0,0.0019999999999997797,0.0,0.0,0.0,0.0,0.0,-0.0009999999999994458,0.0,0.0
SER 237,R SER 237,0.0,0.0,0.0,0.0,0.0,0.0,-0.001000000000000334,0.0,0.0,0.0009999999999998899,0.0,0.0,0.0,0.0,0.0,-8.881784197001252e-16,0.0,0.0
TYR 238,R TYR 238,0.0,0.0,0.0,0.0,0.0,0.0,0.0,0.0,0.0,0.0010000000000000009,0.0,0.0,0.0,0.0,0.0,0.0009999999999976694,0.0,0.0
PHE 239,R PHE 239,0.0,0.0,0.0,0.0,0.0,0.0,0.0,0.0,0.0,0.0,0.0,0.0,0.0,0.0,0.0,0.0,0.0,0.0
TYR 240,R TYR 240,0.0,0.0,0.0,0.0,0.0,0.0,0.0009999999999994458,0.0,0.0,-0.0009999999999994458,0.0,0.0,0.0,0.0,0.0,-3.552713678800501e-15,0.0,0.0
SER 241,R SER 241,0.0,0.0,0.0,0.0,0.0,0.0,-0.001000000000000112,0.0,0.0,0.0010000000000000009,0.0,0.0,0.0,0.0,0.0,-8.881784197001252e-16,0.0,0.0
TYR 242,R TYR 242,0.0,0.0,0.0,0.0,0.0,0.0,0.0010000000000012221,0.0,0.0,-0.0020000000000000018,0.0,0.0,0.0,0.0,0.0,-0.0009999999999941167,0.0,0.0
PRO 243,R PRO 243,0.0,0.0,0.0,0.0,0.0,0.0,0.0,0.0,0.0,-0.0009999999999994458,0.0,0.0,0.0,0.0,0.0,-0.0009999999999994458,0.0,0.0
ALA 244,R ALA 244,0.0,0.0,0.0,0.0,0.0,0.0,0.0,0.0,0.0,0.0,0.0,0.0,0.0,0.0,0.0,0.0,0.0,0.0
VAL 245,R VAL 245,0.0,0.0,0.0,0.0,0.0,0.0,0.0010000000000012221,0.0,0.0,0.0,0.0,0.0,0.0,0.0,0.0,0.0010000000000012221,0.0,0.0
CYS 246,R CYS 246,0.0,0.0,0.0,0.0,0.0,0.0,-0.001000000000000112,0.0,0.0,0.0010000000000000009,0.0,0.0,0.0,0.0,0.0,8.881784197001252e-16,0.0,0.0
GLU 247,R GLU 247,0.0,0.0,0.0,0.0,0.0,0.0,0.0030000000000001137,0.0,0.0,-0.0030000000000001137,0.0,0.0,0.0,0.0,0.0,0.0,0.0,0.0
PHE 248,R PHE 248,0.0,0.0,0.0,0.0,0.0,0.0,0.0,0.0,0.0,0.0,0.0,0.0,0.0,0.0,0.0,0.0,0.0,0.0
LEU 249,R LEU 249,0.0,0.0,0.0,0.0,0.0,0.0,0.0009999999999994458,0.0,0.0,-0.001000000000000112,0.0,0.0,0.0,0.0,0.0,0.0,0.0,0.0
GLN 250,R GLN 250,0.0,0.0,0.0,0.0,0.0,0.0,-0.001000000000000334,0.0,0.0,0.0,0.0,0.0,0.0,0.0,0.0,-0.0010000000000047748,0.0,0.0
HIE 251,R HIE 251,0.0,0.0,0.0,0.0,0.0,0.0,-0.0009999999999998899,0.0,0.0,0.0010000000000012221,0.0,0.0,0.0,0.0,0.0,3.552713678800501e-15,0.0,0.0
ASN 252,R ASN 252,0.0,0.0,0.0,0.0,0.0,0.0,0.0010000000000000009,0.0,0.0,-0.001000000000000112,0.0,0.0,0.0,0.0,0.0,1.4210854715202004e-14,0.0,0.0
ASN 253,R ASN 253,0.0,0.0,0.0,0.0,0.0,0.0,0.0,0.0,0.0,0.0,0.0,0.0,0.0,0.0,0.0,0.0,0.0,0.0
LEU 254,R LEU 254,0.0,0.0,0.0,0.0,0.0,0.0,0.001000000000000334,0.0,0.0,0.0,0.0,0.0,0.0,0.0,0.0,0.0009999999999976694,0.0,0.0
LEU 255,R LEU 255,0.0,0.0,0.0,0.0,0.0,0.0,0.0009999999999994458,0.0,0.0,-0.0010000000000000009,0.0,0.0,0.0,0.0,0.0,-1.7763568394002505e-15,0.0,0.0
SER 256,R SER 256,0.0,0.0,0.0,0.0,0.0,0.0,0.0019999999999988916,0.0,0.0,-0.002000000000000224,0.0,0.0,0.0,0.0,0.0,-1.3322676295501878e-15,0.0,0.0
ILE 257,R ILE 257,0.0,0.0,0.0,0.0,0.0,0.0,0.0010000000000000009,0.0,0.0,0.0,0.0,0.0,0.0,0.0,0.0,0.001000000000000112,0.0,0.0
LEU 258,R LEU 258,0.0,0.0,0.0,0.0,0.0,0.0,0.001000000000000334,0.0,0.0,-0.0019999999999997797,0.0,0.0,0.0,0.0,0.0,-0.0009999999999976694,0.0,0.0
ARG 259,R ARG 259,0.0,0.0,0.0,0.0,0.0,0.0,0.030000000000001137,0.0,0.0,-0.030000000000001137,0.0,0.0,0.0,0.0,0.0,0.0,0.0,0.0
ALA 260,R ALA 260,0.0,0.0,0.0,0.0,0.0,0.0,0.0030000000000001137,0.0,0.0,-0.0019999999999997797,0.0,0.0,0.0,0.0,0.0,0.001000000000000334,0.0,0.0
HIE 261,R HIE 261,0.0,0.0,0.0,0.0,0.0,0.0,-0.01200000000000001,0.0,0.0,0.01100000000000012,0.0,0.0,0.0,0.0,0.0,-0.000999999999995893,0.0,0.0
GLU 262,R GLU 262,0.0,0.0,0.0,-0.0009999999999994458,0.0,0.0,-0.03300000000000125,0.0,0.0,0.034000000000020236,0.0,0.0,0.0,0.0,0.0,1.4210854715202004e-14,0.0,0.0
ALA 263,R ALA 263,0.0,0.0,0.0,0.0,0.0,0.0,0.005999999999999339,0.0,0.0,-0.005999999999999783,0.0,0.0,0.0,0.0,0.0,-4.440892098500626e-16,0.0,0.0
GLN 264,R GLN 264,0.0,0.0,0.0,0.0,0.0,0.0,0.0,0.0,0.0,0.0,0.0,0.0,0.0,0.0,0.0,0.0,0.0,0.0
ASP 265,R ASP 265,0.0,0.0,0.0,-0.001000000000000334,0.0,0.0,-0.1939999999999955,0.0,0.0,0.19400000000000261,0.0,0.0,0.0,0.0,0.0,-0.0009999999999976694,0.0,0.0
ALA 266,R ALA 266,0.0,0.0,0.0,0.0,0.0,0.0,0.004999999999999893,0.0,0.0,-0.004999999999999893,0.0,0.0,0.0,0.0,0.0,0.0,0.0,0.0
GLY 267,R GLY 267,0.0,0.0,0.0,0.0,0.0,0.0,-0.0040000000000000036,0.0,0.0,0.0030000000000001137,0.0,0.0,0.0,0.0,0.0,-0.0009999999999998899,0.0,0.0
TYR 268,R TYR 268,0.0,0.0,0.0,0.0,0.0,0.0,0.005999999999999339,0.0,0.0,-0.006000000000000227,0.0,0.0,0.0,0.0,0.0,-3.552713678800501e-15,0.0,0.0
ARG 269,R ARG 269,0.0,0.0,0.0,0.0,0.0,0.0,0.045000000000001705,0.0,0.0,-0.045000000000001705,0.0,0.0,0.0,0.0,0.0,2.842170943040401e-14,0.0,0.0
MET 270,R MET 270,0.0,0.0,0.0,0.0,0.0,0.0,0.0030000000000000027,0.0,0.0,-0.0040000000000000036,0.0,0.0,0.0,0.0,0.0,-0.001000000000000334,0.0,0.0
TYR 271,R TYR 271,0.0,0.0,0.0,0.0,0.0,0.0,0.0030000000000001137,0.0,0.0,-0.0030000000000001137,0.0,0.0,0.0,0.0,0.0,0.0,0.0,0.0
ARG 272,R ARG 272,0.0,0.0,0.0,0.0,0.0,0.0,0.015000000000000568,0.0,0.0,-0.015000000000000568,0.0,0.0,0.0,0.0,0.0,0.0,0.0,0.0
LYS 273,R LYS 273,0.0,0.0,0.0,0.0,0.0,0.0,0.04100000000000392,0.0,0.0,-0.040999999999999925,0.0,0.0,0.0,0.0,0.0,3.552713678800501e-15,0.0,0.0
SER 274,R SER 274,0.0,0.0,0.0,0.0,0.0,0.0,0.0020000000000000018,0.0,0.0,-0.0019999999999997797,0.0,0.0,0.0,0.0,0.0,0.0,0.0,0.0
GLN 275,R GLN 275,0.0,0.0,0.0,0.0,0.0,0.0,-0.0009999999999998899,0.0,0.0,0.0010000000000012221,0.0,0.0,0.0,0.0,0.0,7.105427357601002e-15,0.0,0.0
THR 276,R THR 276,0.0,0.0,0.0,0.0,0.0,0.0,0.0009999999999994458,0.0,0.0,0.0,0.0,0.0,0.0,0.0,0.0,0.0009999999999976694,0.0,0.0
THR 277,R THR 277,0.0,0.0,0.0,0.0,0.0,0.0,0.0009999999999976694,0.0,0.0,-0.0009999999999998899,0.0,0.0,0.0,0.0,0.0,0.0,0.0,0.0
GLY 278,R GLY 278,0.0,0.0,0.0,0.0,0.0,0.0,-0.0010000000000000009,0.0,0.0,0.0010000000000000009,0.0,0.0,0.0,0.0,0.0,1.1102230246251565e-16,0.0,0.0
PHE 279,R PHE 279,0.0,0.0,0.0,0.0,0.0,0.0,0.0010000000000000009,0.0,0.0,-0.0010000000000000009,0.0,0.0,0.0,0.0,0.0,0.0,0.0,0.0
PRO 280,R PRO 280,0.0,0.0,0.0,0.0,0.0,0.0,0.009000000000000341,0.0,0.0,-0.008999999999999453,0.0,0.0,0.0,0.0,0.0,1.7763568394002505e-15,0.0,0.0
SER 281,R SER 281,0.0,0.0,0.0,0.0,0.0,0.0,-0.0009999999999994458,0.0,0.0,0.0009999999999998899,0.0,0.0,0.0,0.0,0.0,4.440892098500626e-16,0.0,0.0
LEU 282,R LEU 282,0.0,0.0,0.0,0.0,0.0,0.0,0.0009999999999998899,0.0,0.0,0.0,0.0,0.0,0.0,0.0,0.0,0.0010000000000012221,0.0,0.0
ILE 283,R ILE 283,0.0,0.0,0.0,0.0,0.0,0.0,0.002000000000000224,0.0,0.0,-0.0020000000000000018,0.0,0.0,0.0,0.0,0.0,0.0,0.0,0.0
THR 284,R THR 284,0.0,0.0,0.0,0.0,0.0,0.0,0.003999999999997783,0.0,0.0,-0.0030000000000001137,0.0,0.0,0.0,0.0,0.0,0.0009999999999976694,0.0,0.0
ILE 285,R ILE 285,0.0,0.0,0.0,0.0,0.0,0.0,0.0020000000000000018,0.0,0.0,-0.002000000000000224,0.0,0.0,0.0,0.0,0.0,0.0,0.0,0.0
PHE 286,R PHE 286,0.0,0.0,0.0,-0.0010000000000012221,0.0,0.0,0.0030000000000001137,0.0,0.0,-0.008000000000000002,0.0,0.0,0.0,0.0,0.0,-0.0060000000000011156,0.0,0.0
SER 287,R SER 287,0.0,0.0,0.0,0.0,0.0,0.0,0.0029999999999998916,0.0,0.0,-0.0040000000000000036,0.0,0.0,0.0,0.0,0.0,-0.001000000000000112,0.0,0.0
ALA 288,R ALA 288,0.0,0.0,0.0,0.0,0.0,0.0,0.007000000000000117,0.0,0.0,-0.007000000000000561,0.0,0.0,0.0,0.0,0.0,-4.440892098500626e-16,0.0,0.0
PRO 289,R PRO 289,0.0,0.0,0.0,0.0,0.0,0.0,0.04299999999999926,0.0,0.0,-0.04100000000000037,0.0,0.0,0.0,0.0,0.0,0.0019999999999988916,0.0,0.0
ASN 290,R ASN 290,0.0,0.0,0.0,-0.0009999999999994458,0.0,0.0,-0.01100000000000001,0.0,0.0,0.03000000000000025,0.0,0.0,0.0,0.0,0.0,0.018000000000014893,0.0,0.0
TYR 291,R TYR 291,0.0,0.0,0.0,-0.0019999999999988916,0.0,0.0,0.005000000000000782,0.0,0.0,-0.016000000000000014,0.0,0.0,0.0,0.0,0.0,-0.012999999999994571,0.0,0.0
LEU 292,R LEU 292,0.0,0.0,0.0,-0.0040000000000000036,0.0,0.0,0.005999999999999339,0.0,0.0,-0.0129999999999999,0.0,0.0,0.0,0.0,0.0,-0.011000000000001009,0.0,0.0
ASP 293,R ASP 293,0.0,0.0,0.0,-0.004999999999999893,0.0,0.0,-0.5409999999999968,0.0,0.0,0.5420000000000016,0.0,0.0,0.0,0.0,0.0,-0.0040000000000048885,0.0,0.0
VAL 294,R VAL 294,0.0,0.0,0.0,-0.006000000000000227,0.0,0.0,0.009999999999999787,0.0,0.0,-0.06199999999999983,0.0,0.0,0.0,0.0,0.0,-0.05799999999999983,0.0,0.0
TYR 295,R TYR 295,0.0,0.0,0.0,-0.0019999999999997797,0.0,0.0,0.013999999999999346,0.0,0.0,-0.011999999999999567,0.0,0.0,0.0,0.0,0.0,0.0,0.0,0.0
ASN 296,R ASN 296,0.0,0.0,0.0,-0.0009999999999998899,0.0,0.0,0.03300000000000014,0.0,0.0,-0.022999999999999687,0.0,0.0,0.0,0.0,0.0,0.009000000000000341,0.0,0.0
ASN 297,R ASN 297,0.0,0.0,0.0,-0.0009999999999994458,0.0,0.0,-0.02400000000000002,0.0,0.0,0.02200000000000002,0.0,0.0,0.0,0.0,0.0,-0.0030000000000001137,0.0,0.0
LYS 298,R LYS 298,0.0,0.0,0.0,0.0,0.0,0.0,0.142000000000003,0.0,0.0,-0.14499999999999957,0.0,0.0,0.0,0.0,0.0,-0.002999999999996561,0.0,0.0
ALA 299,R ALA 299,0.0,0.0,0.0,0.0,0.0,0.0,0.005999999999999783,0.0,0.0,-0.006000000000000227,0.0,0.0,0.0,0.0,0.0,-4.440892098500626e-16,0.0,0.0
ALA 300,R ALA 300,0.0,0.0,0.0,0.0,0.0,0.0,0.0040000000000000036,0.0,0.0,-0.0040000000000000036,0.0,0.0,0.0,0.0,0.0,0.0,0.0,0.0
VAL 301,R VAL 301,0.0,0.0,0.0,0.0,0.0,0.0,0.002000000000000668,0.0,0.0,-0.0020000000000000018,0.0,0.0,0.0,0.0,0.0,1.7763568394002505e-15,0.0,0.0
LEU 302,R LEU 302,0.0,0.0,0.0,0.0,0.0,0.0,0.0009999999999994458,0.0,0.0,-0.0009999999999998899,0.0,0.0,0.0,0.0,0.0,0.0,0.0,0.0
LYS 303,R LYS 303,0.0,0.0,0.0,0.0,0.0,0.0,0.07900000000000063,0.0,0.0,-0.08000000000000007,0.0,0.0,0.0,0.0,0.0,-0.0009999999999994458,0.0,0.0
TYR 304,R TYR 304,0.0,0.0,0.0,0.0,0.0,0.0,0.0019999999999997797,0.0,0.0,-0.002000000000000668,0.0,0.0,0.0,0.0,0.0,-3.552713678800501e-15,0.0,0.0
GLU 305,R GLU 305,0.0,0.0,0.0,0.0,0.0,0.0,-0.055999999999997385,0.0,0.0,0.05499999999999261,0.0,0.0,0.0,0.0,0.0,-0.0010000000000047748,0.0,0.0
ASN 306,R ASN 306,0.0,0.0,0.0,0.0,0.0,0.0,0.0030000000000001137,0.0,0.0,-0.002000000000000668,0.0,0.0,0.0,0.0,0.0,0.0010000000000047748,0.0,0.0
ASN 307,R ASN 307,0.0,0.0,0.0,0.0,0.0,0.0,0.0,0.0,0.0,0.0,0.0,0.0,0.0,0.0,0.0,0.0,0.0,0.0
VAL 308,R VAL 308,0.0,0.0,0.0,0.0,0.0,0.0,0.0009999999999994458,0.0,0.0,-0.0010000000000000009,0.0,0.0,0.0,0.0,0.0,-3.552713678800501e-15,0.0,0.0
MET 309,R MET 309,0.0,0.0,0.0,0.0,0.0,0.0,0.0,0.0,0.0,0.0,0.0,0.0,0.0,0.0,0.0,0.0,0.0,0.0
ASN 310,R ASN 310,0.0,0.0,0.0,0.0,0.0,0.0,0.0009999999999998899,0.0,0.0,-0.0010000000000012221,0.0,0.0,0.0,0.0,0.0,0.0,0.0,0.0
ILE 311,R ILE 311,0.0,0.0,0.0,0.0,0.0,0.0,0.0030000000000001137,0.0,0.0,-0.0030000000000001137,0.0,0.0,0.0,0.0,0.0,0.0,0.0,0.0
ARG 312,R ARG 312,0.0,0.0,0.0,0.0,0.0,0.0,0.09399999999999409,0.0,0.0,-0.09499999999999975,0.0,0.0,0.0,0.0,0.0,-0.0010000000000047748,0.0,0.0
GLN 313,R GLN 313,0.0,0.0,0.0,0.0,0.0,0.0,0.0039999999999995595,0.0,0.0,-0.0040000000000000036,0.0,0.0,0.0,0.0,0.0,0.0,0.0,0.0
PHE 314,R PHE 314,0.0,0.0,0.0,0.0,0.0,0.0,0.0029999999999998916,0.0,0.0,-0.0040000000000000036,0.0,0.0,0.0,0.0,0.0,-0.0009999999999998899,0.0,0.0
ASN 315,R ASN 315,0.0,0.0,0.0,-0.0009999999999998899,0.0,0.0,0.008000000000000007,0.0,0.0,-0.008000000000000007,0.0,0.0,0.0,0.0,0.0,-0.0010000000000047748,0.0,0.0
CYS 316,R CYS 316,0.0,0.0,0.0,-0.0009999999999998899,0.0,0.0,0.004999999999999893,0.0,0.0,-0.0029999999999996696,0.0,0.0,0.0,0.0,0.0,0.0009999999999994458,0.0,0.0
SER 317,R SER 317,0.0,0.0,0.0,0.0,0.0,0.0,0.006999999999999673,0.0,0.0,-0.006000000000000005,0.0,0.0,0.0,0.0,0.0,0.0009999999999996678,0.0,0.0
PRO 318,R PRO 318,0.0,0.0,0.0,0.0,0.0,0.0,0.061000000000003496,0.0,0.0,-0.06099999999999994,0.0,0.0,0.0,0.0,0.0,3.552713678800501e-15,0.0,0.0
HIE 319,R HIE 319,0.0,0.0,0.0,-0.0030000000000001137,0.0,0.0,0.005999999999998451,0.0,0.0,-0.0050000000000000044,0.0,0.0,0.0,0.0,0.0,-0.0020000000000024443,0.0,0.0
PRO 320,R PRO 320,0.0,0.0,0.0,-0.002000000000000668,0.0,0.0,0.05999999999999872,0.0,0.0,-0.05000000000000071,0.0,0.0,0.0,0.0,0.0,0.007999999999999119,0.0,0.0
TYR 321,R TYR 321,0.0,0.0,0.0,-0.2530000000000001,0.0,0.0,-0.0259999999999998,0.0,0.0,0.584,0.0,0.0,-0.009511200000000001,0.0,0.0,0.2954888000000011,0.0,0.0
TRP 322,R TRP 322,0.0,0.0,0.0,-0.014000000000001123,0.0,0.0,0.0,0.0,0.0,0.0030000000000001137,0.0,0.0,0.0,0.0,0.0,-0.010999999999999233,0.0,0.0
LEU 323,R LEU 323,0.0,0.0,0.0,-0.39700000000000024,0.0,0.0,-0.040000000000000036,0.0,0.0,-0.05699999999999994,0.0,0.0,-0.0087048,0.0,0.0,-0.5027048000000036,0.0,0.0
PRO 324,R PRO 324,0.0,0.0,0.0,-0.5550000000000006,0.0,0.0,0.12199999999999989,0.0,0.0,-0.495000000000001,0.0,0.0,-0.04757759999999999,0.0,0.0,-0.9755776000000003,0.0,0.0
ASN 325,R ASN 325,0.0,0.0,0.0,-0.016000000000000014,0.0,0.0,0.02200000000000002,0.0,0.0,0.0030000000000001137,0.0,0.0,0.0,0.0,0.0,0.009000000000014552,0.0,0.0
PHE 326,R PHE 326,0.0,0.0,0.0,-0.007999999999999119,0.0,0.0,-0.0030000000000001137,0.0,0.0,0.0020000000000000018,0.0,0.0,0.0,0.0,0.0,-0.00899999999999923,0.0,0.0
MET 327,R MET 327,0.0,0.0,0.0,-0.3409999999999993,0.0,0.0,-0.051000000000000045,0.0,0.0,0.0349999999999997,0.0,0.0,-0.0057312000000000005,0.0,0.0,-0.3627311999999997,0.0,0.0
ASP 328,R ASP 328,0.0,0.0,0.0,-0.013000000000000789,0.0,0.0,0.09900000000000375,0.0,0.0,-0.1570000000000107,0.0,0.0,0.0,0.0,0.0,-0.07100000000001216,0.0,0.0
VAL 329,R VAL 329,0.0,0.0,0.0,-0.052999999999999936,0.0,0.0,0.009999999999999787,0.0,0.0,-0.10399999999999965,0.0,0.0,0.0,0.0,0.0,-0.14699999999999847,0.0,0.0
PHE 330,R PHE 330,0.0,0.0,0.0,-0.02200000000000024,0.0,0.0,0.0030000000000001137,0.0,0.0,0.040999999999999925,0.0,0.0,0.0,0.0,0.0,0.021999999999999797,0.0,0.0
THR 331,R THR 331,0.0,0.0,0.0,-0.03399999999999981,0.0,0.0,-0.027000000000001023,0.0,0.0,-0.1499999999999999,0.0,0.0,0.0,0.0,0.0,-0.21099999999999852,0.0,0.0
TRP 332,R TRP 332,0.0,0.0,0.0,-3.3130000000000006,0.0,0.0,-3.3689999999999998,0.0,0.0,1.8359999999999999,0.0,0.0,-0.3339648,0.0,0.0,-5.179964800000004,0.0,0.0
SER 333,R SER 333,0.0,0.0,0.0,-0.7110000000000003,0.0,0.0,-0.1419999999999999,0.0,0.0,0.324,0.0,0.0,-0.030528,0.0,0.0,-0.5595279999999998,0.0,0.0
LEU 334,R LEU 334,0.0,0.0,0.0,-0.05999999999999961,0.0,0.0,-0.004999999999999893,0.0,0.0,-0.06999999999999984,0.0,0.0,0.0,0.0,0.0,-0.13500000000000156,0.0,0.0
PRO 335,R PRO 335,0.0,0.0,0.0,-0.6959999999999997,0.0,0.0,-0.012000000000000455,0.0,0.0,0.09100000000000108,0.0,0.0,-0.0593424,0.0,0.0,-0.6763424000000011,0.0,0.0
PHE 336,R PHE 336,0.0,0.0,0.0,-3.392999999999999,0.0,0.0,-0.353,0.0,0.0,0.19700000000000006,0.0,0.0,-0.352944,0.0,0.0,-3.901943999999999,0.0,0.0
VAL 337,R VAL 337,0.0,0.0,0.0,-0.10299999999999976,0.0,0.0,-0.0009999999999994458,0.0,0.0,-0.08899999999999997,0.0,0.0,0.0,0.0,0.0,-0.19299999999999784,0.0,0.0
GLY 338,R GLY 338,0.0,0.0,0.0,-0.01399999999999979,0.0,0.0,-0.02300000000000013,0.0,0.0,0.015000000000000124,0.0,0.0,0.0,0.0,0.0,-0.021999999999999797,0.0,0.0
GLU 339,R GLU 339,0.0,0.0,0.0,-1.6899999999999995,0.0,0.0,-1.0919999999999987,0.0,0.0,5.563000000000017,0.0,0.0,-0.26805599999999996,0.0,0.0,2.5129440000000187,0.0,0.0
LYS 340,R LYS 340,0.0,0.0,0.0,-0.20800000000000018,0.0,0.0,0.132000000000005,0.0,0.0,-0.1460000000000008,0.0,0.0,0.0,0.0,0.0,-0.2219999999999942,0.0,0.0
VAL 341,R VAL 341,0.0,0.0,0.0,-0.01100000000000012,0.0,0.0,0.008000000000000007,0.0,0.0,-0.04899999999999993,0.0,0.0,0.0,0.0,0.0,-0.05200000000000138,0.0,0.0
THR 342,R THR 342,0.0,0.0,0.0,-0.012000000000000455,0.0,0.0,0.0,0.0,0.0,-0.026000000000000023,0.0,0.0,0.0,0.0,0.0,-0.038000000000000256,0.0,0.0
GLU 343,R GLU 343,0.0,0.0,0.0,-0.0600000000000005,0.0,0.0,-0.06999999999999318,0.0,0.0,0.2680000000000007,0.0,0.0,0.0,0.0,0.0,0.13800000000000523,0.0,0.0
MET 344,R MET 344,0.0,0.0,0.0,-0.0039999999999995595,0.0,0.0,-0.0040000000000000036,0.0,0.0,-0.0019999999999997797,0.0,0.0,0.0,0.0,0.0,-0.009999999999998899,0.0,0.0
LEU 345,R LEU 345,0.0,0.0,0.0,-0.0019999999999997797,0.0,0.0,0.0039999999999995595,0.0,0.0,-0.001000000000000334,0.0,0.0,0.0,0.0,0.0,0.0009999999999976694,0.0,0.0
VAL 346,R VAL 346,0.0,0.0,0.0,-0.0039999999999995595,0.0,0.0,-0.002000000000000668,0.0,0.0,0.010000000000000231,0.0,0.0,0.0,0.0,0.0,0.004000000000001336,0.0,0.0
ASN 347,R ASN 347,0.0,0.0,0.0,-0.0030000000000001137,0.0,0.0,0.03500000000000014,0.0,0.0,-0.008000000000000007,0.0,0.0,0.0,0.0,0.0,0.02400000000001512,0.0,0.0
VAL 348,R VAL 348,0.0,0.0,0.0,0.0,0.0,0.0,0.0019999999999988916,0.0,0.0,0.0030000000000001137,0.0,0.0,0.0,0.0,0.0,0.004999999999999005,0.0,0.0
LEU 349,R LEU 349,0.0,0.0,0.0,-0.001000000000000334,0.0,0.0,-0.001000000000000334,0.0,0.0,0.006000000000000227,0.0,0.0,0.0,0.0,0.0,0.004000000000001336,0.0,0.0
ASN 350,R ASN 350,0.0,0.0,0.0,-0.0009999999999998899,0.0,0.0,0.01100000000000001,0.0,0.0,0.0,0.0,0.0,0.0,0.0,0.0,0.009999999999990905,0.0,0.0
ILE 351,R ILE 351,0.0,0.0,0.0,0.0,0.0,0.0,0.0009999999999998899,0.0,0.0,0.0,0.0,0.0,0.0,0.0,0.0,0.0009999999999994458,0.0,0.0
CYS 352,R CYS 352,0.0,0.0,0.0,0.0,0.0,0.0,0.006000000000000227,0.0,0.0,-0.0070000000000014495,0.0,0.0,0.0,0.0,0.0,-0.0010000000000012221,0.0,0.0
GLY 353,R GLY 353,0.0,0.0,0.0,0.0,0.0,0.0,0.004999999999999005,0.0,0.0,-0.005000000000002558,0.0,0.0,0.0,0.0,0.0,0.0,0.0,0.0
ASN 354,R ASN 354,0.0,0.0,0.0,0.0,0.0,0.0,0.0030000000000001137,0.0,0.0,-0.0030000000000000027,0.0,0.0,0.0,0.0,0.0,0.0,0.0,0.0
GLU 355,R GLU 355,0.0,0.0,0.0,0.0,0.0,0.0,-0.009000000000000341,0.0,0.0,0.00899999999998613,0.0,0.0,0.0,0.0,0.0,-1.4210854715202004e-14,0.0,0.0
ALA 356,R ALA 356,0.0,0.0,0.0,0.0,0.0,0.0,0.0,0.0,0.0,-0.0009999999999998899,0.0,0.0,0.0,0.0,0.0,-0.0009999999999994458,0.0,0.0
SER 357,R SER 357,0.0,0.0,0.0,0.0,0.0,0.0,0.0020000000000000018,0.0,0.0,-0.0020000000000000018,0.0,0.0,0.0,0.0,0.0,0.0,0.0,0.0
TYR 358,R TYR 358,0.0,0.0,0.0,0.0,0.0,0.0,0.0009999999999994458,0.0,0.0,-0.001000000000000334,0.0,0.0,0.0,0.0,0.0,-1.7763568394002505e-15,0.0,0.0
PRO 359,R PRO 359,0.0,0.0,0.0,0.0,0.0,0.0,0.0019999999999988916,0.0,0.0,-0.0020000000000024443,0.0,0.0,0.0,0.0,0.0,-3.552713678800501e-15,0.0,0.0
LEU 360,R LEU 360,0.0,0.0,0.0,0.0,0.0,0.0,0.001000000000000334,0.0,0.0,0.0,0.0,0.0,0.0,0.0,0.0,0.0010000000000012221,0.0,0.0
GLU 361,R GLU 361,0.0,0.0,0.0,0.0,0.0,0.0,-0.02200000000000557,0.0,0.0,0.02200000000001978,0.0,0.0,0.0,0.0,0.0,1.4210854715202004e-14,0.0,0.0
MET 362,R MET 362,0.0,0.0,0.0,0.0,0.0,0.0,0.0019999999999997797,0.0,0.0,-0.0009999999999994458,0.0,0.0,0.0,0.0,0.0,0.001000000000000334,0.0,0.0
CYS 363,R CYS 363,0.0,0.0,0.0,0.0,0.0,0.0,0.001000000000000112,0.0,0.0,-0.0020000000000000018,0.0,0.0,0.0,0.0,0.0,-0.0009999999999994458,0.0,0.0
SER 364,R SER 364,0.0,0.0,0.0,0.0,0.0,0.0,0.0020000000000000018,0.0,0.0,-0.0020000000000000018,0.0,0.0,0.0,0.0,0.0,0.0,0.0,0.0
HIE 365,R HIE 365,0.0,0.0,0.0,0.0,0.0,0.0,0.004000000000000448,0.0,0.0,-0.004999999999999893,0.0,0.0,0.0,0.0,0.0,-0.0010000000000012221,0.0,0.0
PHE 366,R PHE 366,0.0,0.0,0.0,-0.0010000000000012221,0.0,0.0,0.0,0.0,0.0,-0.0040000000000000036,0.0,0.0,0.0,0.0,0.0,-0.005000000000001226,0.0,0.0
ASP 367,R ASP 367,0.0,0.0,0.0,0.0,0.0,0.0,0.04899999999999949,0.0,0.0,-0.04899999999999238,0.0,0.0,0.0,0.0,0.0,1.4210854715202004e-14,0.0,0.0
ALA 368,R ALA 368,0.0,0.0,0.0,0.0,0.0,0.0,-0.001000000000000334,0.0,0.0,0.001000000000000334,0.0,0.0,0.0,0.0,0.0,0.0,0.0,0.0
ASP 369,R ASP 369,0.0,0.0,0.0,0.0,0.0,0.0,0.03999999999999915,0.0,0.0,-0.03999999999999204,0.0,0.0,0.0,0.0,0.0,7.105427357601002e-15,0.0,0.0
GLU 370,R GLU 370,0.0,0.0,0.0,0.0,0.0,0.0,0.05499999999999261,0.0,0.0,-0.054000000000002046,0.0,0.0,0.0,0.0,0.0,0.000999999999990564,0.0,0.0
ILE 371,R ILE 371,0.0,0.0,0.0,0.0,0.0,0.0,-0.0009999999999999731,0.0,0.0,0.0,0.0,0.0,0.0,0.0,0.0,-0.001000000000000334,0.0,0.0
LYS 372,R LYS 372,0.0,0.0,0.0,0.0,0.0,0.0,-0.02599999999999625,0.0,0.0,0.02499999999999858,0.0,0.0,0.0,0.0,0.0,-0.0009999999999976694,0.0,0.0
ARG 373,R ARG 373,0.0,0.0,0.0,0.0,0.0,0.0,-0.06300000000000239,0.0,0.0,0.06099999999999284,0.0,0.0,0.0,0.0,0.0,-0.0020000000000095497,0.0,0.0
LEU 374,R LEU 374,0.0,0.0,0.0,0.0,0.0,0.0,0.0,0.0,0.0,0.0030000000000001137,0.0,0.0,0.0,0.0,0.0,0.0030000000000001137,0.0,0.0
GLY 375,R GLY 375,0.0,0.0,0.0,0.0,0.0,0.0,0.0,0.0,0.0,0.0,0.0,0.0,0.0,0.0,0.0,0.0,0.0,0.0
LYS 376,R LYS 376,0.0,0.0,0.0,0.0,0.0,0.0,-0.03399999999999892,0.0,0.0,0.032999999999999474,0.0,0.0,0.0,0.0,0.0,-0.0009999999999976694,0.0,0.0
ARG 377,R ARG 377,0.0,0.0,0.0,-0.0009999999999994458,0.0,0.0,-0.03900000000000148,0.0,0.0,0.043000000000006366,0.0,0.0,0.0,0.0,0.0,0.0030000000000143245,0.0,0.0
PHE 378,R PHE 378,0.0,0.0,0.0,0.0,0.0,0.0,0.0010000000000000009,0.0,0.0,-0.0020000000000000018,0.0,0.0,0.0,0.0,0.0,-0.001000000000000112,0.0,0.0
LYS 379,R LYS 379,0.0,0.0,0.0,-0.0009999999999994458,0.0,0.0,-0.005000000000009663,0.0,0.0,0.003999999999997783,0.0,0.0,0.0,0.0,0.0,-0.002000000000016655,0.0,0.0
LYS 380,R LYS 380,0.0,0.0,0.0,0.0,0.0,0.0,-0.01999999999999602,0.0,0.0,0.019999999999999574,0.0,0.0,0.0,0.0,0.0,3.552713678800501e-15,0.0,0.0
LEU 381,R LEU 381,0.0,0.0,0.0,0.0,0.0,0.0,0.0009999999999998899,0.0,0.0,0.0009999999999998899,0.0,0.0,0.0,0.0,0.0,0.001999999999997115,0.0,0.0
ASP 382,R ASP 382,0.0,0.0,0.0,0.0,0.0,0.0,-0.031999999999996476,0.0,0.0,0.031999999999982265,0.0,0.0,0.0,0.0,0.0,-1.4210854715202004e-14,0.0,0.0
LEU 383,R LEU 383,0.0,0.0,0.0,0.0,0.0,0.0,0.002000000000000224,0.0,0.0,-0.002000000000000224,0.0,0.0,0.0,0.0,0.0,0.0,0.0,0.0
ASP 384,R ASP 384,0.0,0.0,0.0,0.0,0.0,0.0,-0.0519999999999925,0.0,0.0,0.0519999999999925,0.0,0.0,0.0,0.0,0.0,0.0,0.0,0.0
ASN 385,R ASN 385,0.0,0.0,0.0,0.0,0.0,0.0,-0.001000000000000334,0.0,0.0,0.001000000000000334,0.0,0.0,0.0,0.0,0.0,1.4210854715202004e-14,0.0,0.0
SER 386,R SER 386,0.0,0.0,0.0,0.0,0.0,0.0,0.0030000000000001137,0.0,0.0,-0.0030000000000001137,0.0,0.0,0.0,0.0,0.0,0.0,0.0,0.0
GLY 387,R GLY 387,0.0,0.0,0.0,0.0,0.0,0.0,-0.0009999999999998899,0.0,0.0,0.0009999999999994458,0.0,0.0,0.0,0.0,0.0,0.0,0.0,0.0
SER 388,R SER 388,0.0,0.0,0.0,0.0,0.0,0.0,0.0010000000000000009,0.0,0.0,-0.0020000000000000018,0.0,0.0,0.0,0.0,0.0,-0.0009999999999998899,0.0,0.0
LEU 389,R LEU 389,0.0,0.0,0.0,0.0,0.0,0.0,0.002000000000000224,0.0,0.0,0.0019999999999997797,0.0,0.0,0.0,0.0,0.0,0.0039999999999995595,0.0,0.0
SER 390,R SER 390,0.0,0.0,0.0,-0.001000000000000334,0.0,0.0,-0.001000000000000334,0.0,0.0,0.0,0.0,0.0,0.0,0.0,0.0,-0.002000000000000668,0.0,0.0
VAL 391,R VAL 391,0.0,0.0,0.0,-0.0009999999999998899,0.0,0.0,0.0039999999999995595,0.0,0.0,-0.0019999999999997797,0.0,0.0,0.0,0.0,0.0,0.0009999999999976694,0.0,0.0
GLU 392,R GLU 392,0.0,0.0,0.0,0.0,0.0,0.0,-0.09799999999999898,0.0,0.0,0.09799999999998477,0.0,0.0,0.0,0.0,0.0,0.0,0.0,0.0
GLU 393,R GLU 393,0.0,0.0,0.0,0.0,0.0,0.0,-0.06100000000000705,0.0,0.0,0.0619999999999834,0.0,0.0,0.0,0.0,0.0,0.0009999999999763531,0.0,0.0
PHE 394,R PHE 394,0.0,0.0,0.0,-0.0009999999999994458,0.0,0.0,0.0009999999999998899,0.0,0.0,-0.008999999999999897,0.0,0.0,0.0,0.0,0.0,-0.008999999999999453,0.0,0.0
MET 395,R MET 395,0.0,0.0,0.0,-0.0009999999999994458,0.0,0.0,0.010000000000000009,0.0,0.0,-0.01100000000000001,0.0,0.0,0.0,0.0,0.0,-0.0019999999999988916,0.0,0.0
SER 396,R SER 396,0.0,0.0,0.0,0.0,0.0,0.0,0.0030000000000001137,0.0,0.0,-0.0019999999999997797,0.0,0.0,0.0,0.0,0.0,0.001000000000000334,0.0,0.0
LEU 397,R LEU 397,0.0,0.0,0.0,-0.0009999999999994458,0.0,0.0,0.0009999999999994458,0.0,0.0,0.004999999999999893,0.0,0.0,0.0,0.0,0.0,0.004999999999997229,0.0,0.0
PRO 398,R PRO 398,0.0,0.0,0.0,-0.0010000000000000009,0.0,0.0,0.0020000000000024443,0.0,0.0,-0.0010000000000012221,0.0,0.0,0.0,0.0,0.0,3.552713678800501e-15,0.0,0.0
GLU 399,R GLU 399,0.0,0.0,0.0,-0.007000000000000117,0.0,0.0,0.08499999999999375,0.0,0.0,-0.01300000000000523,0.0,0.0,0.0,0.0,0.0,0.06499999999998352,0.0,0.0
LEU 400,R LEU 400,0.0,0.0,0.0,-0.0019999999999997797,0.0,0.0,0.0019999999999997797,0.0,0.0,0.0,0.0,0.0,0.0,0.0,0.0,0.0,0.0,0.0
GLN 401,R GLN 401,0.0,0.0,0.0,-0.0030000000000001137,0.0,0.0,-0.0030000000000001137,0.0,0.0,0.02299999999999991,0.0,0.0,0.0,0.0,0.0,0.017000000000003013,0.0,0.0
GLN 402,R GLN 402,0.0,0.0,0.0,-0.02699999999999969,0.0,0.0,0.05200000000000049,0.0,0.0,0.039,0.0,0.0,0.0,0.0,0.0,0.06400000000000006,0.0,0.0
ASN 403,R ASN 403,0.0,0.0,0.0,-0.01499999999999968,0.0,0.0,0.020999999999999908,0.0,0.0,0.028999999999999915,0.0,0.0,0.0,0.0,0.0,0.0350000000000108,0.0,0.0
PRO 404,R PRO 404,0.0,0.0,0.0,-0.06600000000000072,0.0,0.0,0.120000000000001,0.0,0.0,-0.06700000000000017,0.0,0.0,0.0,0.0,0.0,-0.013000000000001677,0.0,0.0
LEU 405,R LEU 405,0.0,0.0,0.0,-0.04900000000000038,0.0,0.0,0.017000000000000348,0.0,0.0,-0.08900000000000041,0.0,0.0,0.0,0.0,0.0,-0.121000000000004,0.0,0.0
VAL 406,R VAL 406,0.0,0.0,0.0,-0.0030000000000001137,0.0,0.0,0.0030000000000001137,0.0,0.0,0.0,0.0,0.0,0.0,0.0,0.0,0.0,0.0,0.0
GLN 407,R GLN 407,0.0,0.0,0.0,-0.0019999999999997797,0.0,0.0,0.009999999999999787,0.0,0.0,0.002000000000000668,0.0,0.0,0.0,0.0,0.0,0.00999999999999801,0.0,0.0
ARG 408,R ARG 408,0.0,0.0,0.0,-0.006000000000000227,0.0,0.0,0.2370000000000001,0.0,0.0,-0.17100000000000648,0.0,0.0,0.0,0.0,0.0,0.060000000000030695,0.0,0.0
VAL 409,R VAL 409,0.0,0.0,0.0,-0.002000000000000668,0.0,0.0,0.004999999999999893,0.0,0.0,-0.013000000000000345,0.0,0.0,0.0,0.0,0.0,-0.010000000000005116,0.0,0.0
ILE 410,R ILE 410,0.0,0.0,0.0,-0.001000000000000334,0.0,0.0,0.0050000000000000044,0.0,0.0,-0.0039999999999995595,0.0,0.0,0.0,0.0,0.0,0.0,0.0,0.0
ASP 411,R ASP 411,0.0,0.0,0.0,-0.001000000000000334,0.0,0.0,-0.1799999999999926,0.0,0.0,0.18099999999998317,0.0,0.0,0.0,0.0,0.0,-1.4210854715202004e-14,0.0,0.0
ILE 412,R ILE 412,0.0,0.0,0.0,-0.0009999999999994458,0.0,0.0,0.0050000000000000044,0.0,0.0,-0.005000000000000782,0.0,0.0,0.0,0.0,0.0,-0.001000000000000334,0.0,0.0
PHE 413,R PHE 413,0.0,0.0,0.0,-0.0009999999999994458,0.0,0.0,0.001000000000000334,0.0,0.0,-0.015000000000000013,0.0,0.0,0.0,0.0,0.0,-0.014999999999999014,0.0,0.0
ASP 414,R ASP 414,0.0,0.0,0.0,0.0,0.0,0.0,-0.09899999999998954,0.0,0.0,0.09900000000001796,0.0,0.0,0.0,0.0,0.0,2.842170943040401e-14,0.0,0.0
THR 415,R THR 415,0.0,0.0,0.0,0.0,0.0,0.0,0.0010000000000012221,0.0,0.0,0.0,0.0,0.0,0.0,0.0,0.0,0.0010000000000012221,0.0,0.0
ASP 416,R ASP 416,0.0,0.0,0.0,0.0,0.0,0.0,-0.06399999999999295,0.0,0.0,0.06299999999998818,0.0,0.0,0.0,0.0,0.0,-0.0010000000000047748,0.0,0.0
GLY 417,R GLY 417,0.0,0.0,0.0,0.0,0.0,0.0,-0.0030000000000001137,0.0,0.0,0.0030000000000001137,0.0,0.0,0.0,0.0,0.0,0.0,0.0,0.0
ASN 418,R ASN 418,0.0,0.0,0.0,0.0,0.0,0.0,-0.005000000000000782,0.0,0.0,0.0039999999999995595,0.0,0.0,0.0,0.0,0.0,-0.0010000000000047748,0.0,0.0
GLY 419,R GLY 419,0.0,0.0,0.0,0.0,0.0,0.0,-0.0030000000000001137,0.0,0.0,0.0030000000000001137,0.0,0.0,0.0,0.0,0.0,0.0,0.0,0.0
GLU 420,R GLU 420,0.0,0.0,0.0,0.0,0.0,0.0,-0.06900000000001683,0.0,0.0,0.0700000000000216,0.0,0.0,0.0,0.0,0.0,0.0010000000000047748,0.0,0.0
VAL 421,R VAL 421,0.0,0.0,0.0,0.0,0.0,0.0,0.0019999999999988916,0.0,0.0,0.002000000000000224,0.0,0.0,0.0,0.0,0.0,0.0039999999999995595,0.0,0.0
ASP 422,R ASP 422,0.0,0.0,0.0,0.0,0.0,0.0,-0.044999999999987494,0.0,0.0,0.045000000000015916,0.0,0.0,0.0,0.0,0.0,2.842170943040401e-14,0.0,0.0
PHE 423,R PHE 423,0.0,0.0,0.0,0.0,0.0,0.0,0.0,0.0,0.0,0.0,0.0,0.0,0.0,0.0,0.0,0.0,0.0,0.0
LYS 424,R LYS 424,0.0,0.0,0.0,0.0,0.0,0.0,0.030000000000001137,0.0,0.0,-0.03100000000000591,0.0,0.0,0.0,0.0,0.0,-0.0010000000000047748,0.0,0.0
GLU 425,R GLU 425,0.0,0.0,0.0,0.0,0.0,0.0,-0.06999999999999318,0.0,0.0,0.06999999999999318,0.0,0.0,0.0,0.0,0.0,0.0,0.0,0.0
PHE 426,R PHE 426,0.0,0.0,0.0,0.0,0.0,0.0,0.0009999999999998899,0.0,0.0,-0.0040000000000000036,0.0,0.0,0.0,0.0,0.0,-0.0030000000000001137,0.0,0.0
ILE 427,R ILE 427,0.0,0.0,0.0,0.0,0.0,0.0,0.0,0.0,0.0,0.0,0.0,0.0,0.0,0.0,0.0,0.0,0.0,0.0
GLU 428,R GLU 428,0.0,0.0,0.0,0.0,0.0,0.0,-0.025000000000005684,0.0,0.0,0.025999999999982037,0.0,0.0,0.0,0.0,0.0,0.0009999999999763531,0.0,0.0
GLY 429,R GLY 429,0.0,0.0,0.0,0.0,0.0,0.0,-0.002000000000000224,0.0,0.0,0.0009999999999994458,0.0,0.0,0.0,0.0,0.0,-0.001000000000000334,0.0,0.0
VAL 430,R VAL 430,0.0,0.0,0.0,-0.0009999999999994458,0.0,0.0,0.0,0.0,0.0,0.0040000000000000036,0.0,0.0,0.0,0.0,0.0,0.00300000000000189,0.0,0.0
SER 431,R SER 431,0.0,0.0,0.0,0.0,0.0,0.0,0.0030000000000001137,0.0,0.0,-0.0029999999999996696,0.0,0.0,0.0,0.0,0.0,4.440892098500626e-16,0.0,0.0
GLN 432,R GLN 432,0.0,0.0,0.0,0.0,0.0,0.0,0.002000000000000668,0.0,0.0,0.004999999999999893,0.0,0.0,0.0,0.0,0.0,0.006999999999997897,0.0,0.0
PHE 433,R PHE 433,0.0,0.0,0.0,-0.0029999999999983373,0.0,0.0,0.006000000000000005,0.0,0.0,-0.037000000000000005,0.0,0.0,0.0,0.0,0.0,-0.033999999999998476,0.0,0.0
SER 434,R SER 434,0.0,0.0,0.0,0.0,0.0,0.0,0.004999999999999893,0.0,0.0,-0.0040000000000000036,0.0,0.0,0.0,0.0,0.0,0.0009999999999998899,0.0,0.0
VAL 435,R VAL 435,0.0,0.0,0.0,0.0,0.0,0.0,-0.0039999999999995595,0.0,0.0,0.0040000000000000036,0.0,0.0,0.0,0.0,0.0,0.0,0.0,0.0
LYS 436,R LYS 436,0.0,0.0,0.0,0.0,0.0,0.0,-0.054000000000002046,0.0,0.0,0.054000000000002046,0.0,0.0,0.0,0.0,0.0,0.0,0.0,0.0
GLY 437,R GLY 437,0.0,0.0,0.0,0.0,0.0,0.0,0.0009999999999998899,0.0,0.0,-0.002000000000000224,0.0,0.0,0.0,0.0,0.0,-0.001000000000000334,0.0,0.0
ASP 438,R ASP 438,0.0,0.0,0.0,0.0,0.0,0.0,0.007000000000005002,0.0,0.0,-0.008000000000009777,0.0,0.0,0.0,0.0,0.0,-0.0010000000000047748,0.0,0.0
LYS 439,R LYS 439,0.0,0.0,0.0,-0.0019999999999997797,0.0,0.0,-0.1150000000000091,0.0,0.0,0.132000000000005,0.0,0.0,0.0,0.0,0.0,0.015000000000000568,0.0,0.0
GLU 440,R GLU 440,0.0,0.0,0.0,0.0,0.0,0.0,0.000999999999990564,0.0,0.0,0.0020000000000095497,0.0,0.0,0.0,0.0,0.0,0.0030000000000001137,0.0,0.0
GLN 441,R GLN 441,0.0,0.0,0.0,-0.001000000000000334,0.0,0.0,0.01100000000000012,0.0,0.0,-0.006000000000000005,0.0,0.0,0.0,0.0,0.0,0.003999999999990678,0.0,0.0
LYS 442,R LYS 442,0.0,0.0,0.0,-0.002000000000000668,0.0,0.0,-0.0379999999999967,0.0,0.0,0.060000000000002274,0.0,0.0,0.0,0.0,0.0,0.020000000000010232,0.0,0.0
LEU 443,R LEU 443,0.0,0.0,0.0,-0.0030000000000001137,0.0,0.0,-0.0030000000000001137,0.0,0.0,0.002000000000000224,0.0,0.0,0.0,0.0,0.0,-0.0039999999999995595,0.0,0.0
ARG 444,R ARG 444,0.0,0.0,0.0,-0.0009999999999994458,0.0,0.0,0.021000000000000796,0.0,0.0,-0.044999999999987494,0.0,0.0,0.0,0.0,0.0,-0.02499999999994884,0.0,0.0
PHE 445,R PHE 445,0.0,0.0,0.0,-0.0030000000000001137,0.0,0.0,0.006000000000000005,0.0,0.0,-0.03799999999999998,0.0,0.0,0.0,0.0,0.0,-0.03500000000000014,0.0,0.0
ALA 446,R ALA 446,0.0,0.0,0.0,-0.0029999999999996696,0.0,0.0,0.006999999999999673,0.0,0.0,-0.0039999999999995595,0.0,0.0,0.0,0.0,0.0,4.440892098500626e-16,0.0,0.0
PHE 447,R PHE 447,0.0,0.0,0.0,-0.0030000000000001137,0.0,0.0,0.0,0.0,0.0,-0.016999999999999904,0.0,0.0,0.0,0.0,0.0,-0.020000000000000018,0.0,0.0
ARG 448,R ARG 448,0.0,0.0,0.0,-0.0019999999999997797,0.0,0.0,0.055999999999997385,0.0,0.0,-0.05700000000000216,0.0,0.0,0.0,0.0,0.0,-0.0030000000000427463,0.0,0.0
ILE 449,R ILE 449,0.0,0.0,0.0,-0.0129999999999999,0.0,0.0,0.01200000000000001,0.0,0.0,-0.02699999999999969,0.0,0.0,0.0,0.0,0.0,-0.02799999999999958,0.0,0.0
TYR 450,R TYR 450,0.0,0.0,0.0,-0.0519999999999996,0.0,0.0,0.008000000000000007,0.0,0.0,0.123,0.0,0.0,0.0,0.0,0.0,0.07900000000000063,0.0,0.0
ASP 451,R ASP 451,0.0,0.0,0.0,-0.0009999999999994458,0.0,0.0,-0.12199999999999989,0.0,0.0,0.117999999999995,0.0,0.0,0.0,0.0,0.0,-0.005000000000023874,0.0,0.0
MET 452,R MET 452,0.0,0.0,0.0,-0.0019999999999997797,0.0,0.0,0.0029999999999992255,0.0,0.0,-0.006999999999999673,0.0,0.0,0.0,0.0,0.0,-0.006000000000000227,0.0,0.0
ASP 453,R ASP 453,0.0,0.0,0.0,0.0,0.0,0.0,-0.13100000000000023,0.0,0.0,0.13400000000001455,0.0,0.0,0.0,0.0,0.0,0.0030000000000427463,0.0,0.0
LYS 454,R LYS 454,0.0,0.0,0.0,-0.001000000000000334,0.0,0.0,0.10999999999998522,0.0,0.0,-0.10799999999997567,0.0,0.0,0.0,0.0,0.0,0.0010000000000331966,0.0,0.0
ASP 455,R ASP 455,0.0,0.0,0.0,-0.001000000000000334,0.0,0.0,-0.10999999999998522,0.0,0.0,0.11000000000001364,0.0,0.0,0.0,0.0,0.0,-0.0009999999999479314,0.0,0.0
GLY 456,R GLY 456,0.0,0.0,0.0,0.0,0.0,0.0,-0.0030000000000001137,0.0,0.0,0.002000000000000668,0.0,0.0,0.0,0.0,0.0,-0.0009999999999994458,0.0,0.0
TYR 457,R TYR 457,0.0,0.0,0.0,0.0,0.0,0.0,0.0019999999999988916,0.0,0.0,-0.004999999999999893,0.0,0.0,0.0,0.0,0.0,-0.0030000000000001137,0.0,0.0
ILE 458,R ILE 458,0.0,0.0,0.0,-0.0029999999999992255,0.0,0.0,0.006000000000000005,0.0,0.0,-0.016000000000000014,0.0,0.0,0.0,0.0,0.0,-0.012999999999999012,0.0,0.0
SER 459,R SER 459,0.0,0.0,0.0,-0.0009999999999998899,0.0,0.0,-0.0020000000000000018,0.0,0.0,-0.010999999999999899,0.0,0.0,0.0,0.0,0.0,-0.01399999999999979,0.0,0.0
ASN 460,R ASN 460,0.0,0.0,0.0,-0.001000000000000334,0.0,0.0,-0.017999999999999794,0.0,0.0,0.016000000000000014,0.0,0.0,0.0,0.0,0.0,-0.0030000000000001137,0.0,0.0
GLY 461,R GLY 461,0.0,0.0,0.0,0.0,0.0,0.0,-0.007000000000000117,0.0,0.0,0.004999999999999893,0.0,0.0,0.0,0.0,0.0,-0.002000000000000668,0.0,0.0
GLU 462,R GLU 462,0.0,0.0,0.0,-0.002000000000000668,0.0,0.0,-0.1670000000000016,0.0,0.0,0.15899999999999181,0.0,0.0,0.0,0.0,0.0,-0.009999999999990905,0.0,0.0
LEU 463,R LEU 463,0.0,0.0,0.0,-0.013999999999999346,0.0,0.0,0.0020000000000000018,0.0,0.0,-0.08400000000000007,0.0,0.0,0.0,0.0,0.0,-0.09600000000000009,0.0,0.0
PHE 464,R PHE 464,0.0,0.0,0.0,-0.011999999999998678,0.0,0.0,0.0049999999999999906,0.0,0.0,0.013999999999999999,0.0,0.0,0.0,0.0,0.0,0.0070000000000014495,0.0,0.0
GLN 465,R GLN 465,0.0,0.0,0.0,-0.0039999999999995595,0.0,0.0,0.0129999999999999,0.0,0.0,0.02400000000000002,0.0,0.0,0.0,0.0,0.0,0.03299999999998704,0.0,0.0
VAL 466,R VAL 466,0.0,0.0,0.0,-0.024999999999999467,0.0,0.0,0.004999999999999005,0.0,0.0,-0.05799999999999983,0.0,0.0,0.0,0.0,0.0,-0.07800000000000296,0.0,0.0
LEU 467,R LEU 467,0.0,0.0,0.0,-0.4039999999999999,0.0,0.0,0.006999999999999673,0.0,0.0,-0.05900000000000016,0.0,0.0,0.0,0.0,0.0,-0.45600000000000307,0.0,0.0
LYS 468,R LYS 468,0.0,0.0,0.0,-0.03500000000000014,0.0,0.0,0.5949999999999989,0.0,0.0,-0.22100000000000364,0.0,0.0,0.0,0.0,0.0,0.33899999999999864,0.0,0.0
MET 469,R MET 469,0.0,0.0,0.0,-0.024999999999999467,0.0,0.0,0.020999999999999908,0.0,0.0,-0.006000000000000005,0.0,0.0,0.0,0.0,0.0,-0.009999999999999787,0.0,0.0
MET 470,R MET 470,0.0,0.0,0.0,-0.8279999999999994,0.0,0.0,-0.052000000000000046,0.0,0.0,0.03600000000000003,0.0,0.0,-0.0275616,0.0,0.0,-0.8715615999999994,0.0,0.0
VAL 471,R VAL 471,0.0,0.0,0.0,-1.6099999999999994,0.0,0.0,-0.03799999999999848,0.0,0.0,0.07999999999999963,0.0,0.0,-0.11797919999999999,0.0,0.0,-1.6859791999999985,0.0,0.0
GLY 472,R GLY 472,0.0,0.0,0.0,-0.019000000000000017,0.0,0.0,-0.030000000000000027,0.0,0.0,0.015000000000000124,0.0,0.0,0.0,0.0,0.0,-0.03399999999999981,0.0,0.0
ASN 473,R ASN 473,0.0,0.0,0.0,-0.02200000000000024,0.0,0.0,0.026000000000000023,0.0,0.0,0.029999999999999805,0.0,0.0,0.0,0.0,0.0,0.034000000000006025,0.0,0.0
ASN 474,R ASN 474,0.0,0.0,0.0,-1.0760000000000005,0.0,0.0,0.27600000000000025,0.0,0.0,0.921,0.0,0.0,-0.08932319999999999,0.0,0.0,0.03167680000001383,0.0,0.0
LEU 475,R LEU 475,0.0,0.0,0.0,-0.7839999999999998,0.0,0.0,0.023000000000000576,0.0,0.0,-0.04899999999999993,0.0,0.0,-0.039636,0.0,0.0,-0.8496359999999985,0.0,0.0
LYS 476,R LYS 476,0.0,0.0,0.0,-0.0129999999999999,0.0,0.0,0.5429999999999993,0.0,0.0,-0.4269999999999996,0.0,0.0,0.0,0.0,0.0,0.10300000000000153,0.0,0.0
ASP 477,R ASP 477,0.0,0.0,0.0,-0.006000000000000227,0.0,0.0,-0.5150000000000006,0.0,0.0,0.4969999999999999,0.0,0.0,0.0,0.0,0.0,-0.02400000000000091,0.0,0.0
THR 478,R THR 478,0.0,0.0,0.0,-0.0030000000000001137,0.0,0.0,-0.018000000000000682,0.0,0.0,0.0019999999999997797,0.0,0.0,0.0,0.0,0.0,-0.01899999999999835,0.0,0.0
GLN 479,R GLN 479,0.0,0.0,0.0,-0.02200000000000024,0.0,0.0,-0.07999999999999918,0.0,0.0,0.062000000000000055,0.0,0.0,0.0,0.0,0.0,-0.03999999999999204,0.0,0.0
LEU 480,R LEU 480,0.0,0.0,0.0,-0.08000000000000007,0.0,0.0,0.020999999999999908,0.0,0.0,-0.06199999999999983,0.0,0.0,0.0,0.0,0.0,-0.12100000000000222,0.0,0.0
GLN 481,R GLN 481,0.0,0.0,0.0,-0.0039999999999995595,0.0,0.0,-0.004999999999999893,0.0,0.0,0.022999999999999965,0.0,0.0,0.0,0.0,0.0,0.014000000000002899,0.0,0.0
GLN 482,R GLN 482,0.0,0.0,0.0,-0.004000000000001336,0.0,0.0,-0.03100000000000014,0.0,0.0,0.03100000000000014,0.0,0.0,0.0,0.0,0.0,-0.0040000000000048885,0.0,0.0
ILE 483,R ILE 483,0.0,0.0,0.0,-0.05900000000000016,0.0,0.0,0.014000000000000234,0.0,0.0,-0.06600000000000028,0.0,0.0,0.0,0.0,0.0,-0.11100000000000021,0.0,0.0
VAL 484,R VAL 484,0.0,0.0,0.0,-0.009000000000000341,0.0,0.0,0.009000000000000341,0.0,0.0,-0.07500000000000018,0.0,0.0,0.0,0.0,0.0,-0.07499999999999929,0.0,0.0
ASP 485,R ASP 485,0.0,0.0,0.0,-0.0009999999999994458,0.0,0.0,-0.23400000000000176,0.0,0.0,0.19600000000001216,0.0,0.0,0.0,0.0,0.0,-0.03899999999998727,0.0,0.0
LYS 486,R LYS 486,0.0,0.0,0.0,-0.0030000000000001137,0.0,0.0,0.29000000000000625,0.0,0.0,-0.18200000000000216,0.0,0.0,0.0,0.0,0.0,0.10500000000000398,0.0,0.0
THR 487,R THR 487,0.0,0.0,0.0,-0.006000000000000227,0.0,0.0,0.0009999999999994458,0.0,0.0,-0.07499999999999973,0.0,0.0,0.0,0.0,0.0,-0.08000000000000096,0.0,0.0
ILE 488,R ILE 488,0.0,0.0,0.0,-0.002000000000000668,0.0,0.0,0.006000000000000005,0.0,0.0,-0.01100000000000012,0.0,0.0,0.0,0.0,0.0,-0.007000000000001005,0.0,0.0
ILE 489,R ILE 489,0.0,0.0,0.0,-0.0009999999999994458,0.0,0.0,0.0040000000000000036,0.0,0.0,-0.006000000000000227,0.0,0.0,0.0,0.0,0.0,-0.0030000000000001137,0.0,0.0
ASN 490,R ASN 490,0.0,0.0,0.0,-0.001000000000000334,0.0,0.0,-0.002000000000000668,0.0,0.0,0.0129999999999999,0.0,0.0,0.0,0.0,0.0,0.010000000000019327,0.0,0.0
ALA 491,R ALA 491,0.0,0.0,0.0,-0.0009999999999998899,0.0,0.0,0.0019999999999997797,0.0,0.0,-0.0009999999999994458,0.0,0.0,0.0,0.0,0.0,0.0,0.0,0.0
ASP 492,R ASP 492,0.0,0.0,0.0,-0.0009999999999994458,0.0,0.0,-0.0799999999999983,0.0,0.0,0.0800000000000125,0.0,0.0,0.0,0.0,0.0,-0.000999999999990564,0.0,0.0
LYS 493,R LYS 493,0.0,0.0,0.0,0.0,0.0,0.0,-0.006000000000000227,0.0,0.0,0.012999999999998124,0.0,0.0,0.0,0.0,0.0,0.006999999999997897,0.0,0.0
ASP 494,R ASP 494,0.0,0.0,0.0,0.0,0.0,0.0,-0.055999999999983174,0.0,0.0,0.05700000000001637,0.0,0.0,0.0,0.0,0.0,0.0010000000000331966,0.0,0.0
GLY 495,R GLY 495,0.0,0.0,0.0,0.0,0.0,0.0,-0.0019999999999997797,0.0,0.0,0.0019999999999997797,0.0,0.0,0.0,0.0,0.0,-8.881784197001252e-16,0.0,0.0
ASP 496,R ASP 496,0.0,0.0,0.0,0.0,0.0,0.0,-0.0759999999999934,0.0,0.0,0.07499999999998863,0.0,0.0,0.0,0.0,0.0,-0.0010000000000331966,0.0,0.0
GLY 497,R GLY 497,0.0,0.0,0.0,0.0,0.0,0.0,-0.0030000000000001137,0.0,0.0,0.0030000000000001137,0.0,0.0,0.0,0.0,0.0,0.0,0.0,0.0
ARG 498,R ARG 498,0.0,0.0,0.0,0.0,0.0,0.0,0.08199999999999985,0.0,0.0,-0.08899999999999864,0.0,0.0,0.0,0.0,0.0,-0.007000000000005002,0.0,0.0
ILE 499,R ILE 499,0.0,0.0,0.0,-0.002000000000000668,0.0,0.0,0.0040000000000000036,0.0,0.0,-0.01200000000000001,0.0,0.0,0.0,0.0,0.0,-0.010000000000000675,0.0,0.0
SER 500,R SER 500,0.0,0.0,0.0,0.0,0.0,0.0,0.0020000000000000018,0.0,0.0,-0.004999999999999893,0.0,0.0,0.0,0.0,0.0,-0.0030000000000001137,0.0,0.0
PHE 501,R PHE 501,0.0,0.0,0.0,-0.0009999999999994458,0.0,0.0,0.0020000000000000018,0.0,0.0,-0.010000000000000009,0.0,0.0,0.0,0.0,0.0,-0.008999999999999453,0.0,0.0
GLU 502,R GLU 502,0.0,0.0,0.0,0.0,0.0,0.0,-0.015999999999991132,0.0,0.0,0.018000000000000682,0.0,0.0,0.0,0.0,0.0,0.0020000000000095497,0.0,0.0
GLU 503,R GLU 503,0.0,0.0,0.0,-0.0009999999999994458,0.0,0.0,-0.060000000000002274,0.0,0.0,0.060000000000002274,0.0,0.0,0.0,0.0,0.0,-0.0009999999999763531,0.0,0.0
PHE 504,R PHE 504,0.0,0.0,0.0,-0.006000000000000227,0.0,0.0,0.0040000000000000036,0.0,0.0,-0.025000000000000022,0.0,0.0,0.0,0.0,0.0,-0.02700000000000058,0.0,0.0
CYS 505,R CYS 505,0.0,0.0,0.0,0.0,0.0,0.0,-0.0040000000000000036,0.0,0.0,-0.0029999999999998916,0.0,0.0,0.0,0.0,0.0,-0.006999999999999673,0.0,0.0
ALA 506,R ALA 506,0.0,0.0,0.0,0.0,0.0,0.0,0.0,0.0,0.0,0.0009999999999994458,0.0,0.0,0.0,0.0,0.0,0.0009999999999994458,0.0,0.0
VAL 507,R VAL 507,0.0,0.0,0.0,-0.0030000000000001137,0.0,0.0,0.0009999999999994458,0.0,0.0,-0.01100000000000012,0.0,0.0,0.0,0.0,0.0,-0.0129999999999999,0.0,0.0
VAL 508,R VAL 508,0.0,0.0,0.0,-0.006000000000000227,0.0,0.0,0.0030000000000001137,0.0,0.0,-0.0389999999999997,0.0,0.0,0.0,0.0,0.0,-0.04199999999999804,0.0,0.0
GLY 509,R GLY 509,0.0,0.0,0.0,0.0,0.0,0.0,0.0019999999999997797,0.0,0.0,-0.0040000000000000036,0.0,0.0,0.0,0.0,0.0,-0.002000000000000224,0.0,0.0
GLY 510,R GLY 510,0.0,0.0,0.0,0.0,0.0,0.0,0.0040000000000000036,0.0,0.0,-0.006000000000000227,0.0,0.0,0.0,0.0,0.0,-0.002000000000000224,0.0,0.0
LEU 511,R LEU 511,0.0,0.0,0.0,-0.01499999999999968,0.0,0.0,0.0,0.0,0.0,-0.020000000000000018,0.0,0.0,0.0,0.0,0.0,-0.03500000000000014,0.0,0.0
ASP 512,R ASP 512,0.0,0.0,0.0,-0.005999999999999783,0.0,0.0,0.29700000000000415,0.0,0.0,-0.25,0.0,0.0,0.0,0.0,0.0,0.04100000000000392,0.0,0.0
ILE 513,R ILE 513,0.0,0.0,0.0,-0.040000000000000036,0.0,0.0,0.017999999999999794,0.0,0.0,-0.038000000000000256,0.0,0.0,0.0,0.0,0.0,-0.0600000000000005,0.0,0.0
HIE 514,R HIE 514,0.0,0.0,0.0,-0.005000000000000782,0.0,0.0,-0.018000000000000016,0.0,0.0,-0.001000000000000334,0.0,0.0,0.0,0.0,0.0,-0.023999999999999133,0.0,0.0
LYS 515,R LYS 515,0.0,0.0,0.0,-0.004999999999999893,0.0,0.0,-0.33100000000000307,0.0,0.0,0.3230000000000004,0.0,0.0,0.0,0.0,0.0,-0.01300000000000523,0.0,0.0
LYS 516,R LYS 516,0.0,0.0,0.0,-0.19500000000000028,0.0,0.0,-1.2950000000000017,0.0,0.0,1.5409999999999968,0.0,0.0,-0.17646479999999998,0.0,0.0,-0.12546480000000493,0.0,0.0
MET 517,R MET 517,0.0,0.0,0.0,-0.011999999999998678,0.0,0.0,0.0039999999999995595,0.0,0.0,-0.009999999999999787,0.0,0.0,0.0,0.0,0.0,-0.017999999999998906,0.0,0.0
VAL 518,R VAL 518,0.0,0.0,0.0,-0.0030000000000001137,0.0,0.0,-0.006000000000000227,0.0,0.0,0.010000000000000009,0.0,0.0,0.0,0.0,0.0,0.0009999999999994458,0.0,0.0
VAL 519,R VAL 519,0.0,0.0,0.0,-0.001000000000000334,0.0,0.0,0.002000000000000668,0.0,0.0,0.0040000000000000036,0.0,0.0,0.0,0.0,0.0,0.004999999999999005,0.0,0.0
ASP 520,R ASP 520,0.0,0.0,0.0,-0.0009999999999998899,0.0,0.0,0.15100000000001046,0.0,0.0,-0.14200000000002433,0.0,0.0,0.0,0.0,0.0,0.007999999999981355,0.0,0.0
VAL 521,R VAL 521,0.0,0.0,0.0,0.0,0.0,0.0,0.015999999999998238,0.0,0.0,-0.01899999999999835,0.0,0.0,0.0,0.0,0.0,-0.0030000000000001137,0.0,0.0
GLY 522,R GLY 522,0.0,0.0,0.0,-0.0009999999999998899,0.0,0.0,-0.1440000000000019,0.0,0.0,0.1620000000000008,0.0,0.0,0.0,0.0,0.0,0.016999999999997684,0.0,0.0
VAL 523,R VAL 523,0.0,0.0,0.0,-0.009999999999999787,0.0,0.0,-0.016000000000000014,0.0,0.0,-0.039000000000000146,0.0,0.0,0.0,0.0,0.0,-0.06499999999999773,0.0,0.0
GLN 524,R GLN 524,0.0,0.0,0.0,-0.0019999999999997797,0.0,0.0,-0.03699999999999992,0.0,0.0,0.04600000000000026,0.0,0.0,0.0,0.0,0.0,0.006999999999990791,0.0,0.0
VAL 525,R VAL 525,0.0,0.0,0.0,-0.002000000000000668,0.0,0.0,-0.0009999999999994458,0.0,0.0,-0.009000000000000341,0.0,0.0,0.0,0.0,0.0,-0.011999999999998678,0.0,0.0
GLU 526,R GLU 526,0.0,0.0,0.0,-0.0019999999999997797,0.0,0.0,0.22700000000000387,0.0,0.0,-0.21999999999999886,0.0,0.0,0.0,0.0,0.0,0.005000000000009663,0.0,0.0
THR 527,R THR 527,0.0,0.0,0.0,-0.0009999999999994458,0.0,0.0,0.006000000000000227,0.0,0.0,-0.006999999999999673,0.0,0.0,0.0,0.0,0.0,-0.0020000000000024443,0.0,0.0
ILE 528,R ILE 528,0.0,0.0,0.0,-0.001000000000000334,0.0,0.0,0.006000000000000005,0.0,0.0,-0.01100000000000012,0.0,0.0,0.0,0.0,0.0,-0.006000000000000227,0.0,0.0
SER 529,R SER 529,0.0,0.0,0.0,0.0,0.0,0.0,0.008000000000000007,0.0,0.0,-0.014000000000000234,0.0,0.0,0.0,0.0,0.0,-0.006000000000000227,0.0,0.0
PRO 530,R PRO 530,0.0,0.0,0.0,-0.0009999999999998899,0.0,0.0,0.022000000000002018,0.0,0.0,-0.021000000000000796,0.0,0.0,0.0,0.0,0.0,3.552713678800501e-15,0.0,0.0
GLY 531,R GLY 531,0.0,0.0,0.0,0.0,0.0,0.0,-0.004999999999999893,0.0,0.0,0.0040000000000000036,0.0,0.0,0.0,0.0,0.0,-0.0009999999999998899,0.0,0.0
ASP 532,R ASP 532,0.0,0.0,0.0,0.0,0.0,0.0,-0.13799999999999812,0.0,0.0,0.13500000000000512,0.0,0.0,0.0,0.0,0.0,-0.0029999999999930083,0.0,0.0
GLY 533,R GLY 533,0.0,0.0,0.0,0.0,0.0,0.0,-0.0020000000000000018,0.0,0.0,0.0020000000000000018,0.0,0.0,0.0,0.0,0.0,-2.220446049250313e-16,0.0,0.0
ARG 534,R ARG 534,0.0,0.0,0.0,0.0,0.0,0.0,0.09300000000000352,0.0,0.0,-0.09600000000000009,0.0,0.0,0.0,0.0,0.0,-0.0030000000000143245,0.0,0.0
THR 535,R THR 535,0.0,0.0,0.0,0.0,0.0,0.0,0.012000000000000455,0.0,0.0,-0.009000000000000008,0.0,0.0,0.0,0.0,0.0,0.0030000000000001137,0.0,0.0
PHE 536,R PHE 536,0.0,0.0,0.0,-0.001000000000000334,0.0,0.0,0.0,0.0,0.0,-0.0030000000000000027,0.0,0.0,0.0,0.0,0.0,-0.004000000000000448,0.0,0.0
PRO 537,R PRO 537,0.0,0.0,0.0,-0.0030000000000001137,0.0,0.0,0.030000000000001137,0.0,0.0,-0.02699999999999747,0.0,0.0,0.0,0.0,0.0,3.552713678800501e-15,0.0,0.0
LYS 538,R LYS 538,0.0,0.0,0.0,-0.001000000000000334,0.0,0.0,0.07900000000000063,0.0,0.0,-0.08299999999999841,0.0,0.0,0.0,0.0,0.0,-0.005000000000002558,0.0,0.0
ALA 539,R ALA 539,0.0,0.0,0.0,-0.001000000000000112,0.0,0.0,-0.0030000000000001137,0.0,0.0,0.002000000000000224,0.0,0.0,0.0,0.0,0.0,-0.0019999999999997797,0.0,0.0
GLY 540,R GLY 540,0.0,0.0,0.0,0.0,0.0,0.0,-0.0030000000000001137,0.0,0.0,0.002000000000000224,0.0,0.0,0.0,0.0,0.0,-0.0009999999999998899,0.0,0.0
GLN 541,R GLN 541,0.0,0.0,0.0,-0.0019999999999997797,0.0,0.0,0.023000000000000576,0.0,0.0,-0.018000000000000016,0.0,0.0,0.0,0.0,0.0,0.0030000000000001137,0.0,0.0
THR 542,R THR 542,0.0,0.0,0.0,-0.008000000000000007,0.0,0.0,0.02999999999999936,0.0,0.0,-0.04800000000000004,0.0,0.0,0.0,0.0,0.0,-0.0259999999999998,0.0,0.0
CYS 543,R CYS 543,0.0,0.0,0.0,-0.01100000000000012,0.0,0.0,0.03100000000000014,0.0,0.0,-0.05500000000000005,0.0,0.0,0.0,0.0,0.0,-0.034999999999999254,0.0,0.0
VAL 544,R VAL 544,0.0,0.0,0.0,-0.009999999999999787,0.0,0.0,0.006999999999999673,0.0,0.0,-0.04499999999999993,0.0,0.0,0.0,0.0,0.0,-0.04800000000000182,0.0,0.0
VAL 545,R VAL 545,0.0,0.0,0.0,-0.06700000000000017,0.0,0.0,0.02499999999999858,0.0,0.0,-0.09299999999999997,0.0,0.0,0.0,0.0,0.0,-0.13500000000000156,0.0,0.0
HIE 546,R HIE 546,0.0,0.0,0.0,-0.023000000000001464,0.0,0.0,-0.16999999999999998,0.0,0.0,0.31599999999999895,0.0,0.0,0.0,0.0,0.0,0.122999999999994,0.0,0.0
TYR 547,R TYR 547,0.0,0.0,0.0,-2.863999999999999,0.0,0.0,-0.06400000000000006,0.0,0.0,3.317,0.0,0.0,-0.18339840000000002,0.0,0.0,0.20560159999999783,0.0,0.0
THR 548,R THR 548,0.0,0.0,0.0,-0.028999999999999915,0.0,0.0,-0.08300000000000018,0.0,0.0,0.031,0.0,0.0,0.0,0.0,0.0,-0.08099999999999241,0.0,0.0
GLY 549,R GLY 549,0.0,0.0,0.0,-0.04800000000000004,0.0,0.0,-0.019000000000000128,0.0,0.0,0.05099999999999971,0.0,0.0,0.0,0.0,0.0,-0.01600000000000046,0.0,0.0
MET 550,R MET 550,0.0,0.0,0.0,-0.02200000000000024,0.0,0.0,0.008999999999999897,0.0,0.0,-0.03699999999999992,0.0,0.0,0.0,0.0,0.0,-0.050000000000000266,0.0,0.0
LEU 551,R LEU 551,0.0,0.0,0.0,-0.027000000000000135,0.0,0.0,-0.009999999999999787,0.0,0.0,-0.041999999999999815,0.0,0.0,0.0,0.0,0.0,-0.07900000000000418,0.0,0.0
GLU 552,R GLU 552,0.0,0.0,0.0,-0.0040000000000000036,0.0,0.0,0.5600000000000023,0.0,0.0,-0.5460000000000207,0.0,0.0,0.0,0.0,0.0,0.009999999999976694,0.0,0.0
ASP 553,R ASP 553,0.0,0.0,0.0,-0.0019999999999997797,0.0,0.0,0.34499999999999886,0.0,0.0,-0.33100000000000307,0.0,0.0,0.0,0.0,0.0,0.012000000000000455,0.0,0.0
GLY 554,R GLY 554,0.0,0.0,0.0,-0.0010000000000000009,0.0,0.0,0.004999999999999893,0.0,0.0,-0.008000000000000007,0.0,0.0,0.0,0.0,0.0,-0.004000000000000448,0.0,0.0
LYS 555,R LYS 555,0.0,0.0,0.0,-0.008000000000000007,0.0,0.0,-0.32099999999999795,0.0,0.0,0.44199999999999307,0.0,0.0,0.0,0.0,0.0,0.11299999999999955,0.0,0.0
LYS 556,R LYS 556,0.0,0.0,0.0,-0.02799999999999958,0.0,0.0,0.7539999999999907,0.0,0.0,-0.42600000000000193,0.0,0.0,0.0,0.0,0.0,0.29999999999998295,0.0,0.0
PHE 557,R PHE 557,0.0,0.0,0.0,-0.3390000000000004,0.0,0.0,-0.244,0.0,0.0,0.44400000000000006,0.0,0.0,-0.0657792,0.0,0.0,-0.20477920000000038,0.0,0.0
ASP 558,R ASP 558,0.0,0.0,0.0,-1.654,0.0,0.0,-6.027999999999999,0.0,0.0,13.950000000000003,0.0,0.0,-0.10779839999999999,0.0,0.0,6.160201600000001,0.0,0.0
SER 559,R SER 559,0.0,0.0,0.0,-0.04900000000000038,0.0,0.0,-0.05900000000000016,0.0,0.0,0.255,0.0,0.0,0.0,0.0,0.0,0.1469999999999989,0.0,0.0
SER 560,R SER 560,0.0,0.0,0.0,-0.10400000000000009,0.0,0.0,0.18400000000000016,0.0,0.0,0.018000000000000016,0.0,0.0,0.0,0.0,0.0,0.09800000000000009,0.0,0.0
ARG 561,R ARG 561,0.0,0.0,0.0,-0.019000000000000128,0.0,0.0,0.5350000000000037,0.0,0.0,-0.3610000000000042,0.0,0.0,0.0,0.0,0.0,0.15499999999997272,0.0,0.0
ASP 562,R ASP 562,0.0,0.0,0.0,-0.03699999999999992,0.0,0.0,-1.1069999999999993,0.0,0.0,1.0859999999999985,0.0,0.0,0.0,0.0,0.0,-0.05799999999999983,0.0,0.0
ARG 563,R ARG 563,0.0,0.0,0.0,-1.2089999999999996,0.0,0.0,3.277000000000001,0.0,0.0,-3.2319999999999993,0.0,0.0,-0.0634392,0.0,0.0,-1.227439199999992,0.0,0.0
ASN 564,R ASN 564,0.0,0.0,0.0,-0.005999999999999783,0.0,0.0,0.009000000000000341,0.0,0.0,0.025000000000000355,0.0,0.0,0.0,0.0,0.0,0.028000000000005798,0.0,0.0
LYS 565,R LYS 565,0.0,0.0,0.0,-0.038000000000000256,0.0,0.0,0.6980000000000004,0.0,0.0,-0.4209999999999994,0.0,0.0,0.0,0.0,0.0,0.23900000000000077,0.0,0.0
PRO 566,R PRO 566,0.0,0.0,0.0,-0.016000000000000014,0.0,0.0,0.17999999999999972,0.0,0.0,-0.1429999999999989,0.0,0.0,0.0,0.0,0.0,0.021000000000000796,0.0,0.0
PHE 567,R PHE 567,0.0,0.0,0.0,-2.8450000000000006,0.0,0.0,-0.14299999999999996,0.0,0.0,0.41700000000000004,0.0,0.0,-0.252072,0.0,0.0,-2.8230720000000007,0.0,0.0
LYS 568,R LYS 568,0.0,0.0,0.0,-0.04300000000000015,0.0,0.0,0.49500000000000455,0.0,0.0,-0.15099999999999625,0.0,0.0,0.0,0.0,0.0,0.30100000000000904,0.0,0.0
PHE 569,R PHE 569,0.0,0.0,0.0,-0.27200000000000024,0.0,0.0,0.0009999999999998899,0.0,0.0,0.17300000000000004,0.0,0.0,0.0,0.0,0.0,-0.09800000000000031,0.0,0.0
MET 570,R MET 570,0.0,0.0,0.0,-0.014000000000000234,0.0,0.0,0.030999999999999694,0.0,0.0,-0.028000000000000025,0.0,0.0,0.0,0.0,0.0,-0.011000000000000565,0.0,0.0
LEU 571,R LEU 571,0.0,0.0,0.0,-0.0129999999999999,0.0,0.0,0.0030000000000001137,0.0,0.0,-0.0349999999999997,0.0,0.0,0.0,0.0,0.0,-0.045000000000001705,0.0,0.0
GLY 572,R GLY 572,0.0,0.0,0.0,-0.0010000000000000009,0.0,0.0,0.0050000000000003375,0.0,0.0,-0.009000000000000341,0.0,0.0,0.0,0.0,0.0,-0.005000000000000782,0.0,0.0
LYS 573,R LYS 573,0.0,0.0,0.0,-0.0129999999999999,0.0,0.0,0.19400000000000261,0.0,0.0,-0.12999999999999545,0.0,0.0,0.0,0.0,0.0,0.05100000000000193,0.0,0.0
GLN 574,R GLN 574,0.0,0.0,0.0,-0.04500000000000037,0.0,0.0,-0.01200000000000001,0.0,0.0,0.10500000000000043,0.0,0.0,0.0,0.0,0.0,0.04800000000000182,0.0,0.0
GLU 575,R GLU 575,0.0,0.0,0.0,-0.2010000000000005,0.0,0.0,-0.3669999999999902,0.0,0.0,0.5040000000000049,0.0,0.0,0.0,0.0,0.0,-0.06399999999997874,0.0,0.0
VAL 576,R VAL 576,0.0,0.0,0.0,-1.508,0.0,0.0,0.009999999999999787,0.0,0.0,-0.04700000000000015,0.0,0.0,-0.0807696,0.0,0.0,-1.6257695999999981,0.0,0.0
ILE 577,R ILE 577,0.0,0.0,0.0,-1.8720000000000008,0.0,0.0,-0.2749999999999999,0.0,0.0,0.08599999999999985,0.0,0.0,-0.13955040000000002,0.0,0.0,-2.200550400000001,0.0,0.0
ARG 578,R ARG 578,0.0,0.0,0.0,-0.03900000000000059,0.0,0.0,-0.671999999999997,0.0,0.0,0.8060000000000045,0.0,0.0,0.0,0.0,0.0,0.09500000000002728,0.0,0.0
GLY 579,R GLY 579,0.0,0.0,0.0,-0.010000000000000009,0.0,0.0,0.040000000000000036,0.0,0.0,-0.03699999999999992,0.0,0.0,0.0,0.0,0.0,-0.007000000000000117,0.0,0.0
TRP 580,R TRP 580,0.0,0.0,0.0,-2.117000000000001,0.0,0.0,-0.6989999999999998,0.0,0.0,0.3999999999999999,0.0,0.0,-0.06783840000000001,0.0,0.0,-2.4838384000000033,0.0,0.0
GLU 581,R GLU 581,0.0,0.0,0.0,-0.04899999999999949,0.0,0.0,0.3990000000000009,0.0,0.0,-0.44299999999999784,0.0,0.0,0.0,0.0,0.0,-0.09300000000000352,0.0,0.0
GLU 582,R GLU 582,0.0,0.0,0.0,-0.005999999999999339,0.0,0.0,0.5509999999999948,0.0,0.0,-0.527000000000001,0.0,0.0,0.0,0.0,0.0,0.017999999999993577,0.0,0.0
GLY 583,R GLY 583,0.0,0.0,0.0,-0.0020000000000000018,0.0,0.0,0.008000000000000007,0.0,0.0,-0.0050000000000003375,0.0,0.0,0.0,0.0,0.0,0.0009999999999998899,0.0,0.0
VAL 584,R VAL 584,0.0,0.0,0.0,-0.034000000000000696,0.0,0.0,0.0129999999999999,0.0,0.0,-0.0730000000000004,0.0,0.0,0.0,0.0,0.0,-0.0940000000000012,0.0,0.0
ALA 585,R ALA 585,0.0,0.0,0.0,-0.002000000000000224,0.0,0.0,-0.005000000000000782,0.0,0.0,0.0040000000000000036,0.0,0.0,0.0,0.0,0.0,-0.003000000000001002,0.0,0.0
GLN 586,R GLN 586,0.0,0.0,0.0,-0.0019999999999997797,0.0,0.0,-0.038000000000000256,0.0,0.0,0.061,0.0,0.0,0.0,0.0,0.0,0.021000000000000796,0.0,0.0
MET 587,R MET 587,0.0,0.0,0.0,-0.007999999999999119,0.0,0.0,0.0030000000000001137,0.0,0.0,0.042999999999999705,0.0,0.0,0.0,0.0,0.0,0.0380000000000007,0.0,0.0
SER 588,R SER 588,0.0,0.0,0.0,0.0,0.0,0.0,-0.006000000000000005,0.0,0.0,0.0020000000000000018,0.0,0.0,0.0,0.0,0.0,-0.004000000000000448,0.0,0.0
VAL 589,R VAL 589,0.0,0.0,0.0,-0.001000000000000334,0.0,0.0,0.0039999999999995595,0.0,0.0,-0.0050000000000000044,0.0,0.0,0.0,0.0,0.0,-0.002000000000000668,0.0,0.0
GLY 590,R GLY 590,0.0,0.0,0.0,0.0,0.0,0.0,-0.008000000000000007,0.0,0.0,0.007000000000000117,0.0,0.0,0.0,0.0,0.0,-0.0009999999999998899,0.0,0.0
GLN 591,R GLN 591,0.0,0.0,0.0,-0.002000000000000668,0.0,0.0,0.0,0.0,0.0,0.006999999999999895,0.0,0.0,0.0,0.0,0.0,0.0049999999999954525,0.0,0.0
ARG 592,R ARG 592,0.0,0.0,0.0,-0.0030000000000001137,0.0,0.0,0.24900000000000233,0.0,0.0,-0.14999999999999858,0.0,0.0,0.0,0.0,0.0,0.09600000000000364,0.0,0.0
ALA 593,R ALA 593,0.0,0.0,0.0,-0.001000000000000334,0.0,0.0,0.0030000000000001137,0.0,0.0,-0.007000000000000117,0.0,0.0,0.0,0.0,0.0,-0.0050000000000003375,0.0,0.0
LYS 594,R LYS 594,0.0,0.0,0.0,-0.004999999999999893,0.0,0.0,-0.2459999999999951,0.0,0.0,0.3709999999999951,0.0,0.0,0.0,0.0,0.0,0.11999999999999034,0.0,0.0
LEU 595,R LEU 595,0.0,0.0,0.0,-0.032999999999999474,0.0,0.0,-0.0019999999999997797,0.0,0.0,-0.06399999999999961,0.0,0.0,0.0,0.0,0.0,-0.0990000000000002,0.0,0.0
THR 596,R THR 596,0.0,0.0,0.0,-0.0039999999999995595,0.0,0.0,-0.019000000000000128,0.0,0.0,0.015000000000000124,0.0,0.0,0.0,0.0,0.0,-0.007999999999999119,0.0,0.0
ILE 597,R ILE 597,0.0,0.0,0.0,-0.08499999999999996,0.0,0.0,-0.06800000000000006,0.0,0.0,0.0040000000000000036,0.0,0.0,0.0,0.0,0.0,-0.14900000000000002,0.0,0.0
SER 598,R SER 598,0.0,0.0,0.0,-0.004999999999999893,0.0,0.0,0.04800000000000004,0.0,0.0,-0.06599999999999984,0.0,0.0,0.0,0.0,0.0,-0.022999999999999687,0.0,0.0
PRO 599,R PRO 599,0.0,0.0,0.0,-0.008000000000000007,0.0,0.0,-0.21999999999999886,0.0,0.0,0.24299999999999855,0.0,0.0,0.0,0.0,0.0,0.015000000000000568,0.0,0.0
ASP 600,R ASP 600,0.0,0.0,0.0,-0.007000000000000117,0.0,0.0,0.8889999999999958,0.0,0.0,-0.8500000000000085,0.0,0.0,0.0,0.0,0.0,0.03199999999998937,0.0,0.0
TYR 601,R TYR 601,0.0,0.0,0.0,-0.02099999999999902,0.0,0.0,-0.030000000000001137,0.0,0.0,0.02300000000000013,0.0,0.0,0.0,0.0,0.0,-0.028000000000002245,0.0,0.0
ALA 602,R ALA 602,0.0,0.0,0.0,-0.06599999999999984,0.0,0.0,-0.11299999999999955,0.0,0.0,0.08899999999999997,0.0,0.0,0.0,0.0,0.0,-0.08999999999999941,0.0,0.0
TYR 603,R TYR 603,0.0,0.0,0.0,-3.110999999999999,0.0,0.0,0.6399999999999997,0.0,0.0,4.764,0.0,0.0,-0.40990319999999997,0.0,0.0,1.8830968000000006,0.0,0.0
GLY 604,R GLY 604,0.0,0.0,0.0,-0.0050000000000000044,0.0,0.0,0.052999999999999936,0.0,0.0,-0.05600000000000005,0.0,0.0,0.0,0.0,0.0,-0.008000000000000007,0.0,0.0
ALA 605,R ALA 605,0.0,0.0,0.0,-0.0040000000000000036,0.0,0.0,-0.03299999999999992,0.0,0.0,0.03400000000000025,0.0,0.0,0.0,0.0,0.0,-0.0029999999999992255,0.0,0.0
THR 606,R THR 606,0.0,0.0,0.0,-0.06499999999999995,0.0,0.0,-0.12100000000000044,0.0,0.0,0.16000000000000014,0.0,0.0,-0.005256000000000038,0.0,0.0,-0.03125599999999906,0.0,0.0
GLY 607,R GLY 607,0.0,0.0,0.0,-0.014000000000000012,0.0,0.0,0.04700000000000015,0.0,0.0,-0.04400000000000004,0.0,0.0,0.0,0.0,0.0,-0.010999999999999677,0.0,0.0
HIE 608,R HIE 608,0.0,0.0,0.0,-3.0680000000000005,0.0,0.0,-0.13400000000000012,0.0,0.0,2.7670000000000003,0.0,0.0,-0.233136,0.0,0.0,-0.6681360000000023,0.0,0.0
PRO 609,R PRO 609,0.0,0.0,0.0,-0.08700000000000019,0.0,0.0,-0.11299999999999955,0.0,0.0,0.129999999999999,0.0,0.0,0.0,0.0,0.0,-0.07000000000000206,0.0,0.0
GLY 610,R GLY 610,0.0,0.0,0.0,-0.01100000000000001,0.0,0.0,0.016000000000000014,0.0,0.0,-0.010000000000000231,0.0,0.0,0.0,0.0,0.0,-0.0050000000000003375,0.0,0.0
ILE 611,R ILE 611,0.0,0.0,0.0,-1.6380000000000008,0.0,0.0,-0.133,0.0,0.0,0.0,0.0,0.0,-0.1109016,0.0,0.0,-1.8819016000000008,0.0,0.0
ILE 612,R ILE 612,0.0,0.0,0.0,-0.769000000000001,0.0,0.0,-0.08699999999999997,0.0,0.0,-0.0029999999999996696,0.0,0.0,-0.027417599999999997,0.0,0.0,-0.886417600000001,0.0,0.0
PRO 613,R PRO 613,0.0,0.0,0.0,-0.018999999999999684,0.0,0.0,-0.19200000000000017,0.0,0.0,0.21300000000000097,0.0,0.0,0.0,0.0,0.0,0.0020000000000024443,0.0,0.0
PRO 614,R PRO 614,0.0,0.0,0.0,-0.007000000000000117,0.0,0.0,-0.15399999999999991,0.0,0.0,0.17299999999999827,0.0,0.0,0.0,0.0,0.0,0.011999999999998678,0.0,0.0
HIE 615,R HIE 615,0.0,0.0,0.0,-0.004999999999999893,0.0,0.0,0.038000000000000256,0.0,0.0,-0.030999999999998806,0.0,0.0,0.0,0.0,0.0,0.0020000000000024443,0.0,0.0
ALA 616,R ALA 616,0.0,0.0,0.0,-0.008999999999999897,0.0,0.0,-0.0519999999999996,0.0,0.0,0.052000000000000046,0.0,0.0,0.0,0.0,0.0,-0.008999999999999453,0.0,0.0
THR 617,R THR 617,0.0,0.0,0.0,-0.007000000000000561,0.0,0.0,0.036999999999999034,0.0,0.0,-0.049000000000000044,0.0,0.0,0.0,0.0,0.0,-0.01899999999999835,0.0,0.0
LEU 618,R LEU 618,0.0,0.0,0.0,-0.22999999999999954,0.0,0.0,-0.10799999999999965,0.0,0.0,-0.016999999999999904,0.0,0.0,0.0,0.0,0.0,-0.3550000000000004,0.0,0.0
VAL 619,R VAL 619,0.0,0.0,0.0,-0.012000000000000455,0.0,0.0,0.005000000000000782,0.0,0.0,-0.02400000000000002,0.0,0.0,0.0,0.0,0.0,-0.031000000000000583,0.0,0.0
PHE 620,R PHE 620,0.0,0.0,0.0,-1.0030000000000001,0.0,0.0,-0.33000000000000007,0.0,0.0,0.356,0.0,0.0,-0.0803808,0.0,0.0,-1.0573808000000002,0.0,0.0
ASP 621,R ASP 621,0.0,0.0,0.0,-0.008000000000000007,0.0,0.0,-0.3230000000000004,0.0,0.0,0.26900000000000546,0.0,0.0,0.0,0.0,0.0,-0.06199999999999761,0.0,0.0
VAL 622,R VAL 622,0.0,0.0,0.0,-0.052999999999999936,0.0,0.0,0.010999999999999233,0.0,0.0,-0.07899999999999974,0.0,0.0,0.0,0.0,0.0,-0.12099999999999334,0.0,0.0
GLU 623,R GLU 623,0.0,0.0,0.0,-0.005000000000000782,0.0,0.0,-0.4280000000000044,0.0,0.0,0.375,0.0,0.0,0.0,0.0,0.0,-0.057999999999992724,0.0,0.0
LEU 624,R LEU 624,0.0,0.0,0.0,-0.006999999999999673,0.0,0.0,0.0009999999999998899,0.0,0.0,-0.02200000000000024,0.0,0.0,0.0,0.0,0.0,-0.028000000000002245,0.0,0.0
LEU 625,R LEU 625,0.0,0.0,0.0,-0.006999999999999673,0.0,0.0,0.0259999999999998,0.0,0.0,-0.08299999999999996,0.0,0.0,0.0,0.0,0.0,-0.06399999999999828,0.0,0.0
LYS 626,R LYS 626,0.0,0.0,0.0,-0.0019999999999997797,0.0,0.0,0.30800000000000693,0.0,0.0,-0.27300000000000324,0.0,0.0,0.0,0.0,0.0,0.03300000000000125,0.0,0.0
LEU 627,R LEU 627,0.0,0.0,0.0,-0.0030000000000001137,0.0,0.0,0.002000000000000668,0.0,0.0,-0.01399999999999979,0.0,0.0,0.0,0.0,0.0,-0.014999999999998792,0.0,0.0
GLU 628,R GLU 628,0.0,0.0,0.0,-0.0030000000000001137,0.0,0.0,-0.6109999999999971,0.0,0.0,0.6169999999999902,0.0,0.0,0.0,0.0,0.0,0.0029999999999930083,0.0,0.0
FK5 629,L FK5   1,0.0,0.0,0.0,-52.441,0.0,0.0,-14.469,0.0,0.0,19.106999999999996,0.0,0.0,-6.698361599999999,0.0,0.0,-54.50136160000001,0.0,0.0

Backbone Energy Decomposition:
Residue,Location,Internal,,,van der Waals,,,Electrostatic,,,Polar Solvation,,,Non-Polar Solv.,,,TOTAL,,
,,Avg.,Std. Dev.,Std. Err. of Mean,Avg.,Std. Dev.,Std. Err. of Mean,Avg.,Std. Dev.,Std. Err. of Mean,Avg.,Std. Dev.,Std. Err. of Mean,Avg.,Std. Dev.,Std. Err. of Mean
VAL   1,R VAL   1,0.0,0.0,0.0,0.0,0.0,0.0,0.28899999999998727,0.0,0.0,-0.2190000000000012,0.0,0.0,0.0,0.0,0.0,0.06999999999998607,0.0,0.0
PRO   2,R PRO   2,0.0,0.0,0.0,0.0,0.0,0.0,-0.062000000000001165,0.0,0.0,0.05700000000000216,0.0,0.0,0.0,0.0,0.0,-0.004999999999999005,0.0,0.0
PHE   3,R PHE   3,0.0,0.0,0.0,0.0,0.0,0.0,0.000999999999990564,0.0,0.0,0.013000000000000005,0.0,0.0,0.0,0.0,0.0,0.013999999999990465,0.0,0.0
PRO   4,R PRO   4,0.0,0.0,0.0,0.0,0.0,0.0,-0.035000000000003695,0.0,0.0,0.036000000000001364,0.0,0.0,0.0,0.0,0.0,0.0009999999999976694,0.0,0.0
PRO   5,R PRO   5,0.0,0.0,0.0,0.0,0.0,0.0,-0.027000000000001023,0.0,0.0,0.021999999999998465,0.0,0.0,0.0,0.0,0.0,-0.005000000000002558,0.0,0.0
SER   6,R SER   6,0.0,0.0,0.0,0.0,0.0,0.0,0.0010000000000047748,0.0,0.0,-0.0019999999999997797,0.0,0.0,0.0,0.0,0.0,-0.0009999999999950049,0.0,0.0
HIE   7,R HIE   7,0.0,0.0,0.0,0.0,0.0,0.0,-0.0030000000000001137,0.0,0.0,0.0030000000000000027,0.0,0.0,0.0,0.0,0.0,0.0,0.0,0.0
ARG   8,R ARG   8,0.0,0.0,0.0,0.0,0.0,0.0,0.020000000000010232,0.0,0.0,-0.019000000000001904,0.0,0.0,0.0,0.0,0.0,0.0010000000000083276,0.0,0.0
LEU   9,R LEU   9,0.0,0.0,0.0,0.0,0.0,0.0,0.0,0.0,0.0,-0.001000000000000112,0.0,0.0,0.0,0.0,0.0,-0.0009999999999994458,0.0,0.0
THR  10,R THR  10,0.0,0.0,0.0,0.0,0.0,0.0,-0.0030000000000001137,0.0,0.0,0.0040000000000000036,0.0,0.0,0.0,0.0,0.0,0.0009999999999994458,0.0,0.0
ALA  11,R ALA  11,0.0,0.0,0.0,0.0,0.0,0.0,-0.001999999999995339,0.0,0.0,0.002000000000000668,0.0,0.0,0.0,0.0,0.0,5.329070518200751e-15,0.0,0.0
LYS  12,R LYS  12,0.0,0.0,0.0,0.0,0.0,0.0,0.012000000000000455,0.0,0.0,-0.011999999999998678,0.0,0.0,0.0,0.0,0.0,1.7763568394002505e-15,0.0,0.0
GLU  13,R GLU  13,0.0,0.0,0.0,0.0,0.0,0.0,-0.012000000000000455,0.0,0.0,0.011000000000001009,0.0,0.0,0.0,0.0,0.0,-0.0009999999999994458,0.0,0.0
VAL  14,R VAL  14,0.0,0.0,0.0,0.0,0.0,0.0,-0.0030000000000001137,0.0,0.0,0.0020000000000000018,0.0,0.0,0.0,0.0,0.0,-0.001000000000000334,0.0,0.0
PHE  15,R PHE  15,0.0,0.0,0.0,0.0,0.0,0.0,-0.0020000000000095497,0.0,0.0,0.001000000000000112,0.0,0.0,0.0,0.0,0.0,-0.0010000000000092157,0.0,0.0
ASP  16,R ASP  16,0.0,0.0,0.0,0.0,0.0,0.0,-0.007999999999995566,0.0,0.0,0.007999999999999119,0.0,0.0,0.0,0.0,0.0,3.552713678800501e-15,0.0,0.0
ASN  17,R ASN  17,0.0,0.0,0.0,0.0,0.0,0.0,0.0010000000000047748,0.0,0.0,-0.001000000000000334,0.0,0.0,0.0,0.0,0.0,4.440892098500626e-15,0.0,0.0
ASP  18,R ASP  18,0.0,0.0,0.0,0.0,0.0,0.0,-0.006000000000000227,0.0,0.0,0.006000000000000227,0.0,0.0,0.0,0.0,0.0,0.0,0.0,0.0
GLY  19,R GLY  19,0.0,0.0,0.0,0.0,0.0,0.0,0.0010000000000047748,0.0,0.0,-0.0020000000000000018,0.0,0.0,0.0,0.0,0.0,-0.000999999999995449,0.0,0.0
LYS  20,R LYS  20,0.0,0.0,0.0,0.0,0.0,0.0,0.01099999999999568,0.0,0.0,-0.010999999999999233,0.0,0.0,0.0,0.0,0.0,-3.552713678800501e-15,0.0,0.0
PRO  21,R PRO  21,0.0,0.0,0.0,0.0,0.0,0.0,-0.010000000000005116,0.0,0.0,0.009999999999999787,0.0,0.0,0.0,0.0,0.0,-5.329070518200751e-15,0.0,0.0
ARG  22,R ARG  22,0.0,0.0,0.0,0.0,0.0,0.0,0.015000000000000568,0.0,0.0,-0.015000000000000568,0.0,0.0,0.0,0.0,0.0,0.0,0.0,0.0
VAL  23,R VAL  23,0.0,0.0,0.0,0.0,0.0,0.0,-0.005000000000009663,0.0,0.0,0.0050000000000000044,0.0,0.0,0.0,0.0,0.0,-8.881784197001252e-15,0.0,0.0
ASP  24,R ASP  24,0.0,0.0,0.0,0.0,0.0,0.0,-0.022999999999996135,0.0,0.0,0.022999999999999687,0.0,0.0,0.0,0.0,0.0,3.552713678800501e-15,0.0,0.0
ILE  25,R ILE  25,0.0,0.0,0.0,0.0,0.0,0.0,-0.007000000000005002,0.0,0.0,0.007000000000000117,0.0,0.0,0.0,0.0,0.0,-4.884981308350689e-15,0.0,0.0
LEU  26,R LEU  26,0.0,0.0,0.0,0.0,0.0,0.0,-0.006000000000000227,0.0,0.0,0.007000000000000117,0.0,0.0,0.0,0.0,0.0,0.0009999999999998899,0.0,0.0
LYS  27,R LYS  27,0.0,0.0,0.0,0.0,0.0,0.0,0.022999999999996135,0.0,0.0,-0.02099999999999902,0.0,0.0,0.0,0.0,0.0,0.001999999999997115,0.0,0.0
ALA  28,R ALA  28,0.0,0.0,0.0,0.0,0.0,0.0,-0.01099999999999568,0.0,0.0,0.01200000000000001,0.0,0.0,0.0,0.0,0.0,0.0010000000000038867,0.0,0.0
HIE  29,R HIE  29,0.0,0.0,0.0,0.0,0.0,0.0,-0.0030000000000001137,0.0,0.0,0.004999999999999893,0.0,0.0,0.0,0.0,0.0,0.002000000000000668,0.0,0.0
LEU  30,R LEU  30,0.0,0.0,0.0,0.0,0.0,0.0,-0.010000000000005116,0.0,0.0,0.015000000000000568,0.0,0.0,0.0,0.0,0.0,0.0049999999999954525,0.0,0.0
MET  31,R MET  31,0.0,0.0,0.0,-0.0009999999999998899,0.0,0.0,-0.016000000000005343,0.0,0.0,0.017999999999999794,0.0,0.0,0.0,0.0,0.0,0.0009999999999896758,0.0,0.0
LYS  32,R LYS  32,0.0,0.0,0.0,0.0,0.0,0.0,0.04000000000000625,0.0,0.0,-0.028999999999999915,0.0,0.0,0.0,0.0,0.0,0.011000000000006338,0.0,0.0
GLU  33,R GLU  33,0.0,0.0,0.0,0.0,0.0,0.0,-0.028999999999996362,0.0,0.0,0.027999999999998693,0.0,0.0,0.0,0.0,0.0,-0.0009999999999976694,0.0,0.0
GLY  34,R GLY  34,0.0,0.0,0.0,0.0,0.0,0.0,0.0010000000000047748,0.0,0.0,0.0,0.0,0.0,0.0,0.0,0.0,0.0010000000000047748,0.0,0.0
ARG  35,R ARG  35,0.0,0.0,0.0,0.0,0.0,0.0,0.02200000000000557,0.0,0.0,-0.018000000000000682,0.0,0.0,0.0,0.0,0.0,0.0040000000000048885,0.0,0.0
LEU  36,R LEU  36,0.0,0.0,0.0,-0.0009999999999998899,0.0,0.0,-0.0030000000000001137,0.0,0.0,0.002000000000000224,0.0,0.0,0.0,0.0,0.0,-0.0019999999999900098,0.0,0.0
GLU  37,R GLU  37,0.0,0.0,0.0,0.0,0.0,0.0,-0.010000000000005116,0.0,0.0,0.008999999999998565,0.0,0.0,0.0,0.0,0.0,-0.0010000000000065512,0.0,0.0
GLU  38,R GLU  38,0.0,0.0,0.0,0.0,0.0,0.0,-0.006000000000000227,0.0,0.0,0.006000000000000227,0.0,0.0,0.0,0.0,0.0,0.0,0.0,0.0
THR  39,R THR  39,0.0,0.0,0.0,0.0,0.0,0.0,0.0,0.0,0.0,0.0,0.0,0.0,0.0,0.0,0.0,0.0,0.0,0.0
VAL  40,R VAL  40,0.0,0.0,0.0,0.0,0.0,0.0,0.0,0.0,0.0,0.0020000000000000018,0.0,0.0,0.0,0.0,0.0,0.0019999999999997797,0.0,0.0
ALA  41,R ALA  41,0.0,0.0,0.0,0.0,0.0,0.0,-0.0010000000000047748,0.0,0.0,0.0030000000000001137,0.0,0.0,0.0,0.0,0.0,0.001999999999995339,0.0,0.0
LEU  42,R LEU  42,0.0,0.0,0.0,0.0,0.0,0.0,0.0,0.0,0.0,0.0,0.0,0.0,0.0,0.0,0.0,0.0,0.0,0.0
ARG  43,R ARG  43,0.0,0.0,0.0,0.0,0.0,0.0,0.010000000000005116,0.0,0.0,-0.009000000000000341,0.0,0.0,0.0,0.0,0.0,0.0010000000000047748,0.0,0.0
ILE  44,R ILE  44,0.0,0.0,0.0,0.0,0.0,0.0,0.0,0.0,0.0,0.001000000000000112,0.0,0.0,0.0,0.0,0.0,0.0009999999999994458,0.0,0.0
ILE  45,R ILE  45,0.0,0.0,0.0,0.0,0.0,0.0,-0.000999999999990564,0.0,0.0,0.0,0.0,0.0,0.0,0.0,0.0,-0.000999999999990564,0.0,0.0
THR  46,R THR  46,0.0,0.0,0.0,0.0,0.0,0.0,0.0010000000000047748,0.0,0.0,-0.0010000000000000009,0.0,0.0,0.0,0.0,0.0,5.329070518200751e-15,0.0,0.0
GLU  47,R GLU  47,0.0,0.0,0.0,0.0,0.0,0.0,-0.0030000000000001137,0.0,0.0,0.0039999999999995595,0.0,0.0,0.0,0.0,0.0,0.0009999999999994458,0.0,0.0
GLY  48,R GLY  48,0.0,0.0,0.0,0.0,0.0,0.0,0.001999999999995339,0.0,0.0,-0.0009999999999998899,0.0,0.0,0.0,0.0,0.0,0.000999999999995893,0.0,0.0
ALA  49,R ALA  49,0.0,0.0,0.0,0.0,0.0,0.0,0.0,0.0,0.0,0.0,0.0,0.0,0.0,0.0,0.0,0.0,0.0,0.0
SER  50,R SER  50,0.0,0.0,0.0,0.0,0.0,0.0,0.0010000000000047748,0.0,0.0,-0.0010000000000000009,0.0,0.0,0.0,0.0,0.0,5.329070518200751e-15,0.0,0.0
ILE  51,R ILE  51,0.0,0.0,0.0,0.0,0.0,0.0,0.0009999999999976694,0.0,0.0,0.0,0.0,0.0,0.0,0.0,0.0,0.0009999999999976694,0.0,0.0
LEU  52,R LEU  52,0.0,0.0,0.0,0.0,0.0,0.0,0.000999999999990564,0.0,0.0,-0.0009999999999998899,0.0,0.0,0.0,0.0,0.0,-8.881784197001252e-15,0.0,0.0
ARG  53,R ARG  53,0.0,0.0,0.0,0.0,0.0,0.0,0.003999999999990678,0.0,0.0,-0.003999999999997783,0.0,0.0,0.0,0.0,0.0,-7.105427357601002e-15,0.0,0.0
GLN  54,R GLN  54,0.0,0.0,0.0,0.0,0.0,0.0,0.0010000000000047748,0.0,0.0,-0.001000000000000334,0.0,0.0,0.0,0.0,0.0,3.552713678800501e-15,0.0,0.0
GLU  55,R GLU  55,0.0,0.0,0.0,0.0,0.0,0.0,-0.0010000000000047748,0.0,0.0,0.0010000000000012221,0.0,0.0,0.0,0.0,0.0,-3.552713678800501e-15,0.0,0.0
LYS  56,R LYS  56,0.0,0.0,0.0,0.0,0.0,0.0,0.0010000000000047748,0.0,0.0,-0.0009999999999994458,0.0,0.0,0.0,0.0,0.0,5.329070518200751e-15,0.0,0.0
ASN  57,R ASN  57,0.0,0.0,0.0,0.0,0.0,0.0,-0.0020000000000095497,0.0,0.0,0.0019999999999997797,0.0,0.0,0.0,0.0,0.0,-9.769962616701378e-15,0.0,0.0
LEU  58,R LEU  58,0.0,0.0,0.0,0.0,0.0,0.0,0.0010000000000047748,0.0,0.0,-0.0010000000000000009,0.0,0.0,0.0,0.0,0.0,4.440892098500626e-15,0.0,0.0
LEU  59,R LEU  59,0.0,0.0,0.0,0.0,0.0,0.0,0.0,0.0,0.0,0.0,0.0,0.0,0.0,0.0,0.0,0.0,0.0,0.0
ASP  60,R ASP  60,0.0,0.0,0.0,0.0,0.0,0.0,-0.0049999999999954525,0.0,0.0,0.005000000000002558,0.0,0.0,0.0,0.0,0.0,7.105427357601002e-15,0.0,0.0
ILE  61,R ILE  61,0.0,0.0,0.0,0.0,0.0,0.0,0.0,0.0,0.0,0.0,0.0,0.0,0.0,0.0,0.0,0.0,0.0,0.0
ASP  62,R ASP  62,0.0,0.0,0.0,0.0,0.0,0.0,-0.009000000000000341,0.0,0.0,0.008999999999998565,0.0,0.0,0.0,0.0,0.0,-1.7763568394002505e-15,0.0,0.0
ALA  63,R ALA  63,0.0,0.0,0.0,0.0,0.0,0.0,0.0,0.0,0.0,0.0,0.0,0.0,0.0,0.0,0.0,0.0,0.0,0.0
PRO  64,R PRO  64,0.0,0.0,0.0,0.0,0.0,0.0,-0.008000000000002672,0.0,0.0,0.008000000000000895,0.0,0.0,0.0,0.0,0.0,-1.7763568394002505e-15,0.0,0.0
VAL  65,R VAL  65,0.0,0.0,0.0,0.0,0.0,0.0,-0.000999999999990564,0.0,0.0,0.0,0.0,0.0,0.0,0.0,0.0,-0.000999999999990564,0.0,0.0
THR  66,R THR  66,0.0,0.0,0.0,0.0,0.0,0.0,-0.0010000000000047748,0.0,0.0,0.0010000000000000009,0.0,0.0,0.0,0.0,0.0,-4.440892098500626e-15,0.0,0.0
VAL  67,R VAL  67,0.0,0.0,0.0,0.0,0.0,0.0,-0.005000000000002558,0.0,0.0,0.004999999999999893,0.0,0.0,0.0,0.0,0.0,-2.6645352591003757e-15,0.0,0.0
CYS  68,R CYS  68,0.0,0.0,0.0,0.0,0.0,0.0,0.006000000000000227,0.0,0.0,-0.004999999999999893,0.0,0.0,0.0,0.0,0.0,0.001000000000000334,0.0,0.0
GLY  69,R GLY  69,0.0,0.0,0.0,0.0,0.0,0.0,0.0049999999999954525,0.0,0.0,-0.0039999999999995595,0.0,0.0,0.0,0.0,0.0,0.000999999999995893,0.0,0.0
ASP  70,R ASP  70,0.0,0.0,0.0,0.0,0.0,0.0,-0.030999999999998806,0.0,0.0,0.03300000000000125,0.0,0.0,0.0,0.0,0.0,0.0020000000000024443,0.0,0.0
ILE  71,R ILE  71,0.0,0.0,0.0,0.0,0.0,0.0,-0.01899999999999835,0.0,0.0,0.02400000000000002,0.0,0.0,0.0,0.0,0.0,0.00500000000000167,0.0,0.0
HIE  72,R HIE  72,0.0,0.0,0.0,0.0,0.0,0.0,-0.019000000000005457,0.0,0.0,0.016000000000000014,0.0,0.0,0.0,0.0,0.0,-0.0030000000000054428,0.0,0.0
GLY  73,R GLY  73,0.0,0.0,0.0,0.0,0.0,0.0,-0.009000000000000341,0.0,0.0,0.008999999999999453,0.0,0.0,0.0,0.0,0.0,-1.7763568394002505e-15,0.0,0.0
GLN  74,R GLN  74,0.0,0.0,0.0,0.0,0.0,0.0,-0.000999999999990564,0.0,0.0,0.007000000000000117,0.0,0.0,0.0,0.0,0.0,0.006000000000009553,0.0,0.0
PHE  75,R PHE  75,0.0,0.0,0.0,0.0,0.0,0.0,0.0040000000000048885,0.0,0.0,0.0009999999999998899,0.0,0.0,0.0,0.0,0.0,0.005000000000004334,0.0,0.0
PHE  76,R PHE  76,0.0,0.0,0.0,0.0,0.0,0.0,0.003999999999990678,0.0,0.0,-0.0020000000000000018,0.0,0.0,0.0,0.0,0.0,0.0019999999999900098,0.0,0.0
ASP  77,R ASP  77,0.0,0.0,0.0,0.0,0.0,0.0,-0.03399999999999892,0.0,0.0,0.031000000000000583,0.0,0.0,0.0,0.0,0.0,-0.0029999999999983373,0.0,0.0
LEU  78,R LEU  78,0.0,0.0,0.0,0.0,0.0,0.0,0.001999999999995339,0.0,0.0,0.0009999999999998899,0.0,0.0,0.0,0.0,0.0,0.0029999999999952287,0.0,0.0
MET  79,R MET  79,0.0,0.0,0.0,0.0,0.0,0.0,0.0030000000000001137,0.0,0.0,-0.0040000000000000036,0.0,0.0,0.0,0.0,0.0,-0.0009999999999998899,0.0,0.0
LYS  80,R LYS  80,0.0,0.0,0.0,0.0,0.0,0.0,0.04399999999999693,0.0,0.0,-0.04199999999999804,0.0,0.0,0.0,0.0,0.0,0.0019999999999988916,0.0,0.0
LEU  81,R LEU  81,0.0,0.0,0.0,0.0,0.0,0.0,0.0,0.0,0.0,0.0,0.0,0.0,0.0,0.0,0.0,0.0,0.0,0.0
PHE  82,R PHE  82,0.0,0.0,0.0,0.0,0.0,0.0,0.001999999999995339,0.0,0.0,-0.0029999999999998916,0.0,0.0,0.0,0.0,0.0,-0.0010000000000047748,0.0,0.0
GLU  83,R GLU  83,0.0,0.0,0.0,0.0,0.0,0.0,-0.015999999999991132,0.0,0.0,0.015000000000000568,0.0,0.0,0.0,0.0,0.0,-0.000999999999990564,0.0,0.0
VAL  84,R VAL  84,0.0,0.0,0.0,0.0,0.0,0.0,0.0010000000000047748,0.0,0.0,-0.001000000000000334,0.0,0.0,0.0,0.0,0.0,4.440892098500626e-15,0.0,0.0
GLY  85,R GLY  85,0.0,0.0,0.0,0.0,0.0,0.0,0.007000000000005002,0.0,0.0,-0.005999999999999783,0.0,0.0,0.0,0.0,0.0,0.0010000000000047748,0.0,0.0
GLY  86,R GLY  86,0.0,0.0,0.0,0.0,0.0,0.0,0.0030000000000001137,0.0,0.0,-0.0030000000000001137,0.0,0.0,0.0,0.0,0.0,0.0,0.0,0.0
SER  87,R SER  87,0.0,0.0,0.0,0.0,0.0,0.0,-0.0010000000000047748,0.0,0.0,0.0,0.0,0.0,0.0,0.0,0.0,-0.0010000000000047748,0.0,0.0
PRO  88,R PRO  88,0.0,0.0,0.0,0.0,0.0,0.0,-0.013999999999999346,0.0,0.0,0.0129999999999999,0.0,0.0,0.0,0.0,0.0,-0.0009999999999994458,0.0,0.0
ALA  89,R ALA  89,0.0,0.0,0.0,0.0,0.0,0.0,0.0,0.0,0.0,0.0,0.0,0.0,0.0,0.0,0.0,0.0,0.0,0.0
ASN  90,R ASN  90,0.0,0.0,0.0,0.0,0.0,0.0,0.0020000000000095497,0.0,0.0,-0.0019999999999997797,0.0,0.0,0.0,0.0,0.0,9.769962616701378e-15,0.0,0.0
THR  91,R THR  91,0.0,0.0,0.0,0.0,0.0,0.0,-0.0010000000000047748,0.0,0.0,0.001000000000000112,0.0,0.0,0.0,0.0,0.0,-4.6629367034256575e-15,0.0,0.0
ARG  92,R ARG  92,0.0,0.0,0.0,0.0,0.0,0.0,0.012999999999991019,0.0,0.0,-0.013000000000001677,0.0,0.0,0.0,0.0,0.0,-1.0658141036401503e-14,0.0,0.0
TYR  93,R TYR  93,0.0,0.0,0.0,0.0,0.0,0.0,0.0010000000000047748,0.0,0.0,-0.0010000000000000009,0.0,0.0,0.0,0.0,0.0,4.440892098500626e-15,0.0,0.0
LEU  94,R LEU  94,0.0,0.0,0.0,0.0,0.0,0.0,-0.003999999999990678,0.0,0.0,0.0050000000000000044,0.0,0.0,0.0,0.0,0.0,0.0010000000000094378,0.0,0.0
PHE  95,R PHE  95,0.0,0.0,0.0,0.0,0.0,0.0,0.0030000000000001137,0.0,0.0,-0.001000000000000112,0.0,0.0,0.0,0.0,0.0,0.002000000000000224,0.0,0.0
LEU  96,R LEU  96,0.0,0.0,0.0,0.0,0.0,0.0,0.0030000000000001137,0.0,0.0,-0.0030000000000001137,0.0,0.0,0.0,0.0,0.0,0.0,0.0,0.0
GLY  97,R GLY  97,0.0,0.0,0.0,0.0,0.0,0.0,-0.003999999999990678,0.0,0.0,0.004999999999999893,0.0,0.0,0.0,0.0,0.0,0.001000000000010104,0.0,0.0
ASP  98,R ASP  98,0.0,0.0,0.0,0.0,0.0,0.0,-0.02400000000000091,0.0,0.0,0.02499999999999858,0.0,0.0,0.0,0.0,0.0,0.0009999999999976694,0.0,0.0
TYR  99,R TYR  99,0.0,0.0,0.0,0.0,0.0,0.0,-0.012000000000000455,0.0,0.0,0.015000000000000124,0.0,0.0,0.0,0.0,0.0,0.0029999999999992255,0.0,0.0
VAL 100,R VAL 100,0.0,0.0,0.0,-0.001000000000000334,0.0,0.0,-0.0020000000000024443,0.0,0.0,0.012000000000000455,0.0,0.0,0.0,0.0,0.0,0.008999999999993236,0.0,0.0
ASP 101,R ASP 101,0.0,0.0,0.0,-0.001000000000000334,0.0,0.0,-0.027999999999998693,0.0,0.0,0.03399999999999892,0.0,0.0,0.0,0.0,0.0,0.005000000000009663,0.0,0.0
ARG 102,R ARG 102,0.0,0.0,0.0,-0.0009999999999998899,0.0,0.0,0.024999999999991473,0.0,0.0,0.015999999999998238,0.0,0.0,0.0,0.0,0.0,0.03999999999999915,0.0,0.0
GLY 103,R GLY 103,0.0,0.0,0.0,-0.001000000000000334,0.0,0.0,0.036000000000001364,0.0,0.0,-0.016000000000000014,0.0,0.0,0.0,0.0,0.0,0.018999999999996575,0.0,0.0
TYR 104,R TYR 104,0.0,0.0,0.0,-0.0009999999999998899,0.0,0.0,0.001999999999995339,0.0,0.0,0.004999999999999893,0.0,0.0,0.0,0.0,0.0,0.005999999999990457,0.0,0.0
PHE 105,R PHE 105,0.0,0.0,0.0,0.0,0.0,0.0,-0.0040000000000048885,0.0,0.0,0.013999999999999999,0.0,0.0,0.0,0.0,0.0,0.009999999999994458,0.0,0.0
SER 106,R SER 106,0.0,0.0,0.0,0.0,0.0,0.0,-0.001999999999995339,0.0,0.0,0.008000000000000007,0.0,0.0,0.0,0.0,0.0,0.006000000000004668,0.0,0.0
ILE 107,R ILE 107,0.0,0.0,0.0,0.0,0.0,0.0,0.0020000000000095497,0.0,0.0,0.0020000000000000018,0.0,0.0,0.0,0.0,0.0,0.004000000000010218,0.0,0.0
GLU 108,R GLU 108,0.0,0.0,0.0,0.0,0.0,0.0,-0.014000000000002899,0.0,0.0,0.014999999999998792,0.0,0.0,0.0,0.0,0.0,0.000999999999995893,0.0,0.0
CYS 109,R CYS 109,0.0,0.0,0.0,0.0,0.0,0.0,0.0030000000000001137,0.0,0.0,0.0,0.0,0.0,0.0,0.0,0.0,0.0030000000000001137,0.0,0.0
VAL 110,R VAL 110,0.0,0.0,0.0,0.0,0.0,0.0,0.0,0.0,0.0,0.0010000000000000009,0.0,0.0,0.0,0.0,0.0,0.001000000000000334,0.0,0.0
LEU 111,R LEU 111,0.0,0.0,0.0,0.0,0.0,0.0,0.001999999999995339,0.0,0.0,-0.0010000000000000009,0.0,0.0,0.0,0.0,0.0,0.000999999999995893,0.0,0.0
TYR 112,R TYR 112,0.0,0.0,0.0,0.0,0.0,0.0,0.0010000000000047748,0.0,0.0,-0.0010000000000000009,0.0,0.0,0.0,0.0,0.0,5.329070518200751e-15,0.0,0.0
LEU 113,R LEU 113,0.0,0.0,0.0,0.0,0.0,0.0,0.0,0.0,0.0,0.001000000000000112,0.0,0.0,0.0,0.0,0.0,0.0009999999999998899,0.0,0.0
TRP 114,R TRP 114,0.0,0.0,0.0,0.0,0.0,0.0,0.001999999999995339,0.0,0.0,-0.0019999999999997797,0.0,0.0,0.0,0.0,0.0,-5.329070518200751e-15,0.0,0.0
ALA 115,R ALA 115,0.0,0.0,0.0,0.0,0.0,0.0,0.0010000000000047748,0.0,0.0,-0.0010000000000000009,0.0,0.0,0.0,0.0,0.0,4.440892098500626e-15,0.0,0.0
LEU 116,R LEU 116,0.0,0.0,0.0,0.0,0.0,0.0,0.0,0.0,0.0,0.0,0.0,0.0,0.0,0.0,0.0,0.0,0.0,0.0
LYS 117,R LYS 117,0.0,0.0,0.0,0.0,0.0,0.0,0.01300000000000523,0.0,0.0,-0.013000000000001677,0.0,0.0,0.0,0.0,0.0,3.552713678800501e-15,0.0,0.0
ILE 118,R ILE 118,0.0,0.0,0.0,0.0,0.0,0.0,0.0,0.0,0.0,-0.0009999999999998899,0.0,0.0,0.0,0.0,0.0,-0.001000000000000334,0.0,0.0
LEU 119,R LEU 119,0.0,0.0,0.0,0.0,0.0,0.0,0.0,0.0,0.0,0.0,0.0,0.0,0.0,0.0,0.0,0.0,0.0,0.0
TYR 120,R TYR 120,0.0,0.0,0.0,0.0,0.0,0.0,-0.001999999999995339,0.0,0.0,0.0029999999999996696,0.0,0.0,0.0,0.0,0.0,0.0010000000000038867,0.0,0.0
PRO 121,R PRO 121,0.0,0.0,0.0,0.0,0.0,0.0,-0.007999999999995566,0.0,0.0,0.007999999999999119,0.0,0.0,0.0,0.0,0.0,3.552713678800501e-15,0.0,0.0
LYS 122,R LYS 122,0.0,0.0,0.0,0.0,0.0,0.0,0.010000000000005116,0.0,0.0,-0.009999999999999787,0.0,0.0,0.0,0.0,0.0,5.329070518200751e-15,0.0,0.0
THR 123,R THR 123,0.0,0.0,0.0,0.0,0.0,0.0,-0.0009999999999976694,0.0,0.0,0.0010000000000000009,0.0,0.0,0.0,0.0,0.0,1.7763568394002505e-15,0.0,0.0
LEU 124,R LEU 124,0.0,0.0,0.0,0.0,0.0,0.0,0.0010000000000047748,0.0,0.0,0.0,0.0,0.0,0.0,0.0,0.0,0.0010000000000047748,0.0,0.0
PHE 125,R PHE 125,0.0,0.0,0.0,0.0,0.0,0.0,-0.0040000000000048885,0.0,0.0,0.0040000000000000036,0.0,0.0,0.0,0.0,0.0,-4.884981308350689e-15,0.0,0.0
LEU 126,R LEU 126,0.0,0.0,0.0,0.0,0.0,0.0,0.000999999999990564,0.0,0.0,-0.0010000000000000009,0.0,0.0,0.0,0.0,0.0,-9.43689570931383e-15,0.0,0.0
LEU 127,R LEU 127,0.0,0.0,0.0,0.0,0.0,0.0,-0.0040000000000048885,0.0,0.0,0.0040000000000000036,0.0,0.0,0.0,0.0,0.0,-4.440892098500626e-15,0.0,0.0
ARG 128,R ARG 128,0.0,0.0,0.0,-0.0009999999999994458,0.0,0.0,0.006000000000000227,0.0,0.0,-0.0040000000000048885,0.0,0.0,0.0,0.0,0.0,0.0010000000000047748,0.0,0.0
GLY 129,R GLY 129,0.0,0.0,0.0,0.0,0.0,0.0,0.0040000000000048885,0.0,0.0,-0.0029999999999992255,0.0,0.0,0.0,0.0,0.0,0.0010000000000065512,0.0,0.0
ASN 130,R ASN 130,0.0,0.0,0.0,0.0,0.0,0.0,0.006000000000000227,0.0,0.0,-0.0030000000000000027,0.0,0.0,0.0,0.0,0.0,0.0030000000000003357,0.0,0.0
HIE 131,R HIE 131,0.0,0.0,0.0,0.0,0.0,0.0,0.0030000000000001137,0.0,0.0,-0.0009999999999998899,0.0,0.0,0.0,0.0,0.0,0.002000000000000668,0.0,0.0
GLU 132,R GLU 132,0.0,0.0,0.0,0.0,0.0,0.0,0.0010000000000047748,0.0,0.0,-0.0019999999999988916,0.0,0.0,0.0,0.0,0.0,-0.0009999999999941167,0.0,0.0
CYS 133,R CYS 133,0.0,0.0,0.0,0.0,0.0,0.0,-0.0040000000000048885,0.0,0.0,0.0050000000000001155,0.0,0.0,0.0,0.0,0.0,0.0009999999999950049,0.0,0.0
ARG 134,R ARG 134,0.0,0.0,0.0,0.0,0.0,0.0,-0.01300000000000523,0.0,0.0,0.015000000000000568,0.0,0.0,0.0,0.0,0.0,0.001999999999995339,0.0,0.0
HIE 135,R HIE 135,0.0,0.0,0.0,-0.001000000000000334,0.0,0.0,0.007000000000005002,0.0,0.0,-0.0050000000000003375,0.0,0.0,0.0,0.0,0.0,0.0009999999999994458,0.0,0.0
LEU 136,R LEU 136,0.0,0.0,0.0,0.0,0.0,0.0,0.007000000000005002,0.0,0.0,-0.007000000000000117,0.0,0.0,0.0,0.0,0.0,4.440892098500626e-15,0.0,0.0
THR 137,R THR 137,0.0,0.0,0.0,0.0,0.0,0.0,0.000999999999990564,0.0,0.0,0.0010000000000000009,0.0,0.0,0.0,0.0,0.0,0.0019999999999900098,0.0,0.0
GLU 138,R GLU 138,0.0,0.0,0.0,0.0,0.0,0.0,0.030999999999998806,0.0,0.0,-0.02699999999999747,0.0,0.0,0.0,0.0,0.0,0.004000000000001336,0.0,0.0
TYR 139,R TYR 139,0.0,0.0,0.0,-0.0009999999999998899,0.0,0.0,0.025000000000005684,0.0,0.0,-0.019000000000000128,0.0,0.0,0.0,0.0,0.0,0.0050000000000149925,0.0,0.0
PHE 140,R PHE 140,0.0,0.0,0.0,-0.0009999999999998899,0.0,0.0,0.02400000000000091,0.0,0.0,-0.0019999999999997797,0.0,0.0,0.0,0.0,0.0,0.021000000000010566,0.0,0.0
THR 141,R THR 141,0.0,0.0,0.0,-0.0009999999999998899,0.0,0.0,0.0020000000000024443,0.0,0.0,-0.0020000000000000018,0.0,0.0,0.0,0.0,0.0,-0.0009999999999950049,0.0,0.0
PHE 142,R PHE 142,0.0,0.0,0.0,0.0,0.0,0.0,-0.0049999999999954525,0.0,0.0,0.007000000000000006,0.0,0.0,0.0,0.0,0.0,0.0020000000000046647,0.0,0.0
LYS 143,R LYS 143,0.0,0.0,0.0,0.0,0.0,0.0,-0.018000000000000682,0.0,0.0,0.04199999999999804,0.0,0.0,0.0,0.0,0.0,0.023999999999997357,0.0,0.0
GLN 144,R GLN 144,0.0,0.0,0.0,-0.001000000000000334,0.0,0.0,-0.001999999999995339,0.0,0.0,-0.0030000000000001137,0.0,0.0,0.0,0.0,0.0,-0.006000000000000227,0.0,0.0
GLU 145,R GLU 145,0.0,0.0,0.0,-0.0009999999999994458,0.0,0.0,-0.003999999999997783,0.0,0.0,0.0070000000000014495,0.0,0.0,0.0,0.0,0.0,0.0019999999999988916,0.0,0.0
CYS 146,R CYS 146,0.0,0.0,0.0,0.0,0.0,0.0,-0.006000000000000227,0.0,0.0,0.013000000000000012,0.0,0.0,0.0,0.0,0.0,0.006999999999999895,0.0,0.0
LYS 147,R LYS 147,0.0,0.0,0.0,0.0,0.0,0.0,-0.007000000000005002,0.0,0.0,0.027999999999998693,0.0,0.0,0.0,0.0,0.0,0.02099999999999369,0.0,0.0
ILE 148,R ILE 148,0.0,0.0,0.0,-0.001000000000000334,0.0,0.0,-0.0030000000000001137,0.0,0.0,0.018000000000000238,0.0,0.0,0.0,0.0,0.0,0.01400000000000956,0.0,0.0
LYS 149,R LYS 149,0.0,0.0,0.0,0.0,0.0,0.0,0.009000000000000341,0.0,0.0,0.004999999999999005,0.0,0.0,0.0,0.0,0.0,0.013999999999999346,0.0,0.0
TYR 150,R TYR 150,0.0,0.0,0.0,0.0,0.0,0.0,-0.000999999999990564,0.0,0.0,0.0019999999999997797,0.0,0.0,0.0,0.0,0.0,0.0010000000000083276,0.0,0.0
SER 151,R SER 151,0.0,0.0,0.0,0.0,0.0,0.0,-0.005000000000002558,0.0,0.0,0.006000000000000227,0.0,0.0,0.0,0.0,0.0,0.0009999999999976694,0.0,0.0
GLU 152,R GLU 152,0.0,0.0,0.0,0.0,0.0,0.0,0.0030000000000001137,0.0,0.0,-0.004999999999999005,0.0,0.0,0.0,0.0,0.0,-0.0019999999999988916,0.0,0.0
ARG 153,R ARG 153,0.0,0.0,0.0,0.0,0.0,0.0,-0.0030000000000001137,0.0,0.0,0.004000000000001336,0.0,0.0,0.0,0.0,0.0,0.0010000000000012221,0.0,0.0
VAL 154,R VAL 154,0.0,0.0,0.0,0.0,0.0,0.0,-0.0009999999999976694,0.0,0.0,0.0040000000000000036,0.0,0.0,0.0,0.0,0.0,0.00300000000000189,0.0,0.0
TYR 155,R TYR 155,0.0,0.0,0.0,0.0,0.0,0.0,-0.001999999999995339,0.0,0.0,0.0030000000000001137,0.0,0.0,0.0,0.0,0.0,0.0010000000000047748,0.0,0.0
ASP 156,R ASP 156,0.0,0.0,0.0,0.0,0.0,0.0,0.0030000000000001137,0.0,0.0,-0.005000000000002558,0.0,0.0,0.0,0.0,0.0,-0.0020000000000024443,0.0,0.0
ALA 157,R ALA 157,0.0,0.0,0.0,0.0,0.0,0.0,0.0,0.0,0.0,0.001000000000000334,0.0,0.0,0.0,0.0,0.0,0.001000000000000334,0.0,0.0
CYS 158,R CYS 158,0.0,0.0,0.0,0.0,0.0,0.0,-0.000999999999990564,0.0,0.0,0.0030000000000000027,0.0,0.0,0.0,0.0,0.0,0.0020000000000091056,0.0,0.0
MET 159,R MET 159,0.0,0.0,0.0,0.0,0.0,0.0,-0.0010000000000047748,0.0,0.0,0.0,0.0,0.0,0.0,0.0,0.0,-0.0010000000000047748,0.0,0.0
ASP 160,R ASP 160,0.0,0.0,0.0,0.0,0.0,0.0,0.0009999999999976694,0.0,0.0,-0.0020000000000024443,0.0,0.0,0.0,0.0,0.0,-0.0010000000000047748,0.0,0.0
ALA 161,R ALA 161,0.0,0.0,0.0,0.0,0.0,0.0,-0.001999999999995339,0.0,0.0,0.0030000000000000027,0.0,0.0,0.0,0.0,0.0,0.0010000000000038867,0.0,0.0
PHE 162,R PHE 162,0.0,0.0,0.0,0.0,0.0,0.0,-0.0020000000000095497,0.0,0.0,0.0020000000000000018,0.0,0.0,0.0,0.0,0.0,-9.769962616701378e-15,0.0,0.0
ASP 163,R ASP 163,0.0,0.0,0.0,0.0,0.0,0.0,0.0010000000000047748,0.0,0.0,-0.0010000000000012221,0.0,0.0,0.0,0.0,0.0,3.552713678800501e-15,0.0,0.0
CYS 164,R CYS 164,0.0,0.0,0.0,0.0,0.0,0.0,0.0,0.0,0.0,0.0,0.0,0.0,0.0,0.0,0.0,0.0,0.0,0.0
LEU 165,R LEU 165,0.0,0.0,0.0,0.0,0.0,0.0,0.0030000000000001137,0.0,0.0,-0.0020000000000000018,0.0,0.0,0.0,0.0,0.0,0.0009999999999994458,0.0,0.0
PRO 166,R PRO 166,0.0,0.0,0.0,0.0,0.0,0.0,-0.005999999999996675,0.0,0.0,0.005000000000002558,0.0,0.0,0.0,0.0,0.0,-0.0009999999999941167,0.0,0.0
LEU 167,R LEU 167,0.0,0.0,0.0,0.0,0.0,0.0,-0.001999999999995339,0.0,0.0,0.001000000000000334,0.0,0.0,0.0,0.0,0.0,-0.0009999999999950049,0.0,0.0
ALA 168,R ALA 168,0.0,0.0,0.0,0.0,0.0,0.0,0.0,0.0,0.0,0.0,0.0,0.0,0.0,0.0,0.0,0.0,0.0,0.0
ALA 169,R ALA 169,0.0,0.0,0.0,0.0,0.0,0.0,-0.000999999999990564,0.0,0.0,0.0009999999999998899,0.0,0.0,0.0,0.0,0.0,9.325873406851315e-15,0.0,0.0
LEU 170,R LEU 170,0.0,0.0,0.0,0.0,0.0,0.0,0.0,0.0,0.0,0.0009999999999998899,0.0,0.0,0.0,0.0,0.0,0.0009999999999998899,0.0,0.0
MET 171,R MET 171,0.0,0.0,0.0,0.0,0.0,0.0,0.0,0.0,0.0,0.0,0.0,0.0,0.0,0.0,0.0,0.0,0.0,0.0
ASN 172,R ASN 172,0.0,0.0,0.0,0.0,0.0,0.0,0.0,0.0,0.0,0.0,0.0,0.0,0.0,0.0,0.0,0.0,0.0,0.0
GLN 173,R GLN 173,0.0,0.0,0.0,0.0,0.0,0.0,0.0,0.0,0.0,0.0,0.0,0.0,0.0,0.0,0.0,0.0,0.0,0.0
GLN 174,R GLN 174,0.0,0.0,0.0,0.0,0.0,0.0,0.0,0.0,0.0,0.0,0.0,0.0,0.0,0.0,0.0,0.0,0.0,0.0
PHE 175,R PHE 175,0.0,0.0,0.0,0.0,0.0,0.0,0.0,0.0,0.0,0.0010000000000000009,0.0,0.0,0.0,0.0,0.0,0.001000000000000334,0.0,0.0
LEU 176,R LEU 176,0.0,0.0,0.0,0.0,0.0,0.0,-0.0020000000000095497,0.0,0.0,0.0020000000000000018,0.0,0.0,0.0,0.0,0.0,-9.547918011776346e-15,0.0,0.0
CYS 177,R CYS 177,0.0,0.0,0.0,0.0,0.0,0.0,0.0020000000000095497,0.0,0.0,-0.0020000000000000018,0.0,0.0,0.0,0.0,0.0,9.769962616701378e-15,0.0,0.0
VAL 178,R VAL 178,0.0,0.0,0.0,0.0,0.0,0.0,-0.0030000000000001137,0.0,0.0,0.0040000000000000036,0.0,0.0,0.0,0.0,0.0,0.0009999999999998899,0.0,0.0
HIE 179,R HIE 179,0.0,0.0,0.0,-0.001000000000000334,0.0,0.0,-0.0030000000000001137,0.0,0.0,0.0039999999999995595,0.0,0.0,0.0,0.0,0.0,1.7763568394002505e-15,0.0,0.0
GLY 180,R GLY 180,0.0,0.0,0.0,0.0,0.0,0.0,-0.0030000000000001137,0.0,0.0,0.0030000000000001137,0.0,0.0,0.0,0.0,0.0,0.0,0.0,0.0
GLY 181,R GLY 181,0.0,0.0,0.0,0.0,0.0,0.0,0.0020000000000095497,0.0,0.0,-0.0020000000000000018,0.0,0.0,0.0,0.0,0.0,9.325873406851315e-15,0.0,0.0
LEU 182,R LEU 182,0.0,0.0,0.0,0.0,0.0,0.0,0.000999999999990564,0.0,0.0,-0.0009999999999994458,0.0,0.0,0.0,0.0,0.0,-8.881784197001252e-15,0.0,0.0
SER 183,R SER 183,0.0,0.0,0.0,-0.0009999999999998899,0.0,0.0,-0.001999999999995339,0.0,0.0,0.0019999999999997797,0.0,0.0,0.0,0.0,0.0,-0.000999999999986123,0.0,0.0
PRO 184,R PRO 184,0.0,0.0,0.0,0.0,0.0,0.0,0.0030000000000001137,0.0,0.0,-0.0030000000000001137,0.0,0.0,0.0,0.0,0.0,0.0,0.0,0.0
GLU 185,R GLU 185,0.0,0.0,0.0,0.0,0.0,0.0,0.0030000000000001137,0.0,0.0,-0.0030000000000001137,0.0,0.0,0.0,0.0,0.0,0.0,0.0,0.0
ILE 186,R ILE 186,0.0,0.0,0.0,0.0,0.0,0.0,0.0,0.0,0.0,0.0009999999999998899,0.0,0.0,0.0,0.0,0.0,0.0009999999999998899,0.0,0.0
ASN 187,R ASN 187,0.0,0.0,0.0,0.0,0.0,0.0,-0.000999999999990564,0.0,0.0,0.001000000000000112,0.0,0.0,0.0,0.0,0.0,8.881784197001252e-15,0.0,0.0
THR 188,R THR 188,0.0,0.0,0.0,0.0,0.0,0.0,0.0009999999999976694,0.0,0.0,-0.0009999999999998899,0.0,0.0,0.0,0.0,0.0,-2.220446049250313e-15,0.0,0.0
LEU 189,R LEU 189,0.0,0.0,0.0,0.0,0.0,0.0,0.0,0.0,0.0,0.0,0.0,0.0,0.0,0.0,0.0,0.0,0.0,0.0
ASP 190,R ASP 190,0.0,0.0,0.0,0.0,0.0,0.0,0.0010000000000047748,0.0,0.0,0.0,0.0,0.0,0.0,0.0,0.0,0.0010000000000047748,0.0,0.0
ASP 191,R ASP 191,0.0,0.0,0.0,0.0,0.0,0.0,0.0020000000000095497,0.0,0.0,-0.0030000000000001137,0.0,0.0,0.0,0.0,0.0,-0.000999999999990564,0.0,0.0
ILE 192,R ILE 192,0.0,0.0,0.0,0.0,0.0,0.0,0.000999999999990564,0.0,0.0,-0.0010000000000000009,0.0,0.0,0.0,0.0,0.0,-9.325873406851315e-15,0.0,0.0
ARG 193,R ARG 193,0.0,0.0,0.0,0.0,0.0,0.0,0.0,0.0,0.0,0.0010000000000012221,0.0,0.0,0.0,0.0,0.0,0.0010000000000012221,0.0,0.0
LYS 194,R LYS 194,0.0,0.0,0.0,0.0,0.0,0.0,-0.000999999999990564,0.0,0.0,0.0009999999999994458,0.0,0.0,0.0,0.0,0.0,8.881784197001252e-15,0.0,0.0
LEU 195,R LEU 195,0.0,0.0,0.0,0.0,0.0,0.0,-0.0020000000000095497,0.0,0.0,0.0010000000000000009,0.0,0.0,0.0,0.0,0.0,-0.0010000000000083276,0.0,0.0
ASP 196,R ASP 196,0.0,0.0,0.0,0.0,0.0,0.0,0.005000000000009663,0.0,0.0,-0.004999999999999005,0.0,0.0,0.0,0.0,0.0,1.0658141036401503e-14,0.0,0.0
ARG 197,R ARG 197,0.0,0.0,0.0,0.0,0.0,0.0,-0.001999999999995339,0.0,0.0,0.0019999999999988916,0.0,0.0,0.0,0.0,0.0,3.552713678800501e-15,0.0,0.0
PHE 198,R PHE 198,0.0,0.0,0.0,0.0,0.0,0.0,0.0010000000000047748,0.0,0.0,-0.0019999999999997797,0.0,0.0,0.0,0.0,0.0,-0.0009999999999950049,0.0,0.0
LYS 199,R LYS 199,0.0,0.0,0.0,0.0,0.0,0.0,-0.009999999999990905,0.0,0.0,0.010000000000001563,0.0,0.0,0.0,0.0,0.0,1.0658141036401503e-14,0.0,0.0
GLU 200,R GLU 200,0.0,0.0,0.0,0.0,0.0,0.0,0.007000000000005002,0.0,0.0,-0.006999999999997897,0.0,0.0,0.0,0.0,0.0,7.105427357601002e-15,0.0,0.0
PRO 201,R PRO 201,0.0,0.0,0.0,0.0,0.0,0.0,0.012000000000000455,0.0,0.0,-0.013000000000001677,0.0,0.0,0.0,0.0,0.0,-0.0010000000000012221,0.0,0.0
PRO 202,R PRO 202,0.0,0.0,0.0,0.0,0.0,0.0,0.006000000000000227,0.0,0.0,-0.006000000000000227,0.0,0.0,0.0,0.0,0.0,0.0,0.0,0.0
ALA 203,R ALA 203,0.0,0.0,0.0,0.0,0.0,0.0,0.0030000000000001137,0.0,0.0,-0.0030000000000001137,0.0,0.0,0.0,0.0,0.0,0.0,0.0,0.0
TYR 204,R TYR 204,0.0,0.0,0.0,0.0,0.0,0.0,0.0030000000000001137,0.0,0.0,-0.0030000000000001137,0.0,0.0,0.0,0.0,0.0,0.0,0.0,0.0
GLY 205,R GLY 205,0.0,0.0,0.0,0.0,0.0,0.0,-0.0010000000000047748,0.0,0.0,0.0010000000000000009,0.0,0.0,0.0,0.0,0.0,-4.440892098500626e-15,0.0,0.0
PRO 206,R PRO 206,0.0,0.0,0.0,0.0,0.0,0.0,0.004000000000001336,0.0,0.0,-0.003999999999997783,0.0,0.0,0.0,0.0,0.0,3.552713678800501e-15,0.0,0.0
MET 207,R MET 207,0.0,0.0,0.0,0.0,0.0,0.0,-0.001999999999995339,0.0,0.0,0.0030000000000001137,0.0,0.0,0.0,0.0,0.0,0.0010000000000047748,0.0,0.0
CYS 208,R CYS 208,0.0,0.0,0.0,0.0,0.0,0.0,-0.001999999999995339,0.0,0.0,0.0029999999999996696,0.0,0.0,0.0,0.0,0.0,0.0010000000000047748,0.0,0.0
ASP 209,R ASP 209,0.0,0.0,0.0,0.0,0.0,0.0,0.0009999999999976694,0.0,0.0,-0.0010000000000012221,0.0,0.0,0.0,0.0,0.0,-3.552713678800501e-15,0.0,0.0
ILE 210,R ILE 210,0.0,0.0,0.0,0.0,0.0,0.0,-0.0030000000000001137,0.0,0.0,0.0039999999999995595,0.0,0.0,0.0,0.0,0.0,0.0009999999999994458,0.0,0.0
LEU 211,R LEU 211,0.0,0.0,0.0,0.0,0.0,0.0,-0.0049999999999954525,0.0,0.0,0.0039999999999995595,0.0,0.0,0.0,0.0,0.0,-0.000999999999995893,0.0,0.0
TRP 212,R TRP 212,0.0,0.0,0.0,0.0,0.0,0.0,0.0,0.0,0.0,0.0,0.0,0.0,0.0,0.0,0.0,0.0,0.0,0.0
SER 213,R SER 213,0.0,0.0,0.0,0.0,0.0,0.0,-0.0040000000000048885,0.0,0.0,0.004999999999999893,0.0,0.0,0.0,0.0,0.0,0.0009999999999941167,0.0,0.0
ASP 214,R ASP 214,0.0,0.0,0.0,0.0,0.0,0.0,0.0030000000000001137,0.0,0.0,-0.0030000000000001137,0.0,0.0,0.0,0.0,0.0,0.0,0.0,0.0
PRO 215,R PRO 215,0.0,0.0,0.0,0.0,0.0,0.0,-0.0030000000000001137,0.0,0.0,0.0019999999999988916,0.0,0.0,0.0,0.0,0.0,-0.0010000000000012221,0.0,0.0
LEU 216,R LEU 216,0.0,0.0,0.0,0.0,0.0,0.0,-0.006000000000000227,0.0,0.0,0.004999999999999893,0.0,0.0,0.0,0.0,0.0,-0.001000000000000334,0.0,0.0
GLU 217,R GLU 217,0.0,0.0,0.0,0.0,0.0,0.0,-0.006999999999997897,0.0,0.0,0.006999999999997897,0.0,0.0,0.0,0.0,0.0,0.0,0.0,0.0
ASP 218,R ASP 218,0.0,0.0,0.0,0.0,0.0,0.0,-0.001999999999995339,0.0,0.0,0.0019999999999988916,0.0,0.0,0.0,0.0,0.0,3.552713678800501e-15,0.0,0.0
PHE 219,R PHE 219,0.0,0.0,0.0,0.0,0.0,0.0,-0.0030000000000001137,0.0,0.0,0.0030000000000001137,0.0,0.0,0.0,0.0,0.0,0.0,0.0,0.0
GLY 220,R GLY 220,0.0,0.0,0.0,0.0,0.0,0.0,-0.0010000000000047748,0.0,0.0,0.0,0.0,0.0,0.0,0.0,0.0,-0.0010000000000047748,0.0,0.0
ASN 221,R ASN 221,0.0,0.0,0.0,0.0,0.0,0.0,0.000999999999990564,0.0,0.0,-0.0009999999999998899,0.0,0.0,0.0,0.0,0.0,-9.769962616701378e-15,0.0,0.0
GLU 222,R GLU 222,0.0,0.0,0.0,0.0,0.0,0.0,-0.001999999999995339,0.0,0.0,0.0019999999999988916,0.0,0.0,0.0,0.0,0.0,3.552713678800501e-15,0.0,0.0
LYS 223,R LYS 223,0.0,0.0,0.0,0.0,0.0,0.0,-0.001999999999995339,0.0,0.0,0.0019999999999988916,0.0,0.0,0.0,0.0,0.0,3.552713678800501e-15,0.0,0.0
THR 224,R THR 224,0.0,0.0,0.0,0.0,0.0,0.0,0.0009999999999976694,0.0,0.0,-0.0009999999999994458,0.0,0.0,0.0,0.0,0.0,0.0,0.0,0.0
GLN 225,R GLN 225,0.0,0.0,0.0,0.0,0.0,0.0,0.0010000000000047748,0.0,0.0,-0.0009999999999994458,0.0,0.0,0.0,0.0,0.0,5.329070518200751e-15,0.0,0.0
GLU 226,R GLU 226,0.0,0.0,0.0,0.0,0.0,0.0,0.0010000000000047748,0.0,0.0,-0.0020000000000024443,0.0,0.0,0.0,0.0,0.0,-0.0009999999999976694,0.0,0.0
HIE 227,R HIE 227,0.0,0.0,0.0,0.0,0.0,0.0,-0.0020000000000095497,0.0,0.0,0.0020000000000000018,0.0,0.0,0.0,0.0,0.0,-9.769962616701378e-15,0.0,0.0
PHE 228,R PHE 228,0.0,0.0,0.0,0.0,0.0,0.0,0.0010000000000047748,0.0,0.0,-0.0009999999999994458,0.0,0.0,0.0,0.0,0.0,5.329070518200751e-15,0.0,0.0
THR 229,R THR 229,0.0,0.0,0.0,0.0,0.0,0.0,-0.0030000000000001137,0.0,0.0,0.0030000000000001137,0.0,0.0,0.0,0.0,0.0,0.0,0.0,0.0
HIE 230,R HIE 230,0.0,0.0,0.0,0.0,0.0,0.0,-0.001999999999995339,0.0,0.0,0.0020000000000000018,0.0,0.0,0.0,0.0,0.0,4.440892098500626e-15,0.0,0.0
ASN 231,R ASN 231,0.0,0.0,0.0,0.0,0.0,0.0,0.006000000000000227,0.0,0.0,-0.0050000000000001155,0.0,0.0,0.0,0.0,0.0,0.0009999999999994458,0.0,0.0
THR 232,R THR 232,0.0,0.0,0.0,0.0,0.0,0.0,0.009999999999990905,0.0,0.0,-0.009000000000000341,0.0,0.0,0.0,0.0,0.0,0.000999999999990564,0.0,0.0
VAL 233,R VAL 233,0.0,0.0,0.0,0.0,0.0,0.0,0.00999999999999801,0.0,0.0,-0.007000000000000561,0.0,0.0,0.0,0.0,0.0,0.002999999999997449,0.0,0.0
ARG 234,R ARG 234,0.0,0.0,0.0,0.0,0.0,0.0,-0.014000000000010004,0.0,0.0,0.014000000000002899,0.0,0.0,0.0,0.0,0.0,-7.105427357601002e-15,0.0,0.0
GLY 235,R GLY 235,0.0,0.0,0.0,0.0,0.0,0.0,0.0,0.0,0.0,-0.0010000000000000009,0.0,0.0,0.0,0.0,0.0,-0.0009999999999994458,0.0,0.0
CYS 236,R CYS 236,0.0,0.0,0.0,0.0,0.0,0.0,0.0,0.0,0.0,0.001000000000000334,0.0,0.0,0.0,0.0,0.0,0.001000000000000334,0.0,0.0
SER 237,R SER 237,0.0,0.0,0.0,0.0,0.0,0.0,0.006000000000000227,0.0,0.0,-0.006000000000000227,0.0,0.0,0.0,0.0,0.0,0.0,0.0,0.0
TYR 238,R TYR 238,0.0,0.0,0.0,0.0,0.0,0.0,-0.000999999999990564,0.0,0.0,0.001000000000000334,0.0,0.0,0.0,0.0,0.0,9.769962616701378e-15,0.0,0.0
PHE 239,R PHE 239,0.0,0.0,0.0,0.0,0.0,0.0,0.0030000000000001137,0.0,0.0,-0.0030000000000001137,0.0,0.0,0.0,0.0,0.0,0.0,0.0,0.0
TYR 240,R TYR 240,0.0,0.0,0.0,0.0,0.0,0.0,-0.000999999999990564,0.0,0.0,0.0009999999999998899,0.0,0.0,0.0,0.0,0.0,1.0658141036401503e-14,0.0,0.0
SER 241,R SER 241,0.0,0.0,0.0,0.0,0.0,0.0,0.0,0.0,0.0,0.0009999999999998899,0.0,0.0,0.0,0.0,0.0,0.0010000000000012221,0.0,0.0
TYR 242,R TYR 242,0.0,0.0,0.0,0.0,0.0,0.0,-0.0010000000000047748,0.0,0.0,0.0,0.0,0.0,0.0,0.0,0.0,-0.0010000000000047748,0.0,0.0
PRO 243,R PRO 243,0.0,0.0,0.0,0.0,0.0,0.0,-0.0020000000000024443,0.0,0.0,0.0009999999999976694,0.0,0.0,0.0,0.0,0.0,-0.0010000000000047748,0.0,0.0
ALA 244,R ALA 244,0.0,0.0,0.0,0.0,0.0,0.0,0.0,0.0,0.0,0.0,0.0,0.0,0.0,0.0,0.0,0.0,0.0,0.0
VAL 245,R VAL 245,0.0,0.0,0.0,0.0,0.0,0.0,0.0,0.0,0.0,0.0,0.0,0.0,0.0,0.0,0.0,0.0,0.0,0.0
CYS 246,R CYS 246,0.0,0.0,0.0,0.0,0.0,0.0,0.0,0.0,0.0,0.0,0.0,0.0,0.0,0.0,0.0,0.0,0.0,0.0
GLU 247,R GLU 247,0.0,0.0,0.0,0.0,0.0,0.0,-0.001999999999995339,0.0,0.0,0.0010000000000012221,0.0,0.0,0.0,0.0,0.0,-0.0009999999999941167,0.0,0.0
PHE 248,R PHE 248,0.0,0.0,0.0,0.0,0.0,0.0,0.0,0.0,0.0,0.0,0.0,0.0,0.0,0.0,0.0,0.0,0.0,0.0
LEU 249,R LEU 249,0.0,0.0,0.0,0.0,0.0,0.0,-0.0010000000000047748,0.0,0.0,0.001000000000000334,0.0,0.0,0.0,0.0,0.0,-3.552713678800501e-15,0.0,0.0
GLN 250,R GLN 250,0.0,0.0,0.0,0.0,0.0,0.0,-0.0010000000000047748,0.0,0.0,0.001000000000000334,0.0,0.0,0.0,0.0,0.0,-4.440892098500626e-15,0.0,0.0
HIE 251,R HIE 251,0.0,0.0,0.0,0.0,0.0,0.0,0.0,0.0,0.0,0.0,0.0,0.0,0.0,0.0,0.0,0.0,0.0,0.0
ASN 252,R ASN 252,0.0,0.0,0.0,0.0,0.0,0.0,-0.0010000000000047748,0.0,0.0,0.0,0.0,0.0,0.0,0.0,0.0,-0.0010000000000047748,0.0,0.0
ASN 253,R ASN 253,0.0,0.0,0.0,0.0,0.0,0.0,-0.0010000000000047748,0.0,0.0,0.0,0.0,0.0,0.0,0.0,0.0,-0.0010000000000047748,0.0,0.0
LEU 254,R LEU 254,0.0,0.0,0.0,0.0,0.0,0.0,0.0,0.0,0.0,-0.0009999999999998899,0.0,0.0,0.0,0.0,0.0,-0.0009999999999998899,0.0,0.0
LEU 255,R LEU 255,0.0,0.0,0.0,0.0,0.0,0.0,0.0,0.0,0.0,0.0,0.0,0.0,0.0,0.0,0.0,0.0,0.0,0.0
SER 256,R SER 256,0.0,0.0,0.0,0.0,0.0,0.0,0.0,0.0,0.0,0.0009999999999998899,0.0,0.0,0.0,0.0,0.0,0.0009999999999994458,0.0,0.0
ILE 257,R ILE 257,0.0,0.0,0.0,0.0,0.0,0.0,-0.0020000000000024443,0.0,0.0,0.0020000000000000018,0.0,0.0,0.0,0.0,0.0,-2.6645352591003757e-15,0.0,0.0
LEU 258,R LEU 258,0.0,0.0,0.0,-0.0009999999999994458,0.0,0.0,0.0020000000000095497,0.0,0.0,-0.0019999999999997797,0.0,0.0,0.0,0.0,0.0,-0.0009999999999950049,0.0,0.0
ARG 259,R ARG 259,0.0,0.0,0.0,0.0,0.0,0.0,0.009999999999990905,0.0,0.0,-0.007000000000005002,0.0,0.0,0.0,0.0,0.0,0.002999999999985903,0.0,0.0
ALA 260,R ALA 260,0.0,0.0,0.0,0.0,0.0,0.0,0.000999999999990564,0.0,0.0,0.0010000000000000009,0.0,0.0,0.0,0.0,0.0,0.0019999999999900098,0.0,0.0
HIE 261,R HIE 261,0.0,0.0,0.0,0.0,0.0,0.0,0.0040000000000048885,0.0,0.0,-0.0019999999999997797,0.0,0.0,0.0,0.0,0.0,0.002000000000005997,0.0,0.0
GLU 262,R GLU 262,0.0,0.0,0.0,0.0,0.0,0.0,-0.014000000000002899,0.0,0.0,0.015000000000000568,0.0,0.0,0.0,0.0,0.0,0.0009999999999976694,0.0,0.0
ALA 263,R ALA 263,0.0,0.0,0.0,0.0,0.0,0.0,0.0030000000000001137,0.0,0.0,-0.001000000000000334,0.0,0.0,0.0,0.0,0.0,0.0019999999999997797,0.0,0.0
GLN 264,R GLN 264,0.0,0.0,0.0,0.0,0.0,0.0,-0.009999999999990905,0.0,0.0,0.009000000000000341,0.0,0.0,0.0,0.0,0.0,-0.000999999999990564,0.0,0.0
ASP 265,R ASP 265,0.0,0.0,0.0,0.0,0.0,0.0,-0.04099999999999682,0.0,0.0,0.04099999999999682,0.0,0.0,0.0,0.0,0.0,0.0,0.0,0.0
ALA 266,R ALA 266,0.0,0.0,0.0,0.0,0.0,0.0,-0.006000000000000227,0.0,0.0,0.007000000000000006,0.0,0.0,0.0,0.0,0.0,0.001000000000000334,0.0,0.0
GLY 267,R GLY 267,0.0,0.0,0.0,0.0,0.0,0.0,0.008000000000009777,0.0,0.0,-0.008000000000000007,0.0,0.0,0.0,0.0,0.0,1.0658141036401503e-14,0.0,0.0
TYR 268,R TYR 268,0.0,0.0,0.0,0.0,0.0,0.0,-0.008000000000009777,0.0,0.0,0.008000000000000007,0.0,0.0,0.0,0.0,0.0,-9.769962616701378e-15,0.0,0.0
ARG 269,R ARG 269,0.0,0.0,0.0,0.0,0.0,0.0,0.021000000000000796,0.0,0.0,-0.021000000000000796,0.0,0.0,0.0,0.0,0.0,0.0,0.0,0.0
MET 270,R MET 270,0.0,0.0,0.0,0.0,0.0,0.0,-0.003999999999990678,0.0,0.0,0.0030000000000001137,0.0,0.0,0.0,0.0,0.0,-0.000999999999990564,0.0,0.0
TYR 271,R TYR 271,0.0,0.0,0.0,0.0,0.0,0.0,-0.0030000000000001137,0.0,0.0,0.0030000000000000027,0.0,0.0,0.0,0.0,0.0,0.0,0.0,0.0
ARG 272,R ARG 272,0.0,0.0,0.0,0.0,0.0,0.0,0.010000000000005116,0.0,0.0,-0.009000000000000341,0.0,0.0,0.0,0.0,0.0,0.0010000000000047748,0.0,0.0
LYS 273,R LYS 273,0.0,0.0,0.0,0.0,0.0,0.0,0.007999999999995566,0.0,0.0,-0.007999999999999119,0.0,0.0,0.0,0.0,0.0,-3.552713678800501e-15,0.0,0.0
SER 274,R SER 274,0.0,0.0,0.0,0.0,0.0,0.0,-0.0030000000000001137,0.0,0.0,0.0019999999999997797,0.0,0.0,0.0,0.0,0.0,-0.0010000000000012221,0.0,0.0
GLN 275,R GLN 275,0.0,0.0,0.0,0.0,0.0,0.0,-0.0020000000000095497,0.0,0.0,0.0019999999999997797,0.0,0.0,0.0,0.0,0.0,-9.769962616701378e-15,0.0,0.0
THR 276,R THR 276,0.0,0.0,0.0,0.0,0.0,0.0,0.0,0.0,0.0,0.001000000000000334,0.0,0.0,0.0,0.0,0.0,0.0009999999999994458,0.0,0.0
THR 277,R THR 277,0.0,0.0,0.0,0.0,0.0,0.0,0.0,0.0,0.0,0.0,0.0,0.0,0.0,0.0,0.0,0.0,0.0,0.0
GLY 278,R GLY 278,0.0,0.0,0.0,0.0,0.0,0.0,0.0,0.0,0.0,0.0,0.0,0.0,0.0,0.0,0.0,0.0,0.0,0.0
PHE 279,R PHE 279,0.0,0.0,0.0,0.0,0.0,0.0,0.0010000000000047748,0.0,0.0,-0.0009999999999998899,0.0,0.0,0.0,0.0,0.0,4.440892098500626e-15,0.0,0.0
PRO 280,R PRO 280,0.0,0.0,0.0,0.0,0.0,0.0,-0.007999999999995566,0.0,0.0,0.009000000000000341,0.0,0.0,0.0,0.0,0.0,0.0010000000000047748,0.0,0.0
SER 281,R SER 281,0.0,0.0,0.0,0.0,0.0,0.0,0.0,0.0,0.0,0.0,0.0,0.0,0.0,0.0,0.0,0.0,0.0,0.0
LEU 282,R LEU 282,0.0,0.0,0.0,0.0,0.0,0.0,-0.0010000000000047748,0.0,0.0,0.002000000000000224,0.0,0.0,0.0,0.0,0.0,0.000999999999995449,0.0,0.0
ILE 283,R ILE 283,0.0,0.0,0.0,0.0,0.0,0.0,0.0010000000000047748,0.0,0.0,-0.0009999999999998899,0.0,0.0,0.0,0.0,0.0,4.440892098500626e-15,0.0,0.0
THR 284,R THR 284,0.0,0.0,0.0,0.0,0.0,0.0,-0.001999999999995339,0.0,0.0,0.0029999999999992255,0.0,0.0,0.0,0.0,0.0,0.0010000000000038867,0.0,0.0
ILE 285,R ILE 285,0.0,0.0,0.0,0.0,0.0,0.0,0.001999999999995339,0.0,0.0,0.0009999999999998899,0.0,0.0,0.0,0.0,0.0,0.0029999999999952287,0.0,0.0
PHE 286,R PHE 286,0.0,0.0,0.0,0.0,0.0,0.0,-0.0040000000000048885,0.0,0.0,0.005999999999999783,0.0,0.0,0.0,0.0,0.0,0.001999999999995339,0.0,0.0
SER 287,R SER 287,0.0,0.0,0.0,0.0,0.0,0.0,-0.008000000000002672,0.0,0.0,0.01100000000000012,0.0,0.0,0.0,0.0,0.0,0.002999999999997449,0.0,0.0
ALA 288,R ALA 288,0.0,0.0,0.0,0.0,0.0,0.0,-0.007000000000005002,0.0,0.0,0.01200000000000001,0.0,0.0,0.0,0.0,0.0,0.0049999999999954525,0.0,0.0
PRO 289,R PRO 289,0.0,0.0,0.0,-0.0009999999999998899,0.0,0.0,-0.05099999999999838,0.0,0.0,0.06299999999999883,0.0,0.0,0.0,0.0,0.0,0.01099999999999568,0.0,0.0
ASN 290,R ASN 290,0.0,0.0,0.0,0.0,0.0,0.0,-0.021000000000000796,0.0,0.0,0.029000000000000803,0.0,0.0,0.0,0.0,0.0,0.008000000000000007,0.0,0.0
TYR 291,R TYR 291,0.0,0.0,0.0,-0.0009999999999998899,0.0,0.0,-0.03699999999999193,0.0,0.0,0.008000000000000007,0.0,0.0,0.0,0.0,0.0,-0.029999999999996696,0.0,0.0
LEU 292,R LEU 292,0.0,0.0,0.0,-0.0029999999999996696,0.0,0.0,-0.0689999999999884,0.0,0.0,0.014000000000000234,0.0,0.0,0.0,0.0,0.0,-0.05799999999998828,0.0,0.0
ASP 293,R ASP 293,0.0,0.0,0.0,-0.002000000000000224,0.0,0.0,-0.16800000000000637,0.0,0.0,0.16300000000000026,0.0,0.0,0.0,0.0,0.0,-0.0070000000000014495,0.0,0.0
VAL 294,R VAL 294,0.0,0.0,0.0,-0.0019999999999997797,0.0,0.0,-0.028000000000005798,0.0,0.0,0.07500000000000001,0.0,0.0,0.0,0.0,0.0,0.04499999999999904,0.0,0.0
TYR 295,R TYR 295,0.0,0.0,0.0,-0.001000000000000334,0.0,0.0,-0.036000000000001364,0.0,0.0,0.040000000000000036,0.0,0.0,0.0,0.0,0.0,0.0029999999999938964,0.0,0.0
ASN 296,R ASN 296,0.0,0.0,0.0,0.0,0.0,0.0,0.001999999999995339,0.0,0.0,-0.002000000000000668,0.0,0.0,0.0,0.0,0.0,-5.329070518200751e-15,0.0,0.0
ASN 297,R ASN 297,0.0,0.0,0.0,-0.0009999999999998899,0.0,0.0,-0.018000000000000682,0.0,0.0,0.020000000000000018,0.0,0.0,0.0,0.0,0.0,0.0009999999999945608,0.0,0.0
LYS 298,R LYS 298,0.0,0.0,0.0,0.0,0.0,0.0,0.049000000000006594,0.0,0.0,-0.04400000000000048,0.0,0.0,0.0,0.0,0.0,0.005000000000006111,0.0,0.0
ALA 299,R ALA 299,0.0,0.0,0.0,0.0,0.0,0.0,-0.009000000000000341,0.0,0.0,0.009999999999999787,0.0,0.0,0.0,0.0,0.0,0.0009999999999994458,0.0,0.0
ALA 300,R ALA 300,0.0,0.0,0.0,0.0,0.0,0.0,-0.006999999999990791,0.0,0.0,0.006999999999999673,0.0,0.0,0.0,0.0,0.0,8.881784197001252e-15,0.0,0.0
VAL 301,R VAL 301,0.0,0.0,0.0,0.0,0.0,0.0,-0.0040000000000048885,0.0,0.0,0.0040000000000000036,0.0,0.0,0.0,0.0,0.0,-4.884981308350689e-15,0.0,0.0
LEU 302,R LEU 302,0.0,0.0,0.0,0.0,0.0,0.0,-0.0030000000000001137,0.0,0.0,0.0040000000000000036,0.0,0.0,0.0,0.0,0.0,0.0009999999999994458,0.0,0.0
LYS 303,R LYS 303,0.0,0.0,0.0,0.0,0.0,0.0,0.016000000000005343,0.0,0.0,-0.015999999999998238,0.0,0.0,0.0,0.0,0.0,7.105427357601002e-15,0.0,0.0
TYR 304,R TYR 304,0.0,0.0,0.0,0.0,0.0,0.0,-0.001999999999995339,0.0,0.0,0.002000000000000224,0.0,0.0,0.0,0.0,0.0,5.329070518200751e-15,0.0,0.0
GLU 305,R GLU 305,0.0,0.0,0.0,0.0,0.0,0.0,-0.011000000000002785,0.0,0.0,0.009999999999999787,0.0,0.0,0.0,0.0,0.0,-0.0010000000000029985,0.0,0.0
ASN 306,R ASN 306,0.0,0.0,0.0,0.0,0.0,0.0,-0.0010000000000047748,0.0,0.0,0.001000000000000334,0.0,0.0,0.0,0.0,0.0,-4.440892098500626e-15,0.0,0.0
ASN 307,R ASN 307,0.0,0.0,0.0,0.0,0.0,0.0,0.0,0.0,0.0,0.0,0.0,0.0,0.0,0.0,0.0,0.0,0.0,0.0
VAL 308,R VAL 308,0.0,0.0,0.0,0.0,0.0,0.0,-0.001999999999995339,0.0,0.0,0.0009999999999998899,0.0,0.0,0.0,0.0,0.0,-0.0009999999999950049,0.0,0.0
MET 309,R MET 309,0.0,0.0,0.0,0.0,0.0,0.0,-0.0020000000000024443,0.0,0.0,0.0019999999999997797,0.0,0.0,0.0,0.0,0.0,-2.6645352591003757e-15,0.0,0.0
ASN 310,R ASN 310,0.0,0.0,0.0,0.0,0.0,0.0,0.0010000000000047748,0.0,0.0,0.0,0.0,0.0,0.0,0.0,0.0,0.0010000000000047748,0.0,0.0
ILE 311,R ILE 311,0.0,0.0,0.0,0.0,0.0,0.0,-0.001999999999995339,0.0,0.0,0.0020000000000000018,0.0,0.0,0.0,0.0,0.0,4.440892098500626e-15,0.0,0.0
ARG 312,R ARG 312,0.0,0.0,0.0,0.0,0.0,0.0,0.028999999999996362,0.0,0.0,-0.02800000000000047,0.0,0.0,0.0,0.0,0.0,0.000999999999995893,0.0,0.0
GLN 313,R GLN 313,0.0,0.0,0.0,0.0,0.0,0.0,-0.0010000000000047748,0.0,0.0,0.0009999999999998899,0.0,0.0,0.0,0.0,0.0,-4.440892098500626e-15,0.0,0.0
PHE 314,R PHE 314,0.0,0.0,0.0,0.0,0.0,0.0,-0.0020000000000095497,0.0,0.0,0.0019999999999997797,0.0,0.0,0.0,0.0,0.0,-9.769962616701378e-15,0.0,0.0
ASN 315,R ASN 315,0.0,0.0,0.0,0.0,0.0,0.0,0.009000000000000341,0.0,0.0,-0.006000000000000227,0.0,0.0,0.0,0.0,0.0,0.0030000000000001137,0.0,0.0
CYS 316,R CYS 316,0.0,0.0,0.0,0.0,0.0,0.0,0.003999999999990678,0.0,0.0,-0.0009999999999998899,0.0,0.0,0.0,0.0,0.0,0.002999999999991232,0.0,0.0
SER 317,R SER 317,0.0,0.0,0.0,0.0,0.0,0.0,-0.018000000000000682,0.0,0.0,0.0259999999999998,0.0,0.0,0.0,0.0,0.0,0.007999999999999119,0.0,0.0
PRO 318,R PRO 318,0.0,0.0,0.0,0.0,0.0,0.0,-0.036999999999999034,0.0,0.0,0.04399999999999693,0.0,0.0,0.0,0.0,0.0,0.006999999999997897,0.0,0.0
HIE 319,R HIE 319,0.0,0.0,0.0,-0.0009999999999998899,0.0,0.0,-0.01999999999999602,0.0,0.0,0.03799999999999999,0.0,0.0,0.0,0.0,0.0,0.016999999999998572,0.0,0.0
PRO 320,R PRO 320,0.0,0.0,0.0,-0.0009999999999998899,0.0,0.0,-0.06299999999999883,0.0,0.0,0.0660000000000025,0.0,0.0,0.0,0.0,0.0,0.002000000000005997,0.0,0.0
TYR 321,R TYR 321,0.0,0.0,0.0,-0.004999999999999893,0.0,0.0,0.038000000000010914,0.0,0.0,-0.129,0.0,0.0,0.0,0.0,0.0,-0.0959999999999841,0.0,0.0
TRP 322,R TRP 322,0.0,0.0,0.0,-0.019000000000000128,0.0,0.0,-0.1110000000000042,0.0,0.0,-0.03499999999999992,0.0,0.0,0.0,0.0,0.0,-0.16500000000000958,0.0,0.0
LEU 323,R LEU 323,0.0,0.0,0.0,-0.04400000000000004,0.0,0.0,0.06300000000000239,0.0,0.0,-0.6230000000000002,0.0,0.0,0.0,0.0,0.0,-0.6039999999999939,0.0,0.0
PRO 324,R PRO 324,0.0,0.0,0.0,-0.06800000000000006,0.0,0.0,0.004999999999999005,0.0,0.0,0.28000000000000114,0.0,0.0,0.0,0.0,0.0,0.2169999999999952,0.0,0.0
ASN 325,R ASN 325,0.0,0.0,0.0,-0.01200000000000001,0.0,0.0,0.06300000000000239,0.0,0.0,-0.01200000000000001,0.0,0.0,0.0,0.0,0.0,0.03900000000000192,0.0,0.0
PHE 326,R PHE 326,0.0,0.0,0.0,-0.006999999999999673,0.0,0.0,0.02400000000000091,0.0,0.0,-0.020000000000000462,0.0,0.0,0.0,0.0,0.0,-0.0030000000000045546,0.0,0.0
MET 327,R MET 327,0.0,0.0,0.0,-0.016000000000000014,0.0,0.0,-0.0589999999999975,0.0,0.0,-0.07799999999999985,0.0,0.0,0.0,0.0,0.0,-0.15300000000000313,0.0,0.0
ASP 328,R ASP 328,0.0,0.0,0.0,-0.022999999999999687,0.0,0.0,0.09899999999999665,0.0,0.0,0.06300000000000239,0.0,0.0,0.0,0.0,0.0,0.1390000000000029,0.0,0.0
VAL 329,R VAL 329,0.0,0.0,0.0,-0.057000000000000384,0.0,0.0,0.0519999999999996,0.0,0.0,-0.11399999999999999,0.0,0.0,0.0,0.0,0.0,-0.11900000000000255,0.0,0.0
PHE 330,R PHE 330,0.0,0.0,0.0,-0.032999999999999474,0.0,0.0,0.007999999999995566,0.0,0.0,0.0129999999999999,0.0,0.0,0.0,0.0,0.0,-0.012000000000005784,0.0,0.0
THR 331,R THR 331,0.0,0.0,0.0,-0.06400000000000006,0.0,0.0,-0.012999999999991019,0.0,0.0,-0.2410000000000001,0.0,0.0,0.0,0.0,0.0,-0.31799999999999073,0.0,0.0
TRP 332,R TRP 332,0.0,0.0,0.0,-0.6319999999999997,0.0,0.0,-0.19400000000000261,0.0,0.0,0.5479999999999999,0.0,0.0,-0.0319032,0.0,0.0,-0.30990320000000793,0.0,0.0
SER 333,R SER 333,0.0,0.0,0.0,-0.5419999999999998,0.0,0.0,-0.14699999999999847,0.0,0.0,0.01200000000000001,0.0,0.0,-0.0380664,0.0,0.0,-0.7150663999999995,0.0,0.0
LEU 334,R LEU 334,0.0,0.0,0.0,-0.10699999999999976,0.0,0.0,-0.10599999999999454,0.0,0.0,-0.19500000000000006,0.0,0.0,0.0,0.0,0.0,-0.40799999999999415,0.0,0.0
PRO 335,R PRO 335,0.0,0.0,0.0,-0.5130000000000003,0.0,0.0,-0.8539999999999992,0.0,0.0,1.6419999999999995,0.0,0.0,-0.0489888,0.0,0.0,0.22601120000000208,0.0,0.0
PHE 336,R PHE 336,0.0,0.0,0.0,-0.5439999999999996,0.0,0.0,-0.17600000000000193,0.0,0.0,0.2639999999999998,0.0,0.0,-0.008604,0.0,0.0,-0.4646040000000138,0.0,0.0
VAL 337,R VAL 337,0.0,0.0,0.0,-0.09099999999999975,0.0,0.0,-0.0309999999999917,0.0,0.0,-0.04200000000000026,0.0,0.0,0.0,0.0,0.0,-0.1639999999999926,0.0,0.0
GLY 338,R GLY 338,0.0,0.0,0.0,-0.04900000000000038,0.0,0.0,0.18200000000000216,0.0,0.0,-0.09599999999999997,0.0,0.0,0.0,0.0,0.0,0.03699999999999548,0.0,0.0
GLU 339,R GLU 339,0.0,0.0,0.0,-0.0940000000000003,0.0,0.0,0.012999999999998124,0.0,0.0,-0.22299999999999898,0.0,0.0,0.0,0.0,0.0,-0.30399999999999494,0.0,0.0
LYS 340,R LYS 340,0.0,0.0,0.0,-0.036000000000000476,0.0,0.0,0.20300000000000296,0.0,0.0,-0.2680000000000007,0.0,0.0,0.0,0.0,0.0,-0.10099999999999909,0.0,0.0
VAL 341,R VAL 341,0.0,0.0,0.0,-0.008000000000000007,0.0,0.0,0.04000000000000625,0.0,0.0,0.017999999999999794,0.0,0.0,0.0,0.0,0.0,0.05000000000000959,0.0,0.0
THR 342,R THR 342,0.0,0.0,0.0,-0.005999999999999783,0.0,0.0,0.04999999999999716,0.0,0.0,-0.03100000000000014,0.0,0.0,0.0,0.0,0.0,0.012999999999996348,0.0,0.0
GLU 343,R GLU 343,0.0,0.0,0.0,-0.005999999999999783,0.0,0.0,0.013999999999995794,0.0,0.0,0.0030000000000001137,0.0,0.0,0.0,0.0,0.0,0.01099999999999568,0.0,0.0
MET 344,R MET 344,0.0,0.0,0.0,-0.0030000000000001137,0.0,0.0,0.02200000000000557,0.0,0.0,-0.006000000000000227,0.0,0.0,0.0,0.0,0.0,0.01300000000000523,0.0,0.0
LEU 345,R LEU 345,0.0,0.0,0.0,-0.0009999999999998899,0.0,0.0,0.012000000000000455,0.0,0.0,0.01499999999999968,0.0,0.0,0.0,0.0,0.0,0.02599999999999536,0.0,0.0
VAL 346,R VAL 346,0.0,0.0,0.0,-0.0009999999999998899,0.0,0.0,0.010000000000005116,0.0,0.0,0.006999999999999951,0.0,0.0,0.0,0.0,0.0,0.016000000000000014,0.0,0.0
ASN 347,R ASN 347,0.0,0.0,0.0,-0.0009999999999994458,0.0,0.0,0.01100000000000989,0.0,0.0,0.006000000000000005,0.0,0.0,0.0,0.0,0.0,0.016000000000005343,0.0,0.0
VAL 348,R VAL 348,0.0,0.0,0.0,0.0,0.0,0.0,0.0049999999999954525,0.0,0.0,0.007999999999999993,0.0,0.0,0.0,0.0,0.0,0.01299999999999546,0.0,0.0
LEU 349,R LEU 349,0.0,0.0,0.0,0.0,0.0,0.0,0.001999999999995339,0.0,0.0,0.0030000000000000027,0.0,0.0,0.0,0.0,0.0,0.0049999999999954525,0.0,0.0
ASN 350,R ASN 350,0.0,0.0,0.0,0.0,0.0,0.0,0.0049999999999954525,0.0,0.0,-0.0019999999999997797,0.0,0.0,0.0,0.0,0.0,0.002999999999995673,0.0,0.0
ILE 351,R ILE 351,0.0,0.0,0.0,0.0,0.0,0.0,0.0020000000000095497,0.0,0.0,-0.001000000000000334,0.0,0.0,0.0,0.0,0.0,0.0010000000000092157,0.0,0.0
CYS 352,R CYS 352,0.0,0.0,0.0,0.0,0.0,0.0,0.06099999999999994,0.0,0.0,-0.06100000000000705,0.0,0.0,0.0,0.0,0.0,0.0,0.0,0.0
GLY 353,R GLY 353,0.0,0.0,0.0,0.0,0.0,0.0,0.02199999999999136,0.0,0.0,-0.02200000000000557,0.0,0.0,0.0,0.0,0.0,-1.4210854715202004e-14,0.0,0.0
ASN 354,R ASN 354,0.0,0.0,0.0,0.0,0.0,0.0,0.0010000000000047748,0.0,0.0,-0.0009999999999998899,0.0,0.0,0.0,0.0,0.0,4.884981308350689e-15,0.0,0.0
GLU 355,R GLU 355,0.0,0.0,0.0,0.0,0.0,0.0,-0.0030000000000001137,0.0,0.0,0.0030000000000001137,0.0,0.0,0.0,0.0,0.0,0.0,0.0,0.0
ALA 356,R ALA 356,0.0,0.0,0.0,0.0,0.0,0.0,-0.001999999999995339,0.0,0.0,0.002000000000000668,0.0,0.0,0.0,0.0,0.0,5.329070518200751e-15,0.0,0.0
SER 357,R SER 357,0.0,0.0,0.0,0.0,0.0,0.0,0.0010000000000047748,0.0,0.0,-0.0009999999999994458,0.0,0.0,0.0,0.0,0.0,5.329070518200751e-15,0.0,0.0
TYR 358,R TYR 358,0.0,0.0,0.0,0.0,0.0,0.0,-0.0009999999999976694,0.0,0.0,0.002000000000000668,0.0,0.0,0.0,0.0,0.0,0.0010000000000029985,0.0,0.0
PRO 359,R PRO 359,0.0,0.0,0.0,0.0,0.0,0.0,-0.004000000000001336,0.0,0.0,0.004000000000001336,0.0,0.0,0.0,0.0,0.0,0.0,0.0,0.0
LEU 360,R LEU 360,0.0,0.0,0.0,0.0,0.0,0.0,0.001999999999995339,0.0,0.0,-0.001000000000000334,0.0,0.0,0.0,0.0,0.0,0.0009999999999950049,0.0,0.0
GLU 361,R GLU 361,0.0,0.0,0.0,0.0,0.0,0.0,-0.0049999999999954525,0.0,0.0,0.006000000000000227,0.0,0.0,0.0,0.0,0.0,0.0010000000000047748,0.0,0.0
MET 362,R MET 362,0.0,0.0,0.0,0.0,0.0,0.0,0.0020000000000095497,0.0,0.0,-0.0019999999999997797,0.0,0.0,0.0,0.0,0.0,8.881784197001252e-15,0.0,0.0
CYS 363,R CYS 363,0.0,0.0,0.0,0.0,0.0,0.0,-0.0040000000000048885,0.0,0.0,0.004000000000000448,0.0,0.0,0.0,0.0,0.0,-4.440892098500626e-15,0.0,0.0
SER 364,R SER 364,0.0,0.0,0.0,0.0,0.0,0.0,0.0,0.0,0.0,0.0,0.0,0.0,0.0,0.0,0.0,0.0,0.0,0.0
HIE 365,R HIE 365,0.0,0.0,0.0,0.0,0.0,0.0,0.0040000000000048885,0.0,0.0,-0.0040000000000000036,0.0,0.0,0.0,0.0,0.0,4.440892098500626e-15,0.0,0.0
PHE 366,R PHE 366,0.0,0.0,0.0,0.0,0.0,0.0,-0.000999999999990564,0.0,0.0,0.0019999999999997797,0.0,0.0,0.0,0.0,0.0,0.001000000000010104,0.0,0.0
ASP 367,R ASP 367,0.0,0.0,0.0,0.0,0.0,0.0,0.0030000000000001137,0.0,0.0,-0.0030000000000001137,0.0,0.0,0.0,0.0,0.0,0.0,0.0,0.0
ALA 368,R ALA 368,0.0,0.0,0.0,0.0,0.0,0.0,-0.0020000000000095497,0.0,0.0,0.0009999999999998899,0.0,0.0,0.0,0.0,0.0,-0.0010000000000092157,0.0,0.0
ASP 369,R ASP 369,0.0,0.0,0.0,-0.0009999999999994458,0.0,0.0,0.006000000000000227,0.0,0.0,-0.005000000000000782,0.0,0.0,0.0,0.0,0.0,8.881784197001252e-15,0.0,0.0
GLU 370,R GLU 370,0.0,0.0,0.0,0.0,0.0,0.0,0.0030000000000001137,0.0,0.0,-0.0039999999999995595,0.0,0.0,0.0,0.0,0.0,-0.0009999999999994458,0.0,0.0
ILE 371,R ILE 371,0.0,0.0,0.0,0.0,0.0,0.0,-0.0020000000000095497,0.0,0.0,0.001000000000000334,0.0,0.0,0.0,0.0,0.0,-0.0010000000000092157,0.0,0.0
LYS 372,R LYS 372,0.0,0.0,0.0,0.0,0.0,0.0,-0.008000000000009777,0.0,0.0,0.007999999999999119,0.0,0.0,0.0,0.0,0.0,-1.0658141036401503e-14,0.0,0.0
ARG 373,R ARG 373,0.0,0.0,0.0,0.0,0.0,0.0,-0.007999999999995566,0.0,0.0,0.012000000000000455,0.0,0.0,0.0,0.0,0.0,0.0040000000000048885,0.0,0.0
LEU 374,R LEU 374,0.0,0.0,0.0,0.0,0.0,0.0,-0.0030000000000001137,0.0,0.0,0.0040000000000000036,0.0,0.0,0.0,0.0,0.0,0.0009999999999994458,0.0,0.0
GLY 375,R GLY 375,0.0,0.0,0.0,0.0,0.0,0.0,-0.0040000000000048885,0.0,0.0,0.0030000000000001137,0.0,0.0,0.0,0.0,0.0,-0.0010000000000047748,0.0,0.0
LYS 376,R LYS 376,0.0,0.0,0.0,0.0,0.0,0.0,-0.0049999999999954525,0.0,0.0,0.006999999999997897,0.0,0.0,0.0,0.0,0.0,0.0020000000000024443,0.0,0.0
ARG 377,R ARG 377,0.0,0.0,0.0,0.0,0.0,0.0,-0.000999999999990564,0.0,0.0,0.006999999999997897,0.0,0.0,0.0,0.0,0.0,0.006000000000007333,0.0,0.0
PHE 378,R PHE 378,0.0,0.0,0.0,0.0,0.0,0.0,-0.0040000000000048885,0.0,0.0,0.0030000000000001137,0.0,0.0,0.0,0.0,0.0,-0.0010000000000047748,0.0,0.0
LYS 379,R LYS 379,0.0,0.0,0.0,0.0,0.0,0.0,0.0,0.0,0.0,0.0,0.0,0.0,0.0,0.0,0.0,0.0,0.0,0.0
LYS 380,R LYS 380,0.0,0.0,0.0,0.0,0.0,0.0,0.001999999999995339,0.0,0.0,0.0,0.0,0.0,0.0,0.0,0.0,0.001999999999995339,0.0,0.0
LEU 381,R LEU 381,0.0,0.0,0.0,0.0,0.0,0.0,-0.0049999999999954525,0.0,0.0,0.006999999999999673,0.0,0.0,0.0,0.0,0.0,0.0020000000000042206,0.0,0.0
ASP 382,R ASP 382,0.0,0.0,0.0,0.0,0.0,0.0,-0.01099999999999568,0.0,0.0,0.01099999999999568,0.0,0.0,0.0,0.0,0.0,0.0,0.0,0.0
LEU 383,R LEU 383,0.0,0.0,0.0,0.0,0.0,0.0,0.0,0.0,0.0,-0.0009999999999994458,0.0,0.0,0.0,0.0,0.0,-0.0009999999999994458,0.0,0.0
ASP 384,R ASP 384,0.0,0.0,0.0,0.0,0.0,0.0,-0.006999999999997897,0.0,0.0,0.005999999999996675,0.0,0.0,0.0,0.0,0.0,-0.0010000000000012221,0.0,0.0
ASN 385,R ASN 385,0.0,0.0,0.0,0.0,0.0,0.0,0.001999999999995339,0.0,0.0,-0.0019999999999997797,0.0,0.0,0.0,0.0,0.0,-4.440892098500626e-15,0.0,0.0
SER 386,R SER 386,0.0,0.0,0.0,0.0,0.0,0.0,-0.000999999999990564,0.0,0.0,0.001000000000000334,0.0,0.0,0.0,0.0,0.0,1.0658141036401503e-14,0.0,0.0
GLY 387,R GLY 387,0.0,0.0,0.0,0.0,0.0,0.0,0.0010000000000047748,0.0,0.0,-0.0009999999999998899,0.0,0.0,0.0,0.0,0.0,5.329070518200751e-15,0.0,0.0
SER 388,R SER 388,0.0,0.0,0.0,0.0,0.0,0.0,0.0020000000000024443,0.0,0.0,0.0,0.0,0.0,0.0,0.0,0.0,0.0020000000000024443,0.0,0.0
LEU 389,R LEU 389,0.0,0.0,0.0,0.0,0.0,0.0,-0.005000000000009663,0.0,0.0,0.007000000000000117,0.0,0.0,0.0,0.0,0.0,0.0019999999999900098,0.0,0.0
SER 390,R SER 390,0.0,0.0,0.0,0.0,0.0,0.0,0.0,0.0,0.0,0.0009999999999994458,0.0,0.0,0.0,0.0,0.0,0.0009999999999994458,0.0,0.0
VAL 391,R VAL 391,0.0,0.0,0.0,-0.0009999999999998899,0.0,0.0,-0.0030000000000001137,0.0,0.0,0.005999999999999783,0.0,0.0,0.0,0.0,0.0,0.001999999999995339,0.0,0.0
GLU 392,R GLU 392,0.0,0.0,0.0,0.0,0.0,0.0,-0.01899999999999835,0.0,0.0,0.015000000000000568,0.0,0.0,0.0,0.0,0.0,-0.003999999999997783,0.0,0.0
GLU 393,R GLU 393,0.0,0.0,0.0,0.0,0.0,0.0,-0.01099999999999568,0.0,0.0,0.012000000000000455,0.0,0.0,0.0,0.0,0.0,0.0010000000000047748,0.0,0.0
PHE 394,R PHE 394,0.0,0.0,0.0,0.0,0.0,0.0,0.0030000000000001137,0.0,0.0,0.0040000000000000036,0.0,0.0,0.0,0.0,0.0,0.006999999999999673,0.0,0.0
MET 395,R MET 395,0.0,0.0,0.0,0.0,0.0,0.0,-0.0030000000000001137,0.0,0.0,0.0019999999999997797,0.0,0.0,0.0,0.0,0.0,-0.001000000000000334,0.0,0.0
SER 396,R SER 396,0.0,0.0,0.0,0.0,0.0,0.0,-0.0009999999999976694,0.0,0.0,0.0030000000000001137,0.0,0.0,0.0,0.0,0.0,0.0020000000000024443,0.0,0.0
LEU 397,R LEU 397,0.0,0.0,0.0,-0.001000000000000334,0.0,0.0,-0.015000000000000568,0.0,0.0,0.02400000000000091,0.0,0.0,0.0,0.0,0.0,0.007999999999995566,0.0,0.0
PRO 398,R PRO 398,0.0,0.0,0.0,-0.001000000000000112,0.0,0.0,-0.019999999999999574,0.0,0.0,0.030000000000001137,0.0,0.0,0.0,0.0,0.0,0.008999999999996788,0.0,0.0
GLU 399,R GLU 399,0.0,0.0,0.0,-0.0020000000000000018,0.0,0.0,-0.018000000000000682,0.0,0.0,0.02300000000000324,0.0,0.0,0.0,0.0,0.0,0.003000000000007219,0.0,0.0
LEU 400,R LEU 400,0.0,0.0,0.0,-0.001000000000000334,0.0,0.0,-0.0040000000000048885,0.0,0.0,0.02400000000000002,0.0,0.0,0.0,0.0,0.0,0.018999999999990358,0.0,0.0
GLN 401,R GLN 401,0.0,0.0,0.0,-0.002000000000000224,0.0,0.0,-0.025000000000005684,0.0,0.0,0.06199999999999939,0.0,0.0,0.0,0.0,0.0,0.034999999999984155,0.0,0.0
GLN 402,R GLN 402,0.0,0.0,0.0,-0.010000000000000009,0.0,0.0,0.014000000000002899,0.0,0.0,0.052999999999999936,0.0,0.0,0.0,0.0,0.0,0.05700000000001193,0.0,0.0
ASN 403,R ASN 403,0.0,0.0,0.0,-0.008999999999999897,0.0,0.0,0.020000000000010232,0.0,0.0,-0.027999999999999997,0.0,0.0,0.0,0.0,0.0,-0.016999999999988802,0.0,0.0
PRO 404,R PRO 404,0.0,0.0,0.0,-0.0129999999999999,0.0,0.0,-0.08399999999999963,0.0,0.0,0.16499999999999915,0.0,0.0,0.0,0.0,0.0,0.06799999999999429,0.0,0.0
LEU 405,R LEU 405,0.0,0.0,0.0,-0.005999999999999783,0.0,0.0,0.001999999999995339,0.0,0.0,0.04900000000000038,0.0,0.0,0.0,0.0,0.0,0.04499999999999549,0.0,0.0
VAL 406,R VAL 406,0.0,0.0,0.0,-0.002000000000000224,0.0,0.0,0.006999999999997897,0.0,0.0,0.016000000000000014,0.0,0.0,0.0,0.0,0.0,0.020999999999995467,0.0,0.0
GLN 407,R GLN 407,0.0,0.0,0.0,-0.0009999999999994458,0.0,0.0,0.00999999999999801,0.0,0.0,-0.0010000000000012221,0.0,0.0,0.0,0.0,0.0,0.007999999999992013,0.0,0.0
ARG 408,R ARG 408,0.0,0.0,0.0,-0.0019999999999997797,0.0,0.0,0.0870000000000033,0.0,0.0,-0.036999999999999034,0.0,0.0,0.0,0.0,0.0,0.048000000000008924,0.0,0.0
VAL 409,R VAL 409,0.0,0.0,0.0,-0.0009999999999994458,0.0,0.0,0.009000000000000341,0.0,0.0,0.016000000000000014,0.0,0.0,0.0,0.0,0.0,0.023999999999997357,0.0,0.0
ILE 410,R ILE 410,0.0,0.0,0.0,0.0,0.0,0.0,0.006000000000000227,0.0,0.0,0.0030000000000001137,0.0,0.0,0.0,0.0,0.0,0.009000000000000341,0.0,0.0
ASP 411,R ASP 411,0.0,0.0,0.0,0.0,0.0,0.0,-0.021000000000000796,0.0,0.0,0.02300000000000324,0.0,0.0,0.0,0.0,0.0,0.0020000000000024443,0.0,0.0
ILE 412,R ILE 412,0.0,0.0,0.0,-0.0009999999999998899,0.0,0.0,0.005000000000002558,0.0,0.0,0.008000000000000007,0.0,0.0,0.0,0.0,0.0,0.01199999999999779,0.0,0.0
PHE 413,R PHE 413,0.0,0.0,0.0,0.0,0.0,0.0,0.006000000000000227,0.0,0.0,-0.0030000000000001137,0.0,0.0,0.0,0.0,0.0,0.0030000000000001137,0.0,0.0
ASP 414,R ASP 414,0.0,0.0,0.0,-0.0009999999999994458,0.0,0.0,-0.02400000000000091,0.0,0.0,0.021000000000000796,0.0,0.0,0.0,0.0,0.0,-0.0040000000000048885,0.0,0.0
THR 415,R THR 415,0.0,0.0,0.0,0.0,0.0,0.0,-0.0030000000000001137,0.0,0.0,0.0020000000000000018,0.0,0.0,0.0,0.0,0.0,-0.0010000000000012221,0.0,0.0
ASP 416,R ASP 416,0.0,0.0,0.0,0.0,0.0,0.0,-0.015000000000000568,0.0,0.0,0.015000000000000568,0.0,0.0,0.0,0.0,0.0,0.0,0.0,0.0
GLY 417,R GLY 417,0.0,0.0,0.0,0.0,0.0,0.0,0.001999999999995339,0.0,0.0,-0.0019999999999988916,0.0,0.0,0.0,0.0,0.0,-3.552713678800501e-15,0.0,0.0
ASN 418,R ASN 418,0.0,0.0,0.0,-0.0009999999999998899,0.0,0.0,-0.0010000000000047748,0.0,0.0,0.0020000000000000018,0.0,0.0,0.0,0.0,0.0,4.440892098500626e-15,0.0,0.0
GLY 419,R GLY 419,0.0,0.0,0.0,0.0,0.0,0.0,0.0010000000000047748,0.0,0.0,-0.0009999999999994458,0.0,0.0,0.0,0.0,0.0,5.329070518200751e-15,0.0,0.0
GLU 420,R GLU 420,0.0,0.0,0.0,0.0,0.0,0.0,-0.017000000000003013,0.0,0.0,0.018000000000000682,0.0,0.0,0.0,0.0,0.0,0.0009999999999976694,0.0,0.0
VAL 421,R VAL 421,0.0,0.0,0.0,0.0,0.0,0.0,0.0,0.0,0.0,0.0019999999999997797,0.0,0.0,0.0,0.0,0.0,0.0019999999999988916,0.0,0.0
ASP 422,R ASP 422,0.0,0.0,0.0,0.0,0.0,0.0,-0.015000000000000568,0.0,0.0,0.012999999999998124,0.0,0.0,0.0,0.0,0.0,-0.0020000000000024443,0.0,0.0
PHE 423,R PHE 423,0.0,0.0,0.0,0.0,0.0,0.0,0.0,0.0,0.0,0.0009999999999998899,0.0,0.0,0.0,0.0,0.0,0.0009999999999998899,0.0,0.0
LYS 424,R LYS 424,0.0,0.0,0.0,0.0,0.0,0.0,0.010000000000005116,0.0,0.0,-0.006000000000000227,0.0,0.0,0.0,0.0,0.0,0.0040000000000048885,0.0,0.0
GLU 425,R GLU 425,0.0,0.0,0.0,0.0,0.0,0.0,-0.012000000000000455,0.0,0.0,0.013000000000001677,0.0,0.0,0.0,0.0,0.0,0.0010000000000012221,0.0,0.0
PHE 426,R PHE 426,0.0,0.0,0.0,0.0,0.0,0.0,-0.001999999999995339,0.0,0.0,0.0020000000000000018,0.0,0.0,0.0,0.0,0.0,4.440892098500626e-15,0.0,0.0
ILE 427,R ILE 427,0.0,0.0,0.0,0.0,0.0,0.0,0.0,0.0,0.0,0.0020000000000000018,0.0,0.0,0.0,0.0,0.0,0.002000000000000668,0.0,0.0
GLU 428,R GLU 428,0.0,0.0,0.0,0.0,0.0,0.0,-0.006000000000000227,0.0,0.0,0.004000000000001336,0.0,0.0,0.0,0.0,0.0,-0.0019999999999988916,0.0,0.0
GLY 429,R GLY 429,0.0,0.0,0.0,-0.001000000000000334,0.0,0.0,0.0,0.0,0.0,0.008999999999998565,0.0,0.0,0.0,0.0,0.0,0.00799999999999379,0.0,0.0
VAL 430,R VAL 430,0.0,0.0,0.0,-0.0009999999999994458,0.0,0.0,0.000999999999990564,0.0,0.0,0.0050000000000000044,0.0,0.0,0.0,0.0,0.0,0.004999999999993676,0.0,0.0
SER 431,R SER 431,0.0,0.0,0.0,0.0,0.0,0.0,0.0049999999999954525,0.0,0.0,0.0,0.0,0.0,0.0,0.0,0.0,0.0049999999999954525,0.0,0.0
GLN 432,R GLN 432,0.0,0.0,0.0,-0.0009999999999994458,0.0,0.0,0.0040000000000048885,0.0,0.0,0.01200000000000001,0.0,0.0,0.0,0.0,0.0,0.015000000000013891,0.0,0.0
PHE 433,R PHE 433,0.0,0.0,0.0,-0.0009999999999998899,0.0,0.0,0.007000000000005002,0.0,0.0,-0.007000000000000117,0.0,0.0,0.0,0.0,0.0,-0.001000000000000334,0.0,0.0
SER 434,R SER 434,0.0,0.0,0.0,0.0,0.0,0.0,-0.0049999999999954525,0.0,0.0,0.004999999999999893,0.0,0.0,0.0,0.0,0.0,3.552713678800501e-15,0.0,0.0
VAL 435,R VAL 435,0.0,0.0,0.0,-0.0009999999999998899,0.0,0.0,-0.009000000000000341,0.0,0.0,0.011999999999999567,0.0,0.0,0.0,0.0,0.0,0.0019999999999935625,0.0,0.0
LYS 436,R LYS 436,0.0,0.0,0.0,0.0,0.0,0.0,-0.01999999999999602,0.0,0.0,0.022000000000002018,0.0,0.0,0.0,0.0,0.0,0.002000000000005997,0.0,0.0
GLY 437,R GLY 437,0.0,0.0,0.0,0.0,0.0,0.0,0.009000000000000341,0.0,0.0,-0.0030000000000001137,0.0,0.0,0.0,0.0,0.0,0.006000000000000227,0.0,0.0
ASP 438,R ASP 438,0.0,0.0,0.0,0.0,0.0,0.0,-0.0040000000000048885,0.0,0.0,0.005000000000002558,0.0,0.0,0.0,0.0,0.0,0.0009999999999976694,0.0,0.0
LYS 439,R LYS 439,0.0,0.0,0.0,0.0,0.0,0.0,-0.018000000000000682,0.0,0.0,0.030999999999998806,0.0,0.0,0.0,0.0,0.0,0.012999999999998124,0.0,0.0
GLU 440,R GLU 440,0.0,0.0,0.0,-0.0009999999999998899,0.0,0.0,-0.009000000000000341,0.0,0.0,0.0010000000000012221,0.0,0.0,0.0,0.0,0.0,-0.009000000000003894,0.0,0.0
GLN 441,R GLN 441,0.0,0.0,0.0,0.0,0.0,0.0,-0.011999999999986244,0.0,0.0,0.02699999999999969,0.0,0.0,0.0,0.0,0.0,0.015000000000013447,0.0,0.0
LYS 442,R LYS 442,0.0,0.0,0.0,-0.001000000000000334,0.0,0.0,-0.0030000000000001137,0.0,0.0,0.03399999999999892,0.0,0.0,0.0,0.0,0.0,0.030000000000008242,0.0,0.0
LEU 443,R LEU 443,0.0,0.0,0.0,-0.0009999999999994458,0.0,0.0,-0.013999999999995794,0.0,0.0,0.015000000000000568,0.0,0.0,0.0,0.0,0.0,0.0,0.0,0.0
ARG 444,R ARG 444,0.0,0.0,0.0,-0.0009999999999994458,0.0,0.0,0.013999999999995794,0.0,0.0,0.021000000000000796,0.0,0.0,0.0,0.0,0.0,0.033999999999991815,0.0,0.0
PHE 445,R PHE 445,0.0,0.0,0.0,-0.001000000000000334,0.0,0.0,-0.01300000000000523,0.0,0.0,0.008999999999999897,0.0,0.0,0.0,0.0,0.0,-0.005000000000009663,0.0,0.0
ALA 446,R ALA 446,0.0,0.0,0.0,-0.0030000000000001137,0.0,0.0,-0.022999999999996135,0.0,0.0,0.017000000000000348,0.0,0.0,0.0,0.0,0.0,-0.0089999999999959,0.0,0.0
PHE 447,R PHE 447,0.0,0.0,0.0,-0.0019999999999997797,0.0,0.0,-0.016000000000005343,0.0,0.0,0.016000000000000014,0.0,0.0,0.0,0.0,0.0,-0.002000000000000668,0.0,0.0
ARG 448,R ARG 448,0.0,0.0,0.0,-0.001000000000000334,0.0,0.0,0.04399999999999693,0.0,0.0,-0.006000000000000227,0.0,0.0,0.0,0.0,0.0,0.03700000000000614,0.0,0.0
ILE 449,R ILE 449,0.0,0.0,0.0,-0.0030000000000001137,0.0,0.0,-0.02200000000000557,0.0,0.0,-0.009999999999999787,0.0,0.0,0.0,0.0,0.0,-0.03500000000000547,0.0,0.0
TYR 450,R TYR 450,0.0,0.0,0.0,-0.0030000000000001137,0.0,0.0,-0.019000000000005457,0.0,0.0,0.02600000000000069,0.0,0.0,0.0,0.0,0.0,0.003999999999980908,0.0,0.0
ASP 451,R ASP 451,0.0,0.0,0.0,-0.0009999999999994458,0.0,0.0,-0.04200000000000159,0.0,0.0,0.056999999999995055,0.0,0.0,0.0,0.0,0.0,0.014000000000002899,0.0,0.0
MET 452,R MET 452,0.0,0.0,0.0,0.0,0.0,0.0,-0.0010000000000047748,0.0,0.0,0.016999999999999904,0.0,0.0,0.0,0.0,0.0,0.015999999999994685,0.0,0.0
ASP 453,R ASP 453,0.0,0.0,0.0,0.0,0.0,0.0,-0.02599999999999625,0.0,0.0,0.022999999999996135,0.0,0.0,0.0,0.0,0.0,-0.0030000000000001137,0.0,0.0
LYS 454,R LYS 454,0.0,0.0,0.0,0.0,0.0,0.0,0.03900000000001569,0.0,0.0,-0.02999999999999403,0.0,0.0,0.0,0.0,0.0,0.009000000000021657,0.0,0.0
ASP 455,R ASP 455,0.0,0.0,0.0,-0.0009999999999998899,0.0,0.0,-0.015999999999998238,0.0,0.0,0.013999999999995794,0.0,0.0,0.0,0.0,0.0,-0.003000000000007219,0.0,0.0
GLY 456,R GLY 456,0.0,0.0,0.0,0.0,0.0,0.0,0.009000000000000341,0.0,0.0,-0.0019999999999997797,0.0,0.0,0.0,0.0,0.0,0.0070000000000014495,0.0,0.0
TYR 457,R TYR 457,0.0,0.0,0.0,0.0,0.0,0.0,-0.006999999999990791,0.0,0.0,0.019999999999999574,0.0,0.0,0.0,0.0,0.0,0.013000000000008782,0.0,0.0
ILE 458,R ILE 458,0.0,0.0,0.0,-0.0009999999999998899,0.0,0.0,0.0020000000000095497,0.0,0.0,-0.004999999999999893,0.0,0.0,0.0,0.0,0.0,-0.003999999999995119,0.0,0.0
SER 459,R SER 459,0.0,0.0,0.0,-0.001000000000000334,0.0,0.0,-0.015999999999998238,0.0,0.0,0.008000000000000007,0.0,0.0,0.0,0.0,0.0,-0.0089999999999959,0.0,0.0
ASN 460,R ASN 460,0.0,0.0,0.0,-0.0009999999999998899,0.0,0.0,-0.019000000000005457,0.0,0.0,0.004000000000000448,0.0,0.0,0.0,0.0,0.0,-0.016000000000009784,0.0,0.0
GLY 461,R GLY 461,0.0,0.0,0.0,-0.001000000000000334,0.0,0.0,-0.012999999999991019,0.0,0.0,0.0030000000000001137,0.0,0.0,0.0,0.0,0.0,-0.01099999999999568,0.0,0.0
GLU 462,R GLU 462,0.0,0.0,0.0,-0.002000000000000668,0.0,0.0,-0.07800000000000296,0.0,0.0,0.010999999999999233,0.0,0.0,0.0,0.0,0.0,-0.06899999999999906,0.0,0.0
LEU 463,R LEU 463,0.0,0.0,0.0,-0.008000000000000007,0.0,0.0,-0.049000000000006594,0.0,0.0,-0.006000000000000005,0.0,0.0,0.0,0.0,0.0,-0.06300000000000239,0.0,0.0
PHE 464,R PHE 464,0.0,0.0,0.0,-0.009000000000000341,0.0,0.0,-0.04899999999999238,0.0,0.0,0.049000000000000016,0.0,0.0,0.0,0.0,0.0,-0.008999999999993236,0.0,0.0
GLN 465,R GLN 465,0.0,0.0,0.0,-0.008000000000000007,0.0,0.0,-0.049000000000006594,0.0,0.0,-0.0010000000000000009,0.0,0.0,0.0,0.0,0.0,-0.05800000000001626,0.0,0.0
VAL 466,R VAL 466,0.0,0.0,0.0,-0.04499999999999993,0.0,0.0,-0.08200000000000074,0.0,0.0,-0.038000000000000034,0.0,0.0,0.0,0.0,0.0,-0.1649999999999956,0.0,0.0
LEU 467,R LEU 467,0.0,0.0,0.0,-0.22199999999999998,0.0,0.0,-0.04000000000000625,0.0,0.0,0.05500000000000005,0.0,0.0,0.0,0.0,0.0,-0.2070000000000004,0.0,0.0
LYS 468,R LYS 468,0.0,0.0,0.0,-0.04400000000000004,0.0,0.0,0.1319999999999908,0.0,0.0,-0.1930000000000014,0.0,0.0,0.0,0.0,0.0,-0.10500000000002174,0.0,0.0
MET 469,R MET 469,0.0,0.0,0.0,-0.038000000000000256,0.0,0.0,-0.010000000000005116,0.0,0.0,0.02400000000000002,0.0,0.0,0.0,0.0,0.0,-0.024000000000001798,0.0,0.0
MET 470,R MET 470,0.0,0.0,0.0,-0.4580000000000002,0.0,0.0,-0.2680000000000007,0.0,0.0,0.6920000000000002,0.0,0.0,-0.0426024,0.0,0.0,-0.07660240000001295,0.0,0.0
VAL 471,R VAL 471,0.0,0.0,0.0,-0.3460000000000001,0.0,0.0,-0.22099999999998943,0.0,0.0,0.272,0.0,0.0,-0.033292800000000004,0.0,0.0,-0.3282927999999936,0.0,0.0
GLY 472,R GLY 472,0.0,0.0,0.0,-0.08300000000000018,0.0,0.0,-0.009000000000000341,0.0,0.0,0.15000000000000002,0.0,0.0,0.0,0.0,0.0,0.05800000000000072,0.0,0.0
ASN 473,R ASN 473,0.0,0.0,0.0,-0.040000000000000036,0.0,0.0,0.006999999999990791,0.0,0.0,0.028999999999999915,0.0,0.0,0.0,0.0,0.0,-0.004000000000015547,0.0,0.0
ASN 474,R ASN 474,0.0,0.0,0.0,-0.23800000000000043,0.0,0.0,-0.05099999999998772,0.0,0.0,0.30799999999999983,0.0,0.0,0.0,0.0,0.0,0.019000000000012562,0.0,0.0
LEU 475,R LEU 475,0.0,0.0,0.0,-0.08800000000000008,0.0,0.0,-0.054000000000002046,0.0,0.0,-0.05999999999999994,0.0,0.0,0.0,0.0,0.0,-0.20200000000000973,0.0,0.0
LYS 476,R LYS 476,0.0,0.0,0.0,-0.014000000000000234,0.0,0.0,0.17199999999999704,0.0,0.0,-0.05999999999999872,0.0,0.0,0.0,0.0,0.0,0.09800000000000253,0.0,0.0
ASP 477,R ASP 477,0.0,0.0,0.0,-0.0040000000000000036,0.0,0.0,-0.1110000000000042,0.0,0.0,0.08500000000000085,0.0,0.0,0.0,0.0,0.0,-0.030000000000008242,0.0,0.0
THR 478,R THR 478,0.0,0.0,0.0,-0.0029999999999996696,0.0,0.0,0.015999999999998238,0.0,0.0,-0.056999999999999496,0.0,0.0,0.0,0.0,0.0,-0.04400000000000226,0.0,0.0
GLN 479,R GLN 479,0.0,0.0,0.0,-0.009000000000000341,0.0,0.0,0.020000000000003126,0.0,0.0,-0.12199999999999989,0.0,0.0,0.0,0.0,0.0,-0.1109999999999971,0.0,0.0
LEU 480,R LEU 480,0.0,0.0,0.0,-0.011999999999999567,0.0,0.0,0.016999999999995907,0.0,0.0,-0.08499999999999996,0.0,0.0,0.0,0.0,0.0,-0.08000000000000451,0.0,0.0
GLN 481,R GLN 481,0.0,0.0,0.0,-0.0030000000000001137,0.0,0.0,0.009000000000000341,0.0,0.0,0.0,0.0,0.0,0.0,0.0,0.0,0.006000000000000227,0.0,0.0
GLN 482,R GLN 482,0.0,0.0,0.0,-0.0030000000000001137,0.0,0.0,0.01999999999999602,0.0,0.0,-0.11300000000000043,0.0,0.0,0.0,0.0,0.0,-0.09600000000000453,0.0,0.0
ILE 483,R ILE 483,0.0,0.0,0.0,-0.006000000000000227,0.0,0.0,0.028999999999996362,0.0,0.0,-0.1980000000000004,0.0,0.0,0.0,0.0,0.0,-0.17500000000000426,0.0,0.0
VAL 484,R VAL 484,0.0,0.0,0.0,-0.0039999999999995595,0.0,0.0,0.019000000000005457,0.0,0.0,-0.03400000000000025,0.0,0.0,0.0,0.0,0.0,-0.018999999999991246,0.0,0.0
ASP 485,R ASP 485,0.0,0.0,0.0,-0.0019999999999997797,0.0,0.0,-0.026000000000003354,0.0,0.0,0.038000000000000256,0.0,0.0,0.0,0.0,0.0,0.009999999999987352,0.0,0.0
LYS 486,R LYS 486,0.0,0.0,0.0,-0.001000000000000334,0.0,0.0,0.057999999999992724,0.0,0.0,-0.0519999999999996,0.0,0.0,0.0,0.0,0.0,0.004999999999988347,0.0,0.0
THR 487,R THR 487,0.0,0.0,0.0,-0.0019999999999997797,0.0,0.0,0.012000000000000455,0.0,0.0,-0.05600000000000005,0.0,0.0,0.0,0.0,0.0,-0.04600000000000293,0.0,0.0
ILE 488,R ILE 488,0.0,0.0,0.0,-0.001000000000000334,0.0,0.0,0.009000000000000341,0.0,0.0,0.02400000000000002,0.0,0.0,0.0,0.0,0.0,0.03200000000000269,0.0,0.0
ILE 489,R ILE 489,0.0,0.0,0.0,-0.0009999999999998899,0.0,0.0,0.003999999999997783,0.0,0.0,0.02200000000000024,0.0,0.0,0.0,0.0,0.0,0.025000000000000355,0.0,0.0
ASN 490,R ASN 490,0.0,0.0,0.0,0.0,0.0,0.0,0.006000000000000227,0.0,0.0,0.018000000000000016,0.0,0.0,0.0,0.0,0.0,0.02400000000000002,0.0,0.0
ALA 491,R ALA 491,0.0,0.0,0.0,0.0,0.0,0.0,0.003999999999990678,0.0,0.0,0.010999999999999233,0.0,0.0,0.0,0.0,0.0,0.01499999999998991,0.0,0.0
ASP 492,R ASP 492,0.0,0.0,0.0,0.0,0.0,0.0,-0.012000000000000455,0.0,0.0,0.011999999999996902,0.0,0.0,0.0,0.0,0.0,-3.552713678800501e-15,0.0,0.0
LYS 493,R LYS 493,0.0,0.0,0.0,0.0,0.0,0.0,0.01100000000000989,0.0,0.0,-0.009000000000000341,0.0,0.0,0.0,0.0,0.0,0.0020000000000095497,0.0,0.0
ASP 494,R ASP 494,0.0,0.0,0.0,0.0,0.0,0.0,-0.009000000000000341,0.0,0.0,0.007999999999999119,0.0,0.0,0.0,0.0,0.0,-0.0010000000000012221,0.0,0.0
GLY 495,R GLY 495,0.0,0.0,0.0,0.0,0.0,0.0,0.001999999999995339,0.0,0.0,0.0,0.0,0.0,0.0,0.0,0.0,0.001999999999995339,0.0,0.0
ASP 496,R ASP 496,0.0,0.0,0.0,0.0,0.0,0.0,-0.02099999999999369,0.0,0.0,0.021999999999998465,0.0,0.0,0.0,0.0,0.0,0.0010000000000047748,0.0,0.0
GLY 497,R GLY 497,0.0,0.0,0.0,0.0,0.0,0.0,-0.0040000000000048885,0.0,0.0,0.009999999999999787,0.0,0.0,0.0,0.0,0.0,0.005999999999994898,0.0,0.0
ARG 498,R ARG 498,0.0,0.0,0.0,-0.0009999999999994458,0.0,0.0,0.03700000000000614,0.0,0.0,-0.009000000000000341,0.0,0.0,0.0,0.0,0.0,0.027000000000001023,0.0,0.0
ILE 499,R ILE 499,0.0,0.0,0.0,-0.0009999999999998899,0.0,0.0,-0.009000000000000341,0.0,0.0,0.008000000000000007,0.0,0.0,0.0,0.0,0.0,-0.002000000000005997,0.0,0.0
SER 500,R SER 500,0.0,0.0,0.0,-0.0009999999999994458,0.0,0.0,-0.0030000000000001137,0.0,0.0,-0.0009999999999994458,0.0,0.0,0.0,0.0,0.0,-0.004999999999999005,0.0,0.0
PHE 501,R PHE 501,0.0,0.0,0.0,0.0,0.0,0.0,0.0030000000000001137,0.0,0.0,0.0,0.0,0.0,0.0,0.0,0.0,0.0030000000000001137,0.0,0.0
GLU 502,R GLU 502,0.0,0.0,0.0,0.0,0.0,0.0,0.0,0.0,0.0,-0.0019999999999988916,0.0,0.0,0.0,0.0,0.0,-0.0019999999999988916,0.0,0.0
GLU 503,R GLU 503,0.0,0.0,0.0,0.0,0.0,0.0,0.001999999999995339,0.0,0.0,-0.0010000000000012221,0.0,0.0,0.0,0.0,0.0,0.0009999999999941167,0.0,0.0
PHE 504,R PHE 504,0.0,0.0,0.0,-0.001000000000000334,0.0,0.0,0.01099999999999568,0.0,0.0,-0.02200000000000002,0.0,0.0,0.0,0.0,0.0,-0.012000000000009337,0.0,0.0
CYS 505,R CYS 505,0.0,0.0,0.0,0.0,0.0,0.0,0.009999999999990905,0.0,0.0,0.004999999999999893,0.0,0.0,0.0,0.0,0.0,0.014999999999990798,0.0,0.0
ALA 506,R ALA 506,0.0,0.0,0.0,-0.0009999999999998899,0.0,0.0,0.009999999999990905,0.0,0.0,0.0029999999999996696,0.0,0.0,0.0,0.0,0.0,0.01200000000000001,0.0,0.0
VAL 507,R VAL 507,0.0,0.0,0.0,-0.0009999999999998899,0.0,0.0,0.020000000000010232,0.0,0.0,0.004999999999999893,0.0,0.0,0.0,0.0,0.0,0.02400000000001956,0.0,0.0
VAL 508,R VAL 508,0.0,0.0,0.0,-0.0019999999999997797,0.0,0.0,0.00999999999999801,0.0,0.0,0.002,0.0,0.0,0.0,0.0,0.0,0.00999999999999579,0.0,0.0
GLY 509,R GLY 509,0.0,0.0,0.0,-0.0009999999999998899,0.0,0.0,0.0030000000000001137,0.0,0.0,0.004999999999999893,0.0,0.0,0.0,0.0,0.0,0.007000000000003226,0.0,0.0
GLY 510,R GLY 510,0.0,0.0,0.0,-0.002000000000000224,0.0,0.0,0.013999999999995794,0.0,0.0,0.014000000000000012,0.0,0.0,0.0,0.0,0.0,0.02600000000000069,0.0,0.0
LEU 511,R LEU 511,0.0,0.0,0.0,-0.0030000000000001137,0.0,0.0,-0.020999999999986585,0.0,0.0,0.08199999999999996,0.0,0.0,0.0,0.0,0.0,0.05800000000001315,0.0,0.0
ASP 512,R ASP 512,0.0,0.0,0.0,-0.007000000000000117,0.0,0.0,0.03700000000000614,0.0,0.0,-0.03399999999999892,0.0,0.0,0.0,0.0,0.0,-0.003999999999997783,0.0,0.0
ILE 513,R ILE 513,0.0,0.0,0.0,-0.01200000000000001,0.0,0.0,-0.043000000000006366,0.0,0.0,0.03600000000000003,0.0,0.0,0.0,0.0,0.0,-0.01900000000000679,0.0,0.0
HIE 514,R HIE 514,0.0,0.0,0.0,-0.004000000000000448,0.0,0.0,-0.009999999999990905,0.0,0.0,0.08000000000000007,0.0,0.0,0.0,0.0,0.0,0.06600000000000428,0.0,0.0
LYS 515,R LYS 515,0.0,0.0,0.0,-0.0040000000000000036,0.0,0.0,-0.012000000000000455,0.0,0.0,0.10899999999999821,0.0,0.0,0.0,0.0,0.0,0.0930000000000073,0.0,0.0
LYS 516,R LYS 516,0.0,0.0,0.0,-0.010000000000000231,0.0,0.0,0.013999999999995794,0.0,0.0,0.10099999999999909,0.0,0.0,0.0,0.0,0.0,0.10499999999998977,0.0,0.0
MET 517,R MET 517,0.0,0.0,0.0,-0.004000000000000448,0.0,0.0,0.006000000000000227,0.0,0.0,0.040999999999999925,0.0,0.0,0.0,0.0,0.0,0.04299999999999571,0.0,0.0
VAL 518,R VAL 518,0.0,0.0,0.0,-0.0019999999999997797,0.0,0.0,0.0030000000000001137,0.0,0.0,0.017000000000000348,0.0,0.0,0.0,0.0,0.0,0.01800000000000601,0.0,0.0
VAL 519,R VAL 519,0.0,0.0,0.0,-0.0009999999999998899,0.0,0.0,-0.005000000000002558,0.0,0.0,0.008000000000000007,0.0,0.0,0.0,0.0,0.0,0.002000000000000668,0.0,0.0
ASP 520,R ASP 520,0.0,0.0,0.0,0.0,0.0,0.0,0.003999999999997783,0.0,0.0,-0.008000000000002672,0.0,0.0,0.0,0.0,0.0,-0.0040000000000048885,0.0,0.0
VAL 521,R VAL 521,0.0,0.0,0.0,0.0,0.0,0.0,0.05900000000000016,0.0,0.0,-0.0589999999999975,0.0,0.0,0.0,0.0,0.0,0.0,0.0,0.0
GLY 522,R GLY 522,0.0,0.0,0.0,-0.0029999999999996696,0.0,0.0,-0.7160000000000082,0.0,0.0,0.8350000000000009,0.0,0.0,0.0,0.0,0.0,0.11599999999999966,0.0,0.0
VAL 523,R VAL 523,0.0,0.0,0.0,-0.0030000000000001137,0.0,0.0,-0.009000000000000341,0.0,0.0,-0.006000000000000227,0.0,0.0,0.0,0.0,0.0,-0.018000000000000682,0.0,0.0
GLN 524,R GLN 524,0.0,0.0,0.0,-0.0019999999999997797,0.0,0.0,0.01999999999999602,0.0,0.0,-0.017999999999999794,0.0,0.0,0.0,0.0,0.0,8.881784197001252e-16,0.0,0.0
VAL 525,R VAL 525,0.0,0.0,0.0,-0.0009999999999998899,0.0,0.0,0.015999999999998238,0.0,0.0,-0.009999999999999787,0.0,0.0,0.0,0.0,0.0,0.004999999999993676,0.0,0.0
GLU 526,R GLU 526,0.0,0.0,0.0,-0.0009999999999998899,0.0,0.0,0.008000000000002672,0.0,0.0,-0.00999999999999801,0.0,0.0,0.0,0.0,0.0,-0.0030000000000001137,0.0,0.0
THR 527,R THR 527,0.0,0.0,0.0,0.0,0.0,0.0,0.017000000000003013,0.0,0.0,-0.006999999999999673,0.0,0.0,0.0,0.0,0.0,0.01000000000000334,0.0,0.0
ILE 528,R ILE 528,0.0,0.0,0.0,0.0,0.0,0.0,0.007999999999995566,0.0,0.0,0.0039999999999995595,0.0,0.0,0.0,0.0,0.0,0.011999999999995126,0.0,0.0
SER 529,R SER 529,0.0,0.0,0.0,0.0,0.0,0.0,-0.006999999999997897,0.0,0.0,0.0019999999999997797,0.0,0.0,0.0,0.0,0.0,-0.004999999999998117,0.0,0.0
PRO 530,R PRO 530,0.0,0.0,0.0,0.0,0.0,0.0,-0.020999999999997243,0.0,0.0,0.021000000000000796,0.0,0.0,0.0,0.0,0.0,3.552713678800501e-15,0.0,0.0
GLY 531,R GLY 531,0.0,0.0,0.0,-0.001000000000000334,0.0,0.0,0.021000000000000796,0.0,0.0,-0.018000000000000016,0.0,0.0,0.0,0.0,0.0,0.001999999999997115,0.0,0.0
ASP 532,R ASP 532,0.0,0.0,0.0,0.0,0.0,0.0,-0.02599999999999625,0.0,0.0,0.022999999999999687,0.0,0.0,0.0,0.0,0.0,-0.002999999999996561,0.0,0.0
GLY 533,R GLY 533,0.0,0.0,0.0,0.0,0.0,0.0,0.007999999999995566,0.0,0.0,-0.006999999999999673,0.0,0.0,0.0,0.0,0.0,0.000999999999995893,0.0,0.0
ARG 534,R ARG 534,0.0,0.0,0.0,0.0,0.0,0.0,0.027000000000001023,0.0,0.0,-0.019999999999999574,0.0,0.0,0.0,0.0,0.0,0.0070000000000014495,0.0,0.0
THR 535,R THR 535,0.0,0.0,0.0,0.0,0.0,0.0,-0.015000000000000568,0.0,0.0,0.013000000000000789,0.0,0.0,0.0,0.0,0.0,-0.002000000000000668,0.0,0.0
PHE 536,R PHE 536,0.0,0.0,0.0,0.0,0.0,0.0,-0.000999999999990564,0.0,0.0,0.007999999999999896,0.0,0.0,0.0,0.0,0.0,0.007000000000009443,0.0,0.0
PRO 537,R PRO 537,0.0,0.0,0.0,-0.0009999999999998899,0.0,0.0,0.003999999999997783,0.0,0.0,0.013999999999999346,0.0,0.0,0.0,0.0,0.0,0.01699999999999946,0.0,0.0
LYS 538,R LYS 538,0.0,0.0,0.0,-0.0009999999999998899,0.0,0.0,-0.01300000000000523,0.0,0.0,0.031000000000000583,0.0,0.0,0.0,0.0,0.0,0.016999999999990578,0.0,0.0
ALA 539,R ALA 539,0.0,0.0,0.0,-0.001000000000000334,0.0,0.0,-0.012000000000000455,0.0,0.0,0.028999999999999915,0.0,0.0,0.0,0.0,0.0,0.016000000000008896,0.0,0.0
GLY 540,R GLY 540,0.0,0.0,0.0,-0.0009999999999998899,0.0,0.0,-0.015000000000000568,0.0,0.0,0.034,0.0,0.0,0.0,0.0,0.0,0.017999999999994465,0.0,0.0
GLN 541,R GLN 541,0.0,0.0,0.0,-0.0019999999999997797,0.0,0.0,0.0,0.0,0.0,-0.03000000000000025,0.0,0.0,0.0,0.0,0.0,-0.0320000000000098,0.0,0.0
THR 542,R THR 542,0.0,0.0,0.0,-0.0039999999999995595,0.0,0.0,0.015000000000000568,0.0,0.0,-0.14700000000000002,0.0,0.0,0.0,0.0,0.0,-0.13599999999999746,0.0,0.0
CYS 543,R CYS 543,0.0,0.0,0.0,-0.012000000000000455,0.0,0.0,-0.10699999999999932,0.0,0.0,0.13399999999999998,0.0,0.0,0.0,0.0,0.0,0.015000000000000235,0.0,0.0
VAL 544,R VAL 544,0.0,0.0,0.0,-0.008000000000000007,0.0,0.0,0.06999999999999318,0.0,0.0,-0.20499999999999963,0.0,0.0,0.0,0.0,0.0,-0.14300000000001667,0.0,0.0
VAL 545,R VAL 545,0.0,0.0,0.0,-0.020999999999999908,0.0,0.0,-0.11200000000000898,0.0,0.0,-0.0040000000000000036,0.0,0.0,0.0,0.0,0.0,-0.13700000000000978,0.0,0.0
HIE 546,R HIE 546,0.0,0.0,0.0,-0.017999999999999794,0.0,0.0,0.17300000000000182,0.0,0.0,-0.33599999999999997,0.0,0.0,0.0,0.0,0.0,-0.18099999999999916,0.0,0.0
TYR 547,R TYR 547,0.0,0.0,0.0,-0.04600000000000026,0.0,0.0,-0.1150000000000091,0.0,0.0,0.008000000000000007,0.0,0.0,0.0,0.0,0.0,-0.15300000000000136,0.0,0.0
THR 548,R THR 548,0.0,0.0,0.0,-0.04099999999999948,0.0,0.0,0.14999999999999147,0.0,0.0,-0.42499999999999993,0.0,0.0,0.0,0.0,0.0,-0.31600000000001227,0.0,0.0
GLY 549,R GLY 549,0.0,0.0,0.0,-0.10199999999999942,0.0,0.0,-0.0350000000000108,0.0,0.0,-0.14700000000000024,0.0,0.0,0.0,0.0,0.0,-0.2840000000000078,0.0,0.0
MET 550,R MET 550,0.0,0.0,0.0,-0.03000000000000025,0.0,0.0,0.07000000000000739,0.0,0.0,-0.10599999999999987,0.0,0.0,0.0,0.0,0.0,-0.06599999999999362,0.0,0.0
LEU 551,R LEU 551,0.0,0.0,0.0,-0.008999999999999897,0.0,0.0,-0.06499999999999773,0.0,0.0,0.1389999999999998,0.0,0.0,0.0,0.0,0.0,0.06500000000000128,0.0,0.0
GLU 552,R GLU 552,0.0,0.0,0.0,-0.0030000000000001137,0.0,0.0,0.05000000000000426,0.0,0.0,0.007999999999999119,0.0,0.0,0.0,0.0,0.0,0.05500000000000327,0.0,0.0
ASP 553,R ASP 553,0.0,0.0,0.0,-0.0020000000000000018,0.0,0.0,0.03599999999999426,0.0,0.0,-0.022999999999999687,0.0,0.0,0.0,0.0,0.0,0.010999999999999233,0.0,0.0
GLY 554,R GLY 554,0.0,0.0,0.0,-0.0019999999999997797,0.0,0.0,-0.06399999999999295,0.0,0.0,0.06999999999999984,0.0,0.0,0.0,0.0,0.0,0.00400000000001155,0.0,0.0
LYS 555,R LYS 555,0.0,0.0,0.0,-0.006000000000000227,0.0,0.0,0.0379999999999967,0.0,0.0,-0.07700000000000173,0.0,0.0,0.0,0.0,0.0,-0.04500000000000526,0.0,0.0
LYS 556,R LYS 556,0.0,0.0,0.0,-0.01100000000000012,0.0,0.0,0.056000000000011596,0.0,0.0,-0.4140000000000015,0.0,0.0,0.0,0.0,0.0,-0.36899999999998556,0.0,0.0
PHE 557,R PHE 557,0.0,0.0,0.0,-0.06999999999999984,0.0,0.0,0.0239999999999867,0.0,0.0,-0.44700000000000006,0.0,0.0,0.0,0.0,0.0,-0.49300000000001454,0.0,0.0
ASP 558,R ASP 558,0.0,0.0,0.0,-0.1299999999999999,0.0,0.0,0.03499999999999659,0.0,0.0,0.012000000000000455,0.0,0.0,0.0,0.0,0.0,-0.08299999999999841,0.0,0.0
SER 559,R SER 559,0.0,0.0,0.0,-0.10799999999999965,0.0,0.0,-0.018999999999991246,0.0,0.0,-0.1459999999999999,0.0,0.0,0.0,0.0,0.0,-0.27299999999999525,0.0,0.0
SER 560,R SER 560,0.0,0.0,0.0,-0.06299999999999972,0.0,0.0,0.008000000000009777,0.0,0.0,-0.16400000000000003,0.0,0.0,0.0,0.0,0.0,-0.21899999999997855,0.0,0.0
ARG 561,R ARG 561,0.0,0.0,0.0,-0.0129999999999999,0.0,0.0,0.37700000000000955,0.0,0.0,-0.5069999999999979,0.0,0.0,0.0,0.0,0.0,-0.14299999999997937,0.0,0.0
ASP 562,R ASP 562,0.0,0.0,0.0,-0.0129999999999999,0.0,0.0,-0.10499999999999687,0.0,0.0,0.1269999999999989,0.0,0.0,0.0,0.0,0.0,0.008999999999996788,0.0,0.0
ARG 563,R ARG 563,0.0,0.0,0.0,-0.01399999999999979,0.0,0.0,0.3919999999999959,0.0,0.0,-0.39000000000000057,0.0,0.0,0.0,0.0,0.0,-0.012000000000000455,0.0,0.0
ASN 564,R ASN 564,0.0,0.0,0.0,-0.006999999999999673,0.0,0.0,0.06799999999999784,0.0,0.0,0.040000000000000036,0.0,0.0,0.0,0.0,0.0,0.10100000000000708,0.0,0.0
LYS 565,R LYS 565,0.0,0.0,0.0,-0.027000000000000135,0.0,0.0,0.15399999999999636,0.0,0.0,-0.1869999999999994,0.0,0.0,0.0,0.0,0.0,-0.06000000000000405,0.0,0.0
PRO 566,R PRO 566,0.0,0.0,0.0,-0.02699999999999969,0.0,0.0,-0.1670000000000016,0.0,0.0,0.02400000000000091,0.0,0.0,0.0,0.0,0.0,-0.1700000000000017,0.0,0.0
PHE 567,R PHE 567,0.0,0.0,0.0,-0.07800000000000029,0.0,0.0,0.1460000000000008,0.0,0.0,-0.11999999999999966,0.0,0.0,0.0,0.0,0.0,-0.05199999999998761,0.0,0.0
LYS 568,R LYS 568,0.0,0.0,0.0,-0.08999999999999986,0.0,0.0,0.2189999999999941,0.0,0.0,-0.31099999999999994,0.0,0.0,0.0,0.0,0.0,-0.18200000000000927,0.0,0.0
PHE 569,R PHE 569,0.0,0.0,0.0,-0.03699999999999992,0.0,0.0,-0.09300000000000352,0.0,0.0,0.134,0.0,0.0,0.0,0.0,0.0,0.003999999999990678,0.0,0.0
MET 570,R MET 570,0.0,0.0,0.0,-0.01699999999999946,0.0,0.0,0.0049999999999954525,0.0,0.0,-0.019000000000000128,0.0,0.0,0.0,0.0,0.0,-0.031000000000000583,0.0,0.0
LEU 571,R LEU 571,0.0,0.0,0.0,-0.007000000000000117,0.0,0.0,-0.04899999999999238,0.0,0.0,0.09299999999999997,0.0,0.0,0.0,0.0,0.0,0.0370000000000168,0.0,0.0
GLY 572,R GLY 572,0.0,0.0,0.0,-0.004999999999999893,0.0,0.0,-0.007000000000005002,0.0,0.0,0.069,0.0,0.0,0.0,0.0,0.0,0.056999999999999496,0.0,0.0
LYS 573,R LYS 573,0.0,0.0,0.0,-0.0129999999999999,0.0,0.0,-0.054000000000002046,0.0,0.0,0.11400000000000077,0.0,0.0,0.0,0.0,0.0,0.04699999999999349,0.0,0.0
GLN 574,R GLN 574,0.0,0.0,0.0,-0.06299999999999972,0.0,0.0,-0.03700000000000614,0.0,0.0,-0.014000000000001123,0.0,0.0,0.0,0.0,0.0,-0.11399999999999544,0.0,0.0
GLU 575,R GLU 575,0.0,0.0,0.0,-0.665,0.0,0.0,-1.156000000000006,0.0,0.0,2.5080000000000027,0.0,0.0,-0.142812,0.0,0.0,0.544188000000005,0.0,0.0
VAL 576,R VAL 576,0.0,0.0,0.0,-0.399,0.0,0.0,-1.8520000000000039,0.0,0.0,0.09299999999999997,0.0,0.0,-0.071244,0.0,0.0,-2.229244000000005,0.0,0.0
ILE 577,R ILE 577,0.0,0.0,0.0,-0.2570000000000001,0.0,0.0,-1.9480000000000075,0.0,0.0,0.7360000000000007,0.0,0.0,-0.02048400000000001,0.0,0.0,-1.4894839999999978,0.0,0.0
ARG 578,R ARG 578,0.0,0.0,0.0,-0.04499999999999993,0.0,0.0,-0.7109999999999985,0.0,0.0,0.7850000000000001,0.0,0.0,0.0,0.0,0.0,0.028999999999999915,0.0,0.0
GLY 579,R GLY 579,0.0,0.0,0.0,-0.03500000000000014,0.0,0.0,-0.2920000000000016,0.0,0.0,0.30500000000000016,0.0,0.0,0.0,0.0,0.0,-0.02199999999999669,0.0,0.0
TRP 580,R TRP 580,0.0,0.0,0.0,-0.05799999999999983,0.0,0.0,-0.20100000000000762,0.0,0.0,0.16099999999999998,0.0,0.0,0.0,0.0,0.0,-0.09800000000001496,0.0,0.0
GLU 581,R GLU 581,0.0,0.0,0.0,-0.019999999999999574,0.0,0.0,-0.04299999999999926,0.0,0.0,0.20400000000000063,0.0,0.0,0.0,0.0,0.0,0.14100000000000534,0.0,0.0
GLU 582,R GLU 582,0.0,0.0,0.0,-0.004999999999999893,0.0,0.0,0.008000000000002672,0.0,0.0,-0.021999999999998465,0.0,0.0,0.0,0.0,0.0,-0.018999999999991246,0.0,0.0
GLY 583,R GLY 583,0.0,0.0,0.0,-0.006000000000000227,0.0,0.0,-0.05499999999999261,0.0,0.0,-0.0349999999999997,0.0,0.0,0.0,0.0,0.0,-0.09599999999999209,0.0,0.0
VAL 584,R VAL 584,0.0,0.0,0.0,-0.005999999999999783,0.0,0.0,-0.030999999999998806,0.0,0.0,-0.028999999999999915,0.0,0.0,0.0,0.0,0.0,-0.06599999999999895,0.0,0.0
ALA 585,R ALA 585,0.0,0.0,0.0,-0.0019999999999997797,0.0,0.0,-0.0309999999999917,0.0,0.0,0.09499999999999975,0.0,0.0,0.0,0.0,0.0,0.06200000000001271,0.0,0.0
GLN 586,R GLN 586,0.0,0.0,0.0,-0.001000000000000334,0.0,0.0,-0.007000000000005002,0.0,0.0,0.020999999999999908,0.0,0.0,0.0,0.0,0.0,0.01299999999999013,0.0,0.0
MET 587,R MET 587,0.0,0.0,0.0,-0.0019999999999997797,0.0,0.0,0.0040000000000048885,0.0,0.0,-0.0259999999999998,0.0,0.0,0.0,0.0,0.0,-0.02399999999999025,0.0,0.0
SER 588,R SER 588,0.0,0.0,0.0,-0.001000000000000334,0.0,0.0,-0.023000000000010346,0.0,0.0,0.016000000000000014,0.0,0.0,0.0,0.0,0.0,-0.008000000000000895,0.0,0.0
VAL 589,R VAL 589,0.0,0.0,0.0,0.0,0.0,0.0,0.020000000000003126,0.0,0.0,-0.01100000000000012,0.0,0.0,0.0,0.0,0.0,0.009000000000003894,0.0,0.0
GLY 590,R GLY 590,0.0,0.0,0.0,-0.0009999999999998899,0.0,0.0,0.022999999999996135,0.0,0.0,-0.009999999999999787,0.0,0.0,0.0,0.0,0.0,0.012000000000000455,0.0,0.0
GLN 591,R GLN 591,0.0,0.0,0.0,-0.001000000000000334,0.0,0.0,-0.04800000000000182,0.0,0.0,0.021999999999999353,0.0,0.0,0.0,0.0,0.0,-0.02700000000000724,0.0,0.0
ARG 592,R ARG 592,0.0,0.0,0.0,-0.001000000000000334,0.0,0.0,0.09299999999998931,0.0,0.0,-0.19399999999999906,0.0,0.0,0.0,0.0,0.0,-0.10200000000001452,0.0,0.0
ALA 593,R ALA 593,0.0,0.0,0.0,-0.0030000000000001137,0.0,0.0,-0.046999999999997044,0.0,0.0,0.054999999999999716,0.0,0.0,0.0,0.0,0.0,0.005000000000002558,0.0,0.0
LYS 594,R LYS 594,0.0,0.0,0.0,-0.0019999999999997797,0.0,0.0,0.0010000000000047748,0.0,0.0,-0.11799999999999855,0.0,0.0,0.0,0.0,0.0,-0.11900000000000333,0.0,0.0
LEU 595,R LEU 595,0.0,0.0,0.0,-0.008999999999999897,0.0,0.0,0.06699999999999307,0.0,0.0,-0.051000000000000156,0.0,0.0,0.0,0.0,0.0,0.006999999999992568,0.0,0.0
THR 596,R THR 596,0.0,0.0,0.0,-0.004999999999999893,0.0,0.0,-0.02400000000000091,0.0,0.0,-0.013000000000000012,0.0,0.0,0.0,0.0,0.0,-0.04199999999999626,0.0,0.0
ILE 597,R ILE 597,0.0,0.0,0.0,-0.010000000000000231,0.0,0.0,0.05200000000000671,0.0,0.0,-0.06799999999999962,0.0,0.0,0.0,0.0,0.0,-0.025999999999998025,0.0,0.0
SER 598,R SER 598,0.0,0.0,0.0,-0.008000000000000007,0.0,0.0,0.25,0.0,0.0,-0.24300000000000033,0.0,0.0,0.0,0.0,0.0,-0.001000000000010104,0.0,0.0
PRO 599,R PRO 599,0.0,0.0,0.0,-0.01200000000000001,0.0,0.0,0.49499999999999744,0.0,0.0,-0.46300000000000097,0.0,0.0,0.0,0.0,0.0,0.020000000000003126,0.0,0.0
ASP 600,R ASP 600,0.0,0.0,0.0,-0.01100000000000012,0.0,0.0,0.4799999999999969,0.0,0.0,-0.4640000000000022,0.0,0.0,0.0,0.0,0.0,0.004999999999984794,0.0,0.0
TYR 601,R TYR 601,0.0,0.0,0.0,-0.03300000000000036,0.0,0.0,0.19999999999998863,0.0,0.0,-0.31599999999999984,0.0,0.0,0.0,0.0,0.0,-0.14900000000001334,0.0,0.0
ALA 602,R ALA 602,0.0,0.0,0.0,-0.1509999999999998,0.0,0.0,0.6530000000000058,0.0,0.0,-0.5919999999999996,0.0,0.0,-0.024767999999999984,0.0,0.0,-0.1147679999999901,0.0,0.0
TYR 603,R TYR 603,0.0,0.0,0.0,-0.11500000000000021,0.0,0.0,0.030000000000001137,0.0,0.0,0.17799999999999994,0.0,0.0,-0.032335199999999995,0.0,0.0,0.06066479999999208,0.0,0.0
GLY 604,R GLY 604,0.0,0.0,0.0,-0.02300000000000013,0.0,0.0,0.04000000000000625,0.0,0.0,0.018000000000000016,0.0,0.0,0.0,0.0,0.0,0.0350000000000108,0.0,0.0
ALA 605,R ALA 605,0.0,0.0,0.0,-0.007000000000000117,0.0,0.0,-0.010000000000005116,0.0,0.0,0.0259999999999998,0.0,0.0,0.0,0.0,0.0,0.009000000000003894,0.0,0.0
THR 606,R THR 606,0.0,0.0,0.0,-0.019000000000000128,0.0,0.0,-0.132000000000005,0.0,0.0,0.09299999999999997,0.0,0.0,0.0,0.0,0.0,-0.05800000000001049,0.0,0.0
GLY 607,R GLY 607,0.0,0.0,0.0,-0.08999999999999986,0.0,0.0,0.11299999999999955,0.0,0.0,-0.04900000000000038,0.0,0.0,-0.0023759999999999996,0.0,0.0,-0.028376000000004176,0.0,0.0
HIE 608,R HIE 608,0.0,0.0,0.0,-0.12300000000000022,0.0,0.0,0.06800000000001205,0.0,0.0,-0.10099999999999998,0.0,0.0,0.0,0.0,0.0,-0.1559999999999926,0.0,0.0
PRO 609,R PRO 609,0.0,0.0,0.0,-0.08000000000000007,0.0,0.0,0.1319999999999979,0.0,0.0,0.3329999999999984,0.0,0.0,0.0,0.0,0.0,0.38499999999999807,0.0,0.0
GLY 610,R GLY 610,0.0,0.0,0.0,-0.04600000000000026,0.0,0.0,-0.0589999999999975,0.0,0.0,0.010999999999999899,0.0,0.0,0.0,0.0,0.0,-0.09399999999998965,0.0,0.0
ILE 611,R ILE 611,0.0,0.0,0.0,-0.09600000000000009,0.0,0.0,-0.0589999999999975,0.0,0.0,-0.29100000000000037,0.0,0.0,0.0,0.0,0.0,-0.4460000000000015,0.0,0.0
ILE 612,R ILE 612,0.0,0.0,0.0,-0.08699999999999974,0.0,0.0,0.02200000000000557,0.0,0.0,-0.07200000000000006,0.0,0.0,0.0,0.0,0.0,-0.13699999999998447,0.0,0.0
PRO 613,R PRO 613,0.0,0.0,0.0,-0.016000000000000014,0.0,0.0,0.36299999999999955,0.0,0.0,-0.23900000000000077,0.0,0.0,0.0,0.0,0.0,0.10799999999999343,0.0,0.0
PRO 614,R PRO 614,0.0,0.0,0.0,-0.004999999999999893,0.0,0.0,0.11500000000000199,0.0,0.0,-0.07399999999999807,0.0,0.0,0.0,0.0,0.0,0.036000000000001364,0.0,0.0
HIE 615,R HIE 615,0.0,0.0,0.0,-0.004999999999999893,0.0,0.0,-0.15500000000000114,0.0,0.0,0.1869999999999994,0.0,0.0,0.0,0.0,0.0,0.02699999999998859,0.0,0.0
ALA 616,R ALA 616,0.0,0.0,0.0,-0.010000000000000231,0.0,0.0,0.20599999999998886,0.0,0.0,-0.20699999999999985,0.0,0.0,0.0,0.0,0.0,-0.011000000000002785,0.0,0.0
THR 617,R THR 617,0.0,0.0,0.0,-0.008000000000000007,0.0,0.0,-0.030999999999998806,0.0,0.0,-0.10399999999999965,0.0,0.0,0.0,0.0,0.0,-0.14299999999999402,0.0,0.0
LEU 618,R LEU 618,0.0,0.0,0.0,-0.018999999999999684,0.0,0.0,0.0660000000000025,0.0,0.0,-0.13000000000000012,0.0,0.0,0.0,0.0,0.0,-0.0830000000000033,0.0,0.0
VAL 619,R VAL 619,0.0,0.0,0.0,-0.019000000000000128,0.0,0.0,0.017000000000003013,0.0,0.0,-0.09200000000000008,0.0,0.0,0.0,0.0,0.0,-0.09399999999999542,0.0,0.0
PHE 620,R PHE 620,0.0,0.0,0.0,-0.020999999999999908,0.0,0.0,0.08899999999999864,0.0,0.0,-0.18100000000000005,0.0,0.0,0.0,0.0,0.0,-0.11299999999999599,0.0,0.0
ASP 621,R ASP 621,0.0,0.0,0.0,-0.0129999999999999,0.0,0.0,-0.17300000000000182,0.0,0.0,0.21600000000000108,0.0,0.0,0.0,0.0,0.0,0.02999999999999403,0.0,0.0
VAL 622,R VAL 622,0.0,0.0,0.0,-0.009999999999999787,0.0,0.0,0.07500000000000284,0.0,0.0,-0.2849999999999997,0.0,0.0,0.0,0.0,0.0,-0.22000000000000064,0.0,0.0
GLU 623,R GLU 623,0.0,0.0,0.0,-0.005999999999999339,0.0,0.0,-0.1630000000000038,0.0,0.0,0.2519999999999989,0.0,0.0,0.0,0.0,0.0,0.08299999999999486,0.0,0.0
LEU 624,R LEU 624,0.0,0.0,0.0,-0.0019999999999997797,0.0,0.0,0.023000000000010346,0.0,0.0,-0.08999999999999941,0.0,0.0,0.0,0.0,0.0,-0.06899999999998441,0.0,0.0
LEU 625,R LEU 625,0.0,0.0,0.0,-0.0019999999999997797,0.0,0.0,0.0379999999999967,0.0,0.0,-0.019000000000000128,0.0,0.0,0.0,0.0,0.0,0.016999999999987025,0.0,0.0
LYS 626,R LYS 626,0.0,0.0,0.0,-0.0019999999999997797,0.0,0.0,0.07200000000000273,0.0,0.0,-0.06500000000000128,0.0,0.0,0.0,0.0,0.0,0.005000000000006111,0.0,0.0
LEU 627,R LEU 627,0.0,0.0,0.0,-0.0009999999999998899,0.0,0.0,-0.009999999999990905,0.0,0.0,0.0239999999999998,0.0,0.0,0.0,0.0,0.0,0.013000000000018552,0.0,0.0
GLU 628,R GLU 628,0.0,0.0,0.0,-0.0009999999999998899,0.0,0.0,-0.32100000000000506,0.0,0.0,0.3300000000000125,0.0,0.0,0.0,0.0,0.0,0.008000000000002672,0.0,0.0
FK5 629,L FK5   1,0.0,0.0,0.0,0.0,0.0,0.0,0.0,0.0,0.0,0.0,0.0,0.0,0.0,0.0,0.0,0.0,0.0,0.0

