1.000000000000000000e+00,4.708414249144519115e-01,6.388108522833719771e-01,5.522856473172660374e-01,3.947551928769603702e-01,2.453098483409008046e-01,2.978571472915406693e-01,2.113437080606889173e-01,4.534936184264904552e-02,-5.175006215564523053e-03,-1.209442833540980422e-01,-1.408916784368428599e-01,-1.125289621963963399e-01,-2.518566413712562402e-01,-4.215968760266155524e-01,-4.039365978839724591e-01,-3.834168487383022850e-01,-3.435308529792553967e-01,-3.633161716253149320e-01,-3.758188317515314125e-01,-2.973767211757419315e-01,-2.557022918938091638e-01,-1.896675932538431919e-01,-1.030096578715254813e-01,-1.108014371027393058e-01,-2.097586047180598490e-01,-2.046892796083952804e-01,-1.214376574681716031e-01,-1.105558082409825033e-01,-5.104784157559446450e-02,-1.640531851220728699e-01,-2.326984265586272416e-01,-2.878610645483226649e-01,-2.382006043197047729e-01,-2.510291932079040667e-01,-3.526682551013281541e-01,-3.210215835478033575e-01,-2.719388975839367451e-01,-2.660180207177077483e-01,-3.080398826989675376e-01,-2.090776674518627642e-01,-1.662733478183962277e-01,-2.596086760045825947e-01,-2.710133282977923441e-01,-3.410933177363792979e-01,-3.676775857933538005e-01,-3.575982417664277380e-01,-1.424621331156246673e-01,1.399465087906534289e-01,2.587150897835822638e-01,2.320797118858053398e-02,7.597580477077325867e-02,2.950113882259953191e-01,1.900538105802891675e-01,1.148282735048627035e-03,1.445646326386496872e-01,1.476071347488944752e-01,-8.625159874328766629e-02,-7.290780832502712083e-02,-9.997691799763624987e-02,-2.007873923405389116e-01,-2.831308685791443236e-01,-3.394806883882930948e-01,-2.931879696606485841e-01,-2.826585341806148732e-01,-3.634026748686042807e-01,-3.764398142507928147e-01,-2.371649293463773955e-01,-2.433418861800985544e-01,-2.825345975569158452e-01,-2.500546958141921516e-01,-1.928156129189635970e-01,-1.141418916935161565e-01,-1.326906166635807294e-01,-7.723376409804430520e-02,-5.645432625138047111e-02,-2.032084528015957736e-01,-1.329615371554085379e-01,-2.467803737820451482e-01,-1.368043117800637476e-01,-5.360171329486517616e-02,1.530370388610634846e-01,3.023839203320416447e-01,3.064251477736005258e-01,2.051771452929821160e-01,1.730653512592245369e-01,2.859375449263583113e-01,2.462673352358778767e-01,6.401419072820865863e-02,9.707950771452308891e-02,1.672568205062728852e-01,4.840054135499297083e-02,9.357422712075002050e-03,7.966778520753563242e-02,9.883637117431050279e-02,1.303158158924538068e-01,1.087628009919836825e-01,1.620388839112512358e-01,2.099288322800839102e-01,2.947379931636423533e-01,2.690800741442864186e-01,2.321361417586479126e-01,2.518720495833161599e-01,3.139030770922511815e-01,2.262734587681340948e-01,1.600700450975592326e-01,1.940002518378531882e-01,2.248112469290995674e-01,1.234759431862350043e-01,5.449133682238754828e-02,6.559985873628783326e-02,5.808652433847275032e-02,-3.546155114639433503e-02,-1.385968953088720368e-01,-1.043813535689085414e-01,-1.476750424858702393e-01,-1.083537457866323855e-01,-1.404097409348295696e-02,1.762542163902589692e-02,1.091195808864775102e-01,3.013551297078983365e-02,-1.711667308312860014e-01,-2.678728730695507654e-01,-3.800479098541220124e-01,-3.589917751189501960e-01,-3.031921823066359156e-01,-3.168616082708198278e-01,-3.569124253866697294e-01,-2.838072305155524555e-01,-2.099698126924283148e-01,-2.174816020052466881e-01,-1.663053495465235121e-01,-2.683239840770543227e-01,-2.063872258564939388e-01,-1.350203901267615358e-01,-1.842290999965788822e-01,-2.105482828127421546e-01,-1.321589973563055131e-01,-7.966469293483535719e-02,-1.107374757137187388e-01,-3.164349963308867725e-02
4.708414249144519670e-01,1.000000000000000222e+00,6.262186673934653225e-01,4.910583689864394530e-01,4.821905358536961450e-01,3.287666264246242309e-01,3.358333326376478634e-01,2.479559025503868530e-01,1.012058311899233093e-01,8.254047540400683003e-02,-5.527579068956460506e-02,-8.820318322764426899e-02,-7.673047504210769865e-02,-2.093167711671798381e-01,-4.094894778134882118e-01,-3.950757724158143191e-01,-3.748267811161172802e-01,-3.211863757589034085e-01,-3.360565581468405449e-01,-3.562482038530346840e-01,-2.813986499634999472e-01,-2.306969030181248159e-01,-1.752116856030246084e-01,-9.649497474872351099e-02,-1.160177127854675611e-01,-2.196298567082712871e-01,-2.010805819906100744e-01,-1.193854067671474145e-01,-1.220526241317504007e-01,-6.773921925080919615e-02,-2.086171308124750434e-01,-2.622840562972580392e-01,-3.090312379024496847e-01,-2.664437043235324820e-01,-2.916244717512481710e-01,-3.808805168153572285e-01,-3.569521158115565584e-01,-3.182354735218175801e-01,-3.360007630674525236e-01,-3.696686885861663052e-01,-2.836661094140880968e-01,-2.252363428491934438e-01,-2.963211305857914035e-01,-3.010701527285970514e-01,-3.577941269154461534e-01,-3.950713803379433120e-01,-4.068205679858257207e-01,-2.174641404866853034e-01,8.505440365292113794e-03,9.411516403516488605e-02,-9.220524363555437919e-02,-1.635541434133998967e-02,1.903711140084863584e-01,7.630008768163540345e-02,-7.428884314708684988e-02,7.612738244920463915e-02,5.817833966262513784e-02,-1.350582769896479518e-01,-1.090758263755051138e-01,-1.228517768884214295e-01,-2.079281712043327401e-01,-2.861068788711339517e-01,-3.279987967908168378e-01,-3.121744898158574366e-01,-3.030242350550558794e-01,-3.604112673043040616e-01,-3.696390587564380992e-01,-2.542600495166758012e-01,-2.573166854373379331e-01,-2.600805537467619222e-01,-2.471427764166239105e-01,-2.091823124364780850e-01,-1.152278014155205255e-01,-9.740467161319432687e-02,-5.921533138422549469e-02,-1.648719809823162574e-02,-1.598827581465523673e-01,-5.666893413321580364e-02,-1.585255891837464570e-01,-3.129910155596828114e-02,3.863017302429583300e-02,2.341041118987241265e-01,3.482561398494274374e-01,3.193352203883095264e-01,2.225339407714823914e-01,1.739201910286065911e-01,2.647521362807201961e-01,2.177382908572954023e-01,3.931031763923435035e-02,6.845326150305733326e-02,1.352558974247875245e-01,4.561283689059457414e-02,-1.822684220063779809e-02,3.407403445822170668e-02,4.884679575221105574e-02,8.903122250212457123e-02,5.904991748832309068e-02,1.180137800624267153e-01,1.619984688470265111e-01,2.435549556584901409e-01,2.253090881559646208e-01,1.856728925004431374e-01,2.088498676006302623e-01,2.861655752334152925e-01,2.069249087896393724e-01,1.391240497967875522e-01,1.873888577879823658e-01,2.413751639178774167e-01,1.368114567864739672e-01,7.191134738681013994e-02,1.244452763374187670e-01,1.204910319434536886e-01,9.232876213621140846e-03,-7.346599332117900727e-02,-3.583814115514005749e-03,-4.914080018436144115e-02,-2.418401222504520161e-03,8.757517303664649755e-02,1.252196230924106646e-01,2.101023429271160758e-01,1.472750392745523496e-01,-4.993091774574460323e-02,-1.563633478984362279e-01,-2.907754441184268734e-01,-2.766054589158419841e-01,-2.175223312803274411e-01,-2.583775722370925676e-01,-3.155869503391784958e-01,-2.420835467176627176e-01,-1.842316398008780609e-01,-2.132650022625816322e-01,-1.728354006900678919e-01,-2.651997863848764014e-01,-2.099880155838450002e-01,-1.436193456081316933e-01,-1.988344134313215772e-01,-2.269585430623445310e-01,-1.467459853666361613e-01,-9.725928874624879816e-02,-1.403976033961092107e-01,-4.373781698517621025e-02
6.388108522833719771e-01,6.262186673934653225e-01,1.000000000000000000e+00,8.426037782648524432e-01,6.087197306661714657e-01,5.761093276441999755e-01,7.312611870058282060e-01,3.978040923391642503e-01,1.191868849112344420e-01,2.284070721244257640e-01,4.136097531408874928e-02,-9.584430785270466047e-02,-1.058907501554759295e-01,-2.188997705935253058e-01,-4.838208588898560425e-01,-5.042452942257473758e-01,-4.923695732051038831e-01,-4.222736348407033491e-01,-4.277257714897400587e-01,-4.339204209140790081e-01,-3.824126316043239826e-01,-3.144847533305238918e-01,-2.374593667588109080e-01,-1.561571643003806242e-01,-1.763650608501095562e-01,-3.154627776523603599e-01,-3.028904346187870633e-01,-2.013279339654030498e-01,-2.065766016170064168e-01,-1.154172719367432959e-01,-3.151750745760065753e-01,-3.649826056004520924e-01,-4.280666302266403211e-01,-3.509720593319367032e-01,-3.312029835175295256e-01,-4.567831617247252174e-01,-4.556533879212103511e-01,-3.518705357940962730e-01,-2.736809861310934844e-01,-4.175606276905694525e-01,-2.906279327584634364e-01,-2.714332627504034701e-01,-4.162761793228980101e-01,-4.271797046611374715e-01,-5.012341166950274873e-01,-5.054673220977717873e-01,-4.356276530404357694e-01,-2.156722206152637544e-01,1.144678300866234233e-01,2.218563759491951615e-01,9.593983392784544151e-02,3.481616686533657856e-01,5.817313315769210291e-01,3.812872568473323343e-01,2.151299355331898755e-01,4.977527607138935717e-01,4.185818860467745428e-01,8.090692661877929570e-02,8.948769194033061314e-02,-3.046512836451777985e-03,-1.827095636997452532e-01,-3.205679671107020678e-01,-3.700626621465564203e-01,-2.584684310848065492e-01,-2.942067907064090937e-01,-4.606949979281229068e-01,-4.217335669510107743e-01,-2.701165975540262276e-01,-3.456080574853303000e-01,-3.884491049378931971e-01,-3.287550098814129851e-01,-3.132887324868415257e-01,-2.230355742520976903e-01,-1.622065240826175980e-01,-9.529310569054336155e-02,-1.414387434659027803e-02,-1.669546004122572092e-01,-3.735964627145624273e-02,-1.810505023292289517e-01,-5.202634136954214367e-02,-6.160785275561322244e-03,2.862812300678911903e-01,4.427276067375326418e-01,4.398414439415412325e-01,2.807978107440564086e-01,1.650591667189416634e-01,3.141451193513856710e-01,2.604341787042904754e-01,-7.685290659514195863e-03,5.710492311967929092e-03,1.182559411369247804e-01,-8.541168190673392030e-03,-1.144117972243234582e-01,-1.240301818058227659e-02,3.424885362234813407e-02,9.188595990069614583e-02,4.557818631362076794e-02,1.133394263294263959e-01,1.961052208793493956e-01,3.244637250693422348e-01,3.228391952232392281e-01,2.351573113032671414e-01,2.393690482781985762e-01,3.687286450302668661e-01,2.572459932512743963e-01,1.355080447881476524e-01,1.908207396823530799e-01,2.851233052359352094e-01,1.348919471038716178e-01,1.952561515922405719e-02,1.026040076447400223e-01,1.244571162649849849e-01,-2.583510538494724826e-02,-1.450414674180392494e-01,-3.414379033367494903e-02,-7.296771224350062646e-02,-4.053806306187773996e-03,1.065275014609188553e-01,1.552298189989127220e-01,2.674644368585269993e-01,1.750125061393798809e-01,-1.109670481220732391e-01,-2.188261125598780499e-01,-4.007924256722544820e-01,-3.837263107762208802e-01,-3.292916012973113871e-01,-4.129261127347769178e-01,-4.804824651431603977e-01,-3.877857038016511715e-01,-3.173706278374461287e-01,-3.609385233421174011e-01,-2.789672344434759865e-01,-4.125222372319223840e-01,-3.273960454831532085e-01,-2.303278944618493695e-01,-2.710765321278904572e-01,-2.704565666193135542e-01,-1.825707420700147798e-01,-1.049796974047357695e-01,-7.690155567773815370e-02,3.116050800547241414e-02
5.522856473172658154e-01,4.910583689864395640e-01,8.426037782648524432e-01,1.000000000000000000e+00,7.868185384661509074e-01,6.141023083261771820e-01,8.269137965698404313e-01,6.236381770337506847e-01,1.646108757298715142e-01,1.988486452777077362e-01,8.772158140365916845e-02,-8.918179232511977417e-02,-1.853982499615124957e-01,-2.879017052397450649e-01,-5.223212939110292163e-01,-5.797093345671823217e-01,-5.934754532196967469e-01,-5.393979185132924403e-01,-5.381611562184756004e-01,-5.352815091255035407e-01,-4.785110205602849942e-01,-4.034655199051464525e-01,-2.790420820432010229e-01,-1.848262884730629552e-01,-2.024457573302868019e-01,-3.624337758875184057e-01,-3.757222096999200400e-01,-2.398798129589880535e-01,-2.255012450067062080e-01,-1.207179906896078125e-01,-3.241007881414060265e-01,-4.172398708035229831e-01,-5.065178101489636875e-01,-4.016993069075130984e-01,-3.426058749393248726e-01,-4.968374864089335485e-01,-4.874502709917510335e-01,-3.498130190162485609e-01,-1.976626126050048671e-01,-3.601982742130882542e-01,-1.969818737555594779e-01,-1.800097768807197851e-01,-4.000529270934712889e-01,-4.190311760402309904e-01,-5.349866737707749120e-01,-5.053437519943135836e-01,-3.494310023217675476e-01,-7.492111523756336128e-03,4.216006078460817208e-01,5.254490436431357159e-01,3.382428062261245150e-01,5.751971667879854921e-01,7.726202854627178818e-01,5.345816023993561483e-01,2.896052713159969483e-01,4.584976560845945848e-01,3.845160347067191342e-01,2.601723855645029712e-02,1.458395967544897157e-02,-1.045369940589668117e-01,-2.776072042851375765e-01,-4.040016772699015490e-01,-4.795167381020316033e-01,-3.514048511484195725e-01,-3.707157050693236089e-01,-5.342746252077068547e-01,-5.117357356097949062e-01,-3.099330321242161346e-01,-3.771906779522561926e-01,-4.475724297985359534e-01,-3.880699688978674344e-01,-3.432663157809913712e-01,-2.545977373363469964e-01,-2.602625721618659349e-01,-1.921653377686892150e-01,-1.310893920988649985e-01,-2.970009391089007966e-01,-1.912123596287778893e-01,-3.476882120251817976e-01,-2.046199116180089927e-01,-1.222642279584527369e-01,2.022206869652982686e-01,4.343457514814156317e-01,4.396383293453244301e-01,2.565631202167102942e-01,2.004235644762131230e-01,3.927653646258433273e-01,3.082989179813486191e-01,2.514055489951878483e-02,9.084108084295103303e-02,2.060680400565863546e-01,3.354054774042102005e-02,-5.079586553733057841e-02,7.802315553428579298e-02,9.681265499552806075e-02,1.695790945254900262e-01,1.388720577676286205e-01,2.141373893073242329e-01,2.872660962953893504e-01,4.315878505746561511e-01,4.266986057666642407e-01,3.580452971676093554e-01,3.720413645840455752e-01,4.741782381924186107e-01,3.520438419122737250e-01,2.417583679983837941e-01,2.777407708071822356e-01,3.495146689036115473e-01,2.087866724329785761e-01,9.778764808695890320e-02,1.260334452771993685e-01,1.462586214745990598e-01,1.368843782543094703e-02,-1.450113040373471607e-01,-8.339178927244586537e-02,-1.239105039836561478e-01,-7.349096474609692620e-02,5.830196909374267544e-02,7.513170965635256049e-02,2.007026382273840448e-01,6.702701090637212811e-02,-2.329557560173545483e-01,-3.644882535295731474e-01,-5.370279429673981975e-01,-4.963548033283705641e-01,-4.130252751951387080e-01,-4.713160381999346726e-01,-5.339452353088020020e-01,-4.172312213536766845e-01,-3.039396089221270136e-01,-3.435797050617619974e-01,-2.635570770513123162e-01,-4.288956668097393399e-01,-3.394764950021501027e-01,-2.252042983134353582e-01,-2.923258897795615874e-01,-3.174611471497744697e-01,-2.095650742138978340e-01,-1.291698582847738697e-01,-1.252399832178918981e-01,-2.819928126593850698e-02
3.947551928769603702e-01,4.821905358536962005e-01,6.087197306661715768e-01,7.868185384661509074e-01,1.000000000000000000e+00,8.601398983850759850e-01,7.648185677383027015e-01,7.756390996691727713e-01,2.474834862627992016e-01,2.960942199376083717e-01,1.926666573647652647e-01,1.281594511430606820e-01,-3.081440921806893191e-02,-1.926767196355880229e-01,-4.255232120954642872e-01,-4.909932309846311571e-01,-5.099963030865598546e-01,-4.489535750825629501e-01,-4.361636506209984887e-01,-4.559263895319461413e-01,-3.990165529805861921e-01,-3.146352903171727999e-01,-2.029705600791182896e-01,-1.229282644671302605e-01,-1.650199143555552694e-01,-3.151293845240491498e-01,-3.161280174137782728e-01,-2.015304753549835015e-01,-1.973724053448574489e-01,-1.071482474243641431e-01,-3.160307614138360144e-01,-4.021603974277742077e-01,-4.860765353178084780e-01,-4.104681447388352500e-01,-3.935601611191442695e-01,-5.132274107349070746e-01,-5.128215566965947936e-01,-4.276069239014393952e-01,-3.767938241167221869e-01,-4.398171533598403404e-01,-3.229442959044954153e-01,-2.488084199264892493e-01,-3.908734214287650222e-01,-3.888414981172199081e-01,-4.828901079063245838e-01,-4.664953353191360619e-01,-3.804559190428648541e-01,-5.116767708581206747e-02,3.871879060882673640e-01,3.339282063089755170e-01,5.905919229726025454e-02,2.649390328166991160e-01,3.733623061231846063e-01,1.355970947749624289e-01,-8.541443065767376219e-02,9.303279261899001507e-02,-6.713800668854062216e-03,-2.241722611131617138e-01,-1.824531665676421555e-01,-2.192789100417318893e-01,-2.999172527462252713e-01,-3.925249847716136831e-01,-4.411416428218803976e-01,-4.348127421810699667e-01,-4.230010174215987351e-01,-4.768699188314760584e-01,-4.957255470503489914e-01,-3.404476076840545762e-01,-3.472629124393541433e-01,-3.535943624846977773e-01,-3.644146824483734948e-01,-3.112972268428653710e-01,-2.016230179638298925e-01,-2.209995306130989323e-01,-1.928529701116372119e-01,-1.397649557815585364e-01,-2.921949704202768672e-01,-1.559050024597246065e-01,-2.739711447949981782e-01,-1.212684154562292532e-01,-3.211480756882902771e-02,2.218865344566593734e-01,4.037825404766630100e-01,3.619883359453985872e-01,2.109610367101937833e-01,1.943814482641343100e-01,3.264101513441722280e-01,2.343025256646162346e-01,7.008160161792638572e-03,7.892283430609940698e-02,1.633092559008231803e-01,2.355795792883453449e-02,-4.476037790970022884e-02,6.091377339571284882e-02,7.228635272898804864e-02,1.302464699539794823e-01,1.073928883272704526e-01,1.806040550416627977e-01,2.371560588122341995e-01,3.383262557209526511e-01,3.168036140289077207e-01,2.743710863061020189e-01,3.074664790300795647e-01,3.959179874194948545e-01,3.032899304108807592e-01,2.267408752280711259e-01,2.742074260645717687e-01,3.438732609779027172e-01,2.307177224913812552e-01,1.497965018783330160e-01,2.010389241376983882e-01,2.053834141525615331e-01,8.625348604375536465e-02,-2.829050859103926507e-02,3.360270914515852553e-02,-3.078607648803378602e-02,-2.484082680613149369e-04,1.123737360303549843e-01,1.330341328607970164e-01,2.490181712291022753e-01,1.527816166445411517e-01,-8.625465268123758134e-02,-2.331521371234265561e-01,-3.957184289268165234e-01,-3.486344127638734691e-01,-2.512227476087017242e-01,-3.079595305486546031e-01,-3.820768166979827130e-01,-2.732808473321189924e-01,-1.792974337694700493e-01,-2.371210289433381690e-01,-2.046925421690413416e-01,-3.413108285407819853e-01,-2.851692217289386044e-01,-1.967452411649349142e-01,-2.751122635706316211e-01,-3.223602644712232901e-01,-2.239662923983718745e-01,-1.553003930660430132e-01,-2.233769400810634853e-01,-1.043523255809041261e-01
2.453098483409008046e-01,3.287666264246242309e-01,5.761093276441999755e-01,6.141023083261771820e-01,8.601398983850757629e-01,1.000000000000000000e+00,7.981393217938839157e-01,6.919428865307956089e-01,3.091386348127694306e-01,4.661031899182666027e-01,2.823746884018520364e-01,2.088001413614545554e-01,9.564293012458487120e-02,-2.929010110188581123e-02,-2.806196811894141607e-01,-3.433137771105641556e-01,-3.492826316610498916e-01,-2.865273619742066402e-01,-2.611735294571345123e-01,-2.725958631705428514e-01,-2.591079628436335214e-01,-1.834340506858097575e-01,-1.140739855550529092e-01,-7.070742860430548338e-02,-1.232265296596086745e-01,-2.383754518226531560e-01,-2.289429786418614166e-01,-1.659095705464987136e-01,-1.701977676309201493e-01,-1.006263257342362438e-01,-2.839012429382905545e-01,-3.201665471648065253e-01,-3.821952255895534334e-01,-3.170536457702192723e-01,-3.186477505736257654e-01,-3.837414263347131427e-01,-4.089039987531259968e-01,-3.518807359398464230e-01,-3.352694808415392358e-01,-4.023836717272304409e-01,-3.307242439484053276e-01,-2.816299332036913960e-01,-3.559607778130973732e-01,-3.523444409658684218e-01,-3.968851593249645426e-01,-3.887642020503343510e-01,-3.416441468421199668e-01,-1.793310321187821244e-01,1.608474518666922204e-01,4.535476877971486576e-02,-1.013960593126513876e-01,1.828486305985098925e-01,2.288581636658802154e-01,1.542153604612809918e-02,-9.270926422426048474e-02,1.233374060133600875e-01,-7.483778736460568702e-03,-1.862888791996142324e-01,-1.611446700103696672e-01,-1.539113602473210496e-01,-2.058425603168168305e-01,-2.961600136669415573e-01,-2.884502777421680264e-01,-3.117741474934606072e-01,-3.446745660456930205e-01,-3.588544340605870353e-01,-3.421244248695606838e-01,-2.658252561629246280e-01,-2.837510235214998344e-01,-2.414732417215925686e-01,-2.491605690723340261e-01,-2.371603665814210615e-01,-1.591314771741576539e-01,-1.115277776249277153e-01,-1.107581518329962544e-01,-2.696948190682887589e-02,-1.306107443893436137e-01,-9.605575678509226546e-04,-9.045093046129711045e-02,2.031654947119966234e-02,5.964540407731809546e-02,2.376196565634547397e-01,3.324190961838707215e-01,2.767037706860518420e-01,1.568856012307713876e-01,1.013425702562905650e-01,1.733797907682770312e-01,1.119999958045630878e-01,-6.542787530635951754e-02,-4.754983283982782555e-02,1.997698245586703933e-02,-7.080607426634091817e-02,-1.308068801309608120e-01,-4.540135069156725489e-02,1.940147562215469371e-02,3.237638019463428413e-02,7.884658009740665857e-03,5.511616209772605968e-02,1.180744927954905099e-01,1.891771958132279496e-01,1.929137662451008706e-01,1.386935928538365059e-01,1.349054225143327956e-01,2.386262176032424021e-01,1.830620070766251495e-01,1.019969969780348817e-01,1.455658286176138849e-01,2.408108539705095530e-01,1.410322751601814639e-01,6.206352461524222014e-02,1.553351009324494547e-01,1.697401073990347786e-01,5.356843994082693267e-02,-1.447732631172845598e-02,8.481883154908401168e-02,2.562396770946278463e-02,6.150968809090570644e-02,1.417225495967132931e-01,1.823439659200377094e-01,2.731821044213577632e-01,2.222050930881328268e-01,3.665089704147530408e-02,-6.873799082933367000e-02,-2.132914875867860383e-01,-1.855201371815778377e-01,-1.295719362761554305e-01,-2.087513173194595617e-01,-2.716278606782817628e-01,-1.995134941154250163e-01,-1.638240900422443802e-01,-2.286289783956093058e-01,-2.033887844804450618e-01,-2.918164356979467411e-01,-2.582068452775105327e-01,-2.026393668006970517e-01,-2.679031073827092824e-01,-2.938453523296020720e-01,-2.313222886011578883e-01,-1.785906149670506426e-01,-2.309254076147916335e-01,-1.068974994774336690e-01
2.978571472915406693e-01,3.358333326376478634e-01,7.312611870058282060e-01,8.269137965698402093e-01,7.648185677383027015e-01,7.981393217938839157e-01,1.000000000000000000e+00,7.989249615637545876e-01,4.789898582213724665e-01,6.091700548806906479e-01,4.322266304709060369e-01,2.516146706356165441e-01,1.112619560593396811e-01,2.739863810429915905e-02,-2.776453133169952681e-01,-4.033034787615660810e-01,-4.437846939493362286e-01,-3.713057908854852096e-01,-3.254780650674259923e-01,-3.297128836648192118e-01,-3.527412038135092076e-01,-2.565927211825640430e-01,-1.554240366049541300e-01,-1.283045934984951009e-01,-1.960577406157512914e-01,-3.392597566040475576e-01,-3.354560489807424384e-01,-2.492133922324260564e-01,-2.559754910384006710e-01,-1.669103460838561037e-01,-3.963210881390640816e-01,-4.292683662845437897e-01,-4.977480401154089074e-01,-3.986783279655479184e-01,-3.335036207258224583e-01,-4.174749822654566511e-01,-4.760979955745597292e-01,-3.585060644451283363e-01,-2.264382035231015389e-01,-3.990365404585490272e-01,-3.110792508875967477e-01,-2.923609873136387982e-01,-4.355781553629136105e-01,-4.316541643578012399e-01,-4.876170884843307740e-01,-4.366061106475373488e-01,-2.870551016882876838e-01,-7.359172801864223568e-02,3.327791379589120635e-01,2.294600098460424786e-01,1.327116379344681352e-01,5.550468751907817744e-01,5.882963084348658001e-01,2.823237536320231666e-01,1.782506032430479503e-01,4.086191194542025951e-01,2.262443165393785705e-01,-7.157427887350033269e-02,-5.973225170209268964e-02,-1.800613609442810181e-01,-2.835725221212857527e-01,-3.857102074419510029e-01,-3.966964357567795418e-01,-3.494103597870870104e-01,-3.790822601946208792e-01,-4.634885749130278620e-01,-4.212688205549474096e-01,-2.831919024312180566e-01,-3.531400863832709902e-01,-3.586274630092546878e-01,-3.369507360958677866e-01,-3.317564948474965858e-01,-2.637822119841983226e-01,-2.038690637398380689e-01,-1.936352191539582879e-01,-9.048295687335725090e-02,-1.991295824286553606e-01,-3.870511806628708362e-02,-1.449232593451033335e-01,-8.276887002339857607e-03,1.483113123546338577e-02,2.666325733413658083e-01,3.992288223097297806e-01,3.299040681271112052e-01,1.629041947080479558e-01,8.680058573809834588e-02,1.958737391501347014e-01,1.002444672413641130e-01,-1.179540564333732139e-01,-8.210130822175545906e-02,2.270493159688519137e-04,-1.024107021512899729e-01,-1.934516321675848471e-01,-7.858342867308712454e-02,-2.858659521326127259e-02,2.227560713542410531e-02,-4.725442793278578080e-03,5.933604147519530581e-02,1.316377695893167499e-01,2.276364825209986897e-01,2.561179051732757062e-01,1.915187836760647855e-01,1.779412067164402034e-01,3.099148840775475811e-01,2.507288334299424548e-01,1.443533233427473084e-01,1.879676957942081617e-01,3.220765386059224467e-01,2.082698823366521124e-01,1.007975591925009545e-01,2.145134653563737503e-01,2.580229553574435175e-01,1.144060217579475069e-01,1.338083739567279794e-02,1.377564456835584095e-01,9.194286981588840890e-02,1.342300578509021680e-01,2.351046978194322179e-01,2.514503529185159736e-01,3.555696211697186304e-01,2.667028448364135440e-01,2.201595564653534287e-02,-1.046331146189467820e-01,-2.983426687508228259e-01,-2.572335807740771529e-01,-1.783687988061109786e-01,-3.008209311255696794e-01,-3.845076892202245467e-01,-2.776117272950248127e-01,-2.133509943588408897e-01,-3.043292074871392638e-01,-2.574002151917166858e-01,-3.962498582955394921e-01,-3.415187631884261665e-01,-2.490422214919406074e-01,-3.242983665780124203e-01,-3.517601166192511619e-01,-2.652953348045760662e-01,-1.882915091618264092e-01,-1.954457698385481113e-01,-9.253819236527788261e-02
2.113437080606889451e-01,2.479559025503867975e-01,3.978040923391642503e-01,6.236381770337506847e-01,7.756390996691726603e-01,6.919428865307954979e-01,7.989249615637545876e-01,9.999999999999997780e-01,6.662801223146758156e-01,6.583139679248488640e-01,6.013850786142722615e-01,5.490399430657409985e-01,2.460353254250926269e-01,8.393769795465796935e-02,-1.623747804671320516e-01,-3.637059077998434087e-01,-4.601381468915997641e-01,-4.091687376582558988e-01,-3.354743476140470970e-01,-3.545397006559730113e-01,-3.830609643432312250e-01,-2.765534720788228595e-01,-1.303889123796727056e-01,-9.651192295474801675e-02,-1.915949934557874546e-01,-3.385173819842146048e-01,-3.612349719894226152e-01,-2.582057277319761979e-01,-2.568641874926918534e-01,-1.602599666055618544e-01,-4.079250345563712465e-01,-4.754390837884450161e-01,-5.665742672091274024e-01,-4.822856982717598218e-01,-4.048458064912131560e-01,-4.743473781388760080e-01,-5.370022464065112855e-01,-4.534029122028266912e-01,-3.201984092389122405e-01,-3.830325237228743851e-01,-3.035516312748977041e-01,-2.161729286026339014e-01,-3.665502879780835332e-01,-3.366373547562636070e-01,-4.300640943800412286e-01,-3.441442807049140407e-01,-1.606014096119544876e-01,1.711246509551507811e-01,6.113904196842832039e-01,3.638629938630270066e-01,1.396616274326608897e-01,4.480147934940562071e-01,3.609144784466721267e-01,8.565419525901084297e-02,-8.612090932930076270e-02,2.804152323463563953e-02,-9.008704361785681292e-02,-3.058785277224564947e-01,-2.674712156944505370e-01,-3.069422899950400296e-01,-3.586605262032704911e-01,-4.354133460313213133e-01,-4.686458454459644374e-01,-5.031999798504523946e-01,-4.926988946267183422e-01,-5.156221341128731650e-01,-5.445730294051962517e-01,-3.978069193941143888e-01,-4.027473999762029577e-01,-3.942779008488626058e-01,-4.387599490528651947e-01,-3.807329455239980009e-01,-2.945853783497851541e-01,-3.370775195065686125e-01,-3.438612648089971469e-01,-2.729161963818997894e-01,-3.914109420986636723e-01,-2.313482688272944787e-01,-3.241154635042911569e-01,-1.647841099665885989e-01,-9.604659570003538926e-02,1.457967591745189528e-01,3.428864324019836318e-01,2.520823500976339115e-01,7.049484158092157726e-02,1.049487709390721502e-01,2.303573558178478586e-01,8.620423511205251021e-02,-1.081001449648762019e-01,6.650497671091898204e-03,7.116761876337478199e-02,-6.466782142462247640e-02,-1.152617760644388534e-01,2.599159857366558496e-02,2.872714661648827564e-02,9.025188595847323525e-02,9.279928317736697851e-02,1.644975450282675222e-01,2.078339519945237024e-01,2.888582170777789226e-01,3.083041498298479954e-01,2.879463496537946199e-01,2.992644516138944777e-01,3.820063109581338656e-01,3.337416403069303761e-01,2.707160296433331337e-01,2.927370585164353889e-01,3.939422308875362155e-01,3.149860465346261962e-01,2.414372497510054449e-01,2.987479534253047464e-01,3.302584536705072127e-01,2.310275278070466620e-01,1.194964424839524003e-01,1.717093099682470425e-01,1.098321623386835227e-01,1.070188102346271430e-01,2.098718543517859025e-01,1.828467897384747076e-01,2.933469228862437550e-01,1.793900166496811832e-01,-2.936431909526734593e-02,-1.960380480724031038e-01,-3.643272751872917992e-01,-2.727871939353929687e-01,-1.424330232597762202e-01,-2.361994742650162238e-01,-3.237153941645725119e-01,-1.822721771207537478e-01,-7.748777862847257281e-02,-1.850436522657332439e-01,-1.808276382690618411e-01,-3.413446610028331163e-01,-3.033007288410778379e-01,-2.179425445155032393e-01,-3.167676801169415635e-01,-3.745934195871166716e-01,-2.729538941082613190e-01,-2.089670747358996772e-01,-2.934479576931979250e-01,-1.744388256214310373e-01
4.534936184264904552e-02,1.012058311899233093e-01,1.191868849112344420e-01,1.646108757298715142e-01,2.474834862627992016e-01,3.091386348127693751e-01,4.789898582213724110e-01,6.662801223146757046e-01,1.000000000000000000e+00,6.926236660940703338e-01,4.217276168315932661e-01,4.258461409441415824e-01,1.567456545216881492e-01,1.217293485006659126e-01,-7.498734460132315538e-02,-1.824916018030465215e-01,-2.192758319752746987e-01,-1.748518957841656285e-01,-1.307044269483902676e-01,-1.416148036339950622e-01,-1.605917273263771650e-01,-9.494119914046017517e-02,-2.958542198425099037e-02,-2.139304833130085959e-02,-8.489547552445908529e-02,-1.639959810868504841e-01,-1.626689681130409348e-01,-1.308892869332325959e-01,-1.391521577821250300e-01,-9.114962717721229735e-02,-2.423714826970397584e-01,-2.550097184967704544e-01,-3.025396576687164329e-01,-2.651376114980070198e-01,-2.505344028710711490e-01,-2.698365579562583827e-01,-3.209897565543952669e-01,-2.962425275632323274e-01,-2.678543422630471071e-01,-2.893303334304537788e-01,-2.639988868243115516e-01,-2.092084929921530223e-01,-2.535589423692446442e-01,-2.305211378231573072e-01,-2.558962312350845925e-01,-2.273579483644603272e-01,-1.653625283978473748e-01,-2.287158468400887074e-02,2.165682763056875626e-01,1.154118478277687838e-03,-9.513638823827547109e-02,1.274348461064989668e-01,5.398111060818608364e-02,-1.045061456951219409e-01,-1.567756871967102006e-01,-6.273632071126261645e-02,-1.288462736467624603e-01,-2.160272463300022261e-01,-1.931281122574334264e-01,-1.652170169046429382e-01,-1.778922921451139838e-01,-2.196727221814155917e-01,-2.086903128154740106e-01,-2.638183935247802592e-01,-2.735200688272812486e-01,-2.527968152870137541e-01,-2.610750807392176465e-01,-2.227494925918156454e-01,-2.213481140814299586e-01,-1.760497927634828430e-01,-2.183985771697521949e-01,-2.081964515772416202e-01,-1.513129754129835525e-01,-1.325037524960944457e-01,-1.538295632140295743e-01,-9.227433422695226206e-02,-1.496596149401578091e-01,-3.025725684287634137e-02,-6.976882925795291346e-02,2.095634630170454399e-02,3.648194611232410955e-02,1.415552671145427488e-01,1.999538459678689706e-01,1.288635439378156000e-01,4.286665622725916586e-02,3.729219097710837622e-02,7.346838037565028845e-02,6.822444610897528952e-04,-9.044754463410405176e-02,-4.983912153371930498e-02,-2.101108668066706611e-02,-6.839051671491540307e-02,-1.094100210700634651e-01,-4.527475896252296933e-02,-2.594433407654470752e-02,-5.115202329559937616e-03,-7.713004566026682857e-03,2.505669210385120735e-02,4.824696348902205584e-02,8.247438600594887703e-02,1.039341112036546444e-01,8.731431952921495099e-02,8.599112597796663982e-02,1.437522610674602241e-01,1.287853285906652434e-01,9.652392283402845552e-02,1.190151036361474512e-01,1.905775859243844239e-01,1.491871492653218945e-01,1.154565441355151906e-01,1.862465199212332001e-01,2.075790718108348198e-01,1.455397508071010204e-01,1.146121137899902137e-01,1.756840374539482275e-01,1.418121318246771401e-01,1.444477713695052901e-01,1.847280957633828102e-01,1.819860103486577729e-01,2.314193563099699036e-01,1.966217504687415019e-01,1.015435172398868047e-01,1.403047281709096129e-02,-9.130969344291556267e-02,-4.781061979258481587e-02,1.766378079253795239e-02,-5.709749014953539176e-02,-1.157607478771628812e-01,-4.661958456939854084e-02,-1.579399463632615019e-02,-9.352531417239522138e-02,-1.031426430945580480e-01,-1.762411558630673780e-01,-1.700563968365688683e-01,-1.335077354423623575e-01,-1.877689205421569085e-01,-2.164428501546722394e-01,-1.689354101465285474e-01,-1.392711906885443218e-01,-1.968523466630310859e-01,-1.226147161668321023e-01
-5.175006215564492695e-03,8.254047540400683003e-02,2.284070721244257640e-01,1.988486452777077917e-01,2.960942199376083717e-01,4.661031899182666027e-01,6.091700548806906479e-01,6.583139679248488640e-01,6.926236660940703338e-01,9.999999999999998890e-01,8.645864724598483209e-01,7.454356842715584852e-01,6.696650807376997028e-01,5.508991024000144954e-01,1.237973545229987954e-01,-1.224076090099587705e-01,-1.684489563716851657e-01,-1.136615642448169095e-01,1.375641827106892714e-02,6.048986437734645005e-02,-4.851097085485667898e-02,3.939709085028436641e-02,1.484538534227831663e-01,6.995224251647789993e-02,-4.523233097238255757e-02,-1.023235452821490560e-01,-1.186498042773651146e-01,-1.313574950059473168e-01,-1.603399567886417409e-01,-1.358580998390575834e-01,-3.052566407812289939e-01,-2.643997924143139944e-01,-3.250287047752897229e-01,-2.817041827633393614e-01,-2.413085997321385012e-01,-2.021862066123170099e-01,-3.470676783554759171e-01,-3.204997703002434584e-01,-2.485575538789175920e-01,-3.473902710350400547e-01,-3.711967850449661155e-01,-3.371392161351000061e-01,-3.487443795292037851e-01,-3.211175467253674642e-01,-3.032155522560470717e-01,-2.466852616121547881e-01,-1.164614127851150566e-01,-1.238207090647850533e-01,1.273251196785004091e-01,-1.801927246388933812e-01,-1.735120171140195622e-01,2.713699932204782783e-01,6.981857475618472031e-02,-1.324492702555759571e-01,-1.138965582739938781e-01,3.215949828450220122e-02,-1.112537424562356908e-01,-2.481661282001704216e-01,-2.504560201775563044e-01,-1.882963493266701649e-01,-1.940952771861783888e-01,-2.679396315878876389e-01,-2.039385188895144474e-01,-2.916276544407485627e-01,-3.567814322651916559e-01,-3.132549915170156907e-01,-2.817739414600227699e-01,-2.700183814231029711e-01,-3.033819905650884108e-01,-2.140325194895120187e-01,-2.471599199081659370e-01,-2.588281072136286443e-01,-2.203119731461427588e-01,-1.391837638159713897e-01,-1.816666099628969078e-01,-7.151166687754234585e-02,-1.232644141001313504e-01,5.250737035577605211e-02,1.155459837670892199e-02,1.172199721277099316e-01,8.704483486548142412e-02,2.012598804223068027e-01,2.259239367673194498e-01,1.160334922785810075e-01,2.690822417747422424e-03,-4.816632608929489329e-02,-2.845568466802210830e-02,-1.079642421010003628e-01,-1.991614060937540454e-01,-1.865598584895722389e-01,-1.595246113070934724e-01,-1.774129985260230746e-01,-2.209050323681904515e-01,-1.565132772304319297e-01,-9.894957814772623039e-02,-9.304463480712464596e-02,-9.980392242449190321e-02,-7.312367618668162705e-02,-2.831107565174382362e-02,3.176488555139104272e-03,6.694881050835720104e-02,2.946649554603709975e-02,-1.442523460077234539e-02,8.843538470932379991e-02,1.031836861476607553e-01,4.260343680593436932e-02,6.452640022560988953e-02,2.030119070736098319e-01,1.539719936237241849e-01,9.145614314961159064e-02,2.285814668908156266e-01,2.796528344031595781e-01,1.828876313801157671e-01,1.606391797451869607e-01,2.873764210872086222e-01,2.519659912607212782e-01,2.674894569108199893e-01,3.047815474816249481e-01,3.085145979426627272e-01,3.582156557391969476e-01,3.263329773404659018e-01,2.125406369731406009e-01,1.242845243003795758e-01,-2.177372121902279925e-02,3.463103442324015624e-02,9.010366124953772538e-02,-5.285745015492028520e-02,-1.237885308899269315e-01,-4.487460641620760748e-02,-4.866227483505442680e-02,-1.751683730959385510e-01,-1.842868185674489123e-01,-2.597637789954944654e-01,-2.618171940415921495e-01,-2.340857510992813140e-01,-3.120077672878075470e-01,-3.270546219585076519e-01,-2.845180232623893413e-01,-2.560417572475687797e-01,-3.057631831645884479e-01,-1.992690212375123893e-01
-1.209442833540980283e-01,-5.527579068956461894e-02,4.136097531408877009e-02,8.772158140365918233e-02,1.926666573647653202e-01,2.823746884018520920e-01,4.322266304709060369e-01,6.013850786142722615e-01,4.217276168315932661e-01,8.645864724598483209e-01,1.000000000000000000e+00,8.972657834009402089e-01,7.874143963813383662e-01,6.792163561729048782e-01,3.771602398637383113e-01,5.205348507525407037e-02,-7.959585004653627061e-02,-7.333163841015706563e-02,9.395115431761116853e-02,1.371178822595871261e-01,-5.342131924215681726e-02,2.715983379967275291e-02,1.641069670709404682e-01,4.072710375003733146e-02,-7.180977134788869842e-02,-1.129104762611447682e-01,-1.756256549958880586e-01,-1.769104275632328305e-01,-1.853076538287213582e-01,-1.454896073236542631e-01,-2.878899610625649808e-01,-2.437548111470239642e-01,-2.867640787517480860e-01,-2.373273739564853158e-01,-1.345959459507942713e-01,-5.718324160592812289e-02,-2.224311668414536147e-01,-2.207115058987857426e-01,-8.892742623973245997e-02,-1.465910945468672788e-01,-2.156697243410578557e-01,-1.698625674467283964e-01,-1.735193508480488422e-01,-1.350158041069110249e-01,-1.279718905354125802e-01,-1.781879175707964599e-02,1.839637000518418997e-01,1.800294225914604029e-01,3.524604408341144857e-01,-1.982631864825748491e-02,-1.503608818857018678e-03,3.756556366148588455e-01,4.363140177435823053e-02,-1.376059415402427766e-01,-1.149687272515775571e-01,-6.435543031778996614e-02,-1.978230799853946120e-01,-3.098250383727224055e-01,-2.956312614239402503e-01,-2.628872673438766294e-01,-2.413234244497911296e-01,-2.816577051016902478e-01,-2.390626092494396171e-01,-3.465745600705875673e-01,-3.716871180754417470e-01,-3.076677714832895538e-01,-3.107108373791531153e-01,-2.726745933717334425e-01,-2.752198213917499414e-01,-2.121903758821810926e-01,-2.583553994048586322e-01,-2.323992767478163801e-01,-2.261814978326141257e-01,-2.165725870619873983e-01,-2.563874889728768869e-01,-1.815261446956119296e-01,-2.183474019301613334e-01,-8.723523283396424077e-02,-1.116498424122228661e-01,-9.317887456771319077e-03,-2.361970612028890457e-02,6.101724835736144215e-02,1.143548358508363477e-01,-9.092363773479618036e-03,-1.114126633032968688e-01,-8.508237483954068925e-02,-7.458838465520278849e-02,-1.830286824405737700e-01,-2.155276724633778951e-01,-1.633845736827194972e-01,-1.700601542249461640e-01,-1.947406405890970693e-01,-1.978252194964760513e-01,-1.123935643853861688e-01,-9.199523432017356339e-02,-7.994839791977775834e-02,-5.053927804620613612e-02,-2.812152683113047780e-02,-9.664158991467245927e-03,-9.648270238040783722e-03,6.706139848245168400e-02,7.384148053312161730e-02,2.586557791686166022e-02,8.253335099076081205e-02,1.315408380673100397e-01,1.120894120256908100e-01,1.006045290490533567e-01,2.182958471820677093e-01,2.208853453297114910e-01,1.830897364203435684e-01,2.691667684473729172e-01,3.280509467527199519e-01,2.804197419426496807e-01,2.506918258873211403e-01,3.162051461181340506e-01,2.896607851300801451e-01,2.652892308632034957e-01,2.966130085944874706e-01,2.464124796261052963e-01,2.817064589234264949e-01,2.272469301441711054e-01,1.591105985480756602e-01,5.696349355455242180e-02,-6.040808831738120332e-02,3.073528078873103905e-02,1.225852897080386417e-01,-2.018636633561482659e-03,-7.250374194749920065e-02,2.982925007363014872e-02,6.208853626735329895e-02,-7.601398206490815601e-02,-1.174316609779956361e-01,-2.084038651635586048e-01,-2.217651683841989907e-01,-1.952176481599497693e-01,-2.743384824638269714e-01,-3.098313970327371547e-01,-2.658589863558330491e-01,-2.439852233328860254e-01,-3.003048738967186715e-01,-2.193300242876969619e-01
-1.408916784368428321e-01,-8.820318322764425512e-02,-9.584430785270468822e-02,-8.918179232511977417e-02,1.281594511430606820e-01,2.088001413614545554e-01,2.516146706356165441e-01,5.490399430657411095e-01,4.258461409441416934e-01,7.454356842715584852e-01,8.972657834009402089e-01,1.000000000000000000e+00,8.482592511549436054e-01,6.705371722077415608e-01,4.476062463599421171e-01,1.354115593228392700e-01,-3.874134200569610137e-02,-4.828256971777551178e-03,1.711088559759152417e-01,1.305586378054796604e-01,-4.049302566301755946e-02,6.876274092631848300e-02,1.585864645223929170e-01,4.947352605985581159e-02,-6.766548052876097952e-02,-1.195487341752991817e-01,-1.578413809029597104e-01,-1.590198369761161579e-01,-1.781848837989337686e-01,-1.419967925380376250e-01,-3.295525848988981044e-01,-2.999951106763564246e-01,-3.518780025981474435e-01,-3.400202332321525800e-01,-2.484914460319016805e-01,-1.665972127063511110e-01,-3.179068945958383186e-01,-3.389437368367070325e-01,-2.323183526187940495e-01,-1.932669172882831576e-01,-2.599869128741444380e-01,-1.681872199057921624e-01,-1.714944721916941139e-01,-8.866842473485893328e-02,-9.863319917980836737e-02,4.009954654528644774e-02,1.964667388813562676e-01,2.400313215395306343e-01,3.698511172107851186e-01,-4.271118679651853683e-02,-8.312758369196865393e-02,1.736802501997761761e-01,-1.349472047174064826e-01,-2.752163830030364688e-01,-2.720376645966975926e-01,-2.435910327404184894e-01,-3.214930767987451143e-01,-3.673039337817057270e-01,-3.329179546941473666e-01,-2.555174774403483062e-01,-2.099763048472413351e-01,-2.261967659992814295e-01,-1.913610830839012900e-01,-3.381510300246967637e-01,-3.412002867452850197e-01,-2.534146910455546409e-01,-3.048134420993874327e-01,-3.018145747000683388e-01,-2.728389176203601663e-01,-2.010145723552283770e-01,-3.187601067400787636e-01,-2.917495062677259998e-01,-2.622010923819120820e-01,-2.954017306260954823e-01,-3.674996361712289938e-01,-3.006668577796661190e-01,-3.156649727057699861e-01,-1.561725093792255825e-01,-1.497029803261307745e-01,-4.635212873737396683e-02,-4.826973739348594528e-02,1.529459176878110796e-02,7.935927447771794208e-02,-6.215553502865300145e-02,-1.764150559959545561e-01,-1.022505905762355477e-01,-8.614226425259047248e-02,-2.179216314985752967e-01,-2.405126684358652178e-01,-1.352073056640759330e-01,-1.483011112320816727e-01,-1.694664037031683446e-01,-1.576525733183046230e-01,-7.005202080061632974e-02,-8.447038865975665944e-02,-5.834086067779788165e-02,-2.298214526352173465e-02,2.634952363997006015e-03,1.042953463393806509e-03,-1.174498036627715999e-02,5.294613988761746187e-02,8.425090783494233737e-02,6.020473939328731955e-02,9.529555288984939421e-02,1.591108857080699712e-01,1.578930810127496531e-01,1.392831389863528058e-01,2.477819961228185375e-01,2.641197021475559792e-01,2.482858397389735294e-01,3.191065036434725388e-01,3.620764801705276814e-01,3.341653771328884637e-01,3.199230421953364600e-01,3.532299627321309754e-01,3.057225656226336685e-01,2.589892283627474590e-01,2.839909413441351616e-01,2.262975015868881890e-01,2.654970055210885693e-01,2.153878029991856680e-01,1.857079558616111514e-01,7.102465000772431591e-02,-1.958865310877591637e-02,8.954530747495917375e-02,1.946329356705143176e-01,8.720767681883026534e-02,2.149336718819507691e-02,1.249245902893124788e-01,1.611207534056643131e-01,2.768665743070358037e-02,-3.165308296146036870e-02,-1.157079936955433264e-01,-1.424096442813480579e-01,-1.259104872276263221e-01,-2.034589705744057619e-01,-2.460439312958333791e-01,-2.091152851691777392e-01,-1.939751021418116561e-01,-2.835609683251024138e-01,-2.192839006803607715e-01
-1.125289621963963399e-01,-7.673047504210771252e-02,-1.058907501554759295e-01,-1.853982499615124957e-01,-3.081440921806893884e-02,9.564293012458484344e-02,1.112619560593397089e-01,2.460353254250926269e-01,1.567456545216881769e-01,6.696650807376998138e-01,7.874143963813383662e-01,8.482592511549434944e-01,9.999999999999998890e-01,7.926539827773473323e-01,4.310891637819281308e-01,1.626157409663218090e-01,5.019189673137658403e-02,1.093214918903772093e-01,2.997922981878736182e-01,2.803415383780462067e-01,1.167173072323910848e-01,2.335612473136798317e-01,2.925831245912825507e-01,1.799641303229082279e-01,5.521115529669652633e-02,1.626241845872122491e-02,1.534773289631283059e-03,-5.010636927281546943e-02,-7.696978593194796214e-02,-1.041618387570749094e-01,-2.292146424941992888e-01,-1.795890327858585822e-01,-2.282558325841021751e-01,-2.269778949104110100e-01,-1.650260191672602572e-01,-8.260517594706835720e-02,-2.455012604014867594e-01,-2.656545649415371080e-01,-2.137830909659927392e-01,-2.259379618655838473e-01,-3.029556090380969291e-01,-2.642387848524482274e-01,-2.185136821774210092e-01,-1.550966794333276111e-01,-1.145314352854853862e-01,-1.537412670451566640e-02,8.107689397527520492e-02,-2.756784087439878572e-02,3.431795506518602046e-02,-2.567628931975989848e-01,-2.268506687317585757e-01,4.349481018189271103e-02,-1.883710748001391488e-01,-2.779570995659573773e-01,-2.263388441281090069e-01,-1.816830947336738056e-01,-2.360028802541897786e-01,-2.605184995189113728e-01,-2.671802049807882051e-01,-1.393851420082906911e-01,-1.042465908470507213e-01,-1.322626067091440816e-01,-5.983672087389615979e-02,-1.826888722943439958e-01,-2.294503876618456117e-01,-1.406099174409869701e-01,-1.453489326281244554e-01,-1.962982998037633153e-01,-1.961838096703913681e-01,-9.998951381986941056e-02,-1.911072670715692479e-01,-2.061653447797567040e-01,-1.872867591679896471e-01,-1.517162658389398511e-01,-2.334796574245408540e-01,-1.514871903315879453e-01,-1.437204252139336336e-01,1.688646338862109797e-02,3.421355069756808892e-02,9.701148885490788742e-02,5.703208735369558191e-02,7.203321859358419177e-02,5.967304409262722681e-02,-5.960050058026388625e-02,-1.347440697197664905e-01,-1.292230914379073892e-01,-1.512299743484655790e-01,-2.277883254675441560e-01,-2.293149105536491372e-01,-1.814632330176504937e-01,-2.027636779219918195e-01,-1.657406294011444792e-01,-1.427892510473001420e-01,-1.263310695684009555e-01,-1.229927124058932675e-01,-1.172155036039734671e-01,-1.088935660868181748e-01,-1.002732814486948371e-01,-9.316423806380098871e-02,-1.078885307558953566e-01,-4.043057411116197930e-02,-3.434346556746821488e-02,-7.155235884621878595e-02,-1.551405981584120901e-02,5.286400932798385882e-02,3.229760553306693094e-02,2.880173247506205916e-02,1.413817401677695262e-01,1.419342653207947558e-01,1.216890773640062207e-01,2.249518844021790309e-01,2.596245685890458677e-01,2.184339057602077416e-01,2.379927660085784102e-01,3.076892987472965024e-01,2.641737859156372825e-01,2.408168375697934682e-01,2.415210602532642803e-01,2.255649095558981687e-01,2.553416872758337286e-01,2.545061838938963428e-01,2.490504614903057412e-01,1.881053578800353787e-01,1.124931047234825759e-01,1.750181405060262374e-01,2.213392955392874395e-01,1.128582594566273078e-01,6.346200788626235600e-02,1.157514802336356008e-01,9.881512451857096813e-02,-1.022204542718711112e-02,-4.982737982450317904e-02,-9.029570789706575784e-02,-1.203810000830942278e-01,-1.191443495273930148e-01,-1.782196971395907381e-01,-1.982194226314033525e-01,-1.830404429499178920e-01,-1.760405010911029189e-01,-2.407194660743629255e-01,-1.986427806786469907e-01
-2.518566413712562402e-01,-2.093167711671798659e-01,-2.188997705935253335e-01,-2.879017052397450649e-01,-1.926767196355880229e-01,-2.929010110188582511e-02,2.739863810429916946e-02,8.393769795465796935e-02,1.217293485006658849e-01,5.508991024000144954e-01,6.792163561729048782e-01,6.705371722077415608e-01,7.926539827773473323e-01,1.000000000000000000e+00,6.984248175470199049e-01,4.774982204803762120e-01,3.639832497547180190e-01,4.101201002416630659e-01,6.448409823965537413e-01,6.664546341659282058e-01,4.264727018492759369e-01,5.442257421982314991e-01,5.901724208366052604e-01,3.192818226426498152e-01,9.331589678361920659e-02,2.139853521093756095e-01,1.366722125947349153e-01,-5.531505829513479883e-02,-4.957175974394040230e-02,-1.168154930064604358e-01,-1.639840441730455456e-01,9.880384134270468743e-03,-2.599242714702779903e-03,-5.257665135500525638e-02,1.419633892306204626e-02,2.197037248472824833e-01,-3.711203050484320615e-02,-1.654829993965770685e-01,-1.044971657551774930e-01,-8.111759562886734776e-02,-2.872384529858662550e-01,-2.648424360710270320e-01,-1.014747738734013832e-01,-1.504821841505331846e-02,1.342335094646696370e-01,2.251211939165019549e-01,2.697799361492925208e-01,-9.502287850562030416e-03,-7.653539835561742888e-02,-3.716541195975378575e-01,-2.719688529104434815e-01,-6.064920681000776290e-03,-2.816579127974473962e-01,-3.792615017323948678e-01,-2.690344412357045800e-01,-2.413908415862900114e-01,-3.144344179832858632e-01,-3.331941009477104587e-01,-3.345177859577144752e-01,-1.892873802891777146e-01,-1.085279398680500523e-01,-1.154016385841221265e-01,-8.380570782033375937e-03,-1.955310481005220202e-01,-2.555818983434101077e-01,-1.151081836044310081e-01,-1.197418169422107548e-01,-2.161470765343091183e-01,-1.952859449867991870e-01,-7.794731422361356188e-02,-1.688642401327665465e-01,-1.643939832184145022e-01,-2.000791111850583892e-01,-1.395231111776939759e-01,-2.107552817417459312e-01,-1.410394948051994501e-01,-1.250360819628180686e-01,4.108046515971510576e-02,8.632733761682732931e-02,1.611364580044648276e-01,6.544902160563415006e-02,2.276876361721169931e-02,-5.771450753409760465e-02,-2.214090092318037606e-01,-2.681313906918207923e-01,-2.547283345788434183e-01,-3.386335584470848703e-01,-4.182574449027279262e-01,-3.230854000100014112e-01,-3.127277063472834739e-01,-3.763072302905995925e-01,-2.891846631021703917e-01,-2.536862879767340373e-01,-2.291695918408625798e-01,-2.000099317676727606e-01,-2.384738256025745184e-01,-1.901846091248548809e-01,-2.106781782557302363e-01,-2.193274725086536148e-01,-2.847101396425235631e-01,-1.589082011543396511e-01,-1.302776530791046605e-01,-2.222324988081901542e-01,-1.810249689376772497e-01,-4.814931458558473210e-02,-3.131712676478624890e-02,-6.345492744083169878e-02,7.567740668688277550e-02,1.407844677532467115e-01,1.386095525438832965e-01,2.699725398789551423e-01,3.512253471717675657e-01,3.391775282814424863e-01,3.964635939329271830e-01,4.890843427808250210e-01,4.897635550469053300e-01,4.490023800409617127e-01,4.131653172231886106e-01,3.511659272699393930e-01,3.208203647702572159e-01,3.235585791836431691e-01,3.764390576775964448e-01,3.256445942076892641e-01,2.458416196898118855e-01,3.453561979691687212e-01,4.034358432560355423e-01,2.368728133516604384e-01,1.852308244582422103e-01,2.542692674986276047e-01,2.072095783316288131e-01,4.171345265800122104e-02,-3.492452210463848489e-02,-5.815487111611887527e-02,-1.167734511104423500e-01,-1.456639273648669963e-01,-2.130953853447489499e-01,-2.267995192189018461e-01,-2.296182336285681747e-01,-2.513162496514149136e-01,-2.948141190190997074e-01,-2.580545026484930005e-01
-4.215968760266155524e-01,-4.094894778134882674e-01,-4.838208588898560425e-01,-5.223212939110293274e-01,-4.255232120954642872e-01,-2.806196811894141052e-01,-2.776453133169952681e-01,-1.623747804671321349e-01,-7.498734460132312762e-02,1.237973545229987260e-01,3.771602398637383113e-01,4.476062463599421171e-01,4.310891637819281308e-01,6.984248175470200160e-01,1.000000000000000000e+00,9.238049804603347681e-01,7.634360318780836208e-01,7.123469497897240155e-01,7.994448903273231322e-01,7.173699411191047925e-01,4.673502630715940520e-01,4.676133114114888190e-01,3.191247375691647625e-01,6.436475242338456082e-02,-2.587024720078906839e-02,9.780986544367784030e-02,1.291058760279789608e-01,-5.668609359854180629e-02,-6.582392901580329247e-02,-8.479189953170039595e-02,-6.765761579775904366e-02,1.012468993055084671e-01,2.459114571506626490e-01,1.127454203715369668e-01,1.448709760314356165e-01,5.023055908719219476e-01,3.705924879552650042e-01,1.124421948169237045e-01,2.034878983390070450e-01,4.700804801209726436e-01,2.067936042486498704e-01,2.804897717175950378e-01,4.859340000131299186e-01,6.028145469789021327e-01,7.274733977422124243e-01,8.202842863901347314e-01,7.789616397784999702e-01,4.711085301998352848e-01,1.204016069663290667e-01,-1.621840516126414888e-01,1.453764471471417907e-02,-2.853840493037540851e-02,-3.733276025065502823e-01,-3.618473158802679723e-01,-2.553877575879621165e-01,-3.433007849729700078e-01,-3.742258915306880263e-01,-3.004989478656718838e-01,-2.650955097036463148e-01,-1.882785340362072291e-01,-5.334401076397383284e-02,2.592509693030218068e-02,8.726560427571040945e-02,-1.077099105922320610e-01,-9.242359801235429384e-02,7.138183961531935351e-02,2.224832875674096540e-03,-1.145000984342416511e-01,-1.763722464918696456e-02,3.297067950416781440e-02,-8.459975082497300791e-02,-3.067330918012119156e-02,-1.393858749357047566e-01,-2.274509533057099409e-01,-2.694701057027971691e-01,-2.870995024330057488e-01,-1.831782045596987984e-01,-2.051136660199805450e-01,-8.223688110988512656e-02,-1.109613659928889440e-01,-1.947433168265927939e-01,-3.900007045253126026e-01,-4.596636032643992009e-01,-6.113949909621257950e-01,-5.667668271867223329e-01,-3.805994469172256922e-01,-5.201869130855489853e-01,-6.198858569593155288e-01,-3.267774533988602181e-01,-2.512062848535266957e-01,-4.076063447906171366e-01,-2.858115540862695703e-01,-1.751323558035350059e-01,-1.495264315592877979e-01,-2.046471531749836092e-01,-2.342931742558643504e-01,-1.118771332658651946e-01,-1.594166189240869558e-01,-2.530658261271274134e-01,-4.231398859371113264e-01,-2.913975000440891527e-01,-1.500285451138695936e-01,-2.324784355687602722e-01,-3.308462085445764145e-01,-1.104636819086392691e-01,2.099611910658276057e-02,-8.815991613768522916e-02,-5.241989127842278107e-02,1.535598003522425370e-01,2.350160105152006851e-01,2.104879091099160771e-01,2.875207874564442156e-01,4.318949991228190344e-01,5.064978236147558155e-01,4.243696919266740086e-01,4.557677702281858201e-01,3.128266739465402901e-01,2.222698745039933810e-01,5.955611070214330421e-02,-2.382074338899917501e-02,-2.102033001934830100e-02,2.116905843401037934e-01,1.984567358918924718e-01,2.568223120959337580e-01,3.951349026204238890e-01,4.820228997239349167e-01,4.015156954628497088e-01,3.858728704063993931e-01,4.560556523071099266e-01,4.586464899412304175e-01,3.168047096619766023e-01,1.779047425881321032e-01,1.710555783152539755e-01,8.540396863264362870e-02,3.343970291254347998e-02,5.490724991622027325e-03,-3.009707761426233877e-02,-6.279319956639861644e-02,-1.088297337839671808e-01,-1.485229705787559085e-01,-1.742321621049258695e-01
-4.039365978839722926e-01,-3.950757724158143191e-01,-5.042452942257473758e-01,-5.797093345671823217e-01,-4.909932309846310461e-01,-3.433137771105641556e-01,-4.033034787615660255e-01,-3.637059077998432977e-01,-1.824916018030465215e-01,-1.224076090099587982e-01,5.205348507525407731e-02,1.354115593228392700e-01,1.626157409663217812e-01,4.774982204803762120e-01,9.238049804603345461e-01,1.000000000000000000e+00,9.222258882124577672e-01,8.738458524280091622e-01,8.632603152354864084e-01,7.538163348543672759e-01,5.923941288366145752e-01,5.371383666859284034e-01,2.829875967911609225e-01,5.748744923965030257e-02,-1.481096077596000694e-03,1.612301918277915247e-01,2.788613424739865843e-01,5.929536094877751323e-02,1.840080163651294440e-02,-2.620721288592173931e-02,2.459879295294922080e-02,2.125052708059899653e-01,4.058167895810738113e-01,1.968780497763044368e-01,1.511090448693096222e-01,5.481523983608053152e-01,4.665699661032441381e-01,1.565668897006981253e-01,1.865888713589143044e-01,5.208384712532718730e-01,2.494559130975259054e-01,3.286858043038305421e-01,5.742733758165488034e-01,6.955093575862555388e-01,8.499873332859881891e-01,8.867105302045902304e-01,7.204208922234406343e-01,3.716293596807335731e-01,-6.260245174319191419e-02,-2.423272207032215464e-01,-6.194019958971472284e-02,-2.137028612787119641e-01,-4.537750632498227521e-01,-3.925061779695560582e-01,-2.880372564301175164e-01,-3.577177842291988097e-01,-3.505210224909599548e-01,-2.248023596312306582e-01,-1.800362667010103335e-01,-8.934561230373434804e-02,6.053386314066196844e-02,1.635267578108957898e-01,2.186755575387946127e-01,2.157970587549649585e-02,4.205777209124802324e-02,2.014364036061957741e-01,1.177438617059037990e-01,-5.382197056758416392e-02,5.638185255779264854e-02,9.408928685201033149e-02,-2.629203449987393970e-02,1.412520217080475392e-02,-1.074216256661132268e-01,-1.848351071967863080e-01,-2.111008595283436484e-01,-2.458503992651328296e-01,-1.149597401336227009e-01,-1.670874824647844703e-01,-1.556771016979953577e-02,-8.890723050295777641e-02,-2.050823382116224169e-01,-4.547910339482967856e-01,-5.726060652026859765e-01,-7.017968701994546921e-01,-6.171062498986226164e-01,-4.400866808837974875e-01,-6.010975037714950675e-01,-6.626511341365143304e-01,-3.210067698244646328e-01,-2.623737563634750969e-01,-4.293448053529183572e-01,-2.548681794007991441e-01,-1.403115793101991915e-01,-1.599076162743230667e-01,-2.203830735610273761e-01,-2.626342435380958906e-01,-1.439304274795385474e-01,-2.103533781177649165e-01,-3.199904189574057645e-01,-5.158168337407853521e-01,-3.913816326898213460e-01,-2.405642317782600292e-01,-3.236862242444956683e-01,-4.457878660271842319e-01,-2.106766757476063734e-01,-6.289270826320490781e-02,-1.805193915433115082e-01,-1.714190221002353520e-01,5.621284654092204014e-02,1.594822156014104597e-01,1.168030517230772558e-01,1.914788756195670849e-01,3.662228445974200497e-01,4.728569494044481680e-01,3.774445193483096372e-01,4.318648174232816439e-01,2.867233455859495295e-01,1.634258836606744258e-01,5.391687206500310817e-03,-1.104889572236489453e-01,-8.082434109045033566e-02,2.054570595061592786e-01,2.423731492657333619e-01,3.471747816949330989e-01,4.712332142066572582e-01,5.222844002053953494e-01,4.579999726321816733e-01,4.767013816219046740e-01,5.144649853373806092e-01,4.826576133629759124e-01,3.748554420526862829e-01,2.473781885542316872e-01,2.863143804984242258e-01,1.997350511846072429e-01,1.227301266178099093e-01,1.133711753307347914e-01,9.880217462211268731e-02,4.599338426237296884e-02,-2.329935839354697544e-02,-5.260604757357387889e-02,-1.033680318529819064e-01
-3.834168487383022850e-01,-3.748267811161172802e-01,-4.923695732051039387e-01,-5.934754532196967469e-01,-5.099963030865598546e-01,-3.492826316610498916e-01,-4.437846939493362286e-01,-4.601381468915997641e-01,-2.192758319752746987e-01,-1.684489563716851934e-01,-7.959585004653624285e-02,-3.874134200569610137e-02,5.019189673137656321e-02,3.639832497547180190e-01,7.634360318780833987e-01,9.222258882124577672e-01,9.999999999999998890e-01,9.583511085588689582e-01,8.828718027273808611e-01,8.349848366622073526e-01,7.858939697365622257e-01,6.710275085255835714e-01,3.842597913715124491e-01,1.627916682559307493e-01,9.791168191026175527e-02,3.576430900234532362e-01,5.282606473172571926e-01,2.564293414397326720e-01,1.627792070973938243e-01,8.018996518144103081e-02,1.695077709281073985e-01,3.997035837162089544e-01,5.882109564066948515e-01,3.165407372071175618e-01,1.927221241445236377e-01,5.932155332031749939e-01,4.980607174419609540e-01,1.797274742319361629e-01,1.511962317888928264e-01,4.321485814286656901e-01,1.607677419434068722e-01,2.033513827546078179e-01,4.718305890628981536e-01,5.740017916716119162e-01,7.798104226863845634e-01,7.658961651294952100e-01,5.334859816827821621e-01,1.343238557341069339e-01,-2.773586935007382737e-01,-3.876629814967116894e-01,-2.002293074400783301e-01,-3.167589276809965604e-01,-4.886779946332028834e-01,-4.056790361936646327e-01,-2.688142839059914357e-01,-3.125740487063826123e-01,-3.095654758338517998e-01,-1.615065239954616982e-01,-1.339027687002596889e-01,-3.416140412345325394e-02,1.205112846260570358e-01,2.124965855790474645e-01,2.994898923642878574e-01,1.120382147760237701e-01,1.107996209537111393e-01,2.740163691569293958e-01,2.234219531240812240e-01,2.022283604135409821e-02,1.084413316891471996e-01,1.572322927832192629e-01,5.365485904298194358e-02,6.496076167504485910e-02,-5.541887604884051383e-02,-7.748955231946710875e-02,-9.740161584964143748e-02,-1.361265108345139918e-01,3.852162119020070396e-03,-3.197582392534109585e-02,1.257528820305640338e-01,3.143892808298301422e-02,-1.166103170094353048e-01,-3.948311460854357913e-01,-5.827311694619838889e-01,-7.016542374337672028e-01,-5.764910390935942264e-01,-4.592094660615008705e-01,-6.548514472787295704e-01,-6.636801905444260630e-01,-2.888248679431467125e-01,-2.927455395714116948e-01,-4.678636997603799474e-01,-2.255247729140978652e-01,-1.245651265526068890e-01,-2.195532079917969226e-01,-2.630308794137112272e-01,-3.301766418028636574e-01,-2.253292138257414756e-01,-3.088336043464564584e-01,-4.144409850512351667e-01,-6.226572786991358965e-01,-5.024500824947941702e-01,-3.652936405056541047e-01,-4.531643779495927449e-01,-5.591786972038423897e-01,-3.217964127401278795e-01,-1.811103552272024242e-01,-2.783468305048038549e-01,-2.664122902956296834e-01,-5.077400625108513532e-02,5.015053144231589044e-02,4.375295829402645054e-02,1.189208309342332931e-01,2.760317979345903727e-01,4.106723761794993099e-01,3.621015410924645073e-01,4.249368445279851914e-01,3.099803559284368681e-01,1.716863607719427143e-01,4.805605155665695211e-02,-8.834158635296650297e-02,-2.618940936203690770e-02,2.671390492020239704e-01,3.394392046674049590e-01,4.435830147608958995e-01,5.338643596260679303e-01,5.436695552553953981e-01,4.686362991881737883e-01,4.958432063756066377e-01,4.949093088985905831e-01,4.222235166488884084e-01,3.306053813104034567e-01,2.140321244525051902e-01,2.864341760064710862e-01,1.944018937165556959e-01,1.031568420480814402e-01,1.121209535157593890e-01,1.147784991157905499e-01,3.783230935460510369e-02,-4.201228315540536662e-02,-3.403261210546373872e-02,-1.064593983362817076e-01
-3.435308529792553967e-01,-3.211863757589035195e-01,-4.222736348407034046e-01,-5.393979185132924403e-01,-4.489535750825629501e-01,-2.865273619742066402e-01,-3.713057908854851541e-01,-4.091687376582558988e-01,-1.748518957841656285e-01,-1.136615642448169095e-01,-7.333163841015706563e-02,-4.828256971777564188e-03,1.093214918903772370e-01,4.101201002416631769e-01,7.123469497897240155e-01,8.738458524280091622e-01,9.583511085588691802e-01,9.999999999999998890e-01,9.434356072029045359e-01,8.609528061346467531e-01,8.572499390853478562e-01,7.937655908187851717e-01,5.018148503736097332e-01,2.735918322000143177e-01,1.512358688679084351e-01,3.985737848159736085e-01,6.060153338633738063e-01,2.851371158640557679e-01,1.349759800397645204e-01,1.874191390946010685e-02,5.730073010313959520e-02,3.069457247352977425e-01,4.575527746967503195e-01,1.673979423804806410e-01,4.970609975646037015e-02,4.301428729945338536e-01,3.014560593690020496e-01,8.416180795261156075e-03,-3.099128761074823254e-02,2.262496056827069391e-01,-3.460420913886124578e-02,1.261963021701444088e-02,2.768885106514961669e-01,4.006525089557181896e-01,6.287061588655523670e-01,6.239770338929556681e-01,3.716725374377163327e-01,-4.483007906347123012e-03,-3.504913421643306992e-01,-4.709099754629910706e-01,-3.255986873304794749e-01,-3.768826254427677935e-01,-4.986512817144184151e-01,-4.542670033613400715e-01,-3.238588137934607647e-01,-3.196285147744580835e-01,-3.143038349082007410e-01,-1.834746320323040747e-01,-1.595317027124274478e-01,-2.569040930431281539e-02,1.249762636707861252e-01,2.047720282821320625e-01,3.082085986253204624e-01,9.974742470145904483e-02,7.400299878293678524e-02,2.382159992252513014e-01,1.883719288157384986e-01,-4.387749699915020896e-02,2.854836758283188156e-02,1.050969082753989287e-01,-3.006892051543358715e-02,-5.035351283147781326e-02,-1.467136793319629706e-01,-1.196445282762748225e-01,-1.728569002733804927e-01,-1.646808367699653664e-01,-3.393814743729242633e-02,2.494928063092468826e-02,1.814365462665911699e-01,1.212755921002260234e-01,-5.369342946603320593e-02,-2.926873932401851119e-01,-4.888789152932714877e-01,-6.338805839539067843e-01,-5.631924364462035371e-01,-4.852601143666053218e-01,-6.555322525494849950e-01,-6.799042920878585194e-01,-3.731533038070510844e-01,-3.657887679718527241e-01,-5.061852169878241492e-01,-2.741416886748967441e-01,-1.975259468624719073e-01,-2.674500792154773099e-01,-2.805891730005524165e-01,-3.455788606095615556e-01,-2.624154592566964594e-01,-3.378687611439133431e-01,-4.206934220584130357e-01,-6.048348545425226153e-01,-4.764594901020351436e-01,-3.682000303548417786e-01,-4.657824634141765618e-01,-5.310448379420030784e-01,-3.014978956762224271e-01,-1.925836666325817792e-01,-2.805671731689397541e-01,-2.192092491493820849e-01,-2.992267143571592306e-02,5.234765225794391769e-02,9.964523604572210480e-02,1.866235793089446593e-01,3.071333661553227734e-01,4.497117559455871549e-01,4.532535602635164307e-01,5.096602986967926352e-01,4.136839190580461900e-01,2.812792603054776186e-01,1.750100143378729434e-01,4.574582035843859779e-02,1.076922166330836206e-01,3.672703664903659293e-01,4.280925975811086803e-01,4.934064943159885974e-01,5.893395980319087180e-01,5.967235613248522696e-01,4.765086113345405328e-01,4.951173645911644550e-01,5.021165508793763443e-01,4.083846801032733898e-01,2.935248099520778586e-01,1.843602103601059694e-01,2.587337461626216806e-01,1.682049100483010151e-01,7.318730478541420059e-02,6.534340066912494582e-02,8.023957341656674791e-02,1.138209073502494117e-02,-6.784362242820997368e-02,-7.515867479377012772e-02,-1.216962035877928311e-01
-3.633161716253149320e-01,-3.360565581468405449e-01,-4.277257714897400587e-01,-5.381611562184754893e-01,-4.361636506209984887e-01,-2.611735294571345123e-01,-3.254780650674261033e-01,-3.354743476140470970e-01,-1.307044269483902954e-01,1.375641827106888378e-02,9.395115431761121016e-02,1.711088559759151861e-01,2.997922981878735071e-01,6.448409823965542964e-01,7.994448903273231322e-01,8.632603152354864084e-01,8.828718027273807500e-01,9.434356072029045359e-01,1.000000000000000222e+00,9.404160284071245712e-01,8.610005194740805168e-01,8.707635460147864492e-01,6.710212689108779882e-01,3.954699199325781844e-01,1.962735826980155640e-01,4.501024745267172000e-01,5.589593184588289576e-01,2.212016378162146024e-01,1.058382803915101089e-01,-2.173463972848607012e-02,4.193569661047638793e-03,2.671769973296286849e-01,3.674125668455620608e-01,1.242867885176148490e-01,7.447943651311289548e-02,4.251264344138133700e-01,2.235707113459298179e-01,-5.140623300455655909e-02,-6.734802434203944477e-02,1.376046914281582878e-01,-1.422511421058118564e-01,-1.038402521747572721e-01,1.660997181022426383e-01,2.908437754086166671e-01,5.298100036952920755e-01,5.596771310313871650e-01,3.719567012213640389e-01,-1.815005859271964783e-02,-3.188697610290583406e-01,-4.979207485367483366e-01,-3.629770347939196840e-01,-3.356149813899276801e-01,-5.081582407017133374e-01,-5.008709555852656203e-01,-3.645205617139515297e-01,-3.626422476982936183e-01,-3.727824811961723550e-01,-2.763183956607911385e-01,-2.632449171758092232e-01,-9.615089545478031074e-02,4.973760651955789341e-02,1.070922000510527022e-01,2.288888666978242947e-01,-1.080920026493110411e-03,-4.669404703125378669e-02,1.361856727678844026e-01,9.990766296689734816e-02,-1.149911738456548815e-01,-5.150478495703231935e-02,5.696019548365376800e-02,-7.915265310119970477e-02,-9.146735897139890437e-02,-1.747457985449120121e-01,-1.275446485644284589e-01,-1.953067868124606643e-01,-1.690134444569963701e-01,-6.871292473985229909e-02,4.445438367168279975e-02,1.820614366692866193e-01,1.720808562668010855e-01,5.641155089570153505e-03,-1.912232432370151447e-01,-3.762478094896696823e-01,-5.495024420950479493e-01,-5.106397422300004152e-01,-4.499841245000294476e-01,-6.155703072529136177e-01,-6.636442472249121094e-01,-3.965963716227984270e-01,-3.918214810231360201e-01,-5.244013624005089413e-01,-3.209527444293305831e-01,-2.469217888452438503e-01,-2.888629990508624901e-01,-2.860517416791198975e-01,-3.546788799467809339e-01,-2.711293153087243613e-01,-3.384000008520212655e-01,-4.050974735861692655e-01,-5.671947630490020709e-01,-4.217479953292951333e-01,-3.299390763810508553e-01,-4.373701673740821305e-01,-4.697790762967652967e-01,-2.472604902819456607e-01,-1.560718305968635533e-01,-2.312196043449464833e-01,-1.325418324296304962e-01,3.384836095041546256e-02,9.532890521304973608e-02,1.871820745495145766e-01,2.819213291659857790e-01,3.647466674202749504e-01,4.970916662690741950e-01,5.399629719900995717e-01,5.820098726272604495e-01,4.970749241654505157e-01,3.843795364817540472e-01,2.831074951090697400e-01,1.731673701511954877e-01,2.229816822829122636e-01,4.376742220724754162e-01,4.617975239414007227e-01,4.767677767098645325e-01,5.853408163853973667e-01,6.134384087189110879e-01,4.568234097885406908e-01,4.493677953455337271e-01,4.807110718619735379e-01,3.892401420563734726e-01,2.363702877932991608e-01,1.246714275725164106e-01,1.724210077344628389e-01,8.032596300687375179e-02,-2.869648509272438707e-03,-3.772635444049012715e-02,-3.289760396677283288e-02,-8.514442489388607260e-02,-1.546073078136120937e-01,-1.782151644490339581e-01,-2.033254785898914174e-01
-3.758188317515313570e-01,-3.562482038530347395e-01,-4.339204209140788415e-01,-5.352815091255036517e-01,-4.559263895319460858e-01,-2.725958631705429625e-01,-3.297128836648191008e-01,-3.545397006559730113e-01,-1.416148036339951177e-01,6.048986437734638760e-02,1.371178822595871261e-01,1.305586378054796604e-01,2.803415383780462067e-01,6.664546341659283168e-01,7.173699411191046815e-01,7.538163348543671649e-01,8.349848366622071305e-01,8.609528061346466421e-01,9.404160284071245712e-01,1.000000000000000222e+00,9.140591816681971071e-01,8.915770766515722645e-01,7.836086071769535755e-01,4.719959068459738671e-01,2.770729212997984914e-01,6.189266070321495228e-01,6.350107799124209418e-01,2.927953094273821333e-01,2.072402611239326509e-01,4.391301745884966523e-02,1.950991983374860683e-01,4.766102531934353070e-01,5.386449366841914443e-01,3.332890230209125670e-01,2.854622168160305673e-01,5.912147862283191335e-01,3.457954714382643346e-01,8.983660152530981158e-02,5.361142840653566888e-02,1.475865949208391981e-01,-1.478559361953745155e-01,-1.667359996703976777e-01,1.213723242751786335e-01,1.962806592531572414e-01,4.631926239932417921e-01,4.658718072353072448e-01,3.185639832090300660e-01,-1.219860226603315945e-01,-3.877502604332022096e-01,-5.439643989406671709e-01,-3.739906598042600505e-01,-2.775865701952959785e-01,-4.783849380801425966e-01,-4.566457860368043908e-01,-2.821256290160640279e-01,-2.971279634180413187e-01,-3.375024541559092373e-01,-2.504479028039153232e-01,-2.628779626410858161e-01,-1.116981261932515207e-01,2.461672532057978743e-02,5.311206039631169440e-02,2.036414116117304107e-01,-2.376438852540585631e-04,-6.054579567030640708e-02,1.263886361680011672e-01,1.427103366858334665e-01,-3.759152669674112324e-02,2.666690905127454964e-03,1.175060006356605374e-01,4.145067593072227635e-02,4.527400846369647458e-02,-4.717736433731064410e-02,2.704825285644854235e-02,-1.558849242929999553e-02,-2.222646633595316834e-02,5.087703228983080778e-02,1.422626078787904980e-01,2.571721412464549328e-01,2.584986552700900830e-01,1.068379403547398548e-01,-9.258706625606411000e-02,-3.128088835016322733e-01,-4.695658961133852838e-01,-3.835323986299218335e-01,-3.712047134373954727e-01,-5.726049124751488861e-01,-5.818537988448375664e-01,-2.832399308506255431e-01,-3.638415677393400660e-01,-5.158457001698810718e-01,-2.974200605655367147e-01,-2.288695135627760446e-01,-3.239528030969031080e-01,-3.051407745827923734e-01,-3.927498546033160176e-01,-3.150722061219964898e-01,-3.907995236326671229e-01,-4.448375437073744387e-01,-5.987454258469576684e-01,-4.545648257985095420e-01,-3.797462699900995275e-01,-4.897501693006102164e-01,-5.005992542981033688e-01,-2.959704222864501522e-01,-2.160414441854844048e-01,-2.587724134031734735e-01,-1.650183238564278121e-01,-2.531924525357815911e-02,2.288131300959624082e-02,1.458674004568290550e-01,2.332912088552803742e-01,2.841360809063411819e-01,4.165576911516142844e-01,5.000158770147746790e-01,5.435884321913050377e-01,4.917129983624191070e-01,3.864794510670136463e-01,3.152451510501521059e-01,2.047159245103185587e-01,2.693287278425645082e-01,4.560580802647507537e-01,4.844326586214391939e-01,4.796722013694049158e-01,5.537344486076948291e-01,5.608922226784699427e-01,4.051284599939595221e-01,3.843804387259431299e-01,3.934392528927184163e-01,2.889134678075296336e-01,1.419537592688619454e-01,3.327653371019070189e-02,8.661692595375841686e-02,-7.425654414465562847e-03,-8.395146126002472897e-02,-1.050627677701313212e-01,-1.017450204106805228e-01,-1.685226294339397801e-01,-2.341805727773457468e-01,-2.104280633433633085e-01,-2.560636106794880740e-01
-2.973767211757417650e-01,-2.813986499635000582e-01,-3.824126316043238716e-01,-4.785110205602848277e-01,-3.990165529805863587e-01,-2.591079628436335769e-01,-3.527412038135091521e-01,-3.830609643432313360e-01,-1.605917273263771372e-01,-4.851097085485667898e-02,-5.342131924215676175e-02,-4.049302566301757333e-02,1.167173072323910848e-01,4.264727018492759369e-01,4.673502630715939410e-01,5.923941288366147973e-01,7.858939697365623367e-01,8.572499390853480783e-01,8.610005194740805168e-01,9.140591816681971071e-01,1.000000000000000000e+00,9.510889867087728433e-01,8.092570467609556673e-01,5.785708748660384204e-01,4.107341163915270155e-01,7.498351633871411792e-01,8.529196625317091440e-01,4.997103031947129903e-01,3.191886253031424037e-01,1.023106572869720149e-01,2.030744742507660239e-01,4.746694560449216671e-01,5.136144054444209406e-01,2.385283386667207128e-01,1.363789388693464333e-01,4.059588705932629660e-01,2.002774849207007712e-01,-2.260924322339319045e-02,-9.693396695198484847e-02,-1.207937338343392612e-02,-2.416326488987577681e-01,-2.612818219858321633e-01,-6.221670034422381070e-03,5.983941959616841111e-02,3.218360021253074965e-01,2.848698711811430417e-01,8.107887176541439533e-02,-2.856351564470321347e-01,-4.899051649562213839e-01,-5.627384724413038164e-01,-4.564476576017089116e-01,-3.941044363546593043e-01,-4.822805679331743645e-01,-4.423559241687470833e-01,-3.053453645601992839e-01,-3.077812707111429180e-01,-3.132404495279039192e-01,-2.208464081995885897e-01,-2.535807920854055708e-01,-6.739867685434790257e-02,5.968683355955835268e-02,7.699153729561429571e-02,2.288977727710624632e-01,4.116219847872689547e-02,-4.236526563088777175e-02,1.308071394263915221e-01,1.593402831865433078e-01,-4.379506627225108334e-02,-2.594349370628657239e-02,9.568686723271484229e-02,1.194582192511267106e-02,-2.582747277598827079e-02,-9.422202716146220458e-02,1.605581722813884463e-02,-3.368345380411513074e-02,-1.084276244825292668e-02,6.253638350127653511e-02,1.958695578943301097e-01,3.096678192355458714e-01,3.021175989385080918e-01,1.259383550954913111e-01,-4.781779049099173923e-02,-2.781927349923100090e-01,-4.178812021029545409e-01,-3.579504376368392027e-01,-3.843551667882416645e-01,-5.539535303689755441e-01,-5.437230569188840068e-01,-2.979167597280612534e-01,-3.657082590836537861e-01,-4.807706556309510604e-01,-2.439166810576045841e-01,-1.938721993275260014e-01,-3.125518711587064735e-01,-2.878766092507295538e-01,-3.764652143788161376e-01,-3.229034065218061578e-01,-3.982353519627073735e-01,-4.421881046903875512e-01,-5.782983358892355152e-01,-4.541465205791777038e-01,-4.006567126547304625e-01,-5.002334685163916106e-01,-4.979401957806711132e-01,-3.159286431334660805e-01,-2.567596249179108225e-01,-2.918757257195241928e-01,-1.928348342753540834e-01,-7.935344730195824370e-02,-4.134684884287244400e-02,9.681555239991572470e-02,1.827540992111118812e-01,2.132540329738109863e-01,3.499736331384138421e-01,4.624241867364085046e-01,5.096664367742771429e-01,4.852899702436858642e-01,3.824075528024835635e-01,3.394479709201062012e-01,2.249440871853194968e-01,2.925231562490990811e-01,4.555526262151766703e-01,5.052736339895254059e-01,4.942099286542326331e-01,5.504442825366075986e-01,5.314036676159230588e-01,3.684764197005352404e-01,3.617632415853562766e-01,3.569633058005011184e-01,2.310051184580395600e-01,1.010716799872967975e-01,2.231605668802410375e-02,8.560799550783215750e-02,2.274139370016771671e-03,-7.806080592292849452e-02,-1.091012935771657616e-01,-9.068375577303497415e-02,-1.493001143866983793e-01,-2.189181462360005048e-01,-2.143017049142492969e-01,-2.349839426839389067e-01
-2.557022918938091083e-01,-2.306969030181248159e-01,-3.144847533305238918e-01,-4.034655199051464525e-01,-3.146352903171727999e-01,-1.834340506858097575e-01,-2.565927211825640986e-01,-2.765534720788229150e-01,-9.494119914046017517e-02,3.939709085028438723e-02,2.715983379967277372e-02,6.876274092631851076e-02,2.335612473136798595e-01,5.442257421982314991e-01,4.676133114114887634e-01,5.371383666859284034e-01,6.710275085255835714e-01,7.937655908187851717e-01,8.707635460147862272e-01,8.915770766515724866e-01,9.510889867087729543e-01,1.000000000000000222e+00,9.015715613696546615e-01,6.964845150003646790e-01,3.892880097517411597e-01,6.765702530260920833e-01,7.594783745457883706e-01,3.657386380032559003e-01,1.915774217933780277e-01,1.426046304149896846e-02,2.530211010398901103e-02,2.832440904453481512e-01,2.948716522230099835e-01,6.470912182645190136e-02,1.598089462725064969e-02,2.516136978229348009e-01,2.298827134234631905e-02,-1.584464899402440452e-01,-2.089942531482659460e-01,-1.483837378130285489e-01,-3.549799128931624415e-01,-3.658286410533424515e-01,-1.399324314082811549e-01,-6.074903665768369154e-02,1.860843698207876318e-01,1.820863166694616231e-01,1.935262517406199576e-02,-3.015995746671822353e-01,-4.374556364136969466e-01,-5.388290056153043350e-01,-4.787475032124161034e-01,-3.636998258626429892e-01,-4.487217967444556144e-01,-4.545862590157044303e-01,-3.452769992002344690e-01,-3.186685335570260125e-01,-3.283303938165901270e-01,-2.696134659587216542e-01,-2.986717655928021187e-01,-9.702450262958571547e-02,1.425647856169188522e-02,2.004420852878673401e-02,1.624843330424466381e-01,-3.088641042454676536e-02,-1.221577031307844452e-01,4.184362732446077898e-02,6.296504411338930962e-02,-1.291315956120052122e-01,-1.198724476537424144e-01,1.738974265403409394e-02,-8.333882728647201699e-02,-1.320009178727643839e-01,-1.728226475534030970e-01,-4.429808934225411970e-02,-1.176643170060021060e-01,-5.428928865268675685e-02,1.544747381630997380e-03,1.948883741739459441e-01,2.884204561050143223e-01,3.169601569718574208e-01,1.481532567590338190e-01,3.335521963517306537e-02,-1.630697947021053085e-01,-3.220726244027574681e-01,-3.195357020366401679e-01,-3.583433656906295228e-01,-4.922123379917434094e-01,-5.159064631188579053e-01,-3.505938927200610844e-01,-3.868815288487311710e-01,-4.686848793421316550e-01,-2.794731169821872974e-01,-2.511273842597639971e-01,-3.125284683496598603e-01,-2.724782734500266201e-01,-3.456787891225283071e-01,-3.067526152661272931e-01,-3.596122572868373224e-01,-3.853430924784773115e-01,-4.904807444273855399e-01,-3.665524249638835164e-01,-3.361069503646843537e-01,-4.311859924338922179e-01,-3.963641126991044872e-01,-2.333158149685962135e-01,-2.030298871268217120e-01,-2.287826561534848091e-01,-9.482940224610947322e-02,-1.178164389105043793e-02,3.852092895980797904e-03,1.696186471995503875e-01,2.578860517469363511e-01,2.540347794980716833e-01,3.727819528738969823e-01,5.088033344675918501e-01,5.366037011440303317e-01,5.190487467606856864e-01,4.394553704708299979e-01,4.053551817416506942e-01,3.213957759505592926e-01,3.735065159350032804e-01,4.854310684733682546e-01,5.024415937562085599e-01,4.492984242793741090e-01,5.172767252057264287e-01,5.163977395172790752e-01,3.293119281569873991e-01,3.074661108908832707e-01,3.260747942687488576e-01,2.088506041725782802e-01,6.070952674514790842e-02,-6.170903877284903728e-03,3.439504855000340838e-02,-3.674159064655470319e-02,-1.044649785371834089e-01,-1.566223600916789860e-01,-1.415041404323297280e-01,-1.715640455929076102e-01,-2.262638075332673027e-01,-2.545648254175571501e-01,-2.325064765542477763e-01
-1.896675932538433029e-01,-1.752116856030246084e-01,-2.374593667588109080e-01,-2.790420820432010229e-01,-2.029705600791182896e-01,-1.140739855550529092e-01,-1.554240366049541300e-01,-1.303889123796727334e-01,-2.958542198425099731e-02,1.484538534227831663e-01,1.641069670709404682e-01,1.585864645223929170e-01,2.925831245912824952e-01,5.901724208366053714e-01,3.191247375691647070e-01,2.829875967911608670e-01,3.842597913715124491e-01,5.018148503736097332e-01,6.710212689108779882e-01,7.836086071769533534e-01,8.092570467609553342e-01,9.015715613696546615e-01,1.000000000000000000e+00,7.944074435821660840e-01,4.596657390531757037e-01,7.528430313807492613e-01,6.766174098436983364e-01,3.442464202112254235e-01,2.211299830705051039e-01,2.073551995658332037e-02,7.504911237989855821e-02,3.024552696186040834e-01,2.221118940114149565e-01,8.304615349336547103e-02,1.032584760332758422e-01,2.196696635629183381e-01,-5.505566065764652683e-02,-1.602896419035748365e-01,-1.992908450841804902e-01,-2.665960065581507443e-01,-4.355606788077271418e-01,-4.809975900977512819e-01,-2.979111136399950066e-01,-2.695787647570780932e-01,-4.989493623507665343e-02,-4.528587813488107322e-02,-9.159231536941039864e-02,-3.388251285211140718e-01,-3.420482423198792366e-01,-4.488497042297105444e-01,-4.376682470553359683e-01,-2.362862956759353983e-01,-3.494243157432910252e-01,-3.820256885564299321e-01,-3.088516710655994091e-01,-2.876885946161502061e-01,-3.176354652823346059e-01,-3.124754089489742426e-01,-3.688779393801427942e-01,-1.560784388992579874e-01,-8.125925406143180707e-02,-1.260874011057345478e-01,1.665995838548910840e-02,-1.450294162865932435e-01,-2.543818588015634985e-01,-1.080632512055585137e-01,-4.894935181296253962e-02,-1.688516381431227065e-01,-1.889062566016738165e-01,-4.379710949149835664e-02,-9.181081416392335159e-02,-1.186285131022573741e-01,-1.333288978678893733e-01,1.612013717709970609e-02,-3.201697815210689801e-02,2.132252744313142476e-02,4.419673653469478880e-03,2.236689757012230995e-01,2.605776951291429722e-01,3.504304341218730801e-01,2.238126697621999339e-01,2.023394877106491907e-01,4.430336515984124868e-02,-9.554630501104617590e-02,-1.228444794968414355e-01,-2.180891340283854785e-01,-3.128506711654483463e-01,-3.294119993892388742e-01,-2.529267774571723471e-01,-3.277612132637388598e-01,-3.738871534321863699e-01,-2.529222656363925292e-01,-2.407679351562188597e-01,-2.799741577702760664e-01,-2.107938882470850317e-01,-2.912732513381294241e-01,-2.686440364693861715e-01,-3.133856615318511007e-01,-3.008937803751496887e-01,-3.418140290374539481e-01,-2.271010846917746184e-01,-2.363719409842926500e-01,-3.305326325659962428e-01,-2.510343486038425498e-01,-1.474769412943438829e-01,-1.611911593341608939e-01,-1.533740653312473667e-01,-2.546709666616355297e-03,1.301751411376690128e-02,-1.274326389589237885e-02,1.878941696449968057e-01,2.658415574876744625e-01,1.931394533190526341e-01,2.727039054267191287e-01,4.589255985084235157e-01,4.707343537322974392e-01,4.996075330638889422e-01,4.645863110822915920e-01,4.695129546463467918e-01,4.214954498781762759e-01,4.501341158649121432e-01,4.552541079684732095e-01,4.353507071462363598e-01,3.213646552999362416e-01,3.721854632979961219e-01,3.741088773523421063e-01,1.772677441715428404e-01,1.325817217901478495e-01,1.627409243863658650e-01,5.503778547337546262e-02,-9.565288847795827554e-02,-1.306404513512185728e-01,-1.216234310252670148e-01,-1.692480504384348827e-01,-2.019461618496603827e-01,-2.834458381239439717e-01,-2.803767955040947779e-01,-2.832084825078876600e-01,-3.171543366393543839e-01,-3.492921653913579338e-01,-3.174149793544965292e-01
-1.030096578715254951e-01,-9.649497474872356650e-02,-1.561571643003806242e-01,-1.848262884730629552e-01,-1.229282644671302882e-01,-7.070742860430548338e-02,-1.283045934984951009e-01,-9.651192295474804450e-02,-2.139304833130085265e-02,6.995224251647789993e-02,4.072710375003733146e-02,4.947352605985580465e-02,1.799641303229082556e-01,3.192818226426498152e-01,6.436475242338451919e-02,5.748744923965027481e-02,1.627916682559307215e-01,2.735918322000143177e-01,3.954699199325781844e-01,4.719959068459738671e-01,5.785708748660383094e-01,6.964845150003646790e-01,7.944074435821660840e-01,1.000000000000000000e+00,3.969874313432754098e-01,6.116427058105978753e-01,5.573545907866901405e-01,3.285095515509325881e-01,2.646009909023739892e-01,1.263332897212497002e-02,5.859013919622727690e-02,1.316352442984550786e-01,6.587215304548137140e-02,-8.227404184109060256e-03,3.406705791386051979e-02,3.486214272420497251e-02,-1.179858933963143230e-01,-1.392788241815788586e-01,-1.942555145450979015e-01,-2.603977171201808383e-01,-3.079013228498447274e-01,-3.431466733781345924e-01,-2.339523405060767447e-01,-2.590514597959729937e-01,-1.370586007499608461e-01,-1.686202735064632197e-01,-1.985557007488868431e-01,-3.188513482600199844e-01,-2.818413680528286114e-01,-3.089653999039667087e-01,-3.337438093180674081e-01,-2.170742233671780208e-01,-2.687640228237493933e-01,-2.815425379159072761e-01,-2.714632987967559030e-01,-2.707633840493487987e-01,-2.705128389759264840e-01,-2.791086029428594406e-01,-3.326654665379474296e-01,-1.414829290183542421e-01,-9.086972025185278967e-02,-1.346855757976267720e-01,-3.409259709022324780e-02,-1.431867263068939689e-01,-2.420403527089823315e-01,-1.347200528561056376e-01,-6.868830541126121070e-02,-1.546293573435594815e-01,-1.722441089204422571e-01,-4.199810937352164986e-02,-5.140169581967065499e-02,-9.396656048883925139e-02,-7.693150260674128105e-02,5.363603205967990006e-02,1.741595279564353560e-02,1.027900737399781439e-01,8.561742974980723897e-02,2.402669118000359816e-01,2.434171629154745220e-01,2.756924118143640468e-01,1.869131048654031069e-01,1.762913122620539119e-01,7.900953587763305530e-02,-4.048750452781003928e-03,-2.160495433940620713e-02,-1.042433789888636830e-01,-1.657974275643720463e-01,-1.702878225247691779e-01,-1.461011058288080311e-01,-1.798402961190974647e-01,-1.984947598002986258e-01,-7.934768482311392590e-02,-8.602178921408186463e-02,-1.876013769306919821e-01,-1.718947366841446778e-01,-1.808944191125177459e-01,-2.189649385956615735e-01,-2.027917094334859005e-01,-1.968102643085886394e-01,-2.200070120854650257e-01,-1.771666757397879211e-01,-2.114242283505803344e-01,-2.269293080064573587e-01,-1.441054171294862962e-01,-9.467566448659790745e-02,-1.284561953074406238e-01,-9.337136172396062750e-02,1.388985835403946240e-02,-6.662992660915414804e-03,-3.370218510160657294e-02,1.160989419041068421e-01,1.563332893349804187e-01,9.326721111237606943e-02,1.408570883201115675e-01,2.689739947862840874e-01,2.578333350813570291e-01,2.684312389808704569e-01,2.487378276406799482e-01,2.637170266336233970e-01,2.719922431372771010e-01,3.165527551845211951e-01,3.073024448812762266e-01,3.039466102350861232e-01,2.078688741660762729e-01,2.189047002352564331e-01,2.129373055601031239e-01,8.227791267553395682e-02,4.427171734163407729e-02,6.477216173746419559e-02,-2.946048830838311934e-03,-1.042037086292368769e-01,-1.102076941109051272e-01,-1.339934055238022892e-01,-1.570163465641276068e-01,-1.832951853661352326e-01,-2.437113225484990320e-01,-2.428975306392612554e-01,-2.031436068446185461e-01,-2.108560633836930320e-01,-2.947599661618451328e-01,-1.526964245404569265e-01
-1.108014371027393058e-01,-1.160177127854676027e-01,-1.763650608501095562e-01,-2.024457573302868296e-01,-1.650199143555552694e-01,-1.232265296596086468e-01,-1.960577406157513192e-01,-1.915949934557875101e-01,-8.489547552445911305e-02,-4.523233097238251593e-02,-7.180977134788868455e-02,-6.766548052876100727e-02,5.521115529669654715e-02,9.331589678361916496e-02,-2.587024720078908921e-02,-1.481096077595991803e-03,9.791168191026175527e-02,1.512358688679083518e-01,1.962735826980156195e-01,2.770729212997984914e-01,4.107341163915270155e-01,3.892880097517412152e-01,4.596657390531756482e-01,3.969874313432753543e-01,9.999999999999998890e-01,6.881084948291207315e-01,6.721225956982723737e-01,5.662769820293921397e-01,2.406169037135312549e-01,1.200932895974915482e-01,1.847007621758716134e-01,2.466810107644231420e-01,1.707305159291416796e-01,7.676676025374612466e-02,1.133500055886946106e-01,6.938486137278909727e-02,-2.014634605692776012e-02,-3.816379261349314017e-02,-1.121593340315641396e-01,-1.634176294708143129e-01,-1.956333808059239621e-01,-2.235255374000436335e-01,-1.263767234079916923e-01,-1.609479121959988823e-01,-7.499061606347806608e-02,-1.304534092348783592e-01,-1.841915918020628207e-01,-2.940498884487504627e-01,-3.127819586562703424e-01,-2.857661541803170890e-01,-2.858551518024735061e-01,-2.646281603877072008e-01,-2.562881030023901330e-01,-2.215054280417191324e-01,-1.908856559893781502e-01,-2.350069712334824368e-01,-2.022101102769779390e-01,-1.996843843806547503e-01,-2.540969123115776052e-01,-1.058814477313627239e-01,-6.187790075549819829e-02,-1.047137099369566948e-01,-8.494531741263884952e-03,-8.704616281782256992e-02,-1.731072450195748069e-01,-8.388112777949401078e-02,-9.480104415651741806e-03,-7.578286443366878677e-02,-1.031343354351532682e-01,6.296972893209347270e-03,1.942118770375989012e-02,-1.754037669884016618e-02,-1.221951810904556117e-02,9.840138174728717269e-02,8.201923293080966293e-02,1.344978153227375239e-01,1.160538433043919598e-01,2.205622115952078632e-01,2.267005952110454914e-01,2.517470063245601519e-01,1.772547367371350435e-01,1.588800519338650075e-01,5.421153670437772742e-02,5.328488609551014846e-03,9.153953335679733405e-03,-7.217416973908941102e-02,-1.216305213711871835e-01,-1.020813461438369596e-01,-6.283481618878024311e-02,-1.227490298537830121e-01,-1.397550537517591729e-01,-5.813185272893106603e-02,-5.411769198587708385e-02,-1.359873872878288592e-01,-1.036717955681817210e-01,-1.514884884172683910e-01,-1.684058510179215762e-01,-1.823605135491948859e-01,-1.758686512012743730e-01,-1.901468103877383409e-01,-1.576975062428280228e-01,-1.831671744688681824e-01,-2.015420038337679132e-01,-1.507943535962214532e-01,-1.215607850815455110e-01,-1.395994422232631482e-01,-1.100169653247780877e-01,-4.071992140575311780e-02,-5.605398460915334696e-02,-7.364289404408967676e-02,4.723804916860233072e-02,7.787876026682176434e-02,2.377296003365765575e-02,6.996318059089942643e-02,1.898282698906580135e-01,1.980792084925684648e-01,2.331816558072355716e-01,2.129705698020631366e-01,2.374946145290135202e-01,2.143478228627856697e-01,2.497292937829129755e-01,2.437596832548927228e-01,2.576885435337877284e-01,1.889362669275687356e-01,1.835008118429974633e-01,1.582040800122746227e-01,5.535249063277703635e-02,2.973710432353684346e-02,3.165284402374370781e-02,-3.984019234480990629e-02,-1.120881599332688577e-01,-1.144204298246518925e-01,-1.161079116489068114e-01,-1.412878998887201198e-01,-1.633069892952162816e-01,-2.086179141113945479e-01,-2.036173303457766981e-01,-1.986990341424464401e-01,-2.140768531039601852e-01,-2.496516059478807170e-01,-1.758055967972122768e-01
-2.097586047180598490e-01,-2.196298567082713427e-01,-3.154627776523603599e-01,-3.624337758875184057e-01,-3.151293845240491498e-01,-2.383754518226531838e-01,-3.392597566040475576e-01,-3.385173819842146048e-01,-1.639959810868504841e-01,-1.023235452821490699e-01,-1.129104762611447682e-01,-1.195487341752992372e-01,1.626241845872123531e-02,2.139853521093754984e-01,9.780986544367778479e-02,1.612301918277915247e-01,3.576430900234532362e-01,3.985737848159736085e-01,4.501024745267169225e-01,6.189266070321495228e-01,7.498351633871408461e-01,6.765702530260920833e-01,7.528430313807492613e-01,6.116427058105977643e-01,6.881084948291207315e-01,1.000000000000000000e+00,8.741955958645544200e-01,7.769438677444264751e-01,6.784919898107788505e-01,2.445250323000828785e-01,4.790587283042703759e-01,6.448287977822850792e-01,5.293803885535510734e-01,3.542183486949582183e-01,3.246287544027820493e-01,3.551512578574368972e-01,1.576550829772505602e-01,6.163421021689648172e-02,-4.041829509138050031e-02,-1.243596898821831137e-01,-2.512475976485102347e-01,-3.287444413052420522e-01,-1.382229925858374509e-01,-1.718984241464519558e-01,2.087549574097606608e-02,-5.105389046928546226e-02,-1.493071153070092971e-01,-3.949018768963425963e-01,-4.689235498578522288e-01,-4.511755594184619356e-01,-3.943956687239527636e-01,-3.413612952268161860e-01,-3.738844369441136628e-01,-3.049111169188318815e-01,-2.055456104955172836e-01,-2.771436768336439926e-01,-2.680785584616704464e-01,-2.255822849511856520e-01,-3.232209241311465031e-01,-1.131300927246288307e-01,-3.330880285390117740e-02,-9.007959798492790049e-02,7.663175680239890653e-02,-3.898024595751670845e-02,-1.659275659408549486e-01,-1.857124130239769591e-02,9.918460605788177731e-02,-6.973959577473072893e-03,-4.537637006701660675e-02,8.414570343582367107e-02,1.006381085009783738e-01,8.162059993787844359e-02,3.411786765910103381e-02,1.730253460882884842e-01,1.627457935658121468e-01,1.748868008375528971e-01,1.637351813715770543e-01,2.895755491921120917e-01,3.293679752728570498e-01,3.579919985243688596e-01,2.368739377172034422e-01,1.600978073460526951e-01,-3.467840312972202133e-02,-1.107714106417351518e-01,-5.988626210972945729e-02,-1.730046127571939485e-01,-2.888336555658423954e-01,-2.290791776217071252e-01,-8.598822704514942628e-02,-2.096219762665086916e-01,-2.739687080272885655e-01,-9.039790519824890402e-02,-3.896238426006336242e-02,-2.183844529546294100e-01,-1.793112978947296043e-01,-2.657672218041355894e-01,-2.547089382454231221e-01,-3.222827643807118503e-01,-3.229633045863733454e-01,-3.769333230674522528e-01,-2.972503943098276924e-01,-2.971360575690266681e-01,-3.715762204883433228e-01,-3.272672304172193902e-01,-2.370806946829619455e-01,-2.345020561631311340e-01,-2.239962669558570874e-01,-1.335420859026532903e-01,-1.164358948479997796e-01,-1.267523986281956505e-01,3.564132048254751300e-02,9.042384562156570438e-02,3.736025290546626798e-02,1.264028777374556212e-01,2.942594375472973312e-01,3.256673421913367505e-01,3.741009005011834421e-01,3.243136949889159903e-01,3.471468992091713002e-01,2.741927295816257160e-01,3.271783689817382990e-01,3.650494658905430456e-01,4.026491275062553665e-01,3.387156967231931826e-01,3.367403068102467478e-01,2.892291768180994538e-01,1.455411041555603191e-01,1.219437298796869767e-01,1.017895152431244343e-01,-1.802388042999331433e-02,-1.243618434977210307e-01,-1.509285431913516551e-01,-1.206458939338647118e-01,-1.730625727839144035e-01,-2.131572552342993476e-01,-2.731415099584137973e-01,-2.610236999441332695e-01,-2.873289852790477661e-01,-3.301483082490555554e-01,-3.350838095434235386e-01,-3.283128484487140009e-01
-2.046892796083953636e-01,-2.010805819906100744e-01,-3.028904346187871188e-01,-3.757222096999201510e-01,-3.161280174137783283e-01,-2.289429786418614166e-01,-3.354560489807424384e-01,-3.612349719894226707e-01,-1.626689681130409348e-01,-1.186498042773650868e-01,-1.756256549958881141e-01,-1.578413809029597381e-01,1.534773289631273952e-03,1.366722125947348598e-01,1.291058760279789330e-01,2.788613424739865843e-01,5.282606473172571926e-01,6.060153338633738063e-01,5.589593184588289576e-01,6.350107799124210528e-01,8.529196625317090330e-01,7.594783745457883706e-01,6.766174098436984474e-01,5.573545907866902516e-01,6.721225956982724847e-01,8.741955958645544200e-01,1.000000000000000000e+00,7.922667812871579951e-01,5.048077346065669158e-01,1.982402561021287257e-01,2.921760964492938206e-01,4.917401904384266498e-01,4.685013065945959898e-01,1.847754758141884335e-01,7.791995309544366699e-02,2.136861389922992682e-01,7.211979797353341992e-02,-6.112258728176404865e-02,-1.682775744643208171e-01,-1.425149553668078051e-01,-2.667743954199038314e-01,-3.005061178489971119e-01,-1.134238454013992148e-01,-9.142875526813555587e-02,1.090066828031637514e-01,3.201154862786055599e-02,-1.578230513510378297e-01,-4.011320984103291520e-01,-5.151725297687972382e-01,-4.951563711103819099e-01,-4.467394615659464052e-01,-4.246648549919275206e-01,-4.096806719493835125e-01,-3.476335689589072353e-01,-2.620879480472214085e-01,-2.824072669082641762e-01,-2.550239490408008347e-01,-1.846254628106896167e-01,-2.499940324689880200e-01,-4.807678639487230482e-02,5.171412485057381297e-02,3.463328113327197866e-02,1.874199029480937695e-01,4.709754676328230250e-02,-6.610274001615366879e-02,7.898164648895412976e-02,1.475800086364676966e-01,-2.907322027550705498e-02,-4.513575185849075938e-02,7.724153195856488241e-02,2.729254506336078329e-02,-2.732727687649008988e-02,-6.720903002951665595e-02,5.898846765447490065e-02,1.117996569342769031e-02,4.642561599961842617e-02,1.037586509037439764e-01,2.488894569600970663e-01,3.345613433217848320e-01,3.226710675215506696e-01,1.626737312764873489e-01,3.899734396676460962e-02,-1.710375687069976280e-01,-2.733071997653483409e-01,-2.344487855749539384e-01,-2.938664794637222966e-01,-4.235728296106879287e-01,-3.895319296129583497e-01,-2.096047267187544638e-01,-2.815354317930743311e-01,-3.553935395154792509e-01,-1.309815080096669027e-01,-1.010199308356634074e-01,-2.530476756506195857e-01,-2.216575176435563455e-01,-3.049624675509652882e-01,-2.862585901656453657e-01,-3.489301698627416126e-01,-3.768159077730307005e-01,-4.757204535498382181e-01,-3.922268297192130215e-01,-3.708386706488019380e-01,-4.367649039616687823e-01,-4.155762663813906133e-01,-2.835508058804644960e-01,-2.520988441753861387e-01,-2.595462888996747930e-01,-1.742001759867653765e-01,-1.097417346597950177e-01,-9.534830912396013991e-02,4.556108101086232126e-02,1.103602210900618968e-01,1.001754075862377052e-01,2.122417266784850931e-01,3.460377997995878196e-01,3.816678890406793312e-01,3.942661097670347448e-01,3.171178625862908218e-01,3.132111665141769641e-01,2.225425406907356185e-01,2.865388830584223445e-01,3.919701285207389807e-01,4.489604659366270845e-01,4.208877207530977715e-01,4.404486420015647496e-01,3.950798499586017365e-01,2.498383786598799006e-01,2.451548266777797414e-01,2.242695806405431425e-01,9.788298578048904020e-02,-5.799163295999675699e-03,-4.793360350906668288e-02,6.309184525908282000e-03,-5.601579114030294515e-02,-1.246285089425785142e-01,-1.618187207468063937e-01,-1.354151010049233217e-01,-1.748727418492860008e-01,-2.295605305369274596e-01,-2.407215705257815253e-01,-2.183624858954961168e-01
-1.214376574681715892e-01,-1.193854067671473868e-01,-2.013279339654030220e-01,-2.398798129589880535e-01,-2.015304753549835015e-01,-1.659095705464986859e-01,-2.492133922324260564e-01,-2.582057277319761979e-01,-1.308892869332326514e-01,-1.313574950059472612e-01,-1.769104275632328305e-01,-1.590198369761161579e-01,-5.010636927281546943e-02,-5.531505829513484740e-02,-5.668609359854188262e-02,5.929536094877749935e-02,2.564293414397326720e-01,2.851371158640557679e-01,2.212016378162146857e-01,2.927953094273821333e-01,4.997103031947129348e-01,3.657386380032558448e-01,3.442464202112254235e-01,3.285095515509325881e-01,5.662769820293921397e-01,7.769438677444264751e-01,7.922667812871579951e-01,9.999999999999997780e-01,8.222266089686006696e-01,1.363119587450472570e-01,3.234781095626964587e-01,4.289178884639127665e-01,3.683518850189907434e-01,1.365691687348234429e-01,7.022106072817543843e-02,9.676075115562340900e-02,1.814725351613005744e-02,-3.843909322093308489e-02,-1.247260303493389622e-01,-1.203978944599200102e-01,-1.514763707578802021e-01,-1.713530368383124891e-01,-7.261657540487771734e-02,-8.359424118064123777e-02,1.306075120439570240e-02,-6.538105016942587222e-02,-1.892232348478692927e-01,-3.055676297450118928e-01,-3.660373522671773738e-01,-3.040695503117068488e-01,-2.842062080142944702e-01,-3.146049975660110687e-01,-2.691816224173119165e-01,-2.034136497241147978e-01,-1.661957126628443859e-01,-2.155839173151793131e-01,-1.745822892091271061e-01,-1.356640996880214001e-01,-2.083000138447060334e-01,-4.920510429216167630e-02,1.092072167039580613e-02,-1.790519312646375247e-02,9.201986767458515681e-02,1.407473341387082202e-02,-8.940868305450899722e-02,3.547385031016700614e-03,8.086962574775725943e-02,-2.396256579181802598e-02,-5.454330709959975820e-02,3.186164648734027965e-02,2.006055340423774230e-02,-2.232246986750965542e-02,-5.243969731338358337e-02,4.081418721520697901e-02,1.578110604338000753e-02,4.842259379245264506e-02,7.593573531624664419e-02,1.702423066368448645e-01,2.248895392602256460e-01,2.135703632362113968e-01,1.017406086060449605e-01,4.206247238324393317e-02,-9.645686179679956174e-02,-1.519139679519688757e-01,-1.353401788615519741e-01,-1.961394502594299150e-01,-2.708208845856520108e-01,-2.267243296610697567e-01,-1.214794864776656963e-01,-1.799508050603636777e-01,-1.938646160838120580e-01,-5.276493678445364280e-03,-9.377029723749819023e-03,-1.615795394080706548e-01,-1.164494937216176557e-01,-1.889048180067226801e-01,-1.939053529186448854e-01,-2.231805031422935126e-01,-2.414012467714785337e-01,-3.127859525162909327e-01,-2.805145602192384846e-01,-2.828268663091239032e-01,-3.134730499919398117e-01,-2.847022249676334771e-01,-2.077881468927929021e-01,-1.943062935008765812e-01,-1.888591676330490521e-01,-1.220731425580753038e-01,-8.992880377137306425e-02,-1.030820707360373539e-01,2.950096732445610381e-03,5.158912113409289818e-02,2.218196664913671748e-02,8.435446507013930062e-02,1.957022182973732760e-01,2.188292368196462223e-01,2.421078965347255030e-01,2.046351155261164345e-01,2.102788791461939477e-01,1.560811545544815160e-01,1.871459009989891731e-01,2.308515566098490457e-01,2.750537957918807730e-01,2.450097496024409849e-01,2.499292967552897149e-01,2.098305290959895097e-01,1.063592449380702382e-01,1.067370983143509366e-01,9.096775345968745319e-02,-1.604864079543916492e-03,-7.033785427316120720e-02,-7.883662722325512906e-02,-5.384151045094063420e-02,-8.643716289244415818e-02,-1.312001349110499260e-01,-1.705886027881615696e-01,-1.453530698411601152e-01,-1.530442874571874556e-01,-1.837773968035216476e-01,-2.147329422379257446e-01,-1.478277019342553178e-01
-1.105558082409825033e-01,-1.220526241317504007e-01,-2.065766016170064168e-01,-2.255012450067062080e-01,-1.973724053448574489e-01,-1.701977676309201493e-01,-2.559754910384006710e-01,-2.568641874926918534e-01,-1.391521577821250577e-01,-1.603399567886417409e-01,-1.853076538287213582e-01,-1.781848837989337964e-01,-7.696978593194793439e-02,-4.957175974394045781e-02,-6.582392901580327860e-02,1.840080163651294440e-02,1.627792070973938521e-01,1.349759800397645204e-01,1.058382803915100812e-01,2.072402611239327619e-01,3.191886253031424037e-01,1.915774217933780277e-01,2.211299830705051039e-01,2.646009909023739892e-01,2.406169037135313105e-01,6.784919898107788505e-01,5.048077346065669158e-01,8.222266089686006696e-01,1.000000000000000000e+00,2.978341370452528003e-01,5.268123344658365292e-01,5.265336939216380685e-01,4.290460629155969929e-01,2.988334379780447358e-01,2.509693550694270803e-01,2.171566396085649608e-01,1.518970674922583419e-01,1.047934165160417652e-01,2.385872280870725629e-02,-3.773100646625569647e-03,-2.320968183314667255e-02,-6.368533150732874626e-02,3.140947542018646815e-02,-1.898787063310368797e-02,4.889413514916856468e-02,-3.426875500093182203e-02,-1.162038729719016977e-01,-2.285166742970791698e-01,-3.011367943069019892e-01,-2.202372494897861521e-01,-1.779524810167767146e-01,-2.481128636378724939e-01,-2.204305061783005393e-01,-1.335298813021482400e-01,-9.797586956286481741e-02,-1.972634752624123633e-01,-1.599282898063643932e-01,-1.321136389686275725e-01,-2.283136015385019701e-01,-6.602482429791572960e-02,-2.329192130854319809e-02,-7.417509022963314491e-02,3.334523629748532142e-02,-1.199624024277432671e-02,-1.229767456745195359e-01,-4.178681378199327473e-02,7.270593826549254235e-02,2.098987133477909703e-02,-1.461367726546473900e-02,5.526493181336399746e-02,1.002868361552798071e-01,9.821666857579323950e-02,4.069198350316553109e-02,1.135381121261274107e-01,1.279938492744863154e-01,1.361357636060784304e-01,1.318798214575983840e-01,1.658786272516022398e-01,1.938139598289098930e-01,1.719525957069202027e-01,8.667773891082526661e-02,4.017945287319684561e-02,-7.504473904583550126e-02,-7.864873819940976230e-02,-3.798104268921428939e-02,-1.203005417687009609e-01,-1.579094794623975007e-01,-7.634148514155418563e-02,1.468897423511645629e-02,-3.352852494181867565e-02,-4.573513844992915106e-02,1.302744562459126898e-01,2.041628348676078064e-01,-1.777709370398085397e-03,1.934915749763467399e-03,-1.053926995358325236e-01,-1.155539052797222022e-01,-1.678331215378693897e-01,-1.803626819362416644e-01,-2.085799731064612028e-01,-1.921018438122793492e-01,-1.894763822130499653e-01,-2.167423116916255832e-01,-2.140359990068895490e-01,-1.668585901170833996e-01,-1.661378607431149290e-01,-1.747762391456003650e-01,-1.372989579433508689e-01,-1.256302150560233977e-01,-1.409062744081210905e-01,-6.900691467846299665e-02,-3.716051385120648642e-02,-6.654305662089909923e-02,-2.387818317886902450e-02,7.348809041079086557e-02,1.020579767498232676e-01,1.420504058859859697e-01,1.134651189457026865e-01,1.295393214532078729e-01,7.982096428513922592e-02,1.033279178058474357e-01,1.273708298573651976e-01,1.839896437115521866e-01,1.630644771940313320e-01,1.468416392739708143e-01,9.238009690334007817e-02,1.703172017305436964e-02,2.023963935081618884e-02,-3.302100625481995278e-03,-8.379993877126118429e-02,-1.394361233544010314e-01,-1.320204944789215851e-01,-1.167288779322566417e-01,-1.310658699121442505e-01,-1.536394328166633128e-01,-2.124080941122832300e-01,-1.921696853607667566e-01,-1.773733373412851033e-01,-1.981499734815329039e-01,-2.479067621300693192e-01,-1.875908988800489563e-01
-5.104784157559447838e-02,-6.773921925080919615e-02,-1.154172719367433098e-01,-1.207179906896077987e-01,-1.071482474243641153e-01,-1.006263257342362161e-01,-1.669103460838561037e-01,-1.602599666055618544e-01,-9.114962717721232510e-02,-1.358580998390575834e-01,-1.454896073236542631e-01,-1.419967925380376528e-01,-1.041618387570749232e-01,-1.168154930064604358e-01,-8.479189953170039595e-02,-2.620721288592172890e-02,8.018996518144104468e-02,1.874191390946011032e-02,-2.173463972848608053e-02,4.391301745884963748e-02,1.023106572869720843e-01,1.426046304149897366e-02,2.073551995658332731e-02,1.263332897212497176e-02,1.200932895974915482e-01,2.445250323000828785e-01,1.982402561021287257e-01,1.363119587450471737e-01,2.978341370452527448e-01,9.999999999999998890e-01,4.734620884567445342e-01,3.296065924279902859e-01,3.268534723695982191e-01,2.306948543187501421e-01,1.645127044486982271e-01,1.323297540329830546e-01,1.276729916279876476e-01,9.178555982990532769e-02,3.436881759024658367e-02,2.792513829409204451e-02,3.329770615772460057e-02,4.412192708778924118e-03,3.651198715371627851e-02,8.031332529795423211e-03,3.232326185752805447e-02,-1.684815885157457671e-02,-6.210590909225194300e-02,-1.053336808264508789e-01,-1.516360676065966473e-01,-8.043049854892747597e-02,-6.038931333154771292e-02,-1.334687324663066665e-01,-9.610860416289512820e-02,-2.763049580865292384e-02,-1.912793460806915327e-02,-8.427647183304357026e-02,-5.539589975883612433e-02,-3.541802719900320057e-02,-1.042668259125821423e-01,-1.969727812524302984e-02,-6.488616147727240815e-04,-3.170016804298515789e-02,2.726475512620837524e-02,2.636945028940532523e-02,-4.515209734501184763e-02,-1.464559157223250391e-02,6.123165329835978526e-02,4.036658938610723779e-02,1.805776301894066946e-02,4.351460177715276573e-02,7.373004009839249917e-02,8.580604334689520551e-02,4.015796502740821144e-02,5.681375270220356127e-02,9.522611919301199324e-02,5.922834834778001323e-02,5.412470932779750443e-02,4.652621578896581900e-02,7.119212123452636765e-02,3.977594768166871353e-02,-9.222523574178726966e-03,-3.747383999137955668e-02,-1.024324968092539118e-01,-6.575647133715548098e-02,-1.988396987160061941e-02,-7.740976182471492884e-02,-5.600240858960316842e-02,7.146904319292640695e-02,1.131045172895810552e-01,8.677644629840912394e-02,8.765481407222594501e-02,2.650426057600755447e-01,3.169711261220924947e-01,9.751535200561697869e-02,3.939982289834668971e-02,-4.480361015805195239e-03,-2.530150188650717030e-02,-7.453969263191456696e-02,-8.490270495560987840e-02,-1.161531732832760816e-01,-1.331096588992266849e-01,-1.229287677608651153e-01,-1.384419975106424838e-01,-1.618267215741698573e-01,-1.445289254262203393e-01,-1.274588695434109020e-01,-1.405440650853224394e-01,-1.372688822029180522e-01,-1.151167102922122654e-01,-1.193258705548539828e-01,-1.084189909477558111e-01,-8.769735764059526095e-02,-9.485702145056346124e-02,-7.887141312211509714e-02,-3.124818413441967507e-02,-5.413326529023249241e-03,2.603994587943460337e-02,1.381933675457939353e-02,2.046417599634467802e-02,-2.562540471643407272e-02,-2.721313852235324182e-02,-7.898389892625722053e-03,4.243858037366767672e-02,5.262942561795554836e-02,3.744329158888660275e-02,-5.208996134353741266e-03,-2.929459939958777015e-02,-1.173466371516218576e-02,-3.664405242461388906e-02,-8.408170454796720650e-02,-9.744460571013366379e-02,-6.696739462592565806e-02,-7.189406200718333195e-02,-7.781230845039811828e-02,-9.645263994903550964e-02,-1.231504580055515635e-01,-1.024269049065462678e-01,-9.682964874467947514e-02,-1.067200453503112517e-01,-1.298176284240192546e-01,-7.427246270840694164e-02
-1.640531851220728421e-01,-2.086171308124751267e-01,-3.151750745760065753e-01,-3.241007881414060265e-01,-3.160307614138360144e-01,-2.839012429382905545e-01,-3.963210881390640261e-01,-4.079250345563712465e-01,-2.423714826970397584e-01,-3.052566407812289939e-01,-2.878899610625650363e-01,-3.295525848988981044e-01,-2.292146424941992888e-01,-1.639840441730455733e-01,-6.765761579775905754e-02,2.459879295294919305e-02,1.695077709281073708e-01,5.730073010313958826e-02,4.193569661047644864e-03,1.950991983374861238e-01,2.030744742507661071e-01,2.530211010398902491e-02,7.504911237989855821e-02,5.859013919622727690e-02,1.847007621758716134e-01,4.790587283042703759e-01,2.921760964492938206e-01,3.234781095626964587e-01,5.268123344658365292e-01,4.734620884567445342e-01,9.999999999999998890e-01,8.824720712273862455e-01,8.132930553598616275e-01,8.556064792369895144e-01,7.336870653965877898e-01,6.195651952963305842e-01,5.908868476145998638e-01,5.225277490414106385e-01,3.627426933755215632e-01,2.554489281837369341e-01,1.681432856032374357e-01,4.026468281503495922e-02,1.886371006199829836e-01,7.304199485369612665e-02,1.774916271715193394e-01,7.270254370989435999e-02,7.011444452380357489e-03,-1.879350082559829438e-01,-3.416414418374668083e-01,-2.212761683745674557e-01,-9.274226181176947748e-02,-2.054950587705877130e-01,-2.140687543333669174e-01,-5.104019963929762316e-02,6.379428920729292296e-02,-1.057381080567933174e-01,-1.048601187352247444e-01,-7.343526772029104234e-03,-1.077030081670593137e-01,-1.674997988710878738e-02,3.781516574864524777e-02,-3.022789446444466149e-02,1.124422219219554514e-01,1.201141288225465314e-01,4.612208488061988326e-02,1.432038835011558708e-01,2.969955153105718337e-01,2.837662177801374974e-01,2.944771697376311614e-01,3.552143829472717007e-01,4.837698278050305278e-01,5.831499851978156901e-01,5.599966195913140821e-01,5.334623743209659930e-01,6.017974646927697346e-01,4.168955478319542052e-01,3.902556276832970794e-01,2.521788806847177211e-01,2.755037410054605451e-01,2.321839241842134638e-01,2.888144670572926342e-01,1.178795998768558811e-01,-3.420615626458704817e-02,3.770036488906319122e-02,2.976414476834096656e-01,2.649390375370603845e-01,1.230135048236334211e-01,2.650911851095676952e-01,5.750204827176235156e-01,3.977857369399734888e-01,2.409824278445744927e-01,4.296799079214760897e-01,5.289890575337945489e-01,1.348708023872794148e-01,-2.184721823909297964e-02,-9.017173798966886256e-02,-1.169944979075402541e-01,-1.511141360161083469e-01,-2.172783797197716527e-01,-2.445976374883380711e-01,-3.178204930556236540e-01,-2.936951888352236084e-01,-1.801251056717610155e-01,-2.374882467880532200e-01,-2.632775052414620398e-01,-2.113712912612946970e-01,-1.129434635587728969e-01,-2.226063189807650222e-01,-2.321356045303114568e-01,-1.740836218055635820e-01,-1.432428947957935517e-01,-2.069785672414005684e-01,-2.114031723629636872e-01,-1.472475498997486143e-01,-1.147072729197373131e-01,-1.066258206741371034e-01,-6.509104967894976945e-02,-1.056270598413242834e-01,-5.440546532384510359e-02,-1.015608593524726933e-01,4.227702069218362661e-03,9.329494550250376494e-02,1.517190249227882426e-01,2.081712800715517786e-01,9.805839206159552845e-02,1.318169884734235985e-02,7.318227675944334598e-02,5.766599961973065125e-02,-4.107126937944998585e-02,-1.016110188105591450e-01,-7.984789967205431493e-02,-1.246647939938081567e-01,-8.619158624817026271e-02,-1.471150051792392832e-01,-1.878464034761350709e-01,-1.360777549421384180e-01,-1.389249893509134082e-01,-2.334568027718658678e-01,-2.722241037087611559e-01,-1.524873380848789928e-01,-2.255695776962478305e-01
-2.326984265586272416e-01,-2.622840562972579836e-01,-3.649826056004520924e-01,-4.172398708035229831e-01,-4.021603974277742632e-01,-3.201665471648065253e-01,-4.292683662845437897e-01,-4.754390837884450161e-01,-2.550097184967704544e-01,-2.643997924143139944e-01,-2.437548111470239642e-01,-2.999951106763564801e-01,-1.795890327858585822e-01,9.880384134270472213e-03,1.012468993055084809e-01,2.125052708059899653e-01,3.997035837162090099e-01,3.069457247352977980e-01,2.671769973296287959e-01,4.766102531934353070e-01,4.746694560449217226e-01,2.832440904453481512e-01,3.024552696186040279e-01,1.316352442984550786e-01,2.466810107644231420e-01,6.448287977822849681e-01,4.917401904384265388e-01,4.289178884639127110e-01,5.265336939216380685e-01,3.296065924279902859e-01,8.824720712273862455e-01,9.999999999999998890e-01,9.361385765105914025e-01,8.597023321193177914e-01,7.188046835906738430e-01,7.316566629576453096e-01,5.987376951426287564e-01,4.401819778328935340e-01,2.838753835227447730e-01,2.045736352663910518e-01,2.392247324192385560e-02,-9.729090617793159645e-02,1.221718212113142160e-01,5.776114346965274815e-02,2.481764349771561351e-01,1.532823764234983455e-01,2.653874394414061644e-02,-2.774963314068258358e-01,-4.684643522270233729e-01,-4.007636707982157320e-01,-2.535936847369937297e-01,-2.908501664856523172e-01,-3.210007841558051855e-01,-1.905629210417483788e-01,-2.882842872025476524e-02,-1.286618645092277580e-01,-1.458656494238931289e-01,-2.435829029963929374e-02,-7.529758338876695045e-02,6.753714436250025759e-03,9.604362303184002525e-02,6.988846119279937263e-02,2.145328766758704542e-01,1.541618014887361499e-01,1.095904289428578510e-01,2.368417733011855264e-01,3.294605528064520894e-01,2.505806816597862530e-01,2.746484868027062598e-01,3.346759106273489159e-01,4.074034623714967163e-01,4.731410498405658749e-01,4.242117075018238537e-01,4.553019468721244967e-01,5.207278061486220189e-01,3.601525950402791887e-01,3.728351119101025457e-01,2.886418755247923684e-01,3.225302208436022777e-01,2.877945861769126701e-01,2.786307370232587455e-01,7.127205150764166774e-02,-1.404019475168980791e-01,-1.421792730540657190e-01,9.910694958834161128e-02,5.338819271285712847e-02,-1.646268458470570295e-01,-3.279341267267996823e-02,2.914401967439513852e-01,6.727425482727494854e-02,-1.021186784726372532e-01,1.039054307280125600e-01,1.947414182820099149e-01,-1.128819987314801654e-01,-1.754618449739661357e-01,-2.413532280809508601e-01,-2.165038604736777839e-01,-2.870612935280834055e-01,-3.377597441434451175e-01,-4.222971510137632500e-01,-3.962959532238506943e-01,-3.542436805773181985e-01,-3.576671162774879842e-01,-3.860731321836652352e-01,-3.129655236202911195e-01,-2.464740151844032612e-01,-1.935420100468984161e-01,-2.402732895899192533e-01,-1.886056037570503219e-01,-1.242476772979911465e-01,-6.573370944746673161e-02,-8.590658092312367100e-02,-6.337100259997710539e-02,3.621145810234454449e-02,7.875152314373343176e-02,1.035734759516794556e-01,1.187184098935953891e-01,4.835240992500845769e-02,7.258412742622230573e-02,-8.643465199693008139e-03,1.018767297740179184e-01,2.342918096082460544e-01,2.900831495148199490e-01,3.416982360537523244e-01,2.768853878007904723e-01,2.118063433833821396e-01,2.250848777168917014e-01,2.154681626301736541e-01,1.269199474737757183e-01,4.660750493405158013e-02,4.120472192511906440e-02,-2.772215926557784413e-02,3.946839808799606358e-02,-4.381348698061278413e-02,-1.060475590175546379e-01,-4.737652798165598034e-02,-4.737348015492318792e-02,-1.676465170378306779e-01,-2.296898345981974732e-01,-8.600901127676835456e-02,-2.262136160702274135e-01
-2.878610645483226649e-01,-3.090312379024497402e-01,-4.280666302266403211e-01,-5.065178101489637985e-01,-4.860765353178084780e-01,-3.821952255895532669e-01,-4.977480401154089074e-01,-5.665742672091272913e-01,-3.025396576687164329e-01,-3.250287047752897229e-01,-2.867640787517480860e-01,-3.518780025981474435e-01,-2.282558325841021751e-01,-2.599242714702795515e-03,2.459114571506626767e-01,4.058167895810738113e-01,5.882109564066948515e-01,4.575527746967503195e-01,3.674125668455620608e-01,5.386449366841913333e-01,5.136144054444209406e-01,2.948716522230099280e-01,2.221118940114149287e-01,6.587215304548134365e-02,1.707305159291416796e-01,5.293803885535510734e-01,4.685013065945958788e-01,3.683518850189906879e-01,4.290460629155969929e-01,3.268534723695981636e-01,8.132930553598616275e-01,9.361385765105914025e-01,1.000000000000000222e+00,8.883997723706703598e-01,7.232329130687761287e-01,8.389001014759442931e-01,7.645943076645729253e-01,5.463195733020963507e-01,3.932533638597743852e-01,4.117827748126740017e-01,1.962769314995563563e-01,1.028278297439257222e-01,3.527202401699834344e-01,3.041074327509911135e-01,4.934470347063867335e-01,3.838873151797577155e-01,2.144628175502865663e-01,-1.518709371774643324e-01,-4.592105041983353675e-01,-3.926919582477934600e-01,-1.931116060914534749e-01,-2.971829001784189739e-01,-3.668101586528291769e-01,-2.137343619365397185e-01,-3.775979130971141712e-02,-1.338127594491954897e-01,-1.489726978896852572e-01,6.306231090161935893e-03,-1.024348640945654115e-02,2.711232176931706317e-02,1.342134656782259794e-01,1.633015376944990660e-01,2.750095079899551043e-01,2.055725703326578835e-01,2.063512958959195509e-01,3.363535067418822466e-01,3.859116337242395889e-01,2.882780051751575590e-01,3.514746865492090477e-01,3.820304357814630625e-01,4.454861929066438186e-01,5.197714098132287797e-01,4.497519395177464463e-01,4.428781184547737615e-01,5.241090621042728825e-01,3.357374564969817787e-01,3.829534120359386895e-01,2.257223971744644342e-01,2.939550545032406648e-01,2.186305258531769935e-01,2.070386332515453953e-01,-7.050203784273254004e-02,-3.066973279611973635e-01,-3.049325711719317877e-01,-7.045482711011084691e-03,-5.496731950594664975e-03,-2.669651726546634074e-01,-1.326457099268300577e-01,2.829173321618411729e-01,6.041964430597306784e-02,-1.445731742867168157e-01,1.105101876427992402e-01,1.766194719490269682e-01,-1.307637467254070540e-01,-2.100147076635227872e-01,-2.975209557137973859e-01,-2.514299890427202921e-01,-3.308040823042160405e-01,-4.233456586407461364e-01,-5.577076716192904682e-01,-5.298778465425380002e-01,-4.479544498827647270e-01,-4.351213681304799685e-01,-5.050850613338957462e-01,-3.925335933073638151e-01,-2.803167732689064717e-01,-2.334903287913882575e-01,-3.186352785032511292e-01,-2.051096528065660396e-01,-1.062238425042082157e-01,-9.575391259799538590e-02,-1.171802009871995565e-01,-3.347126657794966681e-02,8.267191265150536372e-02,6.404708746034143418e-02,9.801849805599373300e-02,7.077758016249834083e-02,-2.776129151086084712e-02,-3.609487484897013626e-02,-1.353901892208268787e-01,-9.215467008486353737e-03,2.026625902812166924e-01,2.759794117108713696e-01,3.766493201167321891e-01,3.248778530115090657e-01,2.674494979701100283e-01,3.082855698263725630e-01,3.157178909514379295e-01,2.228518091507952770e-01,1.483966420441844014e-01,1.599687069701990760e-01,7.966883606359809189e-02,1.670308032294458012e-01,8.169682814806372706e-02,1.314134852166772352e-02,8.886187419957154721e-02,8.249190803894974888e-02,-3.899449593000499370e-02,-1.043018003886841127e-01,2.565871980272059136e-02,-1.289343094347659147e-01
-2.382006043197047729e-01,-2.664437043235324820e-01,-3.509720593319367032e-01,-4.016993069075130984e-01,-4.104681447388351945e-01,-3.170536457702192723e-01,-3.986783279655479184e-01,-4.822856982717597107e-01,-2.651376114980070198e-01,-2.817041827633393614e-01,-2.373273739564853158e-01,-3.400202332321525800e-01,-2.269778949104110100e-01,-5.257665135500527720e-02,1.127454203715369668e-01,1.968780497763044368e-01,3.165407372071175618e-01,1.673979423804806410e-01,1.242867885176148629e-01,3.332890230209125670e-01,2.385283386667207128e-01,6.470912182645194299e-02,8.304615349336547103e-02,-8.227404184109065460e-03,7.676676025374612466e-02,3.542183486949582183e-01,1.847754758141884335e-01,1.365691687348234706e-01,2.988334379780447914e-01,2.306948543187501699e-01,8.556064792369895144e-01,8.597023321193177914e-01,8.883997723706704708e-01,1.000000000000000000e+00,9.247779346362732245e-01,8.777785414480304693e-01,8.503424228627889381e-01,7.692994888977253698e-01,6.037468478817988871e-01,4.694161895022305742e-01,3.033760427886126321e-01,1.442206053768819995e-01,3.422661008526370896e-01,2.197396847200035475e-01,3.563472567661953305e-01,2.583315177422015885e-01,2.038335344225550849e-01,-1.162031888300112947e-01,-3.603099238497752266e-01,-2.680376172950678093e-01,-5.056438399224856550e-02,-1.169104284120856124e-01,-2.123964480186521231e-01,-6.895496846465003216e-02,1.467807655891670282e-01,1.264318714467582878e-02,-5.269425460578642390e-02,8.119588661410857833e-02,6.399934758695637049e-02,-1.932900057487188170e-02,3.821997561633554835e-02,5.343485618032427914e-02,1.412410101043928556e-01,1.700813109581011118e-01,2.159972601652452862e-01,3.121010929861868233e-01,4.185162910952212045e-01,4.495604150911177155e-01,5.080916649136887342e-01,5.227085817031124071e-01,6.685184352116378959e-01,7.774811445598863724e-01,7.212818924859154546e-01,6.938789163722663966e-01,7.555083982427180933e-01,5.479987071557160805e-01,5.599758249465609516e-01,3.291996361662549164e-01,3.509776335088108934e-01,2.940441409288039876e-01,3.890492477639825863e-01,1.253188004020772961e-01,-9.249837042128544740e-02,-5.637158586742831157e-02,2.816509692072853843e-01,2.710089690902570680e-01,-3.230472412551261413e-02,9.835115746296768657e-02,4.958975208200160356e-01,2.164072311498206336e-01,-9.885458778015441747e-03,1.655036948499080951e-01,2.371724905513081794e-01,-8.178855103077839472e-02,-1.696665367717503647e-01,-2.339282089180338142e-01,-2.199648389743965871e-01,-2.726222117891115015e-01,-3.413020593147305104e-01,-4.231005721648343210e-01,-4.393259941673497426e-01,-3.982159445794477004e-01,-3.295419659386291111e-01,-3.632724138133724967e-01,-3.233248644855902243e-01,-2.458777335538962772e-01,-1.242359398744445065e-01,-2.442997193563700986e-01,-2.079678919133400306e-01,-1.310528255862178637e-01,-1.064751774007688806e-01,-1.872901875495971424e-01,-1.603161422594129026e-01,-7.399440393048728470e-02,-8.507919030045786590e-02,-9.400757358035700950e-02,-8.549899289765461319e-02,-1.363003576624264024e-01,-8.894093533404595631e-02,-1.291559260523523767e-01,1.827178149410910515e-02,1.657308841596494831e-01,2.054841214864929488e-01,2.786965433482707089e-01,1.410217502391646616e-01,8.478269439497547466e-02,1.987288364001818519e-01,1.620848945207113423e-01,4.139951660048261928e-02,9.635010830442991558e-03,7.558222826070258582e-02,1.127135669645384398e-02,6.512889979979862021e-02,-2.236433236405218229e-03,-1.492980583972749672e-02,9.513546401001604647e-02,4.956980973210099034e-02,-5.547611006883967216e-02,-6.733196844169753170e-02,8.956877815799882403e-02,-8.371826794656339610e-02
-2.510291932079041222e-01,-2.916244717512482265e-01,-3.312029835175295256e-01,-3.426058749393249281e-01,-3.935601611191442695e-01,-3.186477505736257654e-01,-3.335036207258225138e-01,-4.048458064912132670e-01,-2.505344028710712045e-01,-2.413085997321385290e-01,-1.345959459507943268e-01,-2.484914460319016805e-01,-1.650260191672602295e-01,1.419633892306205493e-02,1.448709760314356165e-01,1.511090448693096222e-01,1.927221241445235822e-01,4.970609975646040485e-02,7.447943651311296487e-02,2.854622168160305673e-01,1.363789388693464333e-01,1.598089462725063581e-02,1.032584760332758422e-01,3.406705791386049204e-02,1.133500055886946106e-01,3.246287544027820493e-01,7.791995309544366699e-02,7.022106072817542455e-02,2.509693550694271358e-01,1.645127044486981716e-01,7.336870653965877898e-01,7.188046835906736209e-01,7.232329130687761287e-01,9.247779346362732245e-01,9.999999999999997780e-01,8.694388495870000177e-01,8.292402316088807179e-01,8.396013638381346622e-01,7.185627153880523865e-01,5.052414893479005853e-01,3.570495870267323957e-01,1.827677454620206532e-01,3.468587301571647297e-01,1.980498886159417493e-01,2.990012318471327313e-01,2.327168104812562255e-01,2.722619135730108830e-01,-1.106518371095186436e-02,-2.208160013235621610e-01,-1.528988983842350102e-01,7.544571681058810653e-02,5.053717443973611972e-02,-9.766226033263672446e-02,8.413487728875890942e-03,2.499787824808414050e-01,9.469388942081381766e-02,-7.322862640286565382e-03,8.846081853364322345e-02,9.714440739205827680e-02,-1.326313514038839070e-01,-1.139077673635801036e-01,-6.375423909086536112e-02,-1.469577608405406299e-02,6.563083673316917610e-02,1.749282081235426223e-01,2.490707493911859527e-01,3.691089567146064732e-01,5.043982927605927813e-01,5.553208447228016320e-01,5.461520466087074199e-01,7.060689815338565545e-01,8.151241440732500676e-01,7.202273953675012441e-01,7.006418437552436318e-01,7.257150573014043982e-01,5.603280679881700310e-01,5.749448012816041897e-01,3.483664000668095229e-01,3.419667949853856803e-01,3.191629508553478489e-01,4.161824340550279722e-01,1.862626938333574456e-01,-1.609629479464984650e-02,1.018887458522476286e-03,2.935256975102991106e-01,2.694302050749496913e-01,-3.382933162061704802e-02,6.559890556551088714e-02,4.032420232339991584e-01,1.287145185144699944e-01,-8.150270101605619488e-02,4.351209025533702562e-02,1.261162737708675652e-01,-1.320413781840935330e-01,-1.722132113672480980e-01,-2.317209416509502240e-01,-2.241064285626307995e-01,-2.643065191934020342e-01,-2.952497902869372082e-01,-3.571252796692889198e-01,-3.458985980333982302e-01,-3.325109888165419525e-01,-3.034852204158445255e-01,-2.965992558178637273e-01,-2.612186668579633553e-01,-2.187971778021850222e-01,-1.024542200844825723e-01,-1.838120398260376376e-01,-1.757297719167132122e-01,-1.315781966373281431e-01,-7.986265306351457427e-02,-1.459947497071005795e-01,-1.508543939828582425e-01,-8.325799756158817899e-02,-6.446680709047704350e-02,-7.517485491381366292e-02,-5.371489834731971169e-02,-7.893883251629557618e-02,-3.227692154366476607e-02,-5.258795556111016400e-02,7.182839391175732668e-02,1.744572615885710831e-01,1.926386030129365323e-01,2.165767454736271524e-01,6.783765762328844429e-02,3.834718538546226518e-02,1.387791328673993185e-01,6.732548088100796801e-02,-3.579523886460902332e-02,-3.986497135645192952e-02,2.268085473986026362e-02,-3.805840993794037952e-02,-1.170302090861512212e-02,-5.881996306201762309e-02,-1.198345342398912834e-02,9.994237025123245410e-02,2.152689532772060488e-02,-3.010496610389687064e-02,1.695727700480186700e-02,1.439523846108789751e-01,-5.015243677477436088e-03
-3.526682551013282096e-01,-3.808805168153572840e-01,-4.567831617247252174e-01,-4.968374864089335485e-01,-5.132274107349070746e-01,-3.837414263347131427e-01,-4.174749822654567066e-01,-4.743473781388761190e-01,-2.698365579562584382e-01,-2.021862066123170099e-01,-5.718324160592810901e-02,-1.665972127063511110e-01,-8.260517594706835720e-02,2.197037248472825111e-01,5.023055908719219476e-01,5.481523983608054262e-01,5.932155332031749939e-01,4.301428729945338536e-01,4.251264344138133144e-01,5.912147862283190225e-01,4.059588705932629660e-01,2.516136978229348564e-01,2.196696635629183381e-01,3.486214272420496557e-02,6.938486137278909727e-02,3.551512578574368972e-01,2.136861389922991850e-01,9.676075115562342288e-02,2.171566396085649608e-01,1.323297540329830546e-01,6.195651952963303621e-01,7.316566629576454206e-01,8.389001014759442931e-01,8.777785414480304693e-01,8.694388495870000177e-01,1.000000000000000000e+00,9.222557187934187217e-01,7.583977318103536369e-01,6.849898711064605905e-01,6.653825581418812973e-01,4.176880961856338503e-01,3.085468740485330374e-01,5.500633138746047202e-01,4.827236885418546009e-01,6.409731883649650852e-01,5.869990186685635214e-01,5.427911698077904079e-01,1.382725660061865092e-01,-2.116354034575221310e-01,-2.245897438549816494e-01,4.968220724249869380e-02,-1.166059398914221987e-02,-2.430243621482322813e-01,-1.224482725851999132e-01,9.534103001983464110e-02,-4.190348717034890480e-02,-1.175708878692264536e-01,-1.101602696557412581e-03,6.959202905535162749e-03,-9.076190627986177595e-02,-8.954423637653984719e-03,4.901262846648055810e-02,1.223260888966630627e-01,9.754387464661759544e-02,1.644013385965741869e-01,2.863151430484226490e-01,3.464714578888158925e-01,3.595310007600389657e-01,4.325144318286661127e-01,4.311344602775175616e-01,5.252056533731902510e-01,6.296294668808999351e-01,4.990658493382929550e-01,4.509769730814431332e-01,4.941365407520164621e-01,3.256077484367030372e-01,3.820275008444550258e-01,1.576613362448032185e-01,2.240445808920735193e-01,1.567555968315828274e-01,1.783285149910797396e-01,-1.108440013493453280e-01,-3.171281257007782517e-01,-3.439644856103446502e-01,-5.935865477953139457e-02,-6.460495285158895755e-03,-3.089748218211409436e-01,-2.364376058201250186e-01,1.921521838283664074e-01,-1.972079852208930700e-02,-2.589518181585470646e-01,-8.224058119478877549e-02,2.094304876842392749e-02,-1.795330310026630738e-01,-2.275907121783652953e-01,-2.959264989449956196e-01,-2.220359465357598927e-01,-2.917816640082345203e-01,-3.702306786719681275e-01,-5.211704100477908552e-01,-4.568768127316176764e-01,-3.634119550158902978e-01,-3.908151673458303832e-01,-4.562842394015274028e-01,-3.204582770927084101e-01,-2.066639061416636336e-01,-1.810638786607628170e-01,-2.581256903315756746e-01,-1.361224022818141866e-01,-5.523510973028546156e-02,-5.832200684878017377e-02,-7.344695438800746823e-02,1.479450643674483541e-02,1.073095615718295814e-01,6.408816704309648615e-02,8.960436484920922262e-02,4.044641768382969960e-02,-3.902991285612615602e-02,-7.581815933118234152e-02,-1.514649672486927390e-01,-4.601598191532735999e-02,1.633781414326794801e-01,2.075978976895026806e-01,2.894596885633505257e-01,2.357244819553444282e-01,2.242254265511312850e-01,2.799974135794099372e-01,2.508437147862111471e-01,1.838828376079099658e-01,1.637794688915407415e-01,1.679944957187118337e-01,6.895136086122380381e-02,1.137965757633307845e-01,3.891290519094646461e-02,2.387004651795760629e-02,1.082021944408411568e-01,5.357900389276614578e-02,-3.289481936927884237e-02,-4.921485069176767535e-02,7.286812502430432825e-02,-9.559097117191733828e-02
-3.210215835478034685e-01,-3.569521158115565584e-01,-4.556533879212104066e-01,-4.874502709917511445e-01,-5.128215566965946826e-01,-4.089039987531259968e-01,-4.760979955745598402e-01,-5.370022464065113965e-01,-3.209897565543953224e-01,-3.470676783554759726e-01,-2.224311668414535870e-01,-3.179068945958383741e-01,-2.455012604014868149e-01,-3.711203050484317839e-02,3.705924879552648932e-01,4.665699661032442491e-01,4.980607174419610650e-01,3.014560593690020496e-01,2.235707113459298179e-01,3.457954714382645012e-01,2.002774849207007435e-01,2.298827134234635375e-02,-5.505566065764651990e-02,-1.179858933963143230e-01,-2.014634605692773930e-02,1.576550829772505602e-01,7.211979797353341992e-02,1.814725351613006091e-02,1.518970674922583697e-01,1.276729916279876753e-01,5.908868476145999749e-01,5.987376951426288674e-01,7.645943076645729253e-01,8.503424228627889381e-01,8.292402316088807179e-01,9.222557187934187217e-01,9.999999999999998890e-01,8.897164035961411255e-01,8.117691143304940349e-01,8.316279561535082632e-01,6.672943291296733470e-01,5.568552514851760060e-01,7.406759425536749708e-01,6.386583531184188978e-01,7.128116116841929362e-01,6.338126186970004516e-01,5.935991522521065766e-01,2.574492273234414430e-01,-1.425136778689265193e-01,-7.028783847862642153e-02,2.204010275019206988e-01,1.393837875088474801e-02,-1.803440812274923200e-01,4.470693152201045580e-03,2.052473792998822932e-01,1.460706931617018062e-02,-3.406755811767323699e-02,1.080840949771713355e-01,1.082774281950425743e-01,-4.505313677962192315e-02,1.224726130250133015e-02,1.000116171333428478e-01,1.230414523474749611e-01,1.738526266013081245e-01,2.759895105202454513e-01,3.652006599492987338e-01,4.264630381797390735e-01,4.771528031622926935e-01,5.584978907146335159e-01,5.174489743871237835e-01,6.437030278547585249e-01,7.405036333697353479e-01,6.113245070063066944e-01,5.157468067239204812e-01,5.731155147501439950e-01,3.969221385968984550e-01,4.683547800218532675e-01,1.326242837277817332e-01,1.893904161594441027e-01,6.729182838639968800e-02,1.360770402971290816e-01,-1.780166552578278383e-01,-3.617237474377817952e-01,-3.227038779630649334e-01,-2.406842503318698968e-03,8.176225106026810407e-02,-2.143528010915304038e-01,-1.270388114661225032e-01,2.986211692361221970e-01,1.178724617341704584e-01,-1.189201511534115352e-01,2.979453171788508034e-02,1.422055016959914986e-01,-5.452046554748172374e-02,-1.505199571333935560e-01,-1.948624843204870005e-01,-1.240437261771159816e-01,-1.894286145056806869e-01,-2.935499845447545053e-01,-4.425718357885857768e-01,-4.317093273503477269e-01,-3.224417315952629037e-01,-2.995448229207616220e-01,-4.140852542251347024e-01,-3.124054440565089408e-01,-1.810432443990505347e-01,-1.517619682908469825e-01,-3.078823217257900535e-01,-1.849529101458751990e-01,-8.490076524543335723e-02,-1.669363951457160378e-01,-2.247289983592195839e-01,-1.043831472754130768e-01,-2.815293168809144403e-02,-1.430913796206263466e-01,-1.238608034161285537e-01,-1.786164868169553832e-01,-2.522489013926297874e-01,-2.747236141928521835e-01,-3.411388467803287972e-01,-2.272544086216745918e-01,3.783126972238665380e-03,7.196298728881654616e-02,2.106456400062954593e-01,1.142936238806275262e-01,8.664269297952729987e-02,2.336393190059642411e-01,2.246559597274107589e-01,1.296387716236988841e-01,1.370479245938597546e-01,2.124465868205148711e-01,1.426287439134649171e-01,1.886476619226379881e-01,1.295230312238249415e-01,1.372489424889561660e-01,2.377102304675463296e-01,1.696141372989794505e-01,9.609214936095357429e-02,9.887966779492521341e-02,1.894922575930949871e-01,2.232040361505257392e-02
-2.719388975839367451e-01,-3.182354735218175801e-01,-3.518705357940961065e-01,-3.498130190162486164e-01,-4.276069239014393952e-01,-3.518807359398464230e-01,-3.585060644451282807e-01,-4.534029122028266912e-01,-2.962425275632323274e-01,-3.204997703002434584e-01,-2.207115058987857703e-01,-3.389437368367070880e-01,-2.656545649415371635e-01,-1.654829993965770130e-01,1.124421948169236629e-01,1.565668897006981530e-01,1.797274742319361629e-01,8.416180795261136993e-03,-5.140623300455651051e-02,8.983660152530978382e-02,-2.260924322339314535e-02,-1.584464899402440174e-01,-1.602896419035748365e-01,-1.392788241815788586e-01,-3.816379261349314017e-02,6.163421021689646090e-02,-6.112258728176406253e-02,-3.843909322093308489e-02,1.047934165160417791e-01,9.178555982990531381e-02,5.225277490414106385e-01,4.401819778328935340e-01,5.463195733020962397e-01,7.692994888977253698e-01,8.396013638381346622e-01,7.583977318103537479e-01,8.897164035961411255e-01,1.000000000000000000e+00,9.285391971834542346e-01,7.587169623584995026e-01,7.079554033927140111e-01,5.092826928113934892e-01,5.931869686944328812e-01,4.331408959754199373e-01,4.404971232526739278e-01,3.773960622650874841e-01,4.450464102406362921e-01,2.101284383217346952e-01,-8.033039084544982278e-02,5.211997751378990434e-02,3.518078167438370984e-01,2.001650426358208834e-01,3.797021637229954644e-02,2.155615945479761875e-01,4.781312787997248348e-01,2.507507579039530698e-01,1.478834578417194956e-01,2.787178062033177084e-01,2.383708484983328435e-01,-7.703644926227180834e-02,-8.857948401276337369e-02,2.553151002236831411e-03,2.812300595936766817e-02,2.251854917656851973e-01,3.514418322631640557e-01,3.982316346295349252e-01,5.530259366763483619e-01,7.219979739790884921e-01,7.375788662283572217e-01,6.836377943197802232e-01,8.430312472911141164e-01,8.763116519618561195e-01,7.484605198303849738e-01,6.726851049342248423e-01,6.524069594997099486e-01,5.144437328268426368e-01,6.145368874441271556e-01,2.622169043621421225e-01,3.017983571036181312e-01,1.628258725484104386e-01,2.695652103657723564e-01,-2.463520985892908577e-02,-1.973342412321923423e-01,-1.262532469997386386e-01,1.690616347647359574e-01,2.243631054056933471e-01,-5.971482294970115179e-02,2.671448112888108808e-02,3.516129917439194119e-01,1.691054692247370705e-01,-2.573884586136732100e-02,4.943247216897821844e-02,1.484360132173659641e-01,-1.507726279211779423e-02,-7.482758083436064078e-02,-1.044556092975372497e-01,-7.479281307031068748e-02,-1.183922420039026507e-01,-1.774149596947171281e-01,-2.713207478839732567e-01,-2.977773303635342650e-01,-2.423676540769749976e-01,-2.040147345099667942e-01,-2.806095999151522191e-01,-2.472902002730888449e-01,-1.701443051709023990e-01,-1.089018226436143516e-01,-2.765568406084215614e-01,-2.292775822171797817e-01,-1.581228854512192750e-01,-2.289522136835420718e-01,-3.242300854584556080e-01,-2.542962644030091202e-01,-1.973113206601436187e-01,-2.853840156477645551e-01,-2.900044036834765748e-01,-2.956500446416712724e-01,-3.338981505340867240e-01,-2.976074311472424738e-01,-3.266178328320213931e-01,-2.009764286421478474e-01,-2.433340415603195070e-02,5.045176182616081806e-02,1.687193056917059286e-01,-2.102240143148219331e-02,-6.790564315445857257e-02,1.336142592895066261e-01,8.470088765831014499e-02,-5.067495383134375947e-02,-1.074462535021921371e-02,1.144705624940190597e-01,5.506946447491958829e-02,7.252786927848876852e-02,1.881312866831734085e-02,9.782518106445103889e-02,2.428904589730849772e-01,1.369139777271882463e-01,8.035377451343582444e-02,1.648241096932985261e-01,2.700089887419049872e-01,9.554164871808926152e-02
-2.660180207177077483e-01,-3.360007630674525236e-01,-2.736809861310934844e-01,-1.976626126050048393e-01,-3.767938241167221869e-01,-3.352694808415392358e-01,-2.264382035231015666e-01,-3.201984092389122405e-01,-2.678543422630471627e-01,-2.485575538789175920e-01,-8.892742623973244609e-02,-2.323183526187940495e-01,-2.137830909659927392e-01,-1.044971657551774791e-01,2.034878983390070450e-01,1.865888713589143322e-01,1.511962317888927987e-01,-3.099128761074826030e-02,-6.734802434203945865e-02,5.361142840653566194e-02,-9.693396695198482071e-02,-2.089942531482659183e-01,-1.992908450841804902e-01,-1.942555145450979015e-01,-1.121593340315641396e-01,-4.041829509138052112e-02,-1.682775744643208171e-01,-1.247260303493389344e-01,2.385872280870724588e-02,3.436881759024658367e-02,3.627426933755215632e-01,2.838753835227447730e-01,3.932533638597743297e-01,6.037468478817988871e-01,7.185627153880523865e-01,6.849898711064605905e-01,8.117691143304939239e-01,9.285391971834541236e-01,1.000000000000000000e+00,8.433411613481837099e-01,8.234285456798509095e-01,6.337577970449376208e-01,6.462067129824635714e-01,5.111081179843358635e-01,4.699698369069068016e-01,4.622938475115004886e-01,6.189783452360018146e-01,4.513352413273027386e-01,1.886840111666559794e-01,3.011423255251410303e-01,6.250696073817116893e-01,4.902222405015227435e-01,2.849324291955726007e-01,4.415229987309898796e-01,6.448310274123888464e-01,3.922037730449350335e-01,2.891729911500461325e-01,3.306754050719796223e-01,2.501764182721975538e-01,-8.914383468671344124e-02,-1.440557666793238212e-01,-8.084086914516772082e-02,-7.305885444460183398e-02,1.740252197668857304e-01,2.762709927832955881e-01,2.766094303189239878e-01,4.329870641503758555e-01,6.410772073095676316e-01,6.171327817279200767e-01,5.223035286035084823e-01,6.708601731996551853e-01,7.006753734553941015e-01,5.516361750717454493e-01,4.282659373709758466e-01,4.253837757266633046e-01,3.037252934530054183e-01,4.090470762810625160e-01,4.688524634782079148e-02,7.166382183068110978e-02,-6.967828406912915384e-02,3.512341586738088051e-02,-1.901223481306369145e-01,-2.549696044125049910e-01,-1.897596332386195794e-01,2.805194112694481962e-02,1.366234710242019701e-01,-6.030503574671010336e-02,-2.242448634586208592e-02,2.455361463763431895e-01,1.436414303106412216e-01,-1.694901980367876163e-02,8.998330561987592444e-03,1.022365050331978803e-01,2.110407946931610462e-02,-3.945293590178242105e-02,-4.403260193475224543e-02,5.359619319402241129e-03,-2.122150604221648834e-02,-7.276349037166604528e-02,-1.585283766937384264e-01,-1.699471729680470389e-01,-1.020869423478547727e-01,-8.485672687306825002e-02,-1.757514414937126346e-01,-1.354645252120889876e-01,-6.066700706021477263e-02,-4.780715810737896920e-02,-1.927301208018356304e-01,-1.180030800505170452e-01,-6.526025480631808540e-02,-1.890898114532305330e-01,-2.494182842673622336e-01,-1.570572847232263036e-01,-1.624175057084510654e-01,-2.941951110697192950e-01,-2.936202425689034556e-01,-3.323618805737045823e-01,-3.451412886388931511e-01,-3.664205554936263987e-01,-3.797532277837212256e-01,-3.265107343280834185e-01,-1.851421238727996577e-01,-1.369919733776892579e-01,-2.144907377391940331e-02,-1.555666131693951293e-01,-1.603792548450378441e-01,2.686688776765603151e-02,-2.463978639600939227e-02,-1.092300428704667120e-01,-9.141795047407065555e-03,8.195001454218689418e-02,1.220828334174188512e-02,-1.630309175024937177e-02,-5.599434309608872923e-02,4.330050016296786014e-02,1.709350185174454695e-01,6.276920559462351168e-02,2.008545872553002196e-02,1.135880098587691983e-01,2.282762124067125586e-01,6.674960807464661028e-02
-3.080398826989675931e-01,-3.696686885861661942e-01,-4.175606276905694525e-01,-3.601982742130882542e-01,-4.398171533598403959e-01,-4.023836717272305519e-01,-3.990365404585489717e-01,-3.830325237228746627e-01,-2.893303334304538343e-01,-3.473902710350400547e-01,-1.465910945468673343e-01,-1.932669172882831576e-01,-2.259379618655839583e-01,-8.111759562886737551e-02,4.700804801209727546e-01,5.208384712532718730e-01,4.321485814286655791e-01,2.262496056827069391e-01,1.376046914281583433e-01,1.475865949208392536e-01,-1.207937338343389663e-02,-1.483837378130285212e-01,-2.665960065581507998e-01,-2.603977171201807828e-01,-1.634176294708143129e-01,-1.243596898821831137e-01,-1.425149553668078051e-01,-1.203978944599200102e-01,-3.773100646625550132e-03,2.792513829409206880e-02,2.554489281837371006e-01,2.045736352663910240e-01,4.117827748126741683e-01,4.694161895022306852e-01,5.052414893479005853e-01,6.653825581418812973e-01,8.316279561535085962e-01,7.587169623584988365e-01,8.433411613481837099e-01,1.000000000000000000e+00,9.325272021509671827e-01,8.867499830176734932e-01,9.400199404647395784e-01,8.850151881548118382e-01,8.290380652633144720e-01,8.173986183935602057e-01,8.596690300250666716e-01,6.842337440336462295e-01,2.708685448202813872e-01,3.240734379185401526e-01,5.991598816363951086e-01,2.685487066429910752e-01,3.418293211628828376e-02,2.267132121264378020e-01,3.103895581834164030e-01,5.923747323413912358e-02,4.804093373083061225e-02,1.264297588759013824e-01,9.568972103512227156e-02,-7.537667253524654720e-02,-5.766996247417845861e-02,3.487287957155002505e-02,6.346091082516261504e-04,1.084215060284112048e-01,2.011074832532505630e-01,2.409709176219985982e-01,2.740166275460616530e-01,3.630920841176837888e-01,4.188203195352260821e-01,3.264036510308752637e-01,4.031254038271200324e-01,4.810939646899691224e-01,3.272761109182579231e-01,1.252407414757487347e-01,1.656576734583233568e-01,3.751700197904354189e-02,1.632628072692714483e-01,-2.158549668978401448e-01,-1.478121039753836630e-01,-3.163105368409795393e-01,-2.541123905401823646e-01,-4.961516918599430670e-01,-5.088189699654344089e-01,-4.565586133130642432e-01,-2.664660219487094417e-01,-5.331690350480927654e-02,-2.018978966951592569e-01,-2.048825747298175237e-01,1.162789971838608660e-01,1.291689225539411345e-01,-4.055722279648563133e-02,5.037259909043445213e-03,1.362602789117667024e-01,1.020126898216239669e-01,-1.552707057958460472e-02,-8.344584965639813279e-03,9.136385511857056385e-02,5.295068280172532393e-02,-5.779063865965806956e-02,-1.989832628264245062e-01,-1.897913151737363746e-01,-4.765696133866557938e-02,-3.898857858493025991e-02,-2.177570735110156419e-01,-1.151260598058083257e-01,2.626104525035961174e-02,-4.482313175106835551e-02,-2.131773981442480759e-01,-5.017219532150883621e-02,4.293983507186088788e-02,-1.648725406863097154e-01,-1.927415979249164912e-01,-7.437194647185008112e-03,-5.799588614945022473e-03,-2.318970346445079767e-01,-2.011023787277737285e-01,-3.165273040689713935e-01,-3.688660675438374947e-01,-4.751138376342955438e-01,-5.248394241469384047e-01,-5.098247410621534748e-01,-2.841182449028024637e-01,-2.243137424551099601e-01,-4.711606823023199719e-02,-6.781958539818500054e-02,-4.386037325818674393e-02,1.225445358710052918e-01,1.343234238100793621e-01,1.072377887615709319e-01,1.968953931950391811e-01,2.534031988742549979e-01,1.799267078656617003e-01,1.630144211316452985e-01,1.213656089768325730e-01,1.551395586041411645e-01,2.261146099802275322e-01,1.463149828233036298e-01,1.157353856830187072e-01,1.416418157085034268e-01,1.650935968454238234e-01,6.947418898118432051e-02
-2.090776674518627642e-01,-2.836661094140880968e-01,-2.906279327584636585e-01,-1.969818737555593946e-01,-3.229442959044953043e-01,-3.307242439484053276e-01,-3.110792508875968032e-01,-3.035516312748976486e-01,-2.639988868243115516e-01,-3.711967850449661710e-01,-2.156697243410578557e-01,-2.599869128741443824e-01,-3.029556090380969846e-01,-2.872384529858661439e-01,2.067936042486499260e-01,2.494559130975259331e-01,1.607677419434070387e-01,-3.460420913886125271e-02,-1.422511421058118286e-01,-1.478559361953745155e-01,-2.416326488987577126e-01,-3.549799128931625525e-01,-4.355606788077270308e-01,-3.079013228498447274e-01,-1.956333808059238788e-01,-2.512475976485102347e-01,-2.667743954199037204e-01,-1.514763707578802021e-01,-2.320968183314661357e-02,3.329770615772464221e-02,1.681432856032374357e-01,2.392247324192388683e-02,1.962769314995564118e-01,3.033760427886125766e-01,3.570495870267322291e-01,4.176880961856337948e-01,6.672943291296731250e-01,7.079554033927139001e-01,8.234285456798505765e-01,9.325272021509670717e-01,1.000000000000000000e+00,9.391870465147226232e-01,8.690098018774977673e-01,7.834965367842309236e-01,6.329593003401596807e-01,6.259196563734256147e-01,7.280667325646282828e-01,6.949602151222487034e-01,3.716498965911336771e-01,5.041256575269622564e-01,7.393133386111351291e-01,3.710845191503787110e-01,2.088823754321763038e-01,4.183173235626542197e-01,4.457742269299619919e-01,1.777652757728657995e-01,1.869835778432843432e-01,2.307480940900295818e-01,1.576370076385998076e-01,-2.938251455269053417e-02,-6.979326023768681053e-02,-7.199520044147334277e-03,-6.813301825926046384e-02,1.353629833799310234e-01,2.040883237658370486e-01,1.841070680821033090e-01,2.542972197458315264e-01,3.899762345478182679e-01,3.961850321744822545e-01,2.857225474172689905e-01,3.885934549260769422e-01,4.245501467812632934e-01,2.976852338673238729e-01,9.603131714210742798e-02,1.315275381675515554e-01,4.055677530319436869e-02,1.676457724476077271e-01,-2.323176138770672028e-01,-1.973413214520194081e-01,-3.936391628030798118e-01,-3.062083146905903441e-01,-4.748466613353160559e-01,-4.152063359984967117e-01,-3.029833082085987006e-01,-1.651718557580206248e-01,3.137508406543424583e-02,-2.615138089633063309e-02,-2.331175444416145118e-02,1.675881494089646317e-01,2.328245705180523040e-01,1.332861065316271187e-01,1.032358268586845984e-01,2.223677530027519944e-01,2.328121878686398027e-01,1.113640364070096062e-01,1.534644679505106357e-01,2.268685368998045182e-01,2.101697015163117577e-01,1.193746093458987884e-01,2.968529007778533679e-02,-1.034337154492571791e-02,1.007518632001544873e-01,1.339286204914000855e-01,-4.620388539405113210e-02,-1.628279255884253901e-02,9.033438831399372149e-02,1.776290957625017639e-02,-1.747301749444700458e-01,-6.442156530172669926e-02,3.657398263265683631e-03,-2.440945446648480899e-01,-2.936884895300742038e-01,-1.319202731457060074e-01,-1.786504945223095220e-01,-4.177479094307915419e-01,-3.994670714971443881e-01,-4.870837765970931765e-01,-5.037703638620395497e-01,-5.783340825564170506e-01,-5.939109079232540722e-01,-6.052293947327705981e-01,-4.485458636326550841e-01,-3.791117962449515044e-01,-2.025697859546677637e-01,-2.569026195674790625e-01,-2.503310306036229393e-01,-4.234229559467399262e-02,-2.170458423832764480e-02,-5.770583799382562884e-02,5.983661573872559036e-02,1.579125327184414396e-01,1.286826932499297860e-01,8.713499273931647748e-02,7.249002826161290991e-02,1.364186473734606275e-01,2.044686129107193551e-01,1.269290610371361649e-01,1.196855265123434459e-01,1.735941645335675743e-01,1.788899682138102021e-01,1.226593930029256374e-01
-1.662733478183962832e-01,-2.252363428491934993e-01,-2.714332627504034701e-01,-1.800097768807198406e-01,-2.488084199264892216e-01,-2.816299332036913960e-01,-2.923609873136389092e-01,-2.161729286026339569e-01,-2.092084929921530223e-01,-3.371392161351000061e-01,-1.698625674467283131e-01,-1.681872199057921902e-01,-2.642387848524481719e-01,-2.648424360710270320e-01,2.804897717175950933e-01,3.286858043038304866e-01,2.033513827546079011e-01,1.261963021701447037e-02,-1.038402521747572582e-01,-1.667359996703977332e-01,-2.612818219858321633e-01,-3.658286410533423405e-01,-4.809975900977511709e-01,-3.431466733781344813e-01,-2.235255374000436335e-01,-3.287444413052419967e-01,-3.005061178489971119e-01,-1.713530368383124891e-01,-6.368533150732867687e-02,4.412192708778865137e-03,4.026468281503497310e-02,-9.729090617793159645e-02,1.028278297439257638e-01,1.442206053768819995e-01,1.827677454620206532e-01,3.085468740485330374e-01,5.568552514851760060e-01,5.092826928113932672e-01,6.337577970449378428e-01,8.867499830176734932e-01,9.391870465147226232e-01,1.000000000000000000e+00,9.189392820485239310e-01,8.771065128466806193e-01,7.022432149893208519e-01,6.968261627502796429e-01,7.571863154531909279e-01,7.669528797042773904e-01,4.453599679429879332e-01,5.115829214334125519e-01,6.686469306128317580e-01,2.689662912455252908e-01,1.009033492924300557e-01,2.723892931177033239e-01,2.207091717188053026e-01,7.076955803403127236e-03,5.171316222221710585e-02,8.731037426313582872e-02,8.167296341033507268e-02,-5.037724764326680094e-02,-5.849729256743125411e-02,1.938603342792941109e-02,-9.896196446868203711e-02,1.492479689163674593e-02,1.063929274676796571e-01,8.550215187321143218e-02,5.749713618524227021e-02,1.566331827234117846e-01,2.102244831431942795e-01,9.212411523338627506e-02,1.490608594386936825e-01,2.262801757514815437e-01,1.174479802335947620e-01,-1.131050690029254541e-01,-5.463537856528226377e-02,-1.396108810505662379e-01,-3.532793729193025450e-02,-3.958775661525851808e-01,-3.556119692467956672e-01,-5.038313219968657553e-01,-4.289592531595323721e-01,-5.403276995851544751e-01,-4.303436509542132860e-01,-3.433370386052846945e-01,-2.550188637211627807e-01,-3.384160324668686326e-02,-3.828241121620663823e-02,-6.637530006935490889e-02,1.004988959627184791e-01,2.139459131350449073e-01,1.353414551512841235e-01,1.146795791082424465e-01,2.064108810538943795e-01,2.349367298343436328e-01,1.040043813232767456e-01,1.592452017640615947e-01,2.320328990680484982e-01,2.312006131842843648e-01,1.325479946643857154e-01,4.564060641918486760e-02,1.829419312174382709e-02,1.382928298057869432e-01,1.736314478364287817e-01,-4.794814365531413838e-03,3.966807237921477630e-02,1.536693838978213933e-01,6.398348160099705251e-02,-9.977593474300684717e-02,2.681282274950557570e-02,9.019792891803259105e-02,-1.610972673648838616e-01,-1.836584819321770978e-01,-1.656160870123837142e-02,-7.824464027691807599e-02,-3.299532488805281272e-01,-3.044885875890653848e-01,-4.181415916303412583e-01,-4.300620790272433602e-01,-5.419811572213615314e-01,-5.555322697104060348e-01,-6.087191209498814537e-01,-4.701041140540357932e-01,-4.305907034293591784e-01,-2.669891982374690276e-01,-2.478308487759974810e-01,-2.074188986850805383e-01,-4.065934062350903128e-02,5.837771185837275535e-03,2.161697418634333026e-02,1.336836570451708783e-01,2.058234935975648550e-01,1.864866420606008657e-01,1.516560360706227240e-01,1.569575990779553676e-01,1.890036986936340646e-01,2.117486691301291302e-01,1.608428817058539240e-01,1.790137676416617973e-01,1.963627869275703097e-01,1.516254680141502498e-01,1.544523788386754082e-01
-2.596086760045825947e-01,-2.963211305857914590e-01,-4.162761793228980656e-01,-4.000529270934713999e-01,-3.908734214287650222e-01,-3.559607778130974287e-01,-4.355781553629136105e-01,-3.665502879780835888e-01,-2.535589423692446998e-01,-3.487443795292037851e-01,-1.735193508480488700e-01,-1.714944721916941139e-01,-2.185136821774210925e-01,-1.014747738734014110e-01,4.859340000131299186e-01,5.742733758165489144e-01,4.718305890628982646e-01,2.768885106514961114e-01,1.660997181022427494e-01,1.213723242751785780e-01,-6.221670034422374998e-03,-1.399324314082811271e-01,-2.979111136399950066e-01,-2.339523405060767447e-01,-1.263767234079917201e-01,-1.382229925858374786e-01,-1.134238454013992425e-01,-7.261657540487773121e-02,3.140947542018648203e-02,3.651198715371630626e-02,1.886371006199829836e-01,1.221718212113142299e-01,3.527202401699834344e-01,3.422661008526370896e-01,3.468587301571647297e-01,5.500633138746047202e-01,7.406759425536749708e-01,5.931869686944328812e-01,6.462067129824636824e-01,9.400199404647395784e-01,8.690098018774973232e-01,9.189392820485244862e-01,1.000000000000000000e+00,9.688292042368495949e-01,8.988069445659246925e-01,8.549605138668177062e-01,8.225025598710921093e-01,6.723899360370563238e-01,2.389307635567728960e-01,2.653248883570643590e-01,4.729101046989289125e-01,7.326925983093404704e-02,-1.354003034709107545e-01,5.888370056058015584e-02,6.841403062690690207e-02,-1.373103893865677272e-01,-9.593931495384261376e-02,-5.884217073730416077e-05,6.347422662819465246e-03,-6.247046391612057908e-02,-9.745770009793651087e-03,9.194049951844932012e-02,2.801316008132114996e-02,4.965993906816836001e-02,1.372027564694049961e-01,1.890098254764051300e-01,1.545892931384444391e-01,1.843839593555936796e-01,2.725542423388840341e-01,1.887805613493524493e-01,2.343847022819597892e-01,3.295074848980446003e-01,1.880389567272526541e-01,-1.543678933645735440e-02,5.121157710931184548e-02,-5.326144297505894243e-02,4.721599154224103562e-02,-2.953225343281751791e-01,-2.267428101317261191e-01,-3.747565331199009808e-01,-3.471182657687649775e-01,-5.535863432838518117e-01,-5.484969246270863241e-01,-5.010569629387569002e-01,-3.475217897096339881e-01,-1.336659083201942599e-01,-2.337240666016418555e-01,-2.445079087585045330e-01,5.574510037631155018e-02,1.227732775363346018e-01,-2.449844648443590817e-02,4.446319051544872503e-02,1.771990930770567518e-01,1.397261866921094831e-01,-1.633257145017366651e-04,1.693425789723519703e-02,1.116299368479336945e-01,7.688056733591579206e-02,-5.125294979517353716e-02,-1.981437555298197761e-01,-1.923373196116004158e-01,-4.157697488026774330e-02,-2.755389643364226579e-02,-2.198155944996057487e-01,-1.091972194895177717e-01,3.841097255707946051e-02,-5.452557586453910671e-02,-2.114563591601751058e-01,-3.839022579791890460e-02,5.461588373364136689e-02,-1.593358166042197488e-01,-1.685141124759900189e-01,2.260815151878795698e-02,2.442666670536900245e-02,-2.008236478616788057e-01,-1.544506745545405624e-01,-2.808581152678551462e-01,-3.420834498277422475e-01,-4.632556753743121147e-01,-5.218230104951219195e-01,-5.272830427952855947e-01,-3.075478142300804851e-01,-2.413885878683411368e-01,-6.079089637815669744e-02,-3.261726205555275093e-02,-1.156673771146917058e-02,1.197550295206511461e-01,1.715160872414030202e-01,1.686130401407881230e-01,2.242567462151743851e-01,2.697247295554728863e-01,2.234353757026240617e-01,2.311464096904766730e-01,2.077798068361041139e-01,2.046617970662943931e-01,2.288053609852971626e-01,1.835846724725143098e-01,1.768228777598170598e-01,1.655765012913576750e-01,1.177952754584416506e-01,9.778658494918079924e-02
-2.710133282977923441e-01,-3.010701527285971069e-01,-4.271797046611375270e-01,-4.190311760402309904e-01,-3.888414981172199081e-01,-3.523444409658684218e-01,-4.316541643578012399e-01,-3.366373547562636626e-01,-2.305211378231572517e-01,-3.211175467253675753e-01,-1.350158041069110804e-01,-8.866842473485896103e-02,-1.550966794333276388e-01,-1.504821841505331846e-02,6.028145469789021327e-01,6.955093575862556499e-01,5.740017916716119162e-01,4.006525089557181896e-01,2.908437754086166116e-01,1.962806592531573247e-01,5.983941959616850825e-02,-6.074903665768362215e-02,-2.695787647570780932e-01,-2.590514597959729937e-01,-1.609479121959988546e-01,-1.718984241464519280e-01,-9.142875526813554199e-02,-8.359424118064121001e-02,-1.898787063310368450e-02,8.031332529795431885e-03,7.304199485369609890e-02,5.776114346965271346e-02,3.041074327509911135e-01,2.197396847200035197e-01,1.980498886159416938e-01,4.827236885418546564e-01,6.386583531184187867e-01,4.331408959754199373e-01,5.111081179843359745e-01,8.850151881548119492e-01,7.834965367842311457e-01,8.771065128466809524e-01,9.688292042368495949e-01,1.000000000000000000e+00,9.471198360269946770e-01,9.299615246708479166e-01,8.600785167423160571e-01,7.088743887942834387e-01,2.621505315581694751e-01,2.389382806832156814e-01,4.187535434652234212e-01,2.000619798378222222e-02,-1.859947157087299130e-01,-1.507480898852380305e-02,-3.213744512501014866e-02,-2.084834957647657416e-01,-1.467143736430872036e-01,-4.496078697232472332e-02,-2.034547582848729094e-02,-3.857591534015915313e-02,3.808629138603379649e-02,1.483045510349691454e-01,8.518494160505687973e-02,5.135550366504425951e-02,1.282916392080215851e-01,1.886813511548320887e-01,1.025287114462744981e-01,7.550448114406486944e-02,1.781518170426171499e-01,9.786842651767628520e-02,8.118185345338162218e-02,1.714363481646565546e-01,3.363883335216712178e-02,-1.846186207396292300e-01,-1.304888177249310943e-01,-2.307654057681217952e-01,-1.074527989020972185e-01,-4.025645601626746117e-01,-3.039360131863741987e-01,-4.512980561456390038e-01,-4.538070665455317676e-01,-6.558809382480792483e-01,-6.235427233403789682e-01,-6.041554533671757987e-01,-4.944981506183181441e-01,-2.442210697154618138e-01,-3.105078332057458756e-01,-3.483994520831518171e-01,-6.026512516175488304e-02,4.774792159109755157e-02,-8.017753715291787986e-02,-9.504344043074101217e-03,1.020940578206554344e-01,1.070475681024070785e-01,-1.301516467230375527e-02,1.777011462045463303e-03,1.038496194160992980e-01,7.097169590406895989e-02,-5.404497231611556096e-02,-2.096822496949007908e-01,-1.828603141873730298e-01,-2.378351614392767294e-02,-2.940288701270414931e-02,-2.260642833086941861e-01,-8.825696912900514446e-02,6.576199467992106806e-02,-5.800647892990597881e-02,-1.894430764036001136e-01,1.624155440466385977e-02,1.201867978963243599e-01,-1.053735829730921003e-01,-8.974637320418060726e-02,1.332855053696770098e-01,1.421357576755506169e-01,-1.066669235784806352e-01,-5.227006444326870449e-02,-2.104718086798980925e-01,-2.877022462628662791e-01,-4.474909305394441650e-01,-5.173361906842447455e-01,-5.401445640913297153e-01,-2.917906168838892977e-01,-2.318103101006311617e-01,-3.962633067565768386e-02,4.386227172630956239e-02,8.545356696749085990e-02,1.884014384823572974e-01,2.534912437372644489e-01,2.774755983286327221e-01,3.333443155549297154e-01,3.495061387190696589e-01,2.813511098329030125e-01,2.925229850963058653e-01,2.595582175690512861e-01,2.301164459511879368e-01,2.453598419378849593e-01,2.121909143414016652e-01,1.960523420033019049e-01,1.617647775825458989e-01,1.060814043805117790e-01,8.407650144238493217e-02
-3.410933177363791868e-01,-3.577941269154461534e-01,-5.012341166950274873e-01,-5.349866737707749120e-01,-4.828901079063245838e-01,-3.968851593249645426e-01,-4.876170884843307740e-01,-4.300640943800412286e-01,-2.558962312350846480e-01,-3.032155522560470717e-01,-1.279718905354125524e-01,-9.863319917980836737e-02,-1.145314352854853862e-01,1.342335094646696370e-01,7.274733977422124243e-01,8.499873332859881891e-01,7.798104226863845634e-01,6.287061588655523670e-01,5.298100036952920755e-01,4.631926239932416256e-01,3.218360021253074410e-01,1.860843698207876595e-01,-4.989493623507666731e-02,-1.370586007499608461e-01,-7.499061606347806608e-02,2.087549574097606261e-02,1.090066828031637097e-01,1.306075120439569894e-02,4.889413514916857162e-02,3.232326185752805447e-02,1.774916271715193394e-01,2.481764349771561073e-01,4.934470347063867335e-01,3.563472567661953305e-01,2.990012318471327313e-01,6.409731883649650852e-01,7.128116116841929362e-01,4.404971232526738723e-01,4.699698369069068016e-01,8.290380652633145830e-01,6.329593003401596807e-01,7.022432149893210740e-01,8.988069445659246925e-01,9.471198360269946770e-01,1.000000000000000222e+00,9.689011732533783228e-01,8.316386324575608668e-01,5.545744376002128551e-01,6.800314500424819997e-02,1.294293766354176131e-02,2.233436545194628087e-01,-1.060199840448206865e-01,-3.258835818177558963e-01,-1.675756554477203231e-01,-1.213351406552497097e-01,-2.714114639275283514e-01,-2.289325041755383705e-01,-9.750587963476718689e-02,-6.876923616776427217e-02,-4.282926681230060650e-02,7.358689346175806278e-02,1.855102854560556902e-01,1.796100827777268039e-01,7.941873068283714088e-02,1.364284826367544445e-01,2.455720846926649215e-01,1.711442584580221693e-01,8.147694684025522105e-02,1.950529924767409051e-01,1.568114656441456922e-01,1.259062061678318245e-01,2.126982049350695236e-01,6.395419816573751082e-02,-1.020366335765066218e-01,-5.808082157639807980e-02,-1.634963508370330942e-01,-3.800406012566032166e-02,-2.757219989447518560e-01,-1.491692278641713609e-01,-2.838987193864775382e-01,-3.340593622430279019e-01,-5.962363263310869188e-01,-6.584923805266115204e-01,-6.854201574431397770e-01,-5.378883911627873049e-01,-3.170295360726930189e-01,-4.594559339804037412e-01,-4.838027978040307375e-01,-1.132603676315295654e-01,-5.733567313372889968e-02,-2.308806447997492628e-01,-9.114780849800474538e-02,3.968190019079217284e-02,-2.374192787132932848e-03,-1.111171026183219723e-01,-1.324288839060855927e-01,-1.587134461985175576e-02,-7.571056772315967742e-02,-2.088755643402197826e-01,-4.016017052717905655e-01,-3.391130160125805926e-01,-1.690716585822416296e-01,-2.023139333166325271e-01,-3.865108378509932163e-01,-2.001686219654948418e-01,-3.134247475022686885e-02,-1.491032139195866413e-01,-2.508425836078162496e-01,-2.451550699507674264e-02,9.176239326102710037e-02,-6.918514931785806066e-02,-3.693278513042911465e-02,1.806185187629736899e-01,2.443891671255547238e-01,5.069652840248342618e-02,1.177183146045397699e-01,-3.387466911519682738e-02,-1.452912268201768109e-01,-3.019930372513340289e-01,-4.077210262873073865e-01,-3.904565795225826697e-01,-9.729165788493339406e-02,-2.393416304318409654e-02,1.545145194854048443e-01,2.388171498597699005e-01,2.659309178935356233e-01,3.162402013991575944e-01,3.702906473586050629e-01,3.816971330423964415e-01,3.891895841253039112e-01,3.689902055315952834e-01,2.768962300712528024e-01,3.147095429441250647e-01,2.562062343154560273e-01,1.995378808989442532e-01,2.173633346773872210e-01,1.931675292552065826e-01,1.505549553030359200e-01,9.458282821753621894e-02,6.300767737413272285e-02,1.332073429609155306e-02
-3.676775857933538005e-01,-3.950713803379433120e-01,-5.054673220977717873e-01,-5.053437519943136946e-01,-4.664953353191359509e-01,-3.887642020503343510e-01,-4.366061106475373488e-01,-3.441442807049140407e-01,-2.273579483644603272e-01,-2.466852616121548436e-01,-1.781879175707966334e-02,4.009954654528645468e-02,-1.537412670451567855e-02,2.251211939165019549e-01,8.202842863901347314e-01,8.867105302045904525e-01,7.658961651294952100e-01,6.239770338929556681e-01,5.596771310313872760e-01,4.658718072353072448e-01,2.848698711811431528e-01,1.820863166694616786e-01,-4.528587813488106628e-02,-1.686202735064631919e-01,-1.304534092348783592e-01,-5.105389046928542063e-02,3.201154862786057681e-02,-6.538105016942584446e-02,-3.426875500093178734e-02,-1.684815885157457324e-02,7.270254370989435999e-02,1.532823764234983455e-01,3.838873151797577155e-01,2.583315177422015885e-01,2.327168104812562255e-01,5.869990186685635214e-01,6.338126186970005627e-01,3.773960622650874841e-01,4.622938475115005996e-01,8.173986183935599836e-01,6.259196563734253926e-01,6.968261627502798650e-01,8.549605138668177062e-01,9.299615246708479166e-01,9.689011732533785448e-01,1.000000000000000222e+00,9.168609247760739489e-01,6.725565378589363208e-01,2.070318652599866804e-01,9.948887104080721133e-02,3.020800803219567676e-01,1.785716209679613046e-04,-2.649197267772272490e-01,-1.362462101041040652e-01,-8.968827193864427338e-02,-2.558099678886794903e-01,-2.308213206242524518e-01,-1.177363670618773867e-01,-8.726195244698944919e-02,-8.503438551242091525e-02,2.758650271125576495e-02,1.392226099414710372e-01,1.313495697301504672e-01,3.441338940132310925e-02,9.632085774478847673e-02,2.036350032446798963e-01,1.223314084705681981e-01,4.793287162444109795e-02,1.595701773688240899e-01,1.219126992756972977e-01,6.140467475783616819e-02,1.426598944659694668e-01,-1.377721355720643850e-03,-1.876616294755286962e-01,-1.672493605604409017e-01,-2.554796089137243431e-01,-1.191233995335520823e-01,-3.398698208342044169e-01,-2.149847195214038553e-01,-3.464873255278851372e-01,-3.829089198436080865e-01,-6.311136025264966198e-01,-6.526867032976289007e-01,-7.026333053924143091e-01,-5.866183208319847298e-01,-3.327719946047378863e-01,-4.546737325806238794e-01,-5.128119543108627942e-01,-1.655914324972393437e-01,-7.517290127941272937e-02,-2.412355169147661349e-01,-1.370418348293091226e-01,-5.940498894329977048e-03,1.809990967842603190e-03,-1.010633332809025842e-01,-1.108718184335626133e-01,1.749322769488186394e-02,-3.427031336408988688e-02,-1.612894964039330026e-01,-3.506284746890564463e-01,-2.768803040052467135e-01,-9.938946103418704048e-02,-1.418046569829400638e-01,-3.273001444656003511e-01,-1.323130825402417388e-01,3.674892063838202522e-02,-9.770182572111293928e-02,-1.823855143581362137e-01,5.398251615272300213e-02,1.697878870049430999e-01,-1.484105981061174242e-03,3.759120382322655995e-02,2.631667239789634016e-01,3.117137047274924355e-01,9.985773390670660277e-02,1.518100165787650280e-01,-1.817220457345852802e-02,-1.195248199203468586e-01,-2.966545546022392732e-01,-3.896363434396091230e-01,-3.909028162257101591e-01,-1.013787099949659681e-01,-5.734070614624253021e-02,1.133441185164632131e-01,2.204656192125885317e-01,2.797902679111285984e-01,3.261450160855424163e-01,3.629421526814201604e-01,3.960980121960140932e-01,4.360422486344936455e-01,3.943246800790658479e-01,2.787734277602760824e-01,2.893309660085911506e-01,2.237786455550532794e-01,1.770584940195717161e-01,1.953039362675017265e-01,1.566392124383107765e-01,1.156874815028486186e-01,6.861940050754199161e-02,4.363333855233116065e-02,-1.365703805404024258e-02
-3.575982417664277380e-01,-4.068205679858257207e-01,-4.356276530404357694e-01,-3.494310023217675476e-01,-3.804559190428648541e-01,-3.416441468421200223e-01,-2.870551016882876283e-01,-1.606014096119545154e-01,-1.653625283978473748e-01,-1.164614127851150566e-01,1.839637000518419552e-01,1.964667388813562676e-01,8.107689397527519104e-02,2.697799361492925208e-01,7.789616397784999702e-01,7.204208922234408563e-01,5.334859816827820511e-01,3.716725374377163327e-01,3.719567012213639834e-01,3.185639832090301771e-01,8.107887176541439533e-02,1.935262517406199922e-02,-9.159231536941039864e-02,-1.985557007488868431e-01,-1.841915918020628762e-01,-1.493071153070092694e-01,-1.578230513510378297e-01,-1.892232348478692927e-01,-1.162038729719016839e-01,-6.210590909225190831e-02,7.011444452380341877e-03,2.653874394414061297e-02,2.144628175502865386e-01,2.038335344225551127e-01,2.722619135730108275e-01,5.427911698077904079e-01,5.935991522521065766e-01,4.450464102406362366e-01,6.189783452360018146e-01,8.596690300250666716e-01,7.280667325646283938e-01,7.571863154531908169e-01,8.225025598710921093e-01,8.600785167423159461e-01,8.316386324575608668e-01,9.168609247760739489e-01,1.000000000000000222e+00,8.464441337304714486e-01,4.729624969367660081e-01,3.468757274623567866e-01,5.633949440349554916e-01,3.260844763624544118e-01,-1.548172900082359082e-02,8.868058000510183059e-02,1.206816284901280206e-01,-9.965611822650286000e-02,-1.150147107993445689e-01,-7.618372464949935141e-02,-8.371694166815291105e-02,-1.605396816161588636e-01,-9.977859041880264568e-02,-1.843880387465211476e-02,-4.255366221528071591e-02,-5.408964408932993156e-02,1.191432672200831190e-02,8.350896962734621898e-02,4.562459970051597341e-02,8.138677281974028566e-02,1.567034851157548814e-01,9.370097398125859511e-02,7.466497406505288870e-02,1.671329226622527142e-01,2.528478343864634659e-02,-1.936822603818660338e-01,-1.748304467492966807e-01,-2.580566710564016208e-01,-1.525844251635909421e-01,-4.054443604932148060e-01,-3.282543792685022610e-01,-4.353805547961295264e-01,-4.069049033425402584e-01,-5.878548003688169876e-01,-5.317721724913292425e-01,-5.680479324436191746e-01,-4.830947650298915153e-01,-2.181331700611179036e-01,-3.044770094653044268e-01,-3.905612641923545403e-01,-1.050068182112141729e-01,-4.921209881696873671e-03,-1.532343165154437525e-01,-1.252350749437878275e-01,-4.395662341803364091e-03,4.925737161972509881e-02,-5.135212701000615304e-02,-3.680727093756488988e-02,8.817804531395111167e-02,6.135382114943797871e-02,-4.355748049348343032e-02,-1.942145820237684006e-01,-1.337514077289502779e-01,2.836174720131459659e-02,-5.548208365448997889e-04,-1.678506327597604486e-01,-1.250671989535058135e-02,1.324644298760322136e-01,1.268612150469799332e-02,-7.130435711122055931e-02,1.312615263330306759e-01,2.169720443274925636e-01,2.978334902813524129e-02,5.795914344439011961e-02,2.531860050811576834e-01,2.409735564507173300e-01,1.883809188252660860e-02,4.353278154225167368e-02,-1.174908188784559021e-01,-1.668141340379256377e-01,-3.398817605076731585e-01,-3.860161611636396817e-01,-4.259160936085293336e-01,-2.121435404779454803e-01,-2.149458888408345980e-01,-7.595713260737965711e-02,1.817780522258809553e-02,1.087439953903341777e-01,1.821473337081467025e-01,1.861369099759113410e-01,2.372742959084518655e-01,3.406593029498133918e-01,3.006650733909185247e-01,1.879961840653487926e-01,1.419815089318498258e-01,9.179760019058004483e-02,9.466971332822304852e-02,1.112824766000016785e-01,4.327759309891443529e-02,2.563578260831272590e-02,1.775584060421762228e-02,6.422722773457856422e-03,-4.320212820191346448e-02
-1.424621331156246395e-01,-2.174641404866853034e-01,-2.156722206152637544e-01,-7.492111523756265004e-03,-5.116767708581203278e-02,-1.793310321187821521e-01,-7.359172801864218016e-02,1.711246509551507533e-01,-2.287158468400886727e-02,-1.238207090647850950e-01,1.800294225914604029e-01,2.400313215395306898e-01,-2.756784087439878225e-02,-9.502287850562039090e-03,4.711085301998352848e-01,3.716293596807336286e-01,1.343238557341069339e-01,-4.483007906347117807e-03,-1.815005859271969293e-02,-1.219860226603316500e-01,-2.856351564470321347e-01,-3.015995746671822353e-01,-3.388251285211141828e-01,-3.188513482600199844e-01,-2.940498884487505182e-01,-3.949018768963425963e-01,-4.011320984103292631e-01,-3.055676297450120038e-01,-2.285166742970791698e-01,-1.053336808264509206e-01,-1.879350082559829715e-01,-2.774963314068258358e-01,-1.518709371774643879e-01,-1.162031888300113364e-01,-1.106518371095186956e-02,1.382725660061864814e-01,2.574492273234413875e-01,2.101284383217347229e-01,4.513352413273027386e-01,6.842337440336463406e-01,6.949602151222484814e-01,7.669528797042775015e-01,6.723899360370563238e-01,7.088743887942834387e-01,5.545744376002129661e-01,6.725565378589362098e-01,8.464441337304714486e-01,1.000000000000000222e+00,8.325993693238823434e-01,7.347930261104329563e-01,7.783710561291803387e-01,5.009239401307693518e-01,2.464165368451601001e-01,2.983625740043233110e-01,1.594462793070652862e-01,-5.026771573819192873e-02,-3.352355783664707350e-02,-8.074058996225905172e-02,-8.260488162143318769e-02,-1.889684088719414123e-01,-1.975978360188423988e-01,-1.498914769011842896e-01,-2.500919510126792811e-01,-1.968404329446133971e-01,-1.106489360694246638e-01,-1.215122237024157809e-01,-1.927367090695019936e-01,-6.271592001141292061e-02,-2.140545977575685106e-03,-1.165023927468097770e-01,-1.471039626839212022e-01,-4.276739894618147853e-02,-1.242837288366965554e-01,-4.011339284465513244e-01,-3.650092321391645855e-01,-4.280690694511224414e-01,-3.788018063641105382e-01,-5.996799950519963174e-01,-5.835520877070580203e-01,-6.447108122941127561e-01,-5.552016215032575808e-01,-5.754143101530361237e-01,-3.558638664039289190e-01,-3.588736404795402346e-01,-3.920651705977097889e-01,-1.019746712056326526e-01,-4.322732047650284376e-02,-1.797845760543735072e-01,-8.069915080967611509e-02,1.246034912561716362e-01,6.463081189415059713e-02,-3.507903294012201106e-02,6.271724081442549281e-02,2.122056944798947353e-01,9.430857346229035154e-02,1.586958246958527496e-01,2.667326460474772065e-01,2.821348710782440317e-01,2.057382394019956484e-01,1.392956590446894349e-01,1.598922458378321532e-01,2.959551700060388812e-01,3.020247439919331867e-01,1.480504305711956847e-01,2.196755542055872090e-01,3.211366247014058040e-01,1.988760330057632031e-01,1.106404961809001192e-01,2.492249486223703514e-01,2.987850548937498463e-01,6.388128398436203337e-02,7.944529504540301379e-02,2.414702156078910034e-01,1.430524260678545379e-01,-1.103915363174658992e-01,-1.093603079395170236e-01,-2.600588227552504961e-01,-2.421500702932819771e-01,-4.148695776620427988e-01,-3.974253605406263823e-01,-5.153353718635338421e-01,-4.280343657894403187e-01,-4.863157894351347044e-01,-3.850631799710039216e-01,-2.704119839270174297e-01,-1.376122212791971722e-01,-3.821135977355229890e-02,-4.120660685462534945e-02,5.990480437787684687e-02,2.400324968657722435e-01,2.197962031260413118e-01,1.476781189379295089e-01,3.086006350596347259e-02,2.808104452013624602e-02,8.008479414306449162e-02,6.955329209557047088e-02,-1.376386217150084475e-02,2.726235101673021508e-02,5.306213050927817421e-02,-2.971573376048233708e-03,-1.594850279408877849e-03
1.399465087906534011e-01,8.505440365292113794e-03,1.144678300866234094e-01,4.216006078460817208e-01,3.871879060882673640e-01,1.608474518666921926e-01,3.327791379589120635e-01,6.113904196842832039e-01,2.165682763056875071e-01,1.273251196785003814e-01,3.524604408341144302e-01,3.698511172107851186e-01,3.431795506518602046e-02,-7.653539835561738724e-02,1.204016069663291083e-01,-6.260245174319192807e-02,-2.773586935007382737e-01,-3.504913421643307547e-01,-3.188697610290582296e-01,-3.877502604332022096e-01,-4.899051649562214950e-01,-4.374556364136968911e-01,-3.420482423198791255e-01,-2.818413680528286114e-01,-3.127819586562703424e-01,-4.689235498578522288e-01,-5.151725297687972382e-01,-3.660373522671773738e-01,-3.011367943069019337e-01,-1.516360676065967028e-01,-3.416414418374668083e-01,-4.684643522270233174e-01,-4.592105041983353675e-01,-3.603099238497751711e-01,-2.208160013235622166e-01,-2.116354034575221310e-01,-1.425136778689265193e-01,-8.033039084544979502e-02,1.886840111666559794e-01,2.708685448202813317e-01,3.716498965911336216e-01,4.453599679429878222e-01,2.389307635567728960e-01,2.621505315581694195e-01,6.800314500424821385e-02,2.070318652599867082e-01,4.729624969367658971e-01,8.325993693238821214e-01,9.999999999999998890e-01,8.755053547958080440e-01,7.486717742086862470e-01,6.786447964148973888e-01,5.029061680779348675e-01,4.138264221967369316e-01,1.832160602371503411e-01,6.679897540009591128e-02,3.857695946814507226e-02,-1.371546905832068952e-01,-1.393364608821950623e-01,-2.680697416401892075e-01,-3.435048675223540959e-01,-3.684219789184792759e-01,-4.811615223137784003e-01,-3.969201671136315390e-01,-3.255968089855681979e-01,-3.908301704937844345e-01,-4.459840941071989695e-01,-2.267323673831285469e-01,-2.089168668198976841e-01,-3.207624269299211850e-01,-3.436025814959730029e-01,-2.389259591652120596e-01,-2.418422829884955827e-01,-4.777815059570631462e-01,-4.422907912250647611e-01,-4.599581667951677111e-01,-5.064539145814200838e-01,-5.928896983420287592e-01,-6.563606225729948784e-01,-6.112698374246986477e-01,-4.818843253466864041e-01,-3.205288118863825475e-01,-1.328493906596937314e-02,-3.072563495974396305e-02,-1.711550953789048035e-01,4.650256751879757594e-02,1.961232390588238395e-01,2.752685797736492690e-02,-6.201802709641885542e-02,1.515917932545825797e-01,1.687514028820137346e-01,-2.247794499237892873e-02,1.982153186464114328e-02,2.247098442061196411e-01,1.455634174678980819e-01,2.290922567084287820e-01,3.029797318937947903e-01,3.584635573121575103e-01,3.419925807966029963e-01,3.697079714426012020e-01,3.779226365953340938e-01,4.507071325420775598e-01,4.682584401667407858e-01,4.058959344716333018e-01,3.958258325714513748e-01,4.186081565294460516e-01,3.456267169597649902e-01,3.220247833215922340e-01,3.532115320812863613e-01,3.335756159998778947e-01,1.719315848235127009e-01,1.881698343587801248e-01,2.379039580082785710e-01,7.517740742718517777e-02,-9.111961950900179796e-02,-1.290959775757933303e-01,-2.233590237551840996e-01,-1.299680707753147202e-01,-2.566174091596709061e-01,-1.660439734231272946e-01,-3.326209328598718762e-01,-4.269303532052829975e-01,-5.638452358421739419e-01,-5.849169221600494240e-01,-4.697520499477138567e-01,-3.050389117621956081e-01,-2.549537666575527051e-01,-3.038018368881051368e-01,-1.588015905626788959e-01,5.557587005984680750e-02,1.051417986811825460e-02,-2.242888108354827367e-02,-2.075788144753528408e-01,-1.724088634968237999e-01,-6.836126868146628899e-02,-1.171575263961635721e-01,-2.110912065038249019e-01,-1.210987194197929856e-01,-5.454041817563989175e-02,-1.182969509569158639e-01,-7.272346865152691520e-02
2.587150897835822638e-01,9.411516403516487217e-02,2.218563759491951060e-01,5.254490436431357159e-01,3.339282063089754615e-01,4.535476877971487270e-02,2.294600098460424786e-01,3.638629938630269511e-01,1.154118478277709522e-03,-1.801927246388933812e-01,-1.982631864825746756e-02,-4.271118679651851602e-02,-2.567628931975989848e-01,-3.716541195975378575e-01,-1.621840516126414888e-01,-2.423272207032215464e-01,-3.876629814967116894e-01,-4.709099754629910151e-01,-4.979207485367481700e-01,-5.439643989406675040e-01,-5.627384724413038164e-01,-5.388290056153043350e-01,-4.488497042297105444e-01,-3.089653999039667087e-01,-2.857661541803170890e-01,-4.511755594184618801e-01,-4.951563711103818544e-01,-3.040695503117069043e-01,-2.202372494897861521e-01,-8.043049854892747597e-02,-2.212761683745674557e-01,-4.007636707982157320e-01,-3.926919582477934600e-01,-2.680376172950678093e-01,-1.528988983842350102e-01,-2.245897438549816494e-01,-7.028783847862637990e-02,5.211997751378991822e-02,3.011423255251409747e-01,3.240734379185401526e-01,5.041256575269622564e-01,5.115829214334125519e-01,2.653248883570643590e-01,2.389382806832156814e-01,1.294293766354177345e-02,9.948887104080721133e-02,3.468757274623566755e-01,7.347930261104328453e-01,8.755053547958081550e-01,1.000000000000000222e+00,8.883606417430948143e-01,6.881796615321749133e-01,6.882342378015177120e-01,6.866000188527006109e-01,3.977981084896001218e-01,2.518594460836649507e-01,2.902974560945307259e-01,9.547132498992390304e-02,3.577077335621395987e-02,-1.030452729873774231e-01,-2.437689917156657393e-01,-2.902415034882799283e-01,-4.294228927044520527e-01,-2.241794322172219744e-01,-1.711401464113633530e-01,-3.122758341059234666e-01,-3.301139780396633028e-01,-7.938489009802811303e-02,-9.987716333308931105e-02,-2.644604580810034355e-01,-2.195109189659244786e-01,-1.326684529461399920e-01,-1.391572361366165411e-01,-3.752569376179353822e-01,-2.981274001347151703e-01,-3.401447933229772569e-01,-4.040878153763006742e-01,-5.703682039862792985e-01,-6.679612577505513737e-01,-6.700032466159023814e-01,-5.140742453219541153e-01,-3.370204046878801929e-01,-8.390789956650499329e-03,6.511990931249965475e-02,-5.159630061999295053e-02,1.283716507469307988e-01,3.137652112790714209e-01,2.051308360771570971e-01,6.982677571954701290e-02,2.539555571554632518e-01,3.054434583088903588e-01,9.139341484461303844e-02,1.253244777123585785e-01,3.047374999193265266e-01,2.337246160595569111e-01,3.169750330954789752e-01,3.622205465722278528e-01,4.182176723038825150e-01,4.160399595767869663e-01,4.748967962598935055e-01,4.357480892713614939e-01,4.806383484923520966e-01,5.175528907243527321e-01,4.467712818589433810e-01,3.774242509359670428e-01,3.787239247987662094e-01,3.163249981966490543e-01,2.370247276087208976e-01,2.338034495439073046e-01,2.043332833564001361e-01,-1.238536195571169132e-02,-2.483602774294086865e-02,2.578572493114993439e-02,-1.637630766847748831e-01,-3.580224034149434020e-01,-3.873843538008262533e-01,-4.520221788161086218e-01,-3.447621442125250457e-01,-4.328491294858622940e-01,-3.333721200016228625e-01,-4.983001545922370323e-01,-6.224774076358743358e-01,-7.144280311279340712e-01,-6.936877677550663535e-01,-6.357094586635255729e-01,-5.197403432031388881e-01,-3.956144835772092971e-01,-4.110249980393188007e-01,-3.149030848077131184e-01,-9.268758759227165023e-02,-5.402059204007150783e-02,-3.750451205810342858e-02,-2.057257027960001372e-01,-1.409142747825699038e-01,-2.526468483167365955e-02,-3.777337875678177248e-02,-1.156088103096346992e-01,-3.205212205386344382e-02,3.797678506305490059e-02,1.547088578084460098e-02,3.179011854473010046e-02
2.320797118858052357e-02,-9.220524363555437919e-02,9.593983392784544151e-02,3.382428062261245150e-01,5.905919229726028230e-02,-1.013960593126513599e-01,1.327116379344681352e-01,1.396616274326608897e-01,-9.513638823827547109e-02,-1.735120171140195899e-01,-1.503608818857040579e-03,-8.312758369196868169e-02,-2.268506687317586035e-01,-2.719688529104434815e-01,1.453764471471420162e-02,-6.194019958971475059e-02,-2.002293074400783579e-01,-3.255986873304794749e-01,-3.629770347939196284e-01,-3.739906598042600505e-01,-4.564476576017089116e-01,-4.787475032124161034e-01,-4.376682470553359683e-01,-3.337438093180674636e-01,-2.858551518024735061e-01,-3.943956687239528747e-01,-4.467394615659463497e-01,-2.842062080142944702e-01,-1.779524810167767424e-01,-6.038931333154771292e-02,-9.274226181176946360e-02,-2.535936847369936742e-01,-1.931116060914535304e-01,-5.056438399224855162e-02,7.544571681058810653e-02,4.968220724249868686e-02,2.204010275019206988e-01,3.518078167438370429e-01,6.250696073817115783e-01,5.991598816363952196e-01,7.393133386111352401e-01,6.686469306128319801e-01,4.729101046989289681e-01,4.187535434652234212e-01,2.233436545194628087e-01,3.020800803219567676e-01,5.633949440349554916e-01,7.783710561291803387e-01,7.486717742086862470e-01,8.883606417430948143e-01,1.000000000000000000e+00,8.069141065637219778e-01,7.269060122071436814e-01,8.063102770628562954e-01,6.580454664356676364e-01,4.530993800361612922e-01,4.626382662351545827e-01,3.022880450731925128e-01,1.838115885595909549e-01,-2.232600172167608504e-02,-1.656242407085926627e-01,-1.929666724055389970e-01,-2.808545457483599406e-01,-1.227771360422597567e-02,1.819537671632863798e-02,-1.156462016416815175e-01,-5.862395273462704670e-02,1.707070604646812317e-01,1.090611413033192728e-01,-6.065212033665599856e-02,2.484501697843261372e-02,7.262365110852517236e-02,-4.190111225607268813e-03,-2.237172438463084223e-01,-1.579577503573715569e-01,-2.111166495334683424e-01,-2.078174942114904000e-01,-4.682798088908863288e-01,-5.289881234035774815e-01,-6.064249714174627659e-01,-4.834151409715286007e-01,-4.214894844435073673e-01,-1.765293509219783563e-01,-8.528674309165655554e-02,-1.214499905654933265e-01,5.641694873970846263e-02,1.681011561925581932e-01,9.717632324003785960e-02,8.086203761993122907e-02,2.162761327099802788e-01,2.160553881882105176e-01,6.890994251578826113e-02,1.261329893731754637e-01,2.477341446311012163e-01,1.680363932904118118e-01,2.415280242900627594e-01,2.944704152786321583e-01,3.278237145789784646e-01,3.052975200576455439e-01,3.111743579338544508e-01,2.789390295182136437e-01,3.422299539289464509e-01,3.648084383874724002e-01,2.622993971699498772e-01,2.329638457324375578e-01,2.621187185405076669e-01,1.868857315560710497e-01,7.904255762104182848e-02,1.209894636295819892e-01,1.134872339982345157e-01,-1.210614635649923249e-01,-1.343569897068833119e-01,-4.554027529028847887e-02,-2.018454788211236639e-01,-4.079766218116880894e-01,-4.136203233467305451e-01,-4.852561611332897318e-01,-4.158845770538049380e-01,-5.067507960563869540e-01,-4.474618243959341268e-01,-5.705535874374856320e-01,-6.057956918730813545e-01,-6.330027920998073654e-01,-5.490875134968207227e-01,-5.361009806854003523e-01,-4.691142356905418365e-01,-3.181265778924517451e-01,-3.235113040285421127e-01,-2.838225032782759061e-01,-8.939379105732439545e-02,-3.284089545500553514e-02,-3.808251548953614507e-02,-1.613528548205024060e-01,-1.246539322702146374e-01,-1.795967008428584616e-02,1.823035444807092828e-02,-4.850744209131969270e-02,-1.686902499758559729e-02,5.530666580939164884e-02,9.806097990202569670e-02,6.196568602078672550e-02
7.597580477077325867e-02,-1.635541434133996885e-02,3.481616686533658411e-01,5.751971667879856032e-01,2.649390328166990605e-01,1.828486305985099480e-01,5.550468751907818854e-01,4.480147934940562071e-01,1.274348461064989668e-01,2.713699932204782783e-01,3.756556366148588455e-01,1.736802501997762038e-01,4.349481018189271103e-02,-6.064920681000780626e-03,-2.853840493037539811e-02,-2.137028612787120196e-01,-3.167589276809965604e-01,-3.768826254427677380e-01,-3.356149813899276246e-01,-2.775865701952958675e-01,-3.941044363546594709e-01,-3.636998258626428782e-01,-2.362862956759353983e-01,-2.170742233671779653e-01,-2.646281603877071453e-01,-3.413612952268161860e-01,-4.246648549919274096e-01,-3.146049975660110132e-01,-2.481128636378724939e-01,-1.334687324663066388e-01,-2.054950587705877685e-01,-2.908501664856523172e-01,-2.971829001784189739e-01,-1.169104284120856124e-01,5.053717443973613360e-02,-1.166059398914225977e-02,1.393837875088478444e-02,2.001650426358208834e-01,4.902222405015227435e-01,2.685487066429909642e-01,3.710845191503787110e-01,2.689662912455252908e-01,7.326925983093400541e-02,2.000619798378222569e-02,-1.060199840448207698e-01,1.785716209679606540e-04,3.260844763624543563e-01,5.009239401307692408e-01,6.786447964148974998e-01,6.881796615321749133e-01,8.069141065637218668e-01,9.999999999999998890e-01,8.725835235813640400e-01,7.755252319685485007e-01,7.201395878818600549e-01,6.593818784779739151e-01,5.324643674928369874e-01,2.746458472176209198e-01,1.738239329840342851e-01,-1.083552586178271882e-01,-2.696165755020055177e-01,-3.379360086760352933e-01,-3.790308384552549814e-01,-1.280183821750100481e-01,-1.153505070554001893e-01,-2.554390514676204704e-01,-1.527499306590421324e-01,1.045749821188006884e-01,-5.910031417381420710e-03,-1.363315848127374941e-01,-4.298217614252457242e-02,-2.101719483710321953e-02,-7.196305486077776703e-02,-1.744859143788107247e-01,-1.409721348220693005e-01,-1.404830930202548844e-01,-1.751275573761146287e-01,-2.785940585417870374e-01,-3.648012270807209356e-01,-3.478644958747557636e-01,-2.583547929449476199e-01,-1.175068156280610204e-01,7.531136052216280685e-02,8.925011703918249439e-02,8.037428446383417316e-03,6.939487401302434078e-02,1.550349397179372479e-01,6.954651863810852597e-02,-6.661489132351521708e-03,4.938657418559899703e-02,6.431300609424771275e-02,-6.315417986924565241e-02,-7.342787459640040537e-02,4.836868229856589041e-02,3.868796413275470830e-02,1.000122772653099651e-01,1.260254375251837478e-01,1.721741855667320575e-01,2.032255567213377412e-01,2.418803428196520944e-01,2.519878451736746738e-01,2.596287423892473800e-01,2.494111580926790805e-01,2.655480339899684572e-01,2.351715945225591742e-01,1.969054334745485024e-01,1.793787059031657916e-01,1.927103203104133522e-01,1.679785273018545300e-01,9.963618522470442385e-02,2.791109050194073155e-02,4.880661369039499681e-02,2.378238476601210113e-02,-1.255028429450570082e-01,-1.759281289214332245e-01,-2.016288352306359055e-01,-2.181829255792818167e-01,-1.200701458981378311e-01,-1.706000642109327947e-01,-8.607337028690513481e-02,-2.040170207864602792e-01,-3.444261815999121734e-01,-4.241447969051748701e-01,-4.729480496211861951e-01,-4.669711841988535284e-01,-3.876433845097744801e-01,-3.534631760127258659e-01,-4.192725746108968976e-01,-3.575200526890209840e-01,-1.919689008392703733e-01,-2.034117322615046075e-01,-2.014244787231947442e-01,-3.457355680003246223e-01,-3.024557260582482754e-01,-1.702583060116302505e-01,-1.561679431670349727e-01,-2.201438399376462740e-01,-1.776716814285209112e-01,-7.824761451442147075e-02,9.033450343479692765e-03,-2.799877464719224829e-02
2.950113882259953746e-01,1.903711140084862752e-01,5.817313315769210291e-01,7.726202854627178818e-01,3.733623061231846063e-01,2.288581636658801877e-01,5.882963084348658001e-01,3.609144784466721267e-01,5.398111060818606977e-02,6.981857475618472031e-02,4.363140177435820277e-02,-1.349472047174064548e-01,-1.883710748001391488e-01,-2.816579127974473962e-01,-3.733276025065502268e-01,-4.537750632498227521e-01,-4.886779946332028834e-01,-4.986512817144184151e-01,-5.081582407017133374e-01,-4.783849380801424300e-01,-4.822805679331743089e-01,-4.487217967444556144e-01,-3.494243157432910807e-01,-2.687640228237493933e-01,-2.562881030023900775e-01,-3.738844369441136628e-01,-4.096806719493834570e-01,-2.691816224173119165e-01,-2.204305061783005393e-01,-9.610860416289511432e-02,-2.140687543333669174e-01,-3.210007841558051855e-01,-3.668101586528292324e-01,-2.123964480186520121e-01,-9.766226033263672446e-02,-2.430243621482322536e-01,-1.803440812274922922e-01,3.797021637229951868e-02,2.849324291955726562e-01,3.418293211628832540e-02,2.088823754321764148e-01,1.009033492924300696e-01,-1.354003034709106990e-01,-1.859947157087298297e-01,-3.258835818177558963e-01,-2.649197267772272490e-01,-1.548172900082362899e-02,2.464165368451601001e-01,5.029061680779348675e-01,6.882342378015178230e-01,7.269060122071436814e-01,8.725835235813640400e-01,9.999999999999997780e-01,9.133101456334594692e-01,7.719765852393800643e-01,7.833460586121224756e-01,7.397643148789100342e-01,4.402268819681431911e-01,3.194981621485749046e-01,7.892697294994473201e-02,-1.442659615094857573e-01,-2.529128021847416030e-01,-3.149122194452934620e-01,-7.875682383471180326e-03,-2.981224464671376057e-02,-2.555039279562006382e-01,-1.574233486779047508e-01,8.515664384390017605e-02,-5.830357596885367422e-02,-2.153629778867206523e-01,-1.110961761648730367e-01,-1.161832320210870600e-01,-1.209182864455788653e-01,-1.894887181461211711e-01,-1.335792853086892884e-01,-1.268727990420635832e-01,-2.014041699439721167e-01,-2.536456053789987175e-01,-3.727511832538731862e-01,-3.444813104756499489e-01,-2.554281713312184232e-01,-3.293660786278639063e-02,1.944070479878643454e-01,2.558472991122724416e-01,1.303818145398021877e-01,1.332857475745541920e-01,2.935274790866675976e-01,2.391984153619778064e-01,4.238119160126166407e-02,1.006621793864012626e-01,1.841893963635635456e-01,2.018960648446909215e-02,-2.147434260483584850e-02,1.052902129947207582e-01,1.221332911395358045e-01,1.818396181570751113e-01,1.719438117103188057e-01,2.306602274837315503e-01,2.906486344501676977e-01,3.859571679330062732e-01,3.619343800136824441e-01,3.236565591034935574e-01,3.285606461519071098e-01,3.741024871187061396e-01,2.786017313684771013e-01,1.962629016873785048e-01,1.951438561483470058e-01,2.044481896561330947e-01,1.161775648793966914e-01,2.007148036135029609e-02,-5.154834634286358658e-02,-4.470405645492538799e-02,-1.101631049184125383e-01,-2.822440204561270649e-01,-3.079384789308609593e-01,-3.328860091247691777e-01,-3.053510561501368570e-01,-1.840710636321709615e-01,-1.896901391366237755e-01,-8.605388786579581950e-02,-2.154380404714901220e-01,-4.327444027149075501e-01,-4.955956064159742214e-01,-5.528703649255926056e-01,-5.726541229080347462e-01,-5.309187866204705397e-01,-4.851974866617300708e-01,-5.250398040932813259e-01,-4.844607243268492236e-01,-3.292436536297929650e-01,-2.945278631458013163e-01,-2.394426920121765223e-01,-3.646234827378318499e-01,-2.854200462209812161e-01,-1.583633369546493808e-01,-1.306352693607772675e-01,-1.517547788603023917e-01,-1.111590407305318995e-01,-1.772049954996859911e-02,9.713827284056399114e-02,5.626857130142306346e-02
1.900538105802891398e-01,7.630008768163541732e-02,3.812872568473322787e-01,5.345816023993561483e-01,1.355970947749624289e-01,1.542153604612809745e-02,2.823237536320231666e-01,8.565419525901084297e-02,-1.045061456951219409e-01,-1.324492702555760126e-01,-1.376059415402428043e-01,-2.752163830030364688e-01,-2.779570995659573773e-01,-3.792615017323948678e-01,-3.618473158802679168e-01,-3.925061779695561137e-01,-4.056790361936646327e-01,-4.542670033613400715e-01,-5.008709555852656203e-01,-4.566457860368043908e-01,-4.423559241687470278e-01,-4.545862590157043748e-01,-3.820256885564299321e-01,-2.815425379159073316e-01,-2.215054280417191046e-01,-3.049111169188318815e-01,-3.476335689589072353e-01,-2.034136497241147146e-01,-1.335298813021482400e-01,-2.763049580865290997e-02,-5.104019963929762316e-02,-1.905629210417483788e-01,-2.137343619365397462e-01,-6.895496846464999052e-02,8.413487728875873595e-03,-1.224482725851999687e-01,4.470693152201038641e-03,2.155615945479761875e-01,4.415229987309898241e-01,2.267132121264378852e-01,4.183173235626544417e-01,2.723892931177032128e-01,5.888370056058015584e-02,-1.507480898852380305e-02,-1.675756554477203786e-01,-1.362462101041040374e-01,8.868058000510185834e-02,2.983625740043232000e-01,4.138264221967369316e-01,6.866000188527006109e-01,8.063102770628560734e-01,7.755252319685485007e-01,9.133101456334594692e-01,1.000000000000000000e+00,8.590552592556474076e-01,7.820611378277869674e-01,8.357492369464650794e-01,6.305876515240816937e-01,4.346183841360330979e-01,2.877774165094366121e-01,5.935021177956179700e-02,-6.711146090755097660e-02,-1.074879525311236428e-01,2.496333105060047908e-01,1.751527605087731809e-01,-6.592905333014840996e-02,6.090853355417081422e-02,2.489784402617945258e-01,7.647811708642096584e-02,-9.596139541695040964e-02,3.300136659926349025e-02,3.780817023101298770e-03,-2.902574848885191433e-02,-1.280287363199727468e-01,-5.443182901458242656e-02,-8.993878386566754590e-02,-1.378381934990649260e-01,-2.926477467253406628e-01,-3.836503716095006067e-01,-4.352406102106194941e-01,-3.449873833330607265e-01,-1.878381151149819961e-01,3.474924781309968874e-02,1.716745286690132266e-01,9.236369892654434921e-02,1.196688811307175804e-01,2.941023091927862376e-01,2.873323592362166945e-01,1.365143085003898415e-01,1.957825168486996559e-01,2.716913553281854465e-01,1.123245016400382101e-01,1.050158316606856213e-01,1.962124058453552367e-01,1.893900912294836647e-01,2.505318714560694771e-01,2.394369822476008491e-01,2.834108591022113655e-01,3.261570189034193601e-01,4.041408071819604375e-01,3.441131885785383426e-01,3.181203121438756498e-01,3.361352511353147277e-01,3.194625672806508110e-01,2.110768137826518620e-01,1.552473870393498989e-01,1.271718348853455860e-01,5.542902253927076139e-02,-7.098318907458256270e-03,-7.403475804689875484e-02,-2.378826377382659008e-01,-2.597926905865296510e-01,-2.673370066119691857e-01,-4.351074321170348425e-01,-5.310901010868739336e-01,-5.361293548612585669e-01,-5.145104485263102267e-01,-4.186889487631327844e-01,-4.148938655065247949e-01,-3.365809532986491770e-01,-4.477470556866898210e-01,-6.004950018140591261e-01,-5.882783943535243587e-01,-5.370034974564059649e-01,-5.913606236701275387e-01,-6.147843418383746039e-01,-4.888395799950493448e-01,-4.738283693451988410e-01,-4.983532780743804569e-01,-3.587478209438729193e-01,-2.659184127549703014e-01,-2.209887918871404622e-01,-2.780517197922082739e-01,-2.103399484011155285e-01,-1.326362452315484608e-01,-5.293092032194257612e-02,-2.690616853797798275e-02,-4.625717631214017883e-02,6.312852985498761463e-03,1.666565179376898187e-01,1.097196655525710107e-01
1.148282735048612290e-03,-7.428884314708684988e-02,2.151299355331899310e-01,2.896052713159969483e-01,-8.541443065767376219e-02,-9.270926422426045699e-02,1.782506032430479226e-01,-8.612090932930076270e-02,-1.567756871967102006e-01,-1.138965582739938781e-01,-1.149687272515775432e-01,-2.720376645966975371e-01,-2.263388441281090069e-01,-2.690344412357045245e-01,-2.553877575879621165e-01,-2.880372564301175720e-01,-2.688142839059914357e-01,-3.238588137934607647e-01,-3.645205617139515852e-01,-2.821256290160639724e-01,-3.053453645601993394e-01,-3.452769992002344690e-01,-3.088516710655993536e-01,-2.714632987967559030e-01,-1.908856559893781779e-01,-2.055456104955172836e-01,-2.620879480472214085e-01,-1.661957126628443859e-01,-9.797586956286480353e-02,-1.912793460806914286e-02,6.379428920729289521e-02,-2.882842872025476524e-02,-3.775979130971145181e-02,1.467807655891670282e-01,2.499787824808414050e-01,9.534103001983464110e-02,2.052473792998822655e-01,4.781312787997248348e-01,6.448310274123887353e-01,3.103895581834163475e-01,4.457742269299619364e-01,2.207091717188053304e-01,6.841403062690687431e-02,-3.213744512501014866e-02,-1.213351406552497652e-01,-8.968827193864427338e-02,1.206816284901279790e-01,1.594462793070652862e-01,1.832160602371502856e-01,3.977981084896001218e-01,6.580454664356676364e-01,7.201395878818600549e-01,7.719765852393800643e-01,8.590552592556474076e-01,1.000000000000000000e+00,8.840029934352121588e-01,8.118442928350189103e-01,7.213518978399592330e-01,5.522059821470338692e-01,1.883576726215900055e-01,8.238899134001005653e-03,-2.495500468100406155e-02,-1.069432901806010618e-02,3.745155323128249170e-01,3.762966421957468777e-01,2.035668695306207809e-01,3.971599507023834130e-01,6.021293095517951111e-01,4.228971879365402975e-01,2.795900599010769372e-01,4.040721719443554627e-01,3.097098999565069954e-01,2.298941060317768459e-01,1.934422812193481722e-01,1.787962429853862945e-01,1.520911976951051792e-01,1.985684781873289229e-01,1.506584672081955067e-02,-2.052948830794645158e-02,-1.123649130144809272e-01,-4.194742338294396578e-02,-4.511626032126500596e-02,1.165549638835594592e-02,1.098547150027256586e-01,1.398405741357528209e-01,1.346120475236403657e-01,1.493588361111390650e-01,1.837748406936511036e-01,1.511375492642556828e-01,1.049188627519182238e-01,1.182164923850934912e-01,4.994669730820395365e-02,3.363903769066707572e-02,4.019023279578210622e-02,6.306294272646609245e-02,8.681944433269343786e-02,6.538310757716792043e-02,8.529356008251805232e-02,1.230506339521222764e-01,1.576523249862288867e-01,1.096385244330597003e-01,7.568113029059174435e-02,8.891651785476009651e-02,9.653321294681893594e-02,3.207850248708678242e-02,-1.184775051906957095e-02,4.575942598210400863e-03,-5.386646124012990644e-02,-9.567203756695362438e-02,-1.370950608799565151e-01,-2.224021634423324345e-01,-2.601963941062649943e-01,-2.740195275709940148e-01,-3.586610958891882084e-01,-4.007770684269600370e-01,-4.087632218343457136e-01,-3.720033427959028027e-01,-3.131131962770044019e-01,-2.795078557660513607e-01,-2.404366787488840806e-01,-2.602538525540722403e-01,-3.143605467463772007e-01,-2.705190610345571955e-01,-2.076541117181561480e-01,-3.540602502800885842e-01,-4.041573618742936858e-01,-2.610323533505607418e-01,-2.893004116876390364e-01,-3.876037198744340384e-01,-2.844105258722961493e-01,-1.722156308332900843e-01,-1.809890317926099446e-01,-1.907706472587721858e-01,-1.804218244251484249e-01,-8.409006908320161566e-02,6.497286846260938442e-02,5.057332141007408327e-02,-1.759000268877287596e-02,7.957716017570649891e-02,2.947380365782105160e-01,1.441259323113978641e-01
1.445646326386496872e-01,7.612738244920462527e-02,4.977527607138935717e-01,4.584976560845945293e-01,9.303279261899000119e-02,1.233374060133601152e-01,4.086191194542025396e-01,2.804152323463562566e-02,-6.273632071126261645e-02,3.215949828450222203e-02,-6.435543031778995227e-02,-2.435910327404184339e-01,-1.816830947336738888e-01,-2.413908415862899837e-01,-3.433007849729701189e-01,-3.577177842291988097e-01,-3.125740487063826123e-01,-3.196285147744580835e-01,-3.626422476982940069e-01,-2.971279634180414297e-01,-3.077812707111430846e-01,-3.186685335570260680e-01,-2.876885946161502061e-01,-2.707633840493488542e-01,-2.350069712334824368e-01,-2.771436768336439926e-01,-2.824072669082641762e-01,-2.155839173151793131e-01,-1.972634752624123633e-01,-8.427647183304357026e-02,-1.057381080567932896e-01,-1.286618645092277857e-01,-1.338127594491955175e-01,1.264318714467580450e-02,9.469388942081378990e-02,-4.190348717034890480e-02,1.460706931617017715e-02,2.507507579039530143e-01,3.922037730449350335e-01,5.923747323413911664e-02,1.777652757728658828e-01,7.076955803403144583e-03,-1.373103893865678105e-01,-2.084834957647657416e-01,-2.714114639275282959e-01,-2.558099678886794348e-01,-9.965611822650283225e-02,-5.026771573819191485e-02,6.679897540009588353e-02,2.518594460836650062e-01,4.530993800361612922e-01,6.593818784779739151e-01,7.833460586121226976e-01,7.820611378277869674e-01,8.840029934352120478e-01,9.999999999999997780e-01,9.107150488710290537e-01,7.850275118591137913e-01,6.996106681470699584e-01,3.355432899698800320e-01,1.125587892177131455e-01,4.011198726162269745e-02,7.682277506870064526e-03,3.722649258782574910e-01,3.835046413681528765e-01,1.288538665881993894e-01,2.736457959083421487e-01,4.560485006970431132e-01,2.655006796243097322e-01,1.036968043358928865e-01,2.152011702723332642e-01,1.161302980763606885e-01,6.311364618511332292e-02,1.033468700539890150e-01,1.172636957505105715e-01,1.250025547100551970e-01,1.342067793686901322e-01,6.024680603812851420e-02,2.603221438782569921e-03,-3.048402286979428125e-02,-6.805875755460898124e-03,9.214347458643169786e-02,1.457203880051686218e-01,2.187792268700868015e-01,1.805422751710696605e-01,7.701106625908951675e-02,1.309312741176450190e-01,1.647471976093750345e-01,4.138738977504486521e-02,-4.322243013548516394e-02,1.911533804683855295e-02,-4.345444711568308832e-02,-1.350043899508167611e-01,-9.638993269087445248e-02,-8.080884937713781607e-03,1.064401444164014485e-02,-3.691899114472186466e-02,-5.825921530411454739e-03,7.594171381592167147e-02,1.469674634810702596e-01,1.316209284555061310e-01,4.766770581164196663e-02,2.657439148048653874e-02,1.175640782303943865e-01,4.281121684591913945e-02,-6.313091708623982945e-02,-2.467356078177248072e-02,1.757912629105774348e-03,-9.400269457190106592e-02,-1.866131767744444447e-01,-1.815695022135553338e-01,-1.831897100544082058e-01,-2.652280483120542098e-01,-3.532227867433831991e-01,-3.040431117312314413e-01,-3.066044859112832532e-01,-2.358425648607268832e-01,-1.613199531514467877e-01,-1.025626083657480148e-01,-4.867193299655925287e-02,-8.704726961975642330e-02,-2.356976497435934459e-01,-2.103782329981919719e-01,-2.224304767780802827e-01,-3.475304665310275931e-01,-3.993788901189987972e-01,-3.382502528787231788e-01,-3.667270695132471281e-01,-4.437769484157189637e-01,-3.716126712442680557e-01,-2.788826893760078529e-01,-2.549415332542422918e-01,-2.291902510343870880e-01,-1.693119411164233368e-01,-8.830172518345061339e-02,6.573665230320829833e-02,1.143906629833286170e-01,6.173250531423642162e-02,1.417248874243542955e-01,3.955161755313996719e-01,2.799532622378883562e-01
1.476071347488944752e-01,5.817833966262515866e-02,4.185818860467744318e-01,3.845160347067191342e-01,-6.713800668854076094e-03,-7.483778736460587784e-03,2.262443165393785705e-01,-9.008704361785682679e-02,-1.288462736467625158e-01,-1.112537424562356908e-01,-1.978230799853946120e-01,-3.214930767987450588e-01,-2.360028802541897786e-01,-3.144344179832858632e-01,-3.742258915306879707e-01,-3.505210224909600103e-01,-3.095654758338517998e-01,-3.143038349082006855e-01,-3.727824811961723550e-01,-3.375024541559092373e-01,-3.132404495279038081e-01,-3.283303938165901270e-01,-3.176354652823345504e-01,-2.705128389759264840e-01,-2.022101102769779668e-01,-2.680785584616704464e-01,-2.550239490408007792e-01,-1.745822892091271061e-01,-1.599282898063643654e-01,-5.539589975883612433e-02,-1.048601187352247582e-01,-1.458656494238931567e-01,-1.489726978896852572e-01,-5.269425460578644471e-02,-7.322862640286552371e-03,-1.175708878692263842e-01,-3.406755811767325087e-02,1.478834578417194678e-01,2.891729911500461325e-01,4.804093373083064694e-02,1.869835778432844819e-01,5.171316222221710585e-02,-9.593931495384258601e-02,-1.467143736430871481e-01,-2.289325041755383427e-01,-2.308213206242523685e-01,-1.150147107993445689e-01,-3.352355783664707350e-02,3.857695946814511390e-02,2.902974560945307259e-01,4.626382662351545827e-01,5.324643674928369874e-01,7.397643148789100342e-01,8.357492369464650794e-01,8.118442928350189103e-01,9.107150488710290537e-01,1.000000000000000222e+00,8.836810839624146263e-01,7.579021245742414425e-01,6.014679306358239330e-01,3.453972857845636346e-01,2.159639335676068750e-01,1.518314371715724365e-01,5.095160296328513638e-01,4.450350887042444636e-01,1.234679388825736940e-01,2.221751022235907147e-01,3.267776344648787856e-01,1.353982849996609172e-01,-4.354947428916632751e-02,7.644999724375566019e-02,-8.636676706444291335e-03,-4.445004449722293055e-02,-2.929805228843760170e-02,2.964569077154168703e-02,2.330427948044306100e-02,-5.295201478339837606e-03,-8.428998992525142675e-02,-1.520640972689602521e-01,-1.951329089259891403e-01,-1.758737629078829801e-01,-2.744466920039325547e-02,8.779158539461075217e-02,2.129915502743458533e-01,1.369882370740902466e-01,4.453419301042910866e-02,1.817145243134419830e-01,2.265608836642796498e-01,5.468741714851808183e-02,1.458422828205137994e-02,1.153567659368396198e-01,2.250635258511440515e-02,-6.109006933429583786e-02,-2.831515108115844129e-03,7.551341315726016468e-02,1.067744334196796263e-01,5.545659196999012247e-02,9.135921135845079255e-02,1.710356487140564652e-01,2.555850399850551624e-01,2.211466821445229325e-01,1.364731623430529006e-01,1.185367677408560028e-01,1.784407255163363570e-01,7.618094023368994494e-02,-2.726693588819496805e-02,-1.987708250955046163e-02,-2.764882325121109652e-02,-1.250411751454592046e-01,-2.166071653693743826e-01,-2.798625251562941174e-01,-2.833957901396191859e-01,-3.403144892106360619e-01,-4.566064510318338376e-01,-4.534228012218161075e-01,-4.394626143790181794e-01,-3.683277301886012656e-01,-2.921220304748455843e-01,-2.369208880368601777e-01,-1.861807068105461871e-01,-2.573236968739067154e-01,-4.244918927510592521e-01,-3.717337066694419989e-01,-3.367319245495429270e-01,-4.311962344431124472e-01,-5.129055242708813189e-01,-4.328703019397838747e-01,-4.000884260669044790e-01,-4.786589335756158969e-01,-4.147461238459624333e-01,-2.986098210661444763e-01,-2.411281746464856712e-01,-1.713593599930923750e-01,-7.413949930200822158e-02,-5.261457920877962019e-02,9.323713539592660970e-02,2.229942692470224530e-01,1.604851109312449009e-01,1.707172667892873641e-01,4.223674476410907430e-01,3.430708271741570448e-01
-8.625159874328766629e-02,-1.350582769896479240e-01,8.090692661877929570e-02,2.601723855645027284e-02,-2.241722611131615750e-01,-1.862888791996142601e-01,-7.157427887350034656e-02,-3.058785277224564392e-01,-2.160272463300022816e-01,-2.481661282001704216e-01,-3.098250383727224055e-01,-3.673039337817057270e-01,-2.605184995189113728e-01,-3.331941009477104587e-01,-3.004989478656718838e-01,-2.248023596312307137e-01,-1.615065239954616982e-01,-1.834746320323040747e-01,-2.763183956607911940e-01,-2.504479028039153787e-01,-2.208464081995884787e-01,-2.696134659587217097e-01,-3.124754089489742426e-01,-2.791086029428593851e-01,-1.996843843806547503e-01,-2.255822849511856520e-01,-1.846254628106896445e-01,-1.356640996880214278e-01,-1.321136389686276003e-01,-3.541802719900320057e-02,-7.343526772029114642e-03,-2.435829029963931455e-02,6.306231090161909004e-03,8.119588661410853669e-02,8.846081853364319569e-02,-1.101602696557433831e-03,1.080840949771713216e-01,2.787178062033176529e-01,3.306754050719795668e-01,1.264297588759013546e-01,2.307480940900294708e-01,8.731037426313580097e-02,-5.884217073730053547e-05,-4.496078697232470944e-02,-9.750587963476718689e-02,-1.177363670618774144e-01,-7.618372464949939304e-02,-8.074058996225905172e-02,-1.371546905832068675e-01,9.547132498992391691e-02,3.022880450731924573e-01,2.746458472176208643e-01,4.402268819681431911e-01,6.305876515240816937e-01,7.213518978399591219e-01,7.850275118591136803e-01,8.836810839624146263e-01,1.000000000000000000e+00,9.100384165027920469e-01,7.437593369579856839e-01,5.757507680774560654e-01,5.272384310439405253e-01,4.626247706989387032e-01,7.930705519309650953e-01,7.736740045226990770e-01,4.877913355743855872e-01,5.448338146748511468e-01,5.593416903822266972e-01,3.820862731433546933e-01,1.942298040708819729e-01,2.773764101420571615e-01,1.459851599828428659e-01,7.934302681361472820e-02,9.979375960073467999e-02,1.214374297594044971e-01,7.694728569314214506e-02,1.302762182810538460e-01,-5.152666795236564290e-03,4.609357504007158615e-03,-1.183142593072731286e-01,-1.258269115352561585e-01,-9.839377454743901408e-02,-5.815733217415516160e-02,1.042363561483202472e-01,8.605189496192169885e-02,-3.426190120049086088e-03,8.855302514626887944e-02,1.882268382252382799e-01,7.478680625518766001e-02,-1.548630384596495248e-02,7.721854398292832267e-02,3.192823315151278180e-02,-6.829410480522009330e-02,-6.123061011690900113e-02,4.354048723438910112e-02,6.254781438714319963e-02,-1.268091917933729038e-02,1.011784693838785505e-02,9.264803008885565128e-02,1.554367250988458182e-01,1.031016013412534849e-01,-1.843816642230332141e-03,-1.811720432047258036e-02,2.926535907749204177e-02,-6.419571600817057522e-02,-1.619342693323689852e-01,-1.501007938971683775e-01,-1.956334090753392152e-01,-2.658697449776711297e-01,-3.172419052603611678e-01,-4.069345611122006101e-01,-4.350318542601464555e-01,-4.375116059599277185e-01,-4.880357127615085333e-01,-5.237508822948330200e-01,-4.899962594487700662e-01,-4.295885233252488278e-01,-4.063039724712446676e-01,-3.336102016496145795e-01,-3.233569489555170318e-01,-3.322552689202599718e-01,-3.880764744671882371e-01,-2.532620946478236768e-01,-1.070814223251512348e-01,-2.470477185132461118e-01,-3.974185988923870649e-01,-2.493203185801441402e-01,-1.498765752471270252e-01,-3.217499964593273365e-01,-3.207510718378519532e-01,-1.192590909396539361e-01,-7.825333268823427002e-02,1.150933860886320381e-01,1.821640751477677511e-01,1.337545409073607472e-01,3.469209959890599548e-01,5.127169581249357844e-01,3.730592448849786580e-01,3.330975233802806468e-01,6.248450047852283085e-01,4.592686025666175009e-01
-7.290780832502713471e-02,-1.090758263755051555e-01,8.948769194033062702e-02,1.458395967544896636e-02,-1.824531665676420722e-01,-1.611446700103696672e-01,-5.973225170209271739e-02,-2.674712156944505370e-01,-1.931281122574334541e-01,-2.504560201775563044e-01,-2.956312614239403058e-01,-3.329179546941474221e-01,-2.671802049807882051e-01,-3.345177859577145307e-01,-2.650955097036463148e-01,-1.800362667010103890e-01,-1.339027687002596889e-01,-1.595317027124274478e-01,-2.632449171758091122e-01,-2.628779626410857606e-01,-2.535807920854054598e-01,-2.986717655928021187e-01,-3.688779393801427942e-01,-3.326654665379474296e-01,-2.540969123115776052e-01,-3.232209241311464476e-01,-2.499940324689879922e-01,-2.083000138447060612e-01,-2.283136015385019424e-01,-1.042668259125821423e-01,-1.077030081670593276e-01,-7.529758338876695045e-02,-1.024348640945654115e-02,6.399934758695637049e-02,9.714440739205831843e-02,6.959202905535191372e-03,1.082774281950425743e-01,2.383708484983328435e-01,2.501764182721975538e-01,9.568972103512227156e-02,1.576370076385998631e-01,8.167296341033512819e-02,6.347422662819493869e-03,-2.034547582848724931e-02,-6.876923616776427217e-02,-8.726195244698942144e-02,-8.371694166815286942e-02,-8.260488162143318769e-02,-1.393364608821950901e-01,3.577077335621398069e-02,1.838115885595909549e-01,1.738239329840343128e-01,3.194981621485749046e-01,4.346183841360330979e-01,5.522059821470338692e-01,6.996106681470699584e-01,7.579021245742415536e-01,9.100384165027920469e-01,9.999999999999998890e-01,6.590908047284181892e-01,5.122786376806639508e-01,5.680357726285634179e-01,3.962197247762207497e-01,6.663218423068710816e-01,8.067014471401752207e-01,5.055958710123095168e-01,4.470615023045481085e-01,4.977994153365499774e-01,4.178034485358853578e-01,1.861058951870622757e-01,2.461225046253256998e-01,1.598063026898117744e-01,8.355405139797406067e-02,1.235813624160766039e-01,1.532889472083407700e-01,1.304570918415152991e-01,1.874696316866848733e-01,7.123481711983496723e-02,5.143786489467278011e-02,-2.742041754066540035e-02,-4.023916749421867223e-02,-2.169673982380871530e-02,-2.870218812623786739e-02,9.928721633935363999e-02,9.863373348589817013e-02,-3.016696189241922094e-02,7.507812409308857633e-03,1.086656033308887187e-01,9.734884949990712036e-03,-1.356450506259737065e-01,-5.233642983433243329e-02,-6.577704895677723151e-02,-2.116997774962583734e-01,-2.038156659382358571e-01,-6.297828066800208180e-02,-5.425779633530374013e-02,-1.368111149216896527e-01,-1.144279662262393388e-01,-1.919351584441372771e-02,3.951055415584318192e-02,1.929190470796722165e-02,-1.017903720866072809e-01,-1.354785074156266422e-01,-4.421984070842418374e-02,-1.112312765674552673e-01,-2.221456947630777168e-01,-1.867142607764412932e-01,-1.847001129139048958e-01,-2.477966227181604142e-01,-3.011812456259418957e-01,-3.316932671969758939e-01,-3.412699534885160202e-01,-3.513989065982680016e-01,-3.718403857401538226e-01,-3.804195981795393533e-01,-3.442794408692669283e-01,-2.894703059046735416e-01,-2.745293166394593976e-01,-2.082728349051622685e-01,-2.065661818306191722e-01,-2.013773062993318430e-01,-2.515761643996207164e-01,-1.508668698318245405e-01,-5.179077599468889098e-02,-1.729236540584451198e-01,-2.824977700694540905e-01,-1.632213281363142920e-01,-7.998496191518811305e-02,-2.282005373771072154e-01,-2.320177139613146811e-01,-1.755128846637700815e-02,2.644088037923491077e-02,2.498334414077270360e-01,3.491086044135890964e-01,3.156714512180708865e-01,5.509748109572023544e-01,6.977792588252598183e-01,6.114114862639475900e-01,5.897504048817968636e-01,8.553310692117561675e-01,6.970913736567075913e-01
-9.997691799763624987e-02,-1.228517768884214295e-01,-3.046512836451782755e-03,-1.045369940589667979e-01,-2.192789100417319448e-01,-1.539113602473210496e-01,-1.800613609442810181e-01,-3.069422899950399741e-01,-1.652170169046429382e-01,-1.882963493266701926e-01,-2.628872673438766294e-01,-2.555174774403482507e-01,-1.393851420082906634e-01,-1.892873802891776314e-01,-1.882785340362072291e-01,-8.934561230373436191e-02,-3.416140412345326088e-02,-2.569040930431281539e-02,-9.615089545478033850e-02,-1.116981261932515068e-01,-6.739867685434790257e-02,-9.702450262958571547e-02,-1.560784388992579874e-01,-1.414829290183542698e-01,-1.058814477313627100e-01,-1.131300927246288168e-01,-4.807678639487229788e-02,-4.920510429216167630e-02,-6.602482429791572960e-02,-1.969727812524301597e-02,-1.674997988710879432e-02,6.753714436250016218e-03,2.711232176931706317e-02,-1.932900057487184353e-02,-1.326313514038839070e-01,-9.076190627986176207e-02,-4.505313677962190233e-02,-7.703644926227184997e-02,-8.914383468671339961e-02,-7.537667253524658884e-02,-2.938251455269052723e-02,-5.037724764326678706e-02,-6.247046391612057215e-02,-3.857591534015913926e-02,-4.282926681230060650e-02,-8.503438551242090138e-02,-1.605396816161588636e-01,-1.889684088719414401e-01,-2.680697416401892075e-01,-1.030452729873773815e-01,-2.232600172167610239e-02,-1.083552586178271882e-01,7.892697294994474588e-02,2.877774165094366676e-01,1.883576726215900332e-01,3.355432899698800320e-01,6.014679306358239330e-01,7.437593369579855729e-01,6.590908047284181892e-01,1.000000000000000000e+00,9.189327513945251269e-01,7.480484835799440235e-01,6.753386152308440415e-01,7.849290178980802279e-01,5.983049918635828801e-01,3.224487108457296802e-01,2.651791466731477920e-01,5.632893784760801409e-02,-7.689811777244739965e-02,-1.925964298750857118e-01,-1.098263598181709322e-01,-1.735533906887987698e-01,-1.643017698370098367e-01,-1.262934268464889209e-01,-2.364940649112131851e-02,-5.866339597445743154e-02,-9.764412186317222853e-02,-1.352193584069142640e-01,-1.313210432875177580e-01,-2.315910458267836092e-01,-2.738590149820438469e-01,-1.546370670271599301e-01,-6.416398873708450967e-02,1.104661534967651820e-01,3.563575396780718774e-02,-6.795249650413667797e-02,1.098212459080376013e-01,2.081345423555622520e-01,4.382151156514818569e-02,-3.340765239502777300e-03,1.254993881193765259e-01,6.595909475104395903e-02,-2.673204487227677853e-02,1.055802749670981758e-03,8.403843223581604349e-02,1.196022723108018521e-01,4.787123897551016222e-02,7.322771644365519417e-02,1.525384575062971593e-01,2.169608282454763004e-01,1.483167056096063585e-01,5.130229584605740245e-02,4.110032670518441039e-02,7.051517535923138014e-02,-3.844189129431349605e-02,-1.223881160303271626e-01,-1.320142631327981819e-01,-1.691669631348741432e-01,-2.327298959327673833e-01,-2.828955234549641595e-01,-3.820159538225001428e-01,-3.888436063845016055e-01,-3.824418190169117659e-01,-4.443451576899721811e-01,-4.853622015155671932e-01,-4.415378726022271549e-01,-3.840539549242941164e-01,-3.683657444181298590e-01,-3.086008920081290685e-01,-3.068001412247256532e-01,-3.469320205957619474e-01,-4.440971031499875155e-01,-3.078498577334981556e-01,-1.616073975093456350e-01,-1.976187255695418532e-01,-3.706942331589823114e-01,-2.953856431942065708e-01,-1.003960404764271674e-01,-2.318440058669611892e-01,-2.953315466300817649e-01,-1.431557523540314958e-01,-3.314383403832676933e-02,2.183864271180368799e-01,3.367350286667885606e-01,1.358069910188683949e-01,2.245282219383434308e-01,5.282772645406497158e-01,3.884816249566355184e-01,1.681020029893636469e-01,3.862703735216323486e-01,3.223752224221468343e-01
-2.007873923405389949e-01,-2.079281712043327679e-01,-1.827095636997451977e-01,-2.776072042851375210e-01,-2.999172527462252158e-01,-2.058425603168167750e-01,-2.835725221212858638e-01,-3.586605262032704355e-01,-1.778922921451138728e-01,-1.940952771861782777e-01,-2.413234244497910741e-01,-2.099763048472413351e-01,-1.042465908470507491e-01,-1.085279398680500385e-01,-5.334401076397385366e-02,6.053386314066198232e-02,1.205112846260570081e-01,1.249762636707860003e-01,4.973760651955787954e-02,2.461672532057978743e-02,5.968683355955835268e-02,1.425647856169186267e-02,-8.125925406143176544e-02,-9.086972025185278967e-02,-6.187790075549823299e-02,-3.330880285390119822e-02,5.171412485057379910e-02,1.092072167039579746e-02,-2.329192130854321544e-02,-6.488616147726887365e-04,3.781516574864524777e-02,9.604362303184002525e-02,1.342134656782259794e-01,3.821997561633558305e-02,-1.139077673635800897e-01,-8.954423637653946555e-03,1.224726130250131453e-02,-8.857948401276335981e-02,-1.440557666793237657e-01,-5.766996247417845861e-02,-6.979326023768681053e-02,-5.849729256743128186e-02,-9.745770009793649352e-03,3.808629138603377567e-02,7.358689346175800727e-02,2.758650271125576842e-02,-9.977859041880265956e-02,-1.975978360188424821e-01,-3.435048675223542070e-01,-2.437689917156657948e-01,-1.656242407085927459e-01,-2.696165755020054622e-01,-1.442659615094857850e-01,5.935021177956178312e-02,8.238899134001017796e-03,1.125587892177131455e-01,3.453972857845636346e-01,5.757507680774560654e-01,5.122786376806637287e-01,9.189327513945252379e-01,9.999999999999998890e-01,8.971904675377188054e-01,8.587042195887485407e-01,8.252135050399027616e-01,6.256375128364775051e-01,4.519358021624047539e-01,3.349089010203893380e-01,1.120977241597237613e-02,-9.652263980415212719e-02,-1.895392047503220156e-01,-1.238958478151862275e-01,-1.858771456937090838e-01,-1.874180562023309571e-01,-1.382006401848026866e-01,-3.496378960028730803e-02,-7.904535291178779732e-02,-9.906164751594079276e-02,-1.346593559887392377e-01,-8.977057702812278606e-02,-2.183378158306119310e-01,-2.931669176871692928e-01,-2.248757567163838511e-01,-1.698239519187357549e-01,2.447444702551568145e-03,-4.690626945621952093e-02,-1.412185630277476844e-01,1.945165347836519745e-02,1.388533128391076510e-01,1.822681905296641772e-02,-3.956350088886929212e-02,8.050774905130111958e-02,5.676901629639938968e-02,-2.883196350586157350e-02,-2.321345085731632910e-02,6.690227654329737594e-02,9.248477304827103229e-02,1.727752288041907447e-02,3.221040106244393159e-02,1.014812569449984325e-01,1.331386724490870033e-01,4.795659284092067265e-02,-4.214033787980710904e-02,-4.514492775015886694e-02,-2.938039286662986679e-02,-1.080804727516363473e-01,-1.715176783725391174e-01,-1.938673999942142068e-01,-2.319541622298203765e-01,-2.504589337168993124e-01,-2.838577644152961432e-01,-3.948514635377121107e-01,-3.987766886118467302e-01,-3.560893378107813922e-01,-3.827997041821721846e-01,-4.466703943938445387e-01,-3.924539832187639576e-01,-3.585678447775917377e-01,-3.745984433517053902e-01,-3.274135683608567771e-01,-3.515233183131495909e-01,-3.676205051771344601e-01,-3.985687863846987811e-01,-2.258066948752641689e-01,-2.058260095781250243e-02,-2.521020977914036759e-02,-2.360156341711905081e-01,-1.656302755420696882e-01,1.108896695020864520e-01,-4.795902601188686137e-02,-1.842543008017135664e-01,-1.524807233211703493e-02,1.136947884515766005e-01,4.277970491720025081e-01,5.153678082220339851e-01,2.206786165538227040e-01,2.693305866170889740e-01,5.955023614005706678e-01,4.151319087913594164e-01,1.230007726945508556e-01,3.127395559291696880e-01,2.311333783542902642e-01
-2.831308685791443236e-01,-2.861068788711340072e-01,-3.205679671107020123e-01,-4.040016772699017156e-01,-3.925249847716136831e-01,-2.961600136669413907e-01,-3.857102074419510584e-01,-4.354133460313212578e-01,-2.196727221814155917e-01,-2.679396315878876389e-01,-2.816577051016904143e-01,-2.261967659992814295e-01,-1.322626067091440261e-01,-1.154016385841221959e-01,2.592509693030202803e-02,1.635267578108956787e-01,2.124965855790474367e-01,2.047720282821321180e-01,1.070922000510527022e-01,5.311206039631168052e-02,7.699153729561429571e-02,2.004420852878676870e-02,-1.260874011057346034e-01,-1.346855757976267998e-01,-1.047137099369566948e-01,-9.007959798492791437e-02,3.463328113327197866e-02,-1.790519312646374900e-02,-7.417509022963315879e-02,-3.170016804298515095e-02,-3.022789446444467190e-02,6.988846119279930325e-02,1.633015376944990105e-01,5.343485618032422363e-02,-6.375423909086538887e-02,4.901262846648059279e-02,1.000116171333428339e-01,2.553151002236856565e-03,-8.084086914516781797e-02,3.487287957155002505e-02,-7.199520044147360298e-03,1.938603342792942844e-02,9.194049951844937563e-02,1.483045510349692286e-01,1.855102854560556902e-01,1.392226099414709817e-01,-1.843880387465210088e-02,-1.498914769011843451e-01,-3.684219789184792759e-01,-2.902415034882798173e-01,-1.929666724055390248e-01,-3.379360086760350157e-01,-2.529128021847417140e-01,-6.711146090755099047e-02,-2.495500468100411012e-02,4.011198726162268358e-02,2.159639335676069583e-01,5.272384310439405253e-01,5.680357726285633069e-01,7.480484835799441345e-01,8.971904675377188054e-01,1.000000000000000000e+00,9.131883730427733381e-01,8.334110967577915696e-01,8.030247783885593460e-01,7.053381078064904219e-01,4.859566863657935332e-01,1.611373135796421996e-01,1.339297876563943224e-01,-9.044026918876811594e-03,-3.714535670936961083e-03,-8.720515175377642481e-02,-1.407855323055086094e-01,-7.792374359725087740e-02,2.083735446318579938e-03,-3.284301502549067525e-02,1.083417011132198349e-02,-6.825339877568085967e-02,-5.838346167132087150e-03,-1.528017541771178323e-01,-2.631081554396019762e-01,-2.954932684045546987e-01,-3.167677879769930094e-01,-1.346919827185097673e-01,-1.403396240801009498e-01,-2.565309586026764954e-01,-1.462010732014784320e-01,7.030892761377444990e-03,-7.381528801066521150e-02,-1.771094327652873168e-01,-5.609885174218132153e-02,-2.621921564634020416e-02,-1.517147237028897699e-01,-1.572128378326368148e-01,-1.860301918858921211e-02,-1.020899006060158216e-02,-1.009336191962287577e-01,-1.046738692958864014e-01,-2.790935105801944233e-02,-1.406964602498443108e-02,-6.596611295518142737e-02,-1.681282516626122214e-01,-2.090820416772255497e-01,-1.902006224471488871e-01,-2.296376562982797576e-01,-2.920466296741472401e-01,-3.306941007538586885e-01,-3.751697694121288174e-01,-3.504795916405286649e-01,-3.400129616389113152e-01,-4.667854170488126009e-01,-4.684191731107944512e-01,-3.584957452969552150e-01,-3.102527642473855152e-01,-4.144924451193326420e-01,-3.278037024714414716e-01,-3.284125165564587001e-01,-4.061393223412605447e-01,-3.671828202151686815e-01,-4.316171697571092869e-01,-3.982935905164259882e-01,-3.119094401750696077e-01,-9.640812058005752971e-02,1.671622025691872349e-01,1.722572816696829601e-01,-4.523697782976950771e-02,6.083356306095057120e-02,3.792887112572116415e-01,1.955219753336403243e-01,3.011987716639092944e-03,2.516050302065486188e-01,3.971749146102656614e-01,7.395349151297383461e-01,7.866319167890929442e-01,5.282876825041094015e-01,5.984643861908279794e-01,8.392306904893688246e-01,6.692561344874566887e-01,4.264167537815206077e-01,5.516983796947253493e-01,3.695363387591524273e-01
-3.394806883882930948e-01,-3.279987967908168933e-01,-3.700626621465564203e-01,-4.795167381020316033e-01,-4.411416428218801755e-01,-2.884502777421681374e-01,-3.966964357567795418e-01,-4.686458454459643264e-01,-2.086903128154740106e-01,-2.039385188895144752e-01,-2.390626092494395616e-01,-1.913610830839011789e-01,-5.983672087389612509e-02,-8.380570782033414101e-03,8.726560427571027068e-02,2.186755575387945572e-01,2.994898923642878574e-01,3.082085986253204624e-01,2.288888666978242947e-01,2.036414116117304107e-01,2.288977727710624910e-01,1.624843330424466659e-01,1.665995838548904942e-02,-3.409259709022326168e-02,-8.494531741263910973e-03,7.663175680239893428e-02,1.874199029480937140e-01,9.201986767458515681e-02,3.334523629748532836e-02,2.726475512620839953e-02,1.124422219219554930e-01,2.145328766758703432e-01,2.750095079899552708e-01,1.412410101043929112e-01,-1.469577608405405085e-02,1.223260888966631738e-01,1.230414523474749888e-01,2.812300595936760572e-02,-7.305885444460186173e-02,6.346091082516081526e-04,-6.813301825926050548e-02,-9.896196446868207874e-02,2.801316008132109445e-02,8.518494160505687973e-02,1.796100827777268871e-01,1.313495697301504950e-01,-4.255366221528074366e-02,-2.500919510126794476e-01,-4.811615223137784558e-01,-4.294228927044519417e-01,-2.808545457483598295e-01,-3.790308384552550924e-01,-3.149122194452935175e-01,-1.074879525311236567e-01,-1.069432901806013046e-02,7.682277506870081006e-03,1.518314371715723810e-01,4.626247706989387032e-01,3.962197247762207497e-01,6.753386152308439305e-01,8.587042195887484297e-01,9.131883730427733381e-01,1.000000000000000000e+00,8.847405962471043273e-01,7.294238472373464344e-01,7.341974199639468290e-01,6.373358175160220851e-01,2.346179744925070421e-01,1.425940284228845722e-01,1.082817830679291410e-01,8.170947889222233973e-02,-6.187921473327715610e-02,-1.126462007143482630e-01,-1.559508450431645876e-02,1.511751772779907146e-02,-3.697506415732264295e-02,4.069572722491727329e-02,-7.051846196671151222e-04,1.435436131983966745e-01,-4.663572258581502594e-02,-2.035089055938982538e-01,-3.206132639929916150e-01,-3.942322662679175194e-01,-2.117838529026100924e-01,-1.867423587933496887e-01,-2.882738068141995624e-01,-1.722153231713457466e-01,-5.325546390227357818e-03,-3.004418736595841286e-02,-1.055533469540859276e-01,-8.772387598364373221e-03,3.996884785106465804e-02,-3.630987178087220074e-02,-7.402238175943072485e-02,2.268756898405845449e-02,3.227085588591623033e-02,-4.743428890236268264e-02,-6.999985060183039343e-02,-2.342068458582557966e-02,-3.787829799542603154e-02,-1.058668679869541329e-01,-1.823982052604230519e-01,-2.132810909762991314e-01,-2.537909657351151149e-01,-2.869061468345471266e-01,-3.056360908754088279e-01,-3.789060273416917091e-01,-4.663808815562356380e-01,-4.150504797785649624e-01,-3.635321832394210473e-01,-4.991481140678750150e-01,-5.149572457281269555e-01,-3.674987484592515119e-01,-2.620244667244583936e-01,-3.669993706526445965e-01,-2.636351246582395169e-01,-2.752813414863181651e-01,-4.142681652537326120e-01,-3.715166980310650735e-01,-4.696630838007531117e-01,-3.798569880175318714e-01,-1.966139072882613914e-01,7.444242613713068779e-02,3.778218461340275836e-01,3.759747692472237279e-01,1.156457846057938055e-01,2.011600315025145469e-01,5.029998702569443703e-01,3.043314890460115940e-01,6.093267138273812666e-02,2.329616619165239266e-01,3.008966618179420016e-01,6.159692037877043669e-01,5.665663513295036147e-01,2.736769843072789365e-01,3.648600060396497424e-01,5.983707580866663989e-01,3.616174584917340451e-01,1.279422267119504353e-01,2.964564252000673750e-01,1.470995972276486208e-01
-2.931879696606485841e-01,-3.121744898158574921e-01,-2.584684310848065492e-01,-3.514048511484195725e-01,-4.348127421810699667e-01,-3.117741474934606072e-01,-3.494103597870870104e-01,-5.031999798504523946e-01,-2.638183935247803147e-01,-2.916276544407486182e-01,-3.465745600705875673e-01,-3.381510300246967637e-01,-1.826888722943440513e-01,-1.955310481005220202e-01,-1.077099105922320749e-01,2.157970587549650279e-02,1.120382147760237701e-01,9.974742470145905870e-02,-1.080920026493114748e-03,-2.376438852540558525e-04,4.116219847872688159e-02,-3.088641042454677924e-02,-1.450294162865932712e-01,-1.431867263068939689e-01,-8.704616281782258380e-02,-3.898024595751670845e-02,4.709754676328228862e-02,1.407473341387080988e-02,-1.199624024277434753e-02,2.636945028940533564e-02,1.201141288225465037e-01,1.541618014887361499e-01,2.055725703326578835e-01,1.700813109581011118e-01,6.563083673316916222e-02,9.754387464661759544e-02,1.738526266013081245e-01,2.251854917656851696e-01,1.740252197668857026e-01,1.084215060284111770e-01,1.353629833799309956e-01,1.492479689163674246e-02,4.965993906816834613e-02,5.135550366504425951e-02,7.941873068283716863e-02,3.441338940132310925e-02,-5.408964408932991769e-02,-1.968404329446133971e-01,-3.969201671136315390e-01,-2.241794322172219744e-01,-1.227771360422598088e-02,-1.280183821750100204e-01,-7.875682383471195938e-03,2.496333105060047908e-01,3.745155323128249170e-01,3.722649258782575465e-01,5.095160296328513638e-01,7.930705519309648732e-01,6.663218423068711926e-01,7.849290178980802279e-01,8.252135050399026506e-01,8.334110967577917917e-01,8.847405962471043273e-01,1.000000000000000000e+00,8.728116399563639050e-01,7.617466589886250361e-01,7.630295880220112625e-01,5.126077121533630931e-01,3.547319447441280027e-01,2.551848871151262133e-01,2.807806420862908325e-01,1.027787904962684795e-01,3.615356142921731519e-02,9.648825907338558217e-02,1.046669773077028714e-01,3.769861335058641294e-02,1.427865204769609986e-01,1.689983081251131974e-02,1.369969566991754151e-01,-8.295872188034138228e-02,-1.771020494499043196e-01,-2.726149679551186367e-01,-3.026668736383570923e-01,-8.995601749274607928e-02,-6.841698195215187295e-02,-1.542385850398982627e-01,-4.572569952513409058e-02,1.160258611990086786e-01,5.250787099955493004e-02,-3.286830099837400460e-02,7.038341881807494427e-02,7.235583860806753254e-02,-8.055374102351737023e-03,-3.553623727751359374e-02,6.888749750515277270e-02,8.387290175168371498e-02,-4.800934350064690534e-03,-9.932281601768341156e-03,5.598918620746610314e-02,7.532700912883864841e-02,-7.420013181973513991e-03,-1.068245645850442321e-01,-1.253809063356650100e-01,-1.434578843814758031e-01,-2.200107556203374781e-01,-2.751810699035774910e-01,-3.156313217981300268e-01,-4.214589442825619758e-01,-4.269717045052353055e-01,-4.079653779889277354e-01,-5.578354794365644187e-01,-5.988032946422855440e-01,-4.933565150163641277e-01,-4.430758117099575788e-01,-5.476765850263821678e-01,-4.684657075722818420e-01,-4.484018760016457716e-01,-5.310964466815959462e-01,-4.614135997597124117e-01,-5.187101071126463125e-01,-4.512150846900297441e-01,-3.360915994395988760e-01,-7.753718983721072378e-02,2.137938438997465940e-01,1.167157640075733305e-01,-1.340957849232768395e-01,2.851857471829258306e-02,2.703888013464482709e-01,3.986271281783866638e-02,-1.101866463085217490e-01,1.182148483192037303e-01,1.788569093147102107e-01,4.575622465716298048e-01,4.366102032640784003e-01,2.364583231944954178e-01,4.053476096672447571e-01,6.107674189493356165e-01,3.739710665586223892e-01,2.168648252910041208e-01,4.637735432833242077e-01,2.567650808819866293e-01
-2.826585341806148732e-01,-3.030242350550559349e-01,-2.942067907064090937e-01,-3.707157050693236644e-01,-4.230010174215987351e-01,-3.446745660456929095e-01,-3.790822601946208792e-01,-4.926988946267183422e-01,-2.735200688272812486e-01,-3.567814322651915449e-01,-3.716871180754418025e-01,-3.412002867452850197e-01,-2.294503876618456117e-01,-2.555818983434101077e-01,-9.242359801235429384e-02,4.205777209124803018e-02,1.107996209537111670e-01,7.400299878293678524e-02,-4.669404703125376588e-02,-6.054579567030642789e-02,-4.236526563088777175e-02,-1.221577031307844591e-01,-2.543818588015634430e-01,-2.420403527089823315e-01,-1.731072450195748069e-01,-1.659275659408549486e-01,-6.610274001615366879e-02,-8.940868305450899722e-02,-1.229767456745195359e-01,-4.515209734501185457e-02,4.612208488061988326e-02,1.095904289428578371e-01,2.063512958959195509e-01,2.159972601652452862e-01,1.749282081235426778e-01,1.644013385965741869e-01,2.759895105202453958e-01,3.514418322631640001e-01,2.762709927832955326e-01,2.011074832532507017e-01,2.040883237658371041e-01,1.063929274676796433e-01,1.372027564694050517e-01,1.282916392080215851e-01,1.364284826367544168e-01,9.632085774478849061e-02,1.191432672200831711e-02,-1.106489360694246638e-01,-3.255968089855681979e-01,-1.711401464113633253e-01,1.819537671632863451e-02,-1.153505070554001616e-01,-2.981224464671379526e-02,1.751527605087731809e-01,3.762966421957468777e-01,3.835046413681528210e-01,4.450350887042445747e-01,7.736740045226990770e-01,8.067014471401752207e-01,5.983049918635828801e-01,6.256375128364775051e-01,8.030247783885593460e-01,7.294238472373462123e-01,8.728116399563637939e-01,1.000000000000000000e+00,9.008392211328541954e-01,7.934743970989398543e-01,6.735651307356322892e-01,6.324748149587743340e-01,4.465740504127221344e-01,4.273437987949297301e-01,2.832981921114740564e-01,1.813163932137407397e-01,2.139206197977533142e-01,2.034879522928705331e-01,1.303375829812217224e-01,2.643209490534313977e-01,8.448788323435522940e-02,1.713282496459505033e-01,-2.887593689923491531e-03,-5.406685134049505487e-02,-2.160134309644757278e-01,-3.028154301529267234e-01,-1.270164848859769990e-01,-5.287469353070490402e-02,-1.468029865972608761e-01,-1.526585898955025999e-01,1.526902694494372895e-02,6.756595016241613745e-03,-1.649366350228995415e-01,-9.218381241562056960e-02,-3.926510247419137678e-02,-1.726611713192021391e-01,-2.256123356790079859e-01,-7.079872260997258082e-02,-7.938285035020097025e-02,-1.800841207806053168e-01,-1.846759279536146769e-01,-1.040238283404953390e-01,-9.313527876315344511e-02,-1.304927838648091976e-01,-2.481737986902498583e-01,-2.913408003102244681e-01,-2.541973233942774746e-01,-2.940980882511372574e-01,-3.643535907258263484e-01,-3.561102291111826190e-01,-4.273893625859135903e-01,-4.158422894137722148e-01,-3.735379940045254754e-01,-4.857858465376749812e-01,-5.265085431462899201e-01,-4.089915362763444917e-01,-3.245755111067562537e-01,-4.419590454709869110e-01,-3.724447436474084827e-01,-3.792356024747038923e-01,-4.639930210444725422e-01,-4.044260320931842845e-01,-4.598141292821770199e-01,-3.671548876491888547e-01,-2.107470022331869863e-01,-2.819126182347216243e-03,2.654304187597271159e-01,1.487682804975645201e-01,-2.939507132103174117e-02,1.804439505490966766e-01,3.741127327804334435e-01,1.479076794572414810e-01,3.872848866020497938e-02,3.407860086367580088e-01,3.918184621638021170e-01,6.507803048716388483e-01,6.289794303519757879e-01,5.357028433806405587e-01,7.528197087521444342e-01,8.400003698905937899e-01,6.519761467733565796e-01,5.817596600589488576e-01,7.899009173601104772e-01,4.690696539315070690e-01
-3.634026748686043917e-01,-3.604112673043040616e-01,-4.606949979281228513e-01,-5.342746252077070768e-01,-4.768699188314760584e-01,-3.588544340605870908e-01,-4.634885749130279731e-01,-5.156221341128731650e-01,-2.527968152870137541e-01,-3.132549915170156907e-01,-3.076677714832896093e-01,-2.534146910455546409e-01,-1.406099174409869701e-01,-1.151081836044310358e-01,7.138183961531933963e-02,2.014364036061957741e-01,2.740163691569294513e-01,2.382159992252513847e-01,1.361856727678842915e-01,1.263886361680010562e-01,1.308071394263915777e-01,4.184362732446077898e-02,-1.080632512055585276e-01,-1.347200528561056376e-01,-8.388112777949402465e-02,-1.857124130239771326e-02,7.898164648895410200e-02,3.547385031016698012e-03,-4.178681378199327473e-02,-1.464559157223251258e-02,1.432038835011558708e-01,2.368417733011855819e-01,3.363535067418822466e-01,3.121010929861867678e-01,2.490707493911859527e-01,2.863151430484225934e-01,3.652006599492987893e-01,3.982316346295349252e-01,2.766094303189239878e-01,2.409709176219985705e-01,1.841070680821033367e-01,8.550215187321147381e-02,1.890098254764051022e-01,1.886813511548321165e-01,2.455720846926649215e-01,2.036350032446798686e-01,8.350896962734621898e-02,-1.215122237024157809e-01,-3.908301704937844345e-01,-3.122758341059234666e-01,-1.156462016416814897e-01,-2.554390514676205259e-01,-2.555039279562006937e-01,-6.592905333014843772e-02,2.035668695306207809e-01,1.288538665881993617e-01,1.234679388825736940e-01,4.877913355743855872e-01,5.055958710123095168e-01,3.224487108457297357e-01,4.519358021624045874e-01,7.053381078064903109e-01,7.341974199639468290e-01,7.617466589886250361e-01,9.008392211328541954e-01,1.000000000000000222e+00,8.966920483054783286e-01,7.159108765834214516e-01,7.259888429754756123e-01,6.304358915110299666e-01,5.284550277315004374e-01,3.676978025831472707e-01,2.563380459332533778e-01,2.928417223456399321e-01,2.303248125884540531e-01,1.380015506089512789e-01,3.200821128716057062e-01,1.395714965030378230e-01,2.928415547130037155e-01,1.102923871126228889e-01,3.954441373229220652e-02,-2.597466213916079791e-01,-4.307201598887027694e-01,-2.780910199904145230e-01,-1.449167354840323052e-01,-2.124146198247734429e-01,-2.881602420748646254e-01,-1.004259002016129748e-01,-1.348256007402122598e-02,-2.030068404649359726e-01,-1.673909435687682135e-01,-5.174427356463788541e-02,-1.613580528780171330e-01,-2.609213607264154189e-01,-1.151335639438588881e-01,-1.367957231125517814e-01,-2.335648722945065370e-01,-2.615033239861440650e-01,-2.064916506060414936e-01,-2.418226215848699456e-01,-2.660658917179063998e-01,-3.678705154794716936e-01,-4.226251756625610256e-01,-4.172854797570307306e-01,-4.173906364047602624e-01,-4.394405470690844195e-01,-4.385443680963959645e-01,-5.285947418342175075e-01,-4.481255187259571282e-01,-3.247031908295171521e-01,-4.395463648601258266e-01,-4.886721168758620948e-01,-2.925066595952787174e-01,-1.184586458561478484e-01,-2.817943543307293575e-01,-2.008786083278352452e-01,-2.665561162711197474e-01,-4.252877079908969349e-01,-3.883753931201314180e-01,-4.819720255416729549e-01,-3.190658772362041651e-01,-7.421551828890941317e-03,2.176271877212468120e-01,5.290972485669966918e-01,4.381800149944214406e-01,2.774367816171651735e-01,4.993268926020673626e-01,6.811871597502644482e-01,4.628031566723893042e-01,3.073045276191898600e-01,5.750887141881015907e-01,5.689960670730414005e-01,7.636385675547928686e-01,6.190817729150599469e-01,5.351057663086460359e-01,7.291265303205411996e-01,7.150695430887686888e-01,4.956055650898107956e-01,4.502021612134659567e-01,5.901786215000935920e-01,2.396760748912601935e-01
-3.764398142507927592e-01,-3.696390587564380992e-01,-4.217335669510107743e-01,-5.117357356097947951e-01,-4.957255470503489914e-01,-3.421244248695606838e-01,-4.212688205549475207e-01,-5.445730294051962517e-01,-2.610750807392176465e-01,-2.817739414600227699e-01,-3.107108373791531153e-01,-3.048134420993874327e-01,-1.453489326281244554e-01,-1.197418169422107548e-01,2.224832875674095673e-03,1.177438617059037990e-01,2.234219531240812517e-01,1.883719288157384986e-01,9.990766296689741754e-02,1.427103366858334665e-01,1.593402831865432800e-01,6.296504411338930962e-02,-4.894935181296257432e-02,-6.868830541126119682e-02,-9.480104415651760888e-03,9.918460605788177731e-02,1.475800086364676411e-01,8.086962574775725943e-02,7.270593826549251459e-02,6.123165329835978526e-02,2.969955153105718337e-01,3.294605528064520894e-01,3.859116337242395889e-01,4.185162910952211490e-01,3.691089567146064732e-01,3.464714578888158925e-01,4.264630381797391290e-01,5.530259366763483619e-01,4.329870641503758555e-01,2.740166275460615974e-01,2.542972197458316375e-01,5.749713618524224246e-02,1.545892931384444391e-01,1.025287114462744703e-01,1.711442584580222248e-01,1.223314084705681981e-01,4.562459970051597341e-02,-1.927367090695019936e-01,-4.459840941071989695e-01,-3.301139780396633028e-01,-5.862395273462706058e-02,-1.527499306590421047e-01,-1.574233486779047508e-01,6.090853355417081422e-02,3.971599507023834130e-01,2.736457959083421487e-01,2.221751022235906869e-01,5.448338146748511468e-01,4.470615023045481085e-01,2.651791466731477920e-01,3.349089010203893380e-01,4.859566863657937552e-01,6.373358175160219741e-01,7.630295880220112625e-01,7.934743970989398543e-01,8.966920483054783286e-01,1.000000000000000222e+00,8.716788154870540595e-01,7.840560758423464893e-01,7.770466152434387652e-01,7.250514678248873857e-01,5.149589083071461904e-01,4.016500791082465716e-01,4.671255264493647252e-01,3.458457188720573949e-01,2.651857425739881369e-01,4.765226822441969157e-01,2.994144629838638161e-01,4.859322914330727050e-01,2.607606115667178148e-01,1.839434812014321130e-01,-1.590901205195733581e-01,-3.756907903337399213e-01,-2.376580446475162756e-01,-6.872542083036323191e-02,-1.189005355746187154e-01,-2.233247806877451669e-01,-4.457654973870349424e-02,8.831258143721150422e-02,-6.254803466712705040e-02,-7.418520387680996309e-02,2.941725193549249093e-02,9.476254443501745672e-03,-1.128786820936920066e-01,-3.559724883289847736e-02,-5.745492639836091014e-02,-1.260574319890448158e-01,-1.706747253070819703e-01,-1.516284997212866137e-01,-2.079206263334678340e-01,-2.581779947549556198e-01,-3.221661829681684019e-01,-3.514623113044822444e-01,-3.984189323691161300e-01,-4.081945118125744343e-01,-3.958597999355042418e-01,-4.032573869190707594e-01,-5.328514524740901592e-01,-4.736954083011423178e-01,-3.576105425657738479e-01,-4.479601505253292260e-01,-5.206126803403219316e-01,-3.681618594344511219e-01,-1.930953782474791325e-01,-2.933157671889069507e-01,-2.240060942390310061e-01,-2.444084613949492890e-01,-4.008156436366631103e-01,-3.327737658327450943e-01,-4.332943733848838019e-01,-2.423376263477499959e-01,6.821407038445899407e-02,3.149383566147259672e-01,5.943491502467114218e-01,4.246457771812711668e-01,2.341733897114979535e-01,4.350152110297613728e-01,5.339679245740263092e-01,2.963993033016231737e-01,1.537223600956587055e-01,3.450260231151864865e-01,2.788929001287629439e-01,4.357565615903353229e-01,2.677225426975954337e-01,2.153204457220909418e-01,4.339970917216280366e-01,4.185954495965386046e-01,1.911619451811981951e-01,2.010285673141780360e-01,3.905668150892490087e-01,1.105877935869670203e-01
-2.371649293463773400e-01,-2.542600495166758012e-01,-2.701165975540262276e-01,-3.099330321242161346e-01,-3.404476076840545762e-01,-2.658252561629246280e-01,-2.831919024312180011e-01,-3.978069193941143888e-01,-2.227494925918156732e-01,-2.700183814231029711e-01,-2.726745933717334425e-01,-3.018145747000684498e-01,-1.962982998037633431e-01,-2.161470765343091183e-01,-1.145000984342416511e-01,-5.382197056758417780e-02,2.022283604135409821e-02,-4.387749699915019508e-02,-1.149911738456548815e-01,-3.759152669674110242e-02,-4.379506627225112497e-02,-1.291315956120052122e-01,-1.688516381431227342e-01,-1.546293573435594815e-01,-7.578286443366878677e-02,-6.973959577473105853e-03,-2.907322027550705845e-02,-2.396256579181803639e-02,2.098987133477909009e-02,4.036658938610724473e-02,2.837662177801374974e-01,2.505806816597861975e-01,2.882780051751575034e-01,4.495604150911177155e-01,5.043982927605928923e-01,3.595310007600389657e-01,4.771528031622926935e-01,7.219979739790882700e-01,6.410772073095676316e-01,3.630920841176836777e-01,3.899762345478184900e-01,1.566331827234118401e-01,1.843839593555936796e-01,7.550448114406485556e-02,8.147694684025522105e-02,4.793287162444109795e-02,8.138677281974028566e-02,-6.271592001141292061e-02,-2.267323673831285469e-01,-7.938489009802808527e-02,1.707070604646812040e-01,1.045749821188006606e-01,8.515664384390013442e-02,2.489784402617945258e-01,6.021293095517950000e-01,4.560485006970431132e-01,3.267776344648787856e-01,5.593416903822266972e-01,4.977994153365499774e-01,5.632893784760801409e-02,1.120977241597239174e-02,1.611373135796422551e-01,2.346179744925069588e-01,5.126077121533630931e-01,6.735651307356322892e-01,7.159108765834215626e-01,8.716788154870540595e-01,1.000000000000000000e+00,9.353986600424091247e-01,8.725625001779617751e-01,8.669589902638606960e-01,7.132340462665107683e-01,5.944193020086580015e-01,5.907019803916012668e-01,4.472914554830821898e-01,3.625707165373008301e-01,5.473673880937484082e-01,3.184863236382413088e-01,4.288298080692020120e-01,2.688340244957683756e-01,3.054247111803523040e-01,1.564732452804138470e-03,-1.739037416518018908e-01,-9.090525124332304863e-02,9.242818397877161640e-02,8.767976090024776070e-02,-9.634846837112547024e-02,2.122736647388377695e-02,1.674438440045608045e-01,1.080102736829410522e-03,-6.095699347244203786e-02,8.249808248724267712e-03,1.794745327802265084e-04,-1.220181613574395363e-01,-5.852510591095318876e-02,-9.280885184661807896e-02,-1.457161906273858332e-01,-1.704408837478566807e-01,-1.468949590613588818e-01,-1.759043969521458528e-01,-2.035526895523778468e-01,-2.566104071028177391e-01,-2.652876626442614016e-01,-2.662369924552359102e-01,-2.788643735167474769e-01,-2.884527918644844147e-01,-2.337575169021968713e-01,-3.406216023623291345e-01,-3.315684737555631423e-01,-2.534625274335300937e-01,-2.993621930584963731e-01,-3.869590066598537770e-01,-3.091333211495433941e-01,-1.995400218411967630e-01,-2.681417632290231112e-01,-2.555416782433805878e-01,-2.559384158173550472e-01,-3.261234850095910409e-01,-2.557307145667704340e-01,-2.929346179302499409e-01,-1.398677529362752081e-01,6.948298187611498533e-02,2.021367410916129759e-01,3.731346957744332560e-01,1.438258219039440233e-01,5.611217493583044863e-02,2.878432414356924540e-01,2.532181954559304948e-01,5.373046578304495335e-02,5.454461253761968414e-02,2.421536993476648414e-01,1.404251573878707582e-01,1.958780332293864335e-01,6.902051131171639542e-02,1.643265871470049044e-01,4.129146936746430074e-01,2.947188112905655966e-01,1.497472618443793924e-01,2.800655572108994851e-01,4.645481421994580584e-01,1.753634457180056894e-01
-2.433418861800985822e-01,-2.573166854373379331e-01,-3.456080574853302445e-01,-3.771906779522561926e-01,-3.472629124393541433e-01,-2.837510235214998344e-01,-3.531400863832709902e-01,-4.027473999762029577e-01,-2.213481140814299586e-01,-3.033819905650884108e-01,-2.752198213917499414e-01,-2.728389176203601663e-01,-1.961838096703914236e-01,-1.952859449867991870e-01,-1.763722464918698538e-02,5.638185255779265548e-02,1.084413316891471857e-01,2.854836758283187115e-02,-5.150478495703238180e-02,2.666690905127448892e-03,-2.594349370628654811e-02,-1.198724476537424144e-01,-1.889062566016738165e-01,-1.722441089204422571e-01,-1.031343354351532682e-01,-4.537637006701660675e-02,-4.513575185849075244e-02,-5.454330709959975126e-02,-1.461367726546472338e-02,1.805776301894070762e-02,2.944771697376311614e-01,2.746484868027062043e-01,3.514746865492089367e-01,5.080916649136887342e-01,5.553208447228017430e-01,4.325144318286661127e-01,5.584978907146335159e-01,7.375788662283572217e-01,6.171327817279200767e-01,4.188203195352260821e-01,3.961850321744821435e-01,2.102244831431942518e-01,2.725542423388840341e-01,1.781518170426170944e-01,1.950529924767409051e-01,1.595701773688240899e-01,1.567034851157549091e-01,-2.140545977575671228e-03,-2.089168668198977397e-01,-9.987716333308931105e-02,1.090611413033192451e-01,-5.910031417381393821e-03,-5.830357596885368809e-02,7.647811708642097972e-02,4.228971879365402975e-01,2.655006796243097322e-01,1.353982849996608895e-01,3.820862731433546933e-01,4.178034485358853578e-01,-7.689811777244741353e-02,-9.652263980415212719e-02,1.339297876563943779e-01,1.425940284228846555e-01,3.547319447441279472e-01,6.324748149587743340e-01,7.259888429754756123e-01,7.840560758423464893e-01,9.353986600424091247e-01,1.000000000000000000e+00,9.250848077455637863e-01,8.858925757839792858e-01,8.001676928463922200e-01,6.879733027245878985e-01,6.465042947639413340e-01,5.080991078612954182e-01,4.048463766392574881e-01,5.845026273805612460e-01,3.340594887035266969e-01,4.212272545502309118e-01,3.049044989126238336e-01,3.829155156757677592e-01,2.477376826463904141e-02,-1.858112333655901616e-01,-1.355004749237983253e-01,9.453455962549169034e-02,1.127374397600111045e-01,-1.600852731471096024e-01,-4.917689181274770283e-02,1.747944305459733227e-01,-3.929943655724120466e-02,-1.446579849532162731e-01,-2.800101021975453380e-02,-5.097229044590084052e-02,-2.124727363743741382e-01,-1.531805683273479435e-01,-2.029024500820304777e-01,-2.585130734510766581e-01,-2.881284902730575914e-01,-2.717592484230981209e-01,-3.151364359173476348e-01,-3.157352031359954014e-01,-3.670213835954433956e-01,-3.711556900024716166e-01,-3.525564191741330511e-01,-3.338699431225725656e-01,-3.313292380912931656e-01,-2.360642655758185549e-01,-3.285947149892397556e-01,-2.878748869800665244e-01,-1.723058550156678081e-01,-1.954962035081125038e-01,-2.847120512180931207e-01,-1.796397060513728883e-01,-4.032297806927818279e-02,-1.373442037574472141e-01,-1.396950961385939050e-01,-1.764605572115637011e-01,-2.559713600176396486e-01,-2.089191786121812333e-01,-2.469877363187386876e-01,-7.238702929138084163e-02,1.861709742356669195e-01,2.648522953827972537e-01,4.147657822557389018e-01,2.076450289876176913e-01,1.870275125929158344e-01,4.358128984588588994e-01,3.693260884748851836e-01,2.004187850913110580e-01,2.292658752966002245e-01,4.297286557707761800e-01,3.145538024536517763e-01,3.368006757331152845e-01,2.015369782010794919e-01,3.368453332124708433e-01,5.760891184441053747e-01,3.835285968845177917e-01,2.786995127151055685e-01,4.292776762216343744e-01,5.404493386179456405e-01,2.226604816916420149e-01
-2.825345975569157897e-01,-2.600805537467618667e-01,-3.884491049378931971e-01,-4.475724297985359534e-01,-3.535943624846977218e-01,-2.414732417215925686e-01,-3.586274630092546878e-01,-3.942779008488626613e-01,-1.760497927634828430e-01,-2.140325194895120742e-01,-2.121903758821810926e-01,-2.010145723552283770e-01,-9.998951381986942444e-02,-7.794731422361354800e-02,3.297067950416784909e-02,9.408928685201038700e-02,1.572322927832192907e-01,1.050969082753989287e-01,5.696019548365382351e-02,1.175060006356605513e-01,9.568686723271489780e-02,1.738974265403409741e-02,-4.379710949149833582e-02,-4.199810937352165680e-02,6.296972893209339464e-03,8.414570343582371270e-02,7.724153195856488241e-02,3.186164648734026578e-02,5.526493181336399746e-02,4.351460177715276573e-02,3.552143829472716452e-01,3.346759106273489159e-01,3.820304357814630625e-01,5.227085817031122961e-01,5.461520466087074199e-01,4.311344602775175616e-01,5.174489743871237835e-01,6.836377943197802232e-01,5.223035286035084823e-01,3.264036510308752081e-01,2.857225474172690460e-01,9.212411523338627506e-02,1.887805613493523660e-01,9.786842651767627133e-02,1.568114656441456922e-01,1.219126992756972977e-01,9.370097398125859511e-02,-1.165023927468097215e-01,-3.207624269299211850e-01,-2.644604580810034355e-01,-6.065212033665602631e-02,-1.363315848127374663e-01,-2.153629778867206523e-01,-9.596139541695045128e-02,2.795900599010769372e-01,1.036968043358928587e-01,-4.354947428916635527e-02,1.942298040708820006e-01,1.861058951870622480e-01,-1.925964298750856840e-01,-1.895392047503220156e-01,-9.044026918876863635e-03,1.082817830679292798e-01,2.551848871151262133e-01,4.465740504127221344e-01,6.304358915110299666e-01,7.770466152434386542e-01,8.725625001779617751e-01,9.250848077455637863e-01,9.999999999999998890e-01,9.224080969641011984e-01,8.114061642420060672e-01,7.401618819458648524e-01,7.302335097612947523e-01,5.312582319433428735e-01,4.350157779819492920e-01,6.368998144310089593e-01,4.387296320137122896e-01,5.805924511352620332e-01,4.650108607275743045e-01,5.330235481351239812e-01,9.801183130540577770e-02,-1.684712493194560901e-01,-1.686474792286598579e-01,9.379446515152652097e-02,1.487175516478357051e-01,-1.734438738045244732e-01,-7.567934342962966132e-02,1.956950153233895096e-01,5.474369094633649638e-03,-1.351327597914823153e-01,-3.931193626779719633e-03,1.552511337614736510e-02,-1.659713507199108429e-01,-1.386594213065247272e-01,-1.948545971455136749e-01,-2.371469177605943224e-01,-2.832184287257674127e-01,-2.909133507460002210e-01,-3.566107640228394215e-01,-3.576372325679455511e-01,-3.839997426762917776e-01,-3.749075537019613824e-01,-3.882151417318107089e-01,-3.513899576993754215e-01,-2.922848691822746980e-01,-1.985795233745338562e-01,-3.101796194684592889e-01,-2.376818583869500512e-01,-7.876368337104856787e-02,-7.827615040111711442e-02,-1.876344022373669651e-01,-7.311668836692555851e-02,1.104004858226268065e-01,2.925062534868170042e-02,1.416490043462753125e-02,-3.348239770087876183e-02,-1.498943775524463062e-01,-1.020146324171055940e-01,-1.580619666521311528e-01,6.898537202335851271e-02,3.971559486121306604e-01,4.701809606371993855e-01,6.052215555452870044e-01,3.949069982534027523e-01,3.795895229031750473e-01,5.909050602272509778e-01,4.612314274791968205e-01,3.111270790780850115e-01,3.164463978067170724e-01,4.102413964157105575e-01,2.217210695078644656e-01,2.043883016421845222e-01,1.165173869972695696e-02,1.321843775504878138e-01,3.462579459051599584e-01,1.497001241792510762e-01,4.253238166122947500e-02,2.010811291895215069e-01,2.785379441417069613e-01,6.405519085302176230e-02
-2.500546958141921516e-01,-2.471427764166239105e-01,-3.287550098814129851e-01,-3.880699688978675455e-01,-3.644146824483734948e-01,-2.491605690723340538e-01,-3.369507360958677866e-01,-4.387599490528652502e-01,-2.183985771697521949e-01,-2.471599199081659926e-01,-2.583553994048586322e-01,-3.187601067400787636e-01,-1.911072670715692479e-01,-1.688642401327665465e-01,-8.459975082497299403e-02,-2.629203449987392235e-02,5.365485904298195746e-02,-3.006892051543357328e-02,-7.915265310119970477e-02,4.145067593072226941e-02,1.194582192511262422e-02,-8.333882728647201699e-02,-9.181081416392335159e-02,-5.140169581967066886e-02,1.942118770375990053e-02,1.006381085009783738e-01,2.729254506336077982e-02,2.006055340423773883e-02,1.002868361552797932e-01,7.373004009839249917e-02,4.837698278050305278e-01,4.074034623714967163e-01,4.454861929066439297e-01,6.685184352116378959e-01,7.060689815338565545e-01,5.252056533731902510e-01,6.437030278547586359e-01,8.430312472911143384e-01,6.708601731996551853e-01,4.031254038271203100e-01,3.885934549260769977e-01,1.490608594386936825e-01,2.343847022819597892e-01,8.118185345338162218e-02,1.259062061678318245e-01,6.140467475783618206e-02,7.466497406505288870e-02,-1.471039626839212022e-01,-3.436025814959730029e-01,-2.195109189659244786e-01,2.484501697843262413e-02,-4.298217614252459323e-02,-1.110961761648730367e-01,3.300136659926349719e-02,4.040721719443554627e-01,2.152011702723332642e-01,7.644999724375567407e-02,2.773764101420571615e-01,2.461225046253257276e-01,-1.098263598181709599e-01,-1.238958478151862275e-01,-3.714535670936893429e-03,8.170947889222221483e-02,2.807806420862908880e-01,4.273437987949297301e-01,5.284550277315004374e-01,7.250514678248873857e-01,8.669589902638605849e-01,8.858925757839792858e-01,9.224080969641010874e-01,1.000000000000000000e+00,9.348044138276878634e-01,8.643722756049443401e-01,8.771374037782658784e-01,7.453381069403870463e-01,6.614751095669385572e-01,7.957788951253254028e-01,5.533924361875245390e-01,6.178948164319512104e-01,4.930764993595029844e-01,5.916303505683466746e-01,2.340969913706204553e-01,-3.174416787436706855e-02,6.581882150271153864e-03,3.023953610441764694e-01,3.031001173860329301e-01,-3.294210109157863497e-02,7.550728381122416566e-02,3.485318652263673100e-01,1.300479564200491545e-01,-3.967414283390671009e-02,5.765022022849568273e-02,1.229493424882561470e-01,-7.723408790546028302e-02,-1.002088085190878525e-01,-1.451980740527825664e-01,-1.670798294368625592e-01,-2.152709986014411103e-01,-2.417071247698792114e-01,-3.006325718149170378e-01,-3.362040701263155351e-01,-3.462210991284409567e-01,-2.985018726826749735e-01,-3.143472466030156065e-01,-3.125379857142627227e-01,-2.720201584345202650e-01,-1.501160294053123512e-01,-2.854565380074762238e-01,-2.861219039764238969e-01,-1.943534960596791650e-01,-1.694421592463943860e-01,-2.955222984020129395e-01,-2.690634478205483626e-01,-1.410715387747683014e-01,-1.524724916770913985e-01,-1.827756620173012769e-01,-1.517310855195563857e-01,-2.084496353951950653e-01,-1.056976883357307190e-01,-1.365775562724794168e-01,6.767145846764464900e-02,2.716701300839661215e-01,3.491255223509203698e-01,4.397494666802087004e-01,1.733522277883231821e-01,1.084454211489635916e-01,3.140310353744180660e-01,2.090339696086863930e-01,2.755563191502473364e-02,2.956513313860030176e-02,1.630832783685748633e-01,6.713325655592412844e-02,9.077994077892546920e-02,-1.555147800766661786e-02,9.009710135900532435e-02,2.756392680113259330e-01,1.355774872580078061e-01,5.715062305581814633e-02,1.887258362334127693e-01,2.860273843579470565e-01,9.580983090314594552e-02
-1.928156129189635970e-01,-2.091823124364780850e-01,-3.132887324868415257e-01,-3.432663157809913712e-01,-3.112972268428653710e-01,-2.371603665814210615e-01,-3.317564948474965858e-01,-3.807329455239980565e-01,-2.081964515772416202e-01,-2.588281072136286443e-01,-2.323992767478163524e-01,-2.917495062677259998e-01,-2.061653447797567318e-01,-1.643939832184144745e-01,-3.067330918012117769e-02,1.412520217080477473e-02,6.496076167504487298e-02,-5.035351283147780632e-02,-9.146735897139890437e-02,4.527400846369641907e-02,-2.582747277598828814e-02,-1.320009178727643562e-01,-1.186285131022573741e-01,-9.396656048883925139e-02,-1.754037669884019393e-02,8.162059993787842971e-02,-2.732727687649009682e-02,-2.232246986750964848e-02,9.821666857579325338e-02,8.580604334689520551e-02,5.831499851978156901e-01,4.731410498405657639e-01,5.197714098132287797e-01,7.774811445598863724e-01,8.151241440732499566e-01,6.296294668808999351e-01,7.405036333697353479e-01,8.763116519618561195e-01,7.006753734553941015e-01,4.810939646899690114e-01,4.245501467812631824e-01,2.262801757514814882e-01,3.295074848980446003e-01,1.714363481646565268e-01,2.126982049350694959e-01,1.426598944659694390e-01,1.671329226622527142e-01,-4.276739894618147853e-02,-2.389259591652120596e-01,-1.326684529461399920e-01,7.262365110852511685e-02,-2.101719483710322994e-02,-1.161832320210870600e-01,3.780817023101290530e-03,3.097098999565069399e-01,1.161302980763606885e-01,-8.636676706444305213e-03,1.459851599828428659e-01,1.598063026898117189e-01,-1.735533906887987143e-01,-1.858771456937091116e-01,-8.720515175377639705e-02,-6.187921473327722549e-02,1.027787904962684795e-01,2.832981921114740564e-01,3.676978025831472707e-01,5.149589083071461904e-01,7.132340462665107683e-01,8.001676928463923311e-01,8.114061642420059561e-01,9.348044138276878634e-01,9.999999999999998890e-01,9.487196908257287120e-01,8.821952516698600144e-01,8.042833197092497111e-01,6.688021517392216397e-01,7.315539000610902232e-01,4.592534941773405710e-01,4.723105752018401660e-01,4.152041076479328630e-01,5.961697712425412243e-01,2.889619945353453234e-01,7.287897595733933143e-02,8.048000893604909112e-02,3.994263265601729618e-01,4.491800983257216440e-01,6.347028225324762019e-02,1.231865841413930796e-01,4.714661303377838397e-01,2.238562994701840947e-01,-1.074346049301986607e-02,9.241210122142774763e-02,1.655133388495813040e-01,-8.879356513252563421e-02,-1.613895351726218064e-01,-2.075761240364578653e-01,-2.179944212083447519e-01,-2.468190837706614182e-01,-2.877832192752520224e-01,-3.316632948959072347e-01,-3.483017279583916492e-01,-3.393511059779613093e-01,-2.480404648566134074e-01,-2.384677744753414264e-01,-2.257080679389637246e-01,-1.861743003882730951e-01,-1.158070401226342534e-02,-1.430833419045584032e-01,-1.680664823617721848e-01,-9.662094322291392423e-02,-5.067276301738857930e-02,-1.856253376916509878e-01,-1.981901521837572955e-01,-1.123051752511932400e-01,-1.240533190485105380e-01,-1.873011843911601138e-01,-1.625947807726834116e-01,-1.717648888316708478e-01,-8.401003156892415669e-02,-7.257737584274599751e-02,9.736449825205865938e-02,2.366035307482109162e-01,2.332739066181196419e-01,2.778410215452244425e-01,3.808370967179521699e-02,2.529547105549419250e-02,2.288851606876564915e-01,1.046627931184967442e-01,-3.542260395719520200e-02,7.413092593717678785e-03,1.331873895448826561e-01,5.764836504658157196e-02,5.033565399421875003e-02,-1.517126589529000855e-02,9.838048130418841630e-02,2.472771838063233529e-01,9.982397263711541291e-02,6.183328632679459258e-02,1.781101371776231679e-01,2.506335541209560036e-01,8.196930628125723151e-02
-1.141418916935161565e-01,-1.152278014155205393e-01,-2.230355742520976625e-01,-2.545977373363469409e-01,-2.016230179638298647e-01,-1.591314771741575984e-01,-2.637822119841983226e-01,-2.945853783497852096e-01,-1.513129754129835802e-01,-2.203119731461427588e-01,-2.261814978326141257e-01,-2.622010923819120265e-01,-1.872867591679896471e-01,-2.000791111850583892e-01,-1.393858749357047566e-01,-1.074216256661131991e-01,-5.541887604884051383e-02,-1.467136793319629706e-01,-1.747457985449119566e-01,-4.717736433731062329e-02,-9.422202716146219070e-02,-1.728226475534030970e-01,-1.333288978678893733e-01,-7.693150260674128105e-02,-1.221951810904557158e-02,3.411786765910099217e-02,-6.720903002951668370e-02,-5.243969731338356255e-02,4.069198350316553109e-02,4.015796502740821838e-02,5.599966195913140821e-01,4.242117075018237982e-01,4.497519395177464463e-01,7.212818924859155656e-01,7.202273953675012441e-01,4.990658493382930105e-01,6.113245070063066944e-01,7.484605198303849738e-01,5.516361750717454493e-01,3.272761109182579786e-01,2.976852338673239284e-01,1.174479802335947898e-01,1.880389567272526541e-01,3.363883335216710097e-02,6.395419816573749694e-02,-1.377721355720646886e-03,2.528478343864634659e-02,-1.242837288366965276e-01,-2.418422829884955827e-01,-1.391572361366165411e-01,-4.190111225607257538e-03,-7.196305486077775315e-02,-1.209182864455788792e-01,-2.902574848885189698e-02,2.298941060317768459e-01,6.311364618511330904e-02,-4.445004449722292361e-02,7.934302681361476983e-02,8.355405139797401903e-02,-1.643017698370098645e-01,-1.874180562023309293e-01,-1.407855323055085539e-01,-1.126462007143483601e-01,3.615356142921731519e-02,1.813163932137407397e-01,2.563380459332533223e-01,4.016500791082465160e-01,5.944193020086581125e-01,6.879733027245878985e-01,7.401618819458648524e-01,8.643722756049443401e-01,9.487196908257287120e-01,1.000000000000000222e+00,9.091460248406801892e-01,8.409796330388510377e-01,6.860615317559646265e-01,6.938384375602066889e-01,4.442451202497583740e-01,4.344758752015818737e-01,4.207378633995929595e-01,6.888809479559955262e-01,4.278436920045062819e-01,2.659398355960069793e-01,2.445927484843147814e-01,5.751256325046677498e-01,6.691100816283429564e-01,2.576126965771001198e-01,2.699242813488447745e-01,6.063636373921643674e-01,3.632778129004793910e-01,1.023476638276893946e-01,1.781766512008081116e-01,2.151234309702772241e-01,-5.922572877003503405e-02,-1.733735473985926201e-01,-2.188137725621848162e-01,-2.289256191715695332e-01,-2.410307438914789102e-01,-2.985436124812390624e-01,-2.860001954000335189e-01,-2.943852808797206011e-01,-2.755873281040430167e-01,-1.158268610042879898e-01,-7.978792698129989758e-02,-7.825806881079276633e-02,-3.153750883974859587e-02,2.031921787484215203e-01,4.520469278968498178e-02,-1.086434685782305086e-02,6.124138684151244488e-02,1.047966707867521302e-01,-8.054248725988474855e-02,-1.274080002116790566e-01,-7.782344553730392855e-02,-1.074577476346825072e-01,-2.283555027148159444e-01,-2.069840443764120186e-01,-1.771143215101214641e-01,-7.046669675645841902e-02,2.451804164109259738e-03,1.750587626823846554e-01,2.593812362060060606e-01,1.869501458420255724e-01,2.057340870727630555e-01,-4.147643993669938162e-02,-2.638108789799594595e-02,1.980387544998442051e-01,4.343351716987942784e-02,-8.031087904265635236e-02,2.456171096347728889e-03,1.083842834803531996e-01,2.241344948901083378e-02,-1.672432168866665528e-02,-7.776148505229457664e-02,2.497266123771168037e-02,1.559925137905710246e-01,1.741549127838440403e-02,-1.866524768948031598e-02,8.781975113250151121e-02,1.544452397873348481e-01,2.309643651584929874e-02
-1.326906166635807294e-01,-9.740467161319432687e-02,-1.622065240826175425e-01,-2.602625721618659349e-01,-2.209995306130989323e-01,-1.115277776249276737e-01,-2.038690637398380689e-01,-3.370775195065685570e-01,-1.325037524960944180e-01,-1.391837638159713897e-01,-2.165725870619873705e-01,-2.954017306260954823e-01,-1.517162658389398511e-01,-1.395231111776939481e-01,-2.274509533057099686e-01,-1.848351071967863635e-01,-7.748955231946710875e-02,-1.196445282762748225e-01,-1.275446485644284589e-01,2.704825285644856317e-02,1.605581722813886197e-02,-4.429808934225411970e-02,1.612013717709970956e-02,5.363603205967992782e-02,9.840138174728718656e-02,1.730253460882885119e-01,5.898846765447488677e-02,4.081418721520700676e-02,1.135381121261274107e-01,5.681375270220357515e-02,5.334623743209659930e-01,4.553019468721244967e-01,4.428781184547737615e-01,6.938789163722663966e-01,7.006418437552436318e-01,4.509769730814431332e-01,5.157468067239204812e-01,6.726851049342248423e-01,4.282659373709758466e-01,1.252407414757488180e-01,9.603131714210745573e-02,-1.131050690029254124e-01,-1.543678933645735440e-02,-1.846186207396292300e-01,-1.020366335765066218e-01,-1.876616294755286962e-01,-1.936822603818660338e-01,-4.011339284465512689e-01,-4.777815059570631462e-01,-3.752569376179354377e-01,-2.237172438463084501e-01,-1.744859143788107247e-01,-1.894887181461211989e-01,-1.280287363199728023e-01,1.934422812193482000e-01,1.033468700539890150e-01,-2.929805228843763640e-02,9.979375960073467999e-02,1.235813624160765761e-01,-1.262934268464889209e-01,-1.382006401848026589e-01,-7.792374359725094679e-02,-1.559508450431646744e-02,9.648825907338560992e-02,2.139206197977533419e-01,2.928417223456399321e-01,4.671255264493645587e-01,5.907019803916012668e-01,6.465042947639413340e-01,7.302335097612947523e-01,8.771374037782658784e-01,8.821952516698600144e-01,9.091460248406799671e-01,1.000000000000000222e+00,9.314119214472951214e-01,8.735749291823348139e-01,8.842790359273181577e-01,7.465780477413939131e-01,7.189025034312036544e-01,7.003084058236203058e-01,8.363429431614223253e-01,5.859816727598602393e-01,2.816844542298427845e-01,2.908781746969415494e-01,6.097815043891231523e-01,5.068623923703837741e-01,1.313747322576948873e-01,2.369528730975644926e-01,4.935235794869969883e-01,2.101139244792918637e-01,1.607066005655548649e-02,1.188131679952628833e-01,1.600718677638126308e-01,-9.217145073829553781e-02,-1.532974217289255481e-01,-2.043688137865624088e-01,-2.235472054156487642e-01,-2.720148384640879713e-01,-3.191735642102719317e-01,-3.337648635544104292e-01,-3.674891976460857856e-01,-3.875241985905643616e-01,-2.856051205718462827e-01,-2.439290088800954437e-01,-2.723501794803064868e-01,-2.543549808443544835e-01,-4.518885268807010941e-02,-1.464787781373325382e-01,-2.259894605699817871e-01,-1.745043916282092156e-01,-3.332437413824565486e-02,-1.772573238733165524e-01,-2.680291699177109188e-01,-1.538728552595998444e-01,-4.651019132272438822e-02,-1.181891177254533187e-01,-1.825310231830664168e-02,-2.905155406031463897e-02,1.406376328321120583e-01,1.479273062601936806e-01,3.622189432123233965e-01,4.333539845565422821e-01,4.388909138665385012e-01,4.058384925144365440e-01,1.362671358390207810e-01,7.258571215602648008e-02,1.988966406521787689e-01,7.073318377184160954e-02,-8.624189071398519202e-02,-1.183986215221422000e-01,-1.861457186092895996e-02,-4.289725959088903223e-02,-1.649143317815687099e-02,-6.365159900389122383e-02,2.625050547664234055e-02,1.388607124776646551e-01,3.848676930652667610e-02,1.498928425395130472e-02,1.161112436295915346e-01,1.757455103536365026e-01,6.634752759566853175e-02
-7.723376409804429132e-02,-5.921533138422548775e-02,-9.529310569054336155e-02,-1.921653377686892150e-01,-1.928529701116372119e-01,-1.107581518329962267e-01,-1.936352191539582879e-01,-3.438612648089971469e-01,-1.538295632140295466e-01,-1.816666099628969355e-01,-2.563874889728768869e-01,-3.674996361712289383e-01,-2.334796574245409373e-01,-2.107552817417459312e-01,-2.694701057027971691e-01,-2.111008595283436484e-01,-9.740161584964147912e-02,-1.728569002733804927e-01,-1.953067868124606365e-01,-1.558849242930002155e-02,-3.368345380411514461e-02,-1.176643170060021337e-01,-3.201697815210691189e-02,1.741595279564353213e-02,8.201923293080964905e-02,1.627457935658121468e-01,1.117996569342767990e-02,1.578110604338001446e-02,1.279938492744863432e-01,9.522611919301202099e-02,6.017974646927697346e-01,5.207278061486220189e-01,5.241090621042728825e-01,7.555083982427180933e-01,7.257150573014043982e-01,4.941365407520164621e-01,5.731155147501441061e-01,6.524069594997099486e-01,4.253837757266633046e-01,1.656576734583233568e-01,1.315275381675516109e-01,-5.463537856528223602e-02,5.121157710931182466e-02,-1.304888177249310943e-01,-5.808082157639805898e-02,-1.672493605604409017e-01,-1.748304467492966807e-01,-3.650092321391645300e-01,-4.422907912250647056e-01,-2.981274001347151148e-01,-1.579577503573715569e-01,-1.409721348220693005e-01,-1.335792853086893162e-01,-5.443182901458245432e-02,1.787962429853862945e-01,1.172636957505105854e-01,2.964569077154170090e-02,1.214374297594044971e-01,1.532889472083407700e-01,-2.364940649112131851e-02,-3.496378960028734273e-02,2.083735446318589046e-03,1.511751772779905238e-02,1.046669773077028437e-01,2.034879522928705053e-01,2.303248125884540531e-01,3.458457188720573949e-01,4.472914554830821898e-01,5.080991078612954182e-01,5.312582319433427624e-01,7.453381069403871573e-01,8.042833197092498221e-01,8.409796330388509267e-01,9.314119214472951214e-01,9.999999999999998890e-01,9.157446503456186937e-01,8.363191713132075433e-01,6.659253333645294148e-01,5.649524457466725824e-01,5.606495064975971498e-01,7.067357897611731277e-01,5.454459367052136853e-01,2.841825447739789734e-01,3.580771207152600444e-01,6.865801940378681856e-01,5.214886614364737660e-01,2.051106039953044524e-01,3.465871596961576095e-01,5.759124294464623706e-01,2.696510188363067662e-01,9.539553043554445388e-02,1.909050547158146205e-01,2.174180166702567585e-01,-4.707724301433328928e-02,-1.366321803506812538e-01,-1.867299760213188553e-01,-1.890997762422825801e-01,-2.377889946853941339e-01,-3.013101420414668330e-01,-3.022450051864123410e-01,-3.550978511390724401e-01,-3.634141023096817413e-01,-2.424265208195416910e-01,-2.113120296382119956e-01,-2.660412466637785411e-01,-2.607053158818078420e-01,-5.252858801144508205e-02,-1.681485914229024214e-01,-2.628941262858775496e-01,-2.326834435311779525e-01,-1.201118538318601270e-01,-2.560748156907228790e-01,-3.460364220017251857e-01,-2.671165963218285477e-01,-1.757960932264074627e-01,-2.344830904482870515e-01,-1.271223469121126048e-01,-1.216700498255565976e-01,5.462678630141987179e-02,7.004622578211590345e-02,2.512672757919197086e-01,2.574510355734464517e-01,2.635470838759573220e-01,2.371557826094773114e-01,7.686497765357407259e-03,-7.287607437307544456e-02,5.115079308098954142e-02,-1.315023350555485221e-02,-1.589783642751958492e-01,-2.034502648130040448e-01,-7.383670573627615363e-02,-2.333200150393336531e-02,2.197161860168711164e-02,1.978172487740416721e-02,7.324329903199403025e-02,1.569993152834800731e-01,1.028450132870152994e-01,8.622203557938179497e-02,1.333374826454723494e-01,2.008447950466700771e-01,1.006088299936282737e-01
-5.645432625138047805e-02,-1.648719809823164309e-02,-1.414387434659027457e-02,-1.310893920988649985e-01,-1.397649557815585364e-01,-2.696948190682886895e-02,-9.048295687335725090e-02,-2.729161963818998449e-01,-9.227433422695226206e-02,-7.151166687754234585e-02,-1.815261446956119018e-01,-3.006668577796661745e-01,-1.514871903315879453e-01,-1.410394948051994779e-01,-2.870995024330057488e-01,-2.458503992651328296e-01,-1.361265108345140196e-01,-1.646808367699653664e-01,-1.690134444569963978e-01,-2.222646633595320997e-02,-1.084276244825290066e-02,-5.428928865268677767e-02,2.132252744313144210e-02,1.027900737399781855e-01,1.344978153227374962e-01,1.748868008375528971e-01,4.642561599961842617e-02,4.842259379245264506e-02,1.361357636060784304e-01,5.922834834778001323e-02,4.168955478319540942e-01,3.601525950402791887e-01,3.357374564969817787e-01,5.479987071557160805e-01,5.603280679881700310e-01,3.256077484367030928e-01,3.969221385968985105e-01,5.144437328268426368e-01,3.037252934530054738e-01,3.751700197904359740e-02,4.055677530319437563e-02,-1.396108810505662934e-01,-5.326144297505892855e-02,-2.307654057681217674e-01,-1.634963508370330942e-01,-2.554796089137243431e-01,-2.580566710564016208e-01,-4.280690694511224970e-01,-4.599581667951677111e-01,-3.401447933229772569e-01,-2.111166495334683701e-01,-1.404830930202548844e-01,-1.268727990420635832e-01,-8.993878386566755978e-02,1.520911976951052069e-01,1.250025547100551415e-01,2.330427948044304018e-02,7.694728569314214506e-02,1.304570918415152159e-01,-5.866339597445744541e-02,-7.904535291178774181e-02,-3.284301502549067525e-02,-3.697506415732269847e-02,3.769861335058638518e-02,1.303375829812216946e-01,1.380015506089512789e-01,2.651857425739881369e-01,3.625707165373008301e-01,4.048463766392574881e-01,4.350157779819492920e-01,6.614751095669385572e-01,6.688021517392216397e-01,6.860615317559646265e-01,8.735749291823348139e-01,9.157446503456185827e-01,1.000000000000000222e+00,9.134699398910964829e-01,8.317004614763384707e-01,6.679717123042270277e-01,6.561550500338211300e-01,7.196892522572794215e-01,6.144056224161512647e-01,3.164958951540519094e-01,3.596744888642884330e-01,6.177306656239524019e-01,3.734241630543735924e-01,8.324725575997680982e-02,2.129010808305922542e-01,3.623831020391437563e-01,1.242030827267423393e-01,-1.853787226555728834e-02,6.089009649089962423e-02,1.540104759067041917e-01,-2.628932071446332328e-02,-1.075697557744394184e-01,-1.470063830301688856e-01,-1.204539327750056565e-01,-1.894905493014197029e-01,-2.610296177591362454e-01,-2.903462608481487406e-01,-3.184520660199745556e-01,-3.244036329857021284e-01,-2.681820372005838671e-01,-2.350618250041051072e-01,-2.734954742535384842e-01,-2.938250038123995100e-01,-1.300994735251040091e-01,-1.813264442130411158e-01,-2.956136687599342783e-01,-3.082105935687944331e-01,-1.426206171700639680e-01,-2.355692224872048546e-01,-3.832297651375740632e-01,-3.134578273065646847e-01,-1.198684938812535766e-01,-1.685066304980940566e-01,-1.185479263601692430e-02,5.391929255506464243e-03,2.068298867081380665e-01,2.118388432127727705e-01,3.697764748500981802e-01,3.079529143511194889e-01,3.338609023618063776e-01,2.412550312103843853e-01,1.045309388865030796e-02,-9.391976084319748896e-02,-5.150610998650473338e-02,-1.039853392712368207e-01,-2.476790915981648133e-01,-3.332187122479978725e-01,-2.119448717308158314e-01,-8.823499647340060648e-02,-2.921816437412647766e-02,1.114370446656844788e-02,8.107174676871835295e-02,1.138775990707334429e-01,7.896401181774853617e-02,1.192389868198403396e-01,1.777285778533880811e-01,1.795987730639625191e-01,1.463886201342160520e-01
-2.032084528015957736e-01,-1.598827581465524228e-01,-1.669546004122572092e-01,-2.970009391089007966e-01,-2.921949704202768672e-01,-1.306107443893435860e-01,-1.991295824286553329e-01,-3.914109420986636723e-01,-1.496596149401578091e-01,-1.232644141001313226e-01,-2.183474019301613334e-01,-3.156649727057699861e-01,-1.437204252139336336e-01,-1.250360819628180686e-01,-1.831782045596987984e-01,-1.149597401336227287e-01,3.852162119020079937e-03,-3.393814743729243327e-02,-6.871292473985232685e-02,5.087703228983082859e-02,6.253638350127652124e-02,1.544747381631013427e-03,4.419673653469471941e-03,8.561742974980725285e-02,1.160538433043919737e-01,1.637351813715770543e-01,1.037586509037440041e-01,7.593573531624664419e-02,1.318798214575983840e-01,5.412470932779747668e-02,3.902556276832970794e-01,3.728351119101026012e-01,3.829534120359386340e-01,5.599758249465609516e-01,5.749448012816041897e-01,3.820275008444549703e-01,4.683547800218531565e-01,6.145368874441270446e-01,4.090470762810625160e-01,1.632628072692714760e-01,1.676457724476077549e-01,-3.532793729193024757e-02,4.721599154224101480e-02,-1.074527989020972324e-01,-3.800406012566032166e-02,-1.191233995335520823e-01,-1.525844251635909421e-01,-3.788018063641105937e-01,-5.064539145814200838e-01,-4.040878153763006742e-01,-2.078174942114904000e-01,-1.751275573761145732e-01,-2.014041699439721167e-01,-1.378381934990648983e-01,1.985684781873289229e-01,1.342067793686901322e-01,-5.295201478339835004e-03,1.302762182810538738e-01,1.874696316866848456e-01,-9.764412186317221465e-02,-9.906164751594072337e-02,1.083417011132205461e-02,4.069572722491724553e-02,1.427865204769609986e-01,2.643209490534314532e-01,3.200821128716057062e-01,4.765226822441969157e-01,5.473673880937484082e-01,5.845026273805612460e-01,6.368998144310089593e-01,7.957788951253254028e-01,7.315539000610902232e-01,6.938384375602066889e-01,8.842790359273181577e-01,8.363191713132075433e-01,9.134699398910964829e-01,1.000000000000000222e+00,8.836139624493783984e-01,8.124387093809004590e-01,7.057944703406494602e-01,7.008145687386904132e-01,4.572716221914394641e-01,9.091843074945957226e-02,1.291180139561919626e-01,4.041249624011227226e-01,2.096620765542023535e-01,-1.103060609443381329e-01,4.008817167550682292e-02,2.333238078989169351e-01,1.802664021957933044e-02,-1.168988946977864568e-01,-7.423921428253686845e-03,9.480265218340226674e-02,-5.713832425375069135e-02,-1.046051966675993206e-01,-1.338272570354900604e-01,-1.136708010027110000e-01,-1.978084202567349514e-01,-2.673223472218553276e-01,-3.562782424921652757e-01,-3.923170017652247710e-01,-3.943344728409973743e-01,-3.761230061445231532e-01,-3.881671567420214575e-01,-3.916003170469387062e-01,-3.763428017670662484e-01,-2.597473678585509593e-01,-3.226213144325173476e-01,-3.629675051123660845e-01,-3.206925350515472672e-01,-1.853860825275297497e-01,-2.651691129850841100e-01,-3.326092925762226260e-01,-2.029601201270536670e-01,-5.447338038496146034e-02,-7.394236643997463554e-02,4.556626607433934134e-02,-4.797869032904181620e-04,1.641924497960188523e-01,1.117192683993150221e-01,3.130080671377377666e-01,3.974082300457105754e-01,4.851322402963200719e-01,4.454034210298035146e-01,1.990526285550910657e-01,9.068172854701497809e-02,1.513350682493156962e-01,7.808435426274086544e-02,-8.625747207152544005e-02,-1.713678637973391206e-01,-5.770661907168713606e-02,-1.859865487682255082e-03,6.340590567634707408e-02,5.179740784434032352e-02,1.461780384048248227e-01,2.261975104707062978e-01,1.479266789126079673e-01,1.687163634914363719e-01,2.698225004000436300e-01,2.635213226758921223e-01,1.949406124751169589e-01
-1.329615371554085657e-01,-5.666893413321581752e-02,-3.735964627145621497e-02,-1.912123596287778615e-01,-1.559050024597246065e-01,-9.605575678509125715e-04,-3.870511806628709750e-02,-2.313482688272944787e-01,-3.025725684287633097e-02,5.250737035577607292e-02,-8.723523283396422690e-02,-1.561725093792255825e-01,1.688646338862112226e-02,4.108046515971511270e-02,-2.051136660199805450e-01,-1.670874824647844703e-01,-3.197582392534107504e-02,2.494928063092469867e-02,4.445438367168277893e-02,1.422626078787905257e-01,1.958695578943300264e-01,1.948883741739459718e-01,2.236689757012230995e-01,2.402669118000360371e-01,2.205622115952078355e-01,2.895755491921120917e-01,2.488894569600970386e-01,1.702423066368449200e-01,1.658786272516022398e-01,4.652621578896578430e-02,2.521788806847177211e-01,2.886418755247924239e-01,2.257223971744645175e-01,3.291996361662549719e-01,3.483664000668095229e-01,1.576613362448032463e-01,1.326242837277817332e-01,2.622169043621420670e-01,4.688524634782077760e-02,-2.158549668978401725e-01,-2.323176138770673693e-01,-3.958775661525850698e-01,-2.953225343281751236e-01,-4.025645601626746117e-01,-2.757219989447518560e-01,-3.398698208342044724e-01,-4.054443604932148060e-01,-5.996799950519963174e-01,-5.928896983420288702e-01,-5.703682039862792985e-01,-4.682798088908862177e-01,-2.785940585417871485e-01,-2.536456053789987175e-01,-2.926477467253406073e-01,1.506584672081954894e-02,6.024680603812846563e-02,-8.428998992525141287e-02,-5.152666795236539136e-03,7.123481711983495335e-02,-1.352193584069142640e-01,-1.346593559887392377e-01,-6.825339877568090130e-02,-7.051846196670830298e-04,1.689983081251136485e-02,8.448788323435525716e-02,1.395714965030377674e-01,2.994144629838638716e-01,3.184863236382413088e-01,3.340594887035266969e-01,4.387296320137121786e-01,5.533924361875245390e-01,4.592534941773405710e-01,4.442451202497583740e-01,7.465780477413938021e-01,6.659253333645295259e-01,8.317004614763384707e-01,8.836139624493783984e-01,1.000000000000000000e+00,9.224010814265880542e-01,8.970065331959703459e-01,7.793988716194770738e-01,6.312811571171308422e-01,2.135266142076409912e-01,1.968251588641310446e-01,3.705037447315581156e-01,6.864119854802176734e-02,-1.701523993843732929e-01,-3.421832207767446649e-02,7.031934785412584377e-02,-9.559414865085048840e-02,-1.767044989639738328e-01,-5.702124463417500289e-02,4.611577465884603155e-02,-6.654144989340482486e-02,-9.957665153018446791e-02,-1.359152990660640881e-01,-1.149707197233091477e-01,-2.051324668755697966e-01,-2.671133871768273105e-01,-3.508726227004503317e-01,-3.737882420445811649e-01,-3.864585837060349749e-01,-4.054129518415106048e-01,-3.954042494875795732e-01,-4.053187058956823630e-01,-4.219790384497369429e-01,-3.340153242817442414e-01,-2.953688782417357994e-01,-3.811940364133427628e-01,-3.822305827191552208e-01,-1.134182840424997757e-01,-1.299517541573552148e-01,-2.837567103580482253e-01,-1.273632083785564695e-01,1.847996833497367875e-01,1.881326123580272236e-01,3.758632841135345348e-01,3.296893767328946678e-01,5.128562943010874786e-01,4.255263655612362417e-01,6.061981798236737440e-01,6.153058196333741625e-01,6.971943689337128935e-01,5.368054298411553127e-01,3.299275635510034999e-01,2.109647023918534980e-01,1.062540672522634400e-01,1.217780737223561616e-02,-1.155856689232119677e-01,-2.636265689938147028e-01,-2.413620720495773808e-01,-1.677100168309216266e-01,-7.810715937134987685e-02,-5.902490506186230251e-02,3.573513347020911002e-02,4.611384821077663815e-02,5.614720943324541004e-03,7.002545945389829218e-02,1.641652830067008573e-01,1.156520128414535442e-01,1.004015443016164216e-01
-2.467803737820451204e-01,-1.585255891837464570e-01,-1.810505023292289239e-01,-3.476882120251817976e-01,-2.739711447949981227e-01,-9.045093046129709657e-02,-1.449232593451033613e-01,-3.241154635042911569e-01,-6.976882925795291346e-02,1.155459837670892720e-02,-1.116498424122228661e-01,-1.497029803261307745e-01,3.421355069756810280e-02,8.632733761682734319e-02,-8.223688110988514044e-02,-1.556771016979954445e-02,1.257528820305640338e-01,1.814365462665911699e-01,1.820614366692865915e-01,2.571721412464548218e-01,3.096678192355458714e-01,2.884204561050143223e-01,2.605776951291429167e-01,2.434171629154745220e-01,2.267005952110454914e-01,3.293679752728569943e-01,3.345613433217848320e-01,2.248895392602256460e-01,1.938139598289098930e-01,7.119212123452636765e-02,2.755037410054605451e-01,3.225302208436023887e-01,2.939550545032407203e-01,3.509776335088108934e-01,3.419667949853857358e-01,2.240445808920735471e-01,1.893904161594441027e-01,3.017983571036181312e-01,7.166382183068112366e-02,-1.478121039753836075e-01,-1.973413214520193526e-01,-3.556119692467954452e-01,-2.267428101317260913e-01,-3.039360131863742542e-01,-1.491692278641713887e-01,-2.149847195214038553e-01,-3.282543792685023165e-01,-5.835520877070581314e-01,-6.563606225729948784e-01,-6.679612577505513737e-01,-5.289881234035774815e-01,-3.648012270807208801e-01,-3.727511832538731862e-01,-3.836503716095006067e-01,-2.052948830794640994e-02,2.603221438782559512e-03,-1.520640972689602521e-01,4.609357504007183769e-03,5.143786489467275930e-02,-1.313210432875177858e-01,-8.977057702812277218e-02,-5.838346167132137457e-03,1.435436131983967578e-01,1.369969566991754428e-01,1.713282496459504756e-01,2.928415547130037155e-01,4.859322914330726495e-01,4.288298080692020120e-01,4.212272545502308563e-01,5.805924511352620332e-01,6.178948164319512104e-01,4.723105752018401660e-01,4.344758752015818737e-01,7.189025034312036544e-01,5.649524457466725824e-01,6.679717123042270277e-01,8.124387093809004590e-01,9.224010814265878322e-01,1.000000000000000000e+00,9.239466265748897955e-01,7.570178760371826243e-01,4.963633714225500482e-01,4.773665724271631411e-02,2.844319243006215858e-02,2.142196487282106987e-01,-2.232610346756000452e-02,-2.593565276347961079e-01,-1.176290231642484335e-01,3.737895275195540074e-02,-1.133782305747443458e-01,-1.945770500512801759e-01,-4.099812781557352764e-02,4.660746250846994898e-02,-8.165432857223019203e-02,-9.940776930784415988e-02,-1.402214168747833167e-01,-1.354624826317849251e-01,-2.308145352647011372e-01,-2.882877353600485915e-01,-3.981127014299147837e-01,-4.255198793943967828e-01,-4.285356436631271859e-01,-4.521131041606584744e-01,-4.769121658608399539e-01,-4.647900359887139343e-01,-4.383432135094570969e-01,-3.929470315047390305e-01,-3.904762406353826654e-01,-4.374851547915824534e-01,-3.944771303956758901e-01,-1.496608987899371301e-01,-1.707150593726810828e-01,-2.564474406306841425e-01,-2.556783967999548546e-02,2.386426843742409376e-01,2.797926874434843447e-01,4.265370641625971793e-01,3.088762389654133300e-01,4.586381839454775067e-01,3.227996818320106320e-01,5.485217671984902177e-01,6.998097225502242225e-01,8.465197657570568968e-01,7.649783612956514434e-01,5.611441923893769612e-01,4.215118243716995394e-01,3.295325662041374004e-01,2.393606479667687026e-01,1.026124748390277452e-01,-8.422574882692111797e-02,-9.125285819376427465e-02,-9.710629653667100791e-02,-9.304833677702406547e-03,-7.079508980457560607e-02,-1.354120403606789633e-02,4.356902773195753947e-02,-4.350781430995239243e-03,-6.053351383530579909e-03,8.827774224601310504e-02,8.138020634650447449e-02,4.182718661260168697e-02
-1.368043117800637476e-01,-3.129910155596826032e-02,-5.202634136954212285e-02,-2.046199116180089095e-01,-1.212684154562292532e-01,2.031654947119965193e-02,-8.276887002339850669e-03,-1.647841099665886266e-01,2.095634630170453358e-02,1.172199721277099316e-01,-9.317887456771312138e-03,-4.635212873737398070e-02,9.701148885490788742e-02,1.611364580044647721e-01,-1.109613659928889440e-01,-8.890723050295780416e-02,3.143892808298297953e-02,1.212755921002260234e-01,1.720808562668010577e-01,2.584986552700900830e-01,3.021175989385081473e-01,3.169601569718574208e-01,3.504304341218730801e-01,2.756924118143641023e-01,2.517470063245600964e-01,3.579919985243688596e-01,3.226710675215506696e-01,2.135703632362113968e-01,1.719525957069202027e-01,3.977594768166872741e-02,2.321839241842134638e-01,2.877945861769126701e-01,2.186305258531769935e-01,2.940441409288039321e-01,3.191629508553479044e-01,1.567555968315828274e-01,6.729182838639972963e-02,1.628258725484104386e-01,-6.967828406912913997e-02,-3.163105368409794838e-01,-3.936391628030798118e-01,-5.038313219968656442e-01,-3.747565331199009253e-01,-4.512980561456390038e-01,-2.838987193864775938e-01,-3.464873255278851372e-01,-4.353805547961294709e-01,-6.447108122941127561e-01,-6.112698374246986477e-01,-6.700032466159023814e-01,-6.064249714174627659e-01,-3.478644958747557081e-01,-3.444813104756500599e-01,-4.352406102106194941e-01,-1.123649130144808994e-01,-3.048402286979428125e-02,-1.951329089259891680e-01,-1.183142593072731008e-01,-2.742041754066542117e-02,-2.315910458267836647e-01,-2.183378158306120143e-01,-1.528017541771178600e-01,-4.663572258581494268e-02,-8.295872188034138228e-02,-2.887593689923496736e-03,1.102923871126228333e-01,2.607606115667177593e-01,2.688340244957683756e-01,3.049044989126238336e-01,4.650108607275743600e-01,4.930764993595029844e-01,4.152041076479328630e-01,4.207378633995929595e-01,7.003084058236203058e-01,5.606495064975971498e-01,6.561550500338211300e-01,7.057944703406494602e-01,8.970065331959703459e-01,9.239466265748897955e-01,1.000000000000000000e+00,8.879325070962797994e-01,7.181259756241036296e-01,2.848514703470997889e-01,1.929547566423078786e-01,3.452132451799246882e-01,8.652753817863761965e-02,-1.889235568710364854e-01,-9.054878190166291974e-02,4.500564445933363106e-02,-1.508098009634425696e-01,-2.449705681899435605e-01,-7.743282579603262550e-02,-2.872907351260692993e-02,-1.866955908285644616e-01,-1.877512946481718348e-01,-2.470565033965219370e-01,-2.544062268723163434e-01,-3.388194716142861607e-01,-3.763912680871679961e-01,-4.389600660384920805e-01,-4.268328959247064680e-01,-4.562461875577265569e-01,-4.688800358006923186e-01,-4.023583188692654300e-01,-3.851953885212496820e-01,-3.888391293438132057e-01,-2.739119727796238690e-01,-1.927695375214102391e-01,-2.808835881635776688e-01,-2.757377536072061486e-01,6.671155391131435020e-02,5.602444166692392702e-02,-1.149115794965873544e-01,8.881048925655535276e-02,4.222076960201361362e-01,4.295974891661915041e-01,5.927117367083128974e-01,5.346009595403722336e-01,6.893337822863996323e-01,5.934403583225515977e-01,7.848246549083097712e-01,8.331467846954533352e-01,8.696339341269326839e-01,6.832201427821821271e-01,5.005348018756377027e-01,4.322529168694821400e-01,2.918778798565664356e-01,1.421905105669297176e-01,6.079831603928926437e-02,-9.273169182955523504e-02,-1.399756740023975488e-01,-1.476801382104486471e-01,-1.038203460821480323e-01,-1.439838800435694066e-01,-5.552574071196862693e-02,-3.327387641776320681e-02,-9.778981834533394257e-02,-5.757640516343266041e-02,4.941741959681630186e-02,2.030821659801572074e-02,1.902888986215201667e-02
-5.360171329486516228e-02,3.863017302429583993e-02,-6.160785275561315305e-03,-1.222642279584527092e-01,-3.211480756882903465e-02,5.964540407731812321e-02,1.483113123546335628e-02,-9.604659570003541702e-02,3.648194611232407486e-02,8.704483486548139637e-02,-2.361970612028892538e-02,-4.826973739348593834e-02,5.703208735369558191e-02,6.544902160563415006e-02,-1.947433168265928216e-01,-2.050823382116224447e-01,-1.166103170094353048e-01,-5.369342946603323369e-02,5.641155089570147434e-03,1.068379403547398826e-01,1.259383550954912556e-01,1.481532567590338190e-01,2.238126697621999339e-01,1.869131048654031346e-01,1.772547367371350435e-01,2.368739377172034977e-01,1.626737312764873211e-01,1.017406086060449744e-01,8.667773891082526661e-02,-9.222523574178723496e-03,2.888144670572926342e-01,2.786307370232587455e-01,2.070386332515454508e-01,3.890492477639825863e-01,4.161824340550280832e-01,1.783285149910797396e-01,1.360770402971291093e-01,2.695652103657723009e-01,3.512341586738089438e-02,-2.541123905401823646e-01,-3.062083146905903996e-01,-4.289592531595324276e-01,-3.471182657687649775e-01,-4.538070665455317676e-01,-3.340593622430279019e-01,-3.829089198436081420e-01,-4.069049033425402584e-01,-5.552016215032575808e-01,-4.818843253466864041e-01,-5.140742453219541153e-01,-4.834151409715286007e-01,-2.583547929449476754e-01,-2.554281713312184232e-01,-3.449873833330607265e-01,-4.194742338294396578e-02,-6.805875755460912870e-03,-1.758737629078829523e-01,-1.258269115352561585e-01,-4.023916749421872080e-02,-2.738590149820437913e-01,-2.931669176871692928e-01,-2.631081554396019206e-01,-2.035089055938982261e-01,-1.771020494499043196e-01,-5.406685134049506875e-02,3.954441373229220652e-02,1.839434812014321130e-01,3.054247111803523596e-01,3.829155156757677592e-01,5.330235481351239812e-01,5.916303505683466746e-01,5.961697712425412243e-01,6.888809479559955262e-01,8.363429431614222143e-01,7.067357897611731277e-01,7.196892522572794215e-01,7.008145687386904132e-01,7.793988716194769628e-01,7.570178760371824023e-01,8.879325070962797994e-01,1.000000000000000000e+00,8.488323900149296053e-01,5.332951529052621931e-01,3.952523329207293656e-01,5.999350972128926207e-01,4.792655475603174176e-01,7.928411936626544865e-02,1.000766733889635468e-01,2.789081622478264966e-01,2.456089746858684114e-02,-1.515305739771357907e-01,-2.784277904483542163e-02,-1.971557051263677501e-02,-2.325195652999648699e-01,-2.529576498585618394e-01,-3.218218685873421303e-01,-3.406703505128799159e-01,-3.933710561414018314e-01,-4.256190778509693073e-01,-4.053803455767530095e-01,-3.663147771043782641e-01,-4.098705503872213107e-01,-3.296703206986592027e-01,-1.814091096902669398e-01,-1.618674988780805790e-01,-1.739892528005098360e-01,7.286477795673744484e-02,1.225513455833659865e-01,1.598533257609028452e-02,1.679151755845544394e-02,3.200526938751211969e-01,2.196261473411214304e-01,2.182609288415268689e-02,1.362695244848740050e-01,3.696718946890065194e-01,2.621665431092113363e-01,3.767454485257952235e-01,4.115113517867607373e-01,5.693560014230060196e-01,6.027762072198075138e-01,7.829605708757664262e-01,7.624801958634744858e-01,6.527008242420127004e-01,4.644491424680364244e-01,2.413353021418496724e-01,2.649563807025485107e-01,2.543175919163798704e-01,3.564690549435125394e-02,-3.180542883566860046e-02,-4.746340170760787736e-02,-6.815537701806609339e-02,-1.196936338213808459e-01,-1.571358061735075307e-01,-2.004008893744497755e-01,-9.253063004727322960e-02,-3.653108707764805146e-02,-1.437164197150972156e-01,-1.132268107699431064e-01,1.116192351201578288e-02,1.808224453031057402e-02,9.828914104356699724e-03
1.530370388610634846e-01,2.341041118987239600e-01,2.862812300678913568e-01,2.022206869652983241e-01,2.218865344566594011e-01,2.376196565634546565e-01,2.666325733413656973e-01,1.457967591745190084e-01,1.415552671145428876e-01,2.012598804223067750e-01,6.101724835736147684e-02,1.529459176878111143e-02,7.203321859358420565e-02,2.276876361721167502e-02,-3.900007045253124360e-01,-4.547910339482966191e-01,-3.948311460854359023e-01,-2.926873932401851675e-01,-1.912232432370151447e-01,-9.258706625606408225e-02,-4.781779049099169066e-02,3.335521963517310701e-02,2.023394877106491907e-01,1.762913122620538842e-01,1.588800519338649520e-01,1.600978073460527229e-01,3.899734396676466514e-02,4.206247238324393317e-02,4.017945287319683173e-02,-3.747383999137956362e-02,1.178795998768559089e-01,7.127205150764168162e-02,-7.050203784273242902e-02,1.253188004020772683e-01,1.862626938333574178e-01,-1.108440013493453002e-01,-1.780166552578277550e-01,-2.463520985892910659e-02,-1.901223481306369145e-01,-4.961516918599430115e-01,-4.748466613353160559e-01,-5.403276995851545861e-01,-5.535863432838518117e-01,-6.558809382480788042e-01,-5.962363263310866968e-01,-6.311136025264968419e-01,-5.878548003688167656e-01,-5.754143101530361237e-01,-3.205288118863826030e-01,-3.370204046878801929e-01,-4.214894844435073118e-01,-1.175068156280610759e-01,-3.293660786278642533e-02,-1.878381151149820516e-01,-4.511626032126501290e-02,9.214347458643165623e-02,-2.744466920039322425e-02,-9.839377454743900020e-02,-2.169673982380872224e-02,-1.546370670271599579e-01,-2.248757567163839066e-01,-2.954932684045546987e-01,-3.206132639929916150e-01,-2.726149679551185812e-01,-2.160134309644757278e-01,-2.597466213916079791e-01,-1.590901205195732748e-01,1.564732452804138904e-03,2.477376826463901713e-02,9.801183130540583321e-02,2.340969913706204553e-01,2.889619945353454344e-01,4.278436920045062264e-01,5.859816727598601283e-01,5.454459367052136853e-01,6.144056224161508206e-01,4.572716221914392420e-01,6.312811571171311753e-01,4.963633714225501592e-01,7.181259756241036296e-01,8.488323900149290502e-01,1.000000000000000000e+00,8.550401718160022257e-01,7.422326128272440648e-01,7.704558780569162879e-01,5.727687957325847679e-01,3.408585199358634688e-01,2.927875868368805534e-01,2.575465089599187629e-01,6.092348111719587955e-02,-3.330797372610180829e-02,-2.103776012738113252e-02,-3.567164980709493227e-02,-1.692979521489521577e-01,-1.904915213532066831e-01,-2.379824032011862434e-01,-2.519195930912053183e-01,-2.638910832010451513e-01,-2.585663029108846711e-01,-1.185346915823903280e-01,-5.152001017418668394e-02,-1.497863190986732096e-01,-6.725012151166612218e-02,1.718349759093017737e-01,1.168436774065594319e-01,-2.364284519273694707e-02,2.401126438516687778e-01,3.673152658527030212e-01,1.042274085981784310e-01,-3.179273160482509047e-02,3.228454634969817327e-01,2.527243791588345001e-01,-8.812430080461976234e-02,-9.439913781467147713e-02,2.332386765989319932e-01,1.061293263670026882e-01,2.974862052492379116e-01,4.481777819225268855e-01,6.473302302210933723e-01,7.697899050999293946e-01,8.171149358805612772e-01,5.172471964715907866e-01,3.514284951141787294e-01,6.331403759260775810e-02,-1.178720573944543742e-01,-1.020461166293755717e-01,-1.798556885710049791e-01,-3.356122267152290006e-01,-3.576883114351165904e-01,-3.682035346833937295e-01,-3.665633238889903223e-01,-2.755267039516830496e-01,-3.181517637707647617e-01,-2.529779252696930936e-01,-1.675479865425003323e-01,-1.899954668734989138e-01,-2.115672491301103519e-01,-1.324864113605600802e-01,-5.253475779444352622e-02,-4.761344193943101849e-02,1.939455961004416668e-02
3.023839203320417002e-01,3.482561398494274374e-01,4.427276067375327528e-01,4.343457514814157983e-01,4.037825404766628989e-01,3.324190961838706104e-01,3.992288223097298916e-01,3.428864324019835763e-01,1.999538459678690261e-01,2.259239367673194498e-01,1.143548358508363338e-01,7.935927447771790044e-02,5.967304409262721293e-02,-5.771450753409757689e-02,-4.596636032643993119e-01,-5.726060652026859765e-01,-5.827311694619838889e-01,-4.888789152932718762e-01,-3.762478094896697933e-01,-3.128088835016322733e-01,-2.781927349923100645e-01,-1.630697947021053362e-01,4.430336515984126255e-02,7.900953587763308306e-02,5.421153670437772049e-02,-3.467840312972199357e-02,-1.710375687069977391e-01,-9.645686179679957561e-02,-7.504473904583548738e-02,-1.024324968092539534e-01,-3.420615626458709674e-02,-1.404019475168979680e-01,-3.066973279611973635e-01,-9.249837042128547515e-02,-1.609629479464985691e-02,-3.171281257007781407e-01,-3.617237474377816286e-01,-1.973342412321923145e-01,-2.549696044125049355e-01,-5.088189699654345199e-01,-4.152063359984966562e-01,-4.303436509542132860e-01,-5.484969246270861021e-01,-6.235427233403790792e-01,-6.584923805266115204e-01,-6.526867032976289007e-01,-5.317721724913291315e-01,-3.558638664039289190e-01,-1.328493906596940090e-02,-8.390789956650499329e-03,-1.765293509219783841e-01,7.531136052216284849e-02,1.944070479878644009e-01,3.474924781309973731e-02,1.165549638835588868e-02,1.457203880051685663e-01,8.779158539461076605e-02,-5.815733217415514772e-02,-2.870218812623784310e-02,-6.416398873708446804e-02,-1.698239519187357272e-01,-3.167677879769930094e-01,-3.942322662679175194e-01,-3.026668736383570368e-01,-3.028154301529268899e-01,-4.307201598887024918e-01,-3.756907903337400878e-01,-1.739037416518018631e-01,-1.858112333655901616e-01,-1.684712493194560901e-01,-3.174416787436701998e-02,7.287897595733938694e-02,2.659398355960069793e-01,2.816844542298427290e-01,2.841825447739789734e-01,3.164958951540519649e-01,9.091843074945962777e-02,2.135266142076409079e-01,4.773665724271630023e-02,2.848514703470997333e-01,5.332951529052621931e-01,8.550401718160022257e-01,9.999999999999998890e-01,8.993061448095870380e-01,7.923361282640866143e-01,7.393744952808094517e-01,6.398151286181971154e-01,4.629714289388667803e-01,2.909226888310098569e-01,1.852468945361992747e-01,1.242385471812943870e-01,-3.506750742181627672e-03,-5.859705271472059190e-02,-1.300114578574489144e-01,-1.519425509757910131e-01,-1.684860972251590316e-01,-1.945118137962472404e-01,-1.404119816675053756e-01,-6.877055745776441964e-02,2.158083986995731895e-01,3.402987004226524226e-01,2.083453025195833030e-01,3.151851846535804746e-01,6.161338870540928880e-01,5.287192269121828714e-01,3.142708844888782993e-01,5.746349969435669003e-01,6.855824897021386422e-01,3.565282428401976289e-01,1.661225945341020249e-01,4.044753205789436978e-01,3.079311046919730455e-01,-3.088959063710764244e-02,-1.714408176582266075e-01,3.034992109766124560e-02,-1.439247177841936343e-01,-5.901040396051043281e-03,2.279481722574879521e-01,3.850807144532283899e-01,6.311631669612022266e-01,5.673881871227786089e-01,1.384360970293364579e-01,-1.000745438469759635e-01,-3.513176877730479486e-01,-4.722743889308533283e-01,-4.074459995123872469e-01,-4.145637005292745481e-01,-5.307343846380856434e-01,-4.993833437708641299e-01,-4.059575440802982715e-01,-3.897200246371316235e-01,-2.985830423038250414e-01,-3.951242931476058873e-01,-2.997981789535621444e-01,-2.504932509187304812e-01,-2.814774350146379001e-01,-2.670061294797688722e-01,-1.957363225279488417e-01,-1.475388641875542695e-01,-1.164890119477514085e-01,-3.409392846401026328e-03
3.064251477736006368e-01,3.193352203883096374e-01,4.398414439415412325e-01,4.396383293453242080e-01,3.619883359453984206e-01,2.767037706860518420e-01,3.299040681271110942e-01,2.520823500976339115e-01,1.288635439378156833e-01,1.160334922785809103e-01,-9.092363773479673547e-03,-6.215553502865300145e-02,-5.960050058026389319e-02,-2.214090092318037051e-01,-6.113949909621255729e-01,-7.017968701994545810e-01,-7.016542374337669807e-01,-6.338805839539065623e-01,-5.495024420950479493e-01,-4.695658961133852838e-01,-4.178812021029545409e-01,-3.220726244027574126e-01,-9.554630501104613427e-02,-4.048750452781050765e-03,5.328488609550971478e-03,-1.107714106417351796e-01,-2.733071997653481744e-01,-1.519139679519688479e-01,-7.864873819940972066e-02,-6.575647133715542547e-02,3.770036488906324673e-02,-1.421792730540656635e-01,-3.049325711719317877e-01,-5.637158586742828381e-02,1.018887458522485176e-03,-3.439644856103446502e-01,-3.227038779630647114e-01,-1.262532469997386664e-01,-1.897596332386195517e-01,-4.565586133130641322e-01,-3.029833082085986451e-01,-3.433370386052845835e-01,-5.010569629387567891e-01,-6.041554533671756877e-01,-6.854201574431398880e-01,-7.026333053924140870e-01,-5.680479324436190636e-01,-3.588736404795401791e-01,-3.072563495974395265e-02,6.511990931249965475e-02,-8.528674309165655554e-02,8.925011703918246664e-02,2.558472991122724416e-01,1.716745286690132544e-01,1.098547150027255892e-01,2.187792268700866904e-01,2.129915502743458533e-01,1.042363561483202750e-01,9.928721633935357060e-02,1.104661534967652375e-01,2.447444702551593732e-03,-1.346919827185097673e-01,-2.117838529026100924e-01,-8.995601749274607928e-02,-1.270164848859769990e-01,-2.780910199904144120e-01,-2.376580446475163311e-01,-9.090525124332309026e-02,-1.355004749237984085e-01,-1.686474792286598579e-01,6.581882150271227590e-03,8.048000893604911887e-02,2.445927484843148370e-01,2.908781746969415494e-01,3.580771207152600444e-01,3.596744888642883220e-01,1.291180139561920182e-01,1.968251588641309613e-01,2.844319243006215511e-02,1.929547566423078231e-01,3.952523329207294212e-01,7.422326128272440648e-01,8.993061448095870380e-01,1.000000000000000222e+00,8.890867687358269267e-01,7.045102209716149755e-01,7.851409047960740129e-01,7.220771913727029867e-01,4.410707276972062885e-01,3.179201617938956503e-01,3.644556799000455150e-01,1.859650684135412402e-01,8.521910636867281730e-02,1.074770421683985712e-02,-8.806383652808186940e-03,-6.140830847051179098e-03,-7.589470370190626314e-02,-1.850847911878725173e-03,1.072156580749846350e-01,4.375473374606653199e-01,4.607143633220981416e-01,2.607685257317103877e-01,3.840736303755299952e-01,6.295538746691446974e-01,4.008848099418961808e-01,1.365916035143545926e-01,3.669050995613673538e-01,4.033116124267402958e-01,4.309271475181786215e-02,-1.214167032082186931e-01,4.125270538980841534e-02,-5.947351265117929026e-02,-3.212150791626872670e-01,-4.311467359581147574e-01,-2.839751338453812002e-01,-3.909198558669080281e-01,-2.291712557665712413e-01,-5.030752525423946853e-02,1.449311301853200840e-01,3.489888254063632789e-01,3.052448858759732042e-01,-9.075678872200949876e-02,-2.102267682096842505e-01,-3.750666153975246164e-01,-4.947356242766568490e-01,-5.227309814110850938e-01,-4.795844092087434563e-01,-4.906466936641436516e-01,-5.060465955230136759e-01,-4.801985360463431052e-01,-3.840721313557181049e-01,-2.365415716064707130e-01,-2.736047689453565690e-01,-1.811074517330043265e-01,-1.579327200226889327e-01,-1.690487045139728584e-01,-1.233970260522700146e-01,-8.512476226867601858e-02,-6.973575897040876215e-02,-1.370075072775534322e-02,4.822864924198224518e-02
2.051771452929821160e-01,2.225339407714823914e-01,2.807978107440564086e-01,2.565631202167102387e-01,2.109610367101937278e-01,1.568856012307713321e-01,1.629041947080479003e-01,7.049484158092157726e-02,4.286665622725914504e-02,2.690822417747411582e-03,-1.114126633032968966e-01,-1.764150559959545561e-01,-1.347440697197664905e-01,-2.681313906918207923e-01,-5.667668271867222218e-01,-6.171062498986226164e-01,-5.764910390935942264e-01,-5.631924364462035371e-01,-5.106397422300003042e-01,-3.835323986299220000e-01,-3.579504376368391472e-01,-3.195357020366401679e-01,-1.228444794968414217e-01,-2.160495433940623142e-02,9.153953335679703915e-03,-5.988626210972945729e-02,-2.344487855749539384e-01,-1.353401788615520018e-01,-3.798104268921430327e-02,-1.988396987160057430e-02,2.976414476834096101e-01,9.910694958834162516e-02,-7.045482711011019639e-03,2.816509692072854398e-01,2.935256975102991661e-01,-5.935865477953134600e-02,-2.406842503318649962e-03,1.690616347647359574e-01,2.805194112694484043e-02,-2.664660219487093862e-01,-1.651718557580205970e-01,-2.550188637211626697e-01,-3.475217897096339881e-01,-4.944981506183181441e-01,-5.378883911627873049e-01,-5.866183208319846187e-01,-4.830947650298915153e-01,-3.920651705977098445e-01,-1.711550953789048313e-01,-5.159630061999297135e-02,-1.214499905654933404e-01,8.037428446383372213e-03,1.303818145398021600e-01,9.236369892654427982e-02,1.398405741357528209e-01,1.805422751710696605e-01,1.369882370740902744e-01,8.605189496192174048e-02,9.863373348589815626e-02,3.563575396780718774e-02,-4.690626945621952093e-02,-1.403396240801009498e-01,-1.867423587933497164e-01,-6.841698195215187295e-02,-5.287469353070490402e-02,-1.449167354840323052e-01,-6.872542083036320415e-02,9.242818397877167191e-02,9.453455962549170422e-02,9.379446515152652097e-02,3.023953610441764694e-01,3.994263265601730173e-01,5.751256325046677498e-01,6.097815043891231523e-01,6.865801940378681856e-01,6.177306656239524019e-01,4.041249624011227226e-01,3.705037447315580601e-01,2.142196487282107542e-01,3.452132451799246882e-01,5.999350972128927317e-01,7.704558780569157328e-01,7.923361282640866143e-01,8.890867687358267046e-01,9.999999999999998890e-01,8.364988943039534108e-01,7.636738827984775879e-01,7.719788465946588740e-01,7.096088648038042512e-01,4.960772639092628777e-01,4.398313609102910138e-01,3.634994252610347920e-01,2.527664275819780371e-01,4.895409492645791394e-02,-3.442646794824834322e-02,-6.904774600988064504e-02,-1.330040252322583771e-01,-8.815352020099222197e-02,-6.578589508719469292e-02,1.833296468226421616e-01,1.448299732616773750e-01,3.002127054877239826e-02,2.380931594838912035e-01,4.001766706752201141e-01,2.022166810442436458e-01,5.471004840254108798e-02,3.316731312576386426e-01,2.698990204872918075e-01,-1.400483874741218111e-02,-9.257887113456512995e-02,4.810166375963997182e-02,-1.053461042589541041e-01,-3.193189890067830716e-01,-3.764313626754875464e-01,-2.627947203490990091e-01,-3.837879933318856240e-01,-2.372269633235718211e-01,-1.025414406059328432e-01,9.991795014591882407e-02,2.626807129804891727e-01,3.167779564260861380e-01,4.805400633458740273e-02,-6.704188707597735775e-02,-1.971010094355882536e-01,-3.747286182920534503e-01,-4.049109560228729698e-01,-3.081862732495121993e-01,-3.678266451273902726e-01,-4.295707499271887997e-01,-3.985042826869882870e-01,-2.971125648822454668e-01,-2.104255755995558808e-01,-2.241386436370359780e-01,-1.621155057204117511e-01,-1.219467120826738388e-01,-9.391411238080013546e-02,-9.013613346251506120e-02,-7.208148875684153301e-02,-4.200604926771939196e-02,3.566720983139538143e-02,3.836869099245607956e-02
1.730653512592245091e-01,1.739201910286066466e-01,1.650591667189417189e-01,2.004235644762131785e-01,1.943814482641343933e-01,1.013425702562906205e-01,8.680058573809835976e-02,1.049487709390721224e-01,3.729219097710839009e-02,-4.816632608929490716e-02,-8.508237483954068925e-02,-1.022505905762355477e-01,-1.292230914379073892e-01,-2.547283345788434739e-01,-3.805994469172256922e-01,-4.400866808837974875e-01,-4.592094660615008705e-01,-4.852601143666052108e-01,-4.499841245000293921e-01,-3.712047134373954171e-01,-3.843551667882416090e-01,-3.583433656906294673e-01,-2.180891340283854229e-01,-1.042433789888637108e-01,-7.217416973908941102e-02,-1.730046127571939207e-01,-2.938664794637222966e-01,-1.961394502594299150e-01,-1.203005417687009609e-01,-7.740976182471497047e-02,2.649390375370603845e-01,5.338819271285712154e-02,-5.496731950594654567e-03,2.710089690902570680e-01,2.694302050749496913e-01,-6.460495285158899224e-03,8.176225106026810407e-02,2.243631054056933471e-01,1.366234710242019701e-01,-5.331690350480922796e-02,3.137508406543422501e-02,-3.384160324668687714e-02,-1.336659083201942599e-01,-2.442210697154617582e-01,-3.170295360726929634e-01,-3.327719946047378863e-01,-2.181331700611179036e-01,-1.019746712056326110e-01,4.650256751879759676e-02,1.283716507469308266e-01,5.641694873970844182e-02,6.939487401302439629e-02,1.332857475745541920e-01,1.196688811307175804e-01,1.346120475236403380e-01,7.701106625908950287e-02,4.453419301042913642e-02,-3.426190120049079583e-03,-3.016696189241922788e-02,-6.795249650413667797e-02,-1.412185630277477677e-01,-2.565309586026764954e-01,-2.882738068141996179e-01,-1.542385850398982072e-01,-1.468029865972608761e-01,-2.124146198247734985e-01,-1.189005355746187570e-01,8.767976090024776070e-02,1.127374397600110767e-01,1.487175516478357329e-01,3.031001173860329301e-01,4.491800983257217550e-01,6.691100816283429564e-01,5.068623923703836631e-01,5.214886614364737660e-01,3.734241630543735924e-01,2.096620765542024090e-01,6.864119854802175347e-02,-2.232610346756002534e-02,8.652753817863761965e-02,4.792655475603174176e-01,5.727687957325846568e-01,7.393744952808092297e-01,7.045102209716145314e-01,8.364988943039532998e-01,1.000000000000000222e+00,8.003863737399121714e-01,6.444774018064099996e-01,7.210743324428922074e-01,6.055961589830760605e-01,4.208075210239913266e-01,3.129312784423178839e-01,2.490251007151183804e-01,6.306916874963952591e-02,-8.437140490451598696e-02,-1.057217803761284908e-01,-1.257776340532765214e-01,-5.974582754544902063e-02,-7.820433281186646435e-02,1.579917967786832744e-01,1.977648805884023586e-01,1.874836070616304751e-01,4.405228610746100837e-01,5.755009966122992537e-01,5.010064881864880748e-01,4.517050957510552189e-01,7.213353966978078846e-01,5.852576577829516902e-01,3.727148052377016740e-01,3.241631719631000164e-01,3.422574072977156989e-01,1.289465708097772834e-01,-3.772227674637456535e-02,-1.662575439212631012e-01,-2.099239366916292315e-01,-4.070861845001916834e-01,-3.699742556624260881e-01,-1.960126165998183900e-01,-8.759838854761815841e-02,1.490641469956474618e-01,1.722426195970320206e-01,-3.871613526375839581e-02,-2.503512286481204274e-01,-3.190222317460957857e-01,-4.815692301979589973e-01,-4.135412834848734009e-01,-2.246368804387341711e-01,-3.522780239710254779e-01,-3.716788031422378902e-01,-1.998527907049288399e-01,-1.491789761907106049e-01,-1.839240656053350298e-01,-2.816615316555852178e-01,-2.559517813130452457e-01,-2.217597908918346461e-01,-1.720537463820679958e-01,-2.059848485602984447e-01,-2.054718789830857761e-01,-1.566383586846752662e-01,-8.340440597243062304e-02,-4.458666138608299856e-02
2.859375449263583113e-01,2.647521362807202516e-01,3.141451193513857265e-01,3.927653646258433273e-01,3.264101513441722835e-01,1.733797907682770867e-01,1.958737391501347014e-01,2.303573558178478864e-01,7.346838037565030233e-02,-2.845568466802210136e-02,-7.458838465520277461e-02,-8.614226425259047248e-02,-1.512299743484655790e-01,-3.386335584470848703e-01,-5.201869130855489853e-01,-6.010975037714951785e-01,-6.548514472787296814e-01,-6.555322525494849950e-01,-6.155703072529136177e-01,-5.726049124751491082e-01,-5.539535303689756551e-01,-4.922123379917434649e-01,-3.128506711654484018e-01,-1.657974275643720741e-01,-1.216305213711871835e-01,-2.888336555658423954e-01,-4.235728296106878732e-01,-2.708208845856520108e-01,-1.579094794623975007e-01,-5.600240858960314760e-02,1.230135048236333933e-01,-1.646268458470571128e-01,-2.669651726546634074e-01,-3.230472412551266270e-02,-3.382933162061707577e-02,-3.089748218211409436e-01,-2.143528010915304038e-01,-5.971482294970115179e-02,-6.030503574671015887e-02,-2.018978966951592013e-01,-2.615138089633066779e-02,-3.828241121620661741e-02,-2.337240666016418555e-01,-3.105078332057458201e-01,-4.594559339804037412e-01,-4.546737325806238794e-01,-3.044770094653044268e-01,-4.322732047650283682e-02,1.961232390588238672e-01,3.137652112790714209e-01,1.681011561925581932e-01,1.550349397179372479e-01,2.935274790866676531e-01,2.941023091927862376e-01,1.493588361111390928e-01,1.309312741176449635e-01,1.817145243134420385e-01,8.855302514626886556e-02,7.507812409308861103e-03,1.098212459080376152e-01,1.945165347836516623e-02,-1.462010732014784875e-01,-1.722153231713458021e-01,-4.572569952513411140e-02,-1.526585898955025999e-01,-2.881602420748646254e-01,-2.233247806877451391e-01,-9.634846837112548412e-02,-1.600852731471096302e-01,-1.734438738045244732e-01,-3.294210109157864191e-02,6.347028225324762019e-02,2.576126965771001198e-01,1.313747322576948595e-01,2.051106039953044524e-01,8.324725575997687921e-02,-1.103060609443381329e-01,-1.701523993843732652e-01,-2.593565276347961079e-01,-1.889235568710364854e-01,7.928411936626546253e-02,3.408585199358635243e-01,6.398151286181966713e-01,7.851409047960736798e-01,7.636738827984775879e-01,8.003863737399121714e-01,1.000000000000000000e+00,9.022617591083924582e-01,7.382252787428291718e-01,7.499157092658985668e-01,7.661399909682164999e-01,5.519326139696614231e-01,4.164807461577378911e-01,3.075000185749153236e-01,1.719344381902206953e-01,1.743283001657650599e-01,9.620156579015917697e-02,2.183666159392494976e-01,2.686935605403769078e-01,5.988366987943365416e-01,5.397189584832846609e-01,4.636956071792061596e-01,7.069281652325226650e-01,7.645350035685374301e-01,5.243166027926647876e-01,3.943076128375455069e-01,5.437582704695239633e-01,3.920615446720590036e-01,1.301485352855839828e-01,6.682778494320326668e-02,-9.031222291739439455e-04,-1.515683467237443072e-01,-2.627051400938852921e-01,-4.133771197301058242e-01,-4.672078270934936217e-01,-5.648158833133420931e-01,-4.884161486510369410e-01,-3.539685980047959646e-01,-2.512695767862220264e-01,-6.748045374298156096e-02,-1.178118982220802691e-01,-3.786682806675928936e-01,-4.744474901774163311e-01,-5.009092699092400069e-01,-5.698005902257831101e-01,-5.891640089119823953e-01,-4.645936718534322551e-01,-4.644603486949405169e-01,-4.685317461508246573e-01,-3.691188960586977985e-01,-3.212482192497587707e-01,-3.107704325437770088e-01,-3.212903920145510073e-01,-2.503422134954298994e-01,-2.617282614209346936e-01,-2.606461743894565308e-01,-2.040792303661660423e-01,-2.029460180641029510e-01,-2.135944644396486625e-01,-1.391845330775088596e-01,-7.983393381675048250e-02
2.462673352358778767e-01,2.177382908572954023e-01,2.604341787042904754e-01,3.082989179813486191e-01,2.343025256646162624e-01,1.119999958045631155e-01,1.002444672413641547e-01,8.620423511205248246e-02,6.822444610897730613e-04,-1.079642421010003628e-01,-1.830286824405737700e-01,-2.179216314985752967e-01,-2.277883254675441560e-01,-4.182574449027279262e-01,-6.198858569593154177e-01,-6.626511341365144414e-01,-6.636801905444261740e-01,-6.799042920878585194e-01,-6.636442472249123314e-01,-5.818537988448375664e-01,-5.437230569188837848e-01,-5.159064631188579053e-01,-3.294119993892389298e-01,-1.702878225247692057e-01,-1.020813461438369318e-01,-2.290791776217071252e-01,-3.895319296129583497e-01,-2.267243296610697845e-01,-7.634148514155418563e-02,7.146904319292643470e-02,2.650911851095676952e-01,-3.279341267267992660e-02,-1.326457099268300577e-01,9.835115746296767270e-02,6.559890556551088714e-02,-2.364376058201249908e-01,-1.270388114661225309e-01,2.671448112888108115e-02,-2.242448634586211714e-02,-2.048825747298175237e-01,-2.331175444416142342e-02,-6.637530006935500604e-02,-2.445079087585045607e-01,-3.483994520831518171e-01,-4.838027978040307375e-01,-5.128119543108627942e-01,-3.905612641923545403e-01,-1.797845760543735072e-01,2.752685797736494772e-02,2.051308360771571526e-01,9.717632324003783184e-02,6.954651863810852597e-02,2.391984153619778619e-01,2.873323592362167500e-01,1.837748406936510759e-01,1.647471976093750345e-01,2.265608836642797053e-01,1.882268382252382799e-01,1.086656033308887465e-01,2.081345423555622520e-01,1.388533128391076510e-01,7.030892761377535195e-03,-5.325546390227360420e-03,1.160258611990086508e-01,1.526902694494370639e-02,-1.004259002016129748e-01,-4.457654973870350118e-02,2.122736647388379083e-02,-4.917689181274772364e-02,-7.567934342962968908e-02,7.550728381122413790e-02,1.231865841413930796e-01,2.699242813488447745e-01,2.369528730975644926e-01,3.465871596961576095e-01,2.129010808305922542e-01,4.008817167550684374e-02,-3.421832207767445955e-02,-1.176290231642484196e-01,-9.054878190166291974e-02,1.000766733889635746e-01,2.927875868368805534e-01,4.629714289388667803e-01,7.220771913727029867e-01,7.719788465946588740e-01,6.444774018064099996e-01,9.022617591083924582e-01,9.999999999999998890e-01,7.996807424870958636e-01,7.216131087496134855e-01,8.437017659859893381e-01,6.890803900963052842e-01,5.077181668589171304e-01,3.675274770872976049e-01,3.116356498354899696e-01,2.887855707915308878e-01,1.420475198856434584e-01,2.262384622413523561e-01,2.862517889197384591e-01,5.584426178942986096e-01,3.530279170065698247e-01,2.195481344490458619e-01,4.618318586680520976e-01,4.788758568804251103e-01,1.596078232845823119e-01,4.614592041975856818e-02,1.983476168739053969e-01,5.583806258842975018e-02,-1.385681806003452310e-01,-1.603619828022307958e-01,-2.238483991335504797e-01,-3.453827269593778837e-01,-4.009064328744114114e-01,-4.895178781223780140e-01,-5.291019588324484824e-01,-5.674578354590010809e-01,-4.714826068752028254e-01,-3.993229011617433488e-01,-2.735770624966358811e-01,-1.790461063746807135e-01,-1.747144411853695511e-01,-3.561211473567140184e-01,-3.632304628108589117e-01,-3.480201709403725197e-01,-4.319225004683373004e-01,-5.113765507672113353e-01,-3.839616821860421525e-01,-3.357814605116610784e-01,-3.906297428027048491e-01,-3.686413238530325542e-01,-2.737054278332807788e-01,-2.276444543505795615e-01,-1.805513391361241171e-01,-1.255521063845954632e-01,-1.558331450400396445e-01,-1.319680264693540439e-01,-6.348688066793754803e-02,-9.849680945044002323e-02,-1.365366701906597646e-01,-2.891402375813793141e-02,-3.280716346304855813e-02
6.401419072820864475e-02,3.931031763923435729e-02,-7.685290659514194128e-03,2.514055489951877095e-02,7.008160161792628164e-03,-6.542787530635950366e-02,-1.179540564333732278e-01,-1.081001449648762297e-01,-9.044754463410405176e-02,-1.991614060937540454e-01,-2.155276724633778951e-01,-2.405126684358652456e-01,-2.293149105536491372e-01,-3.230854000100014112e-01,-3.267774533988602181e-01,-3.210067698244646328e-01,-2.888248679431467125e-01,-3.731533038070510844e-01,-3.965963716227983160e-01,-2.832399308506255986e-01,-2.979167597280612534e-01,-3.505938927200610844e-01,-2.529267774571723471e-01,-1.461011058288080589e-01,-6.283481618878024311e-02,-8.598822704514942628e-02,-2.096047267187544638e-01,-1.214794864776656824e-01,1.468897423511644762e-02,1.131045172895810552e-01,5.750204827176232936e-01,2.914401967439513852e-01,2.829173321618412285e-01,4.958975208200160356e-01,4.032420232339991584e-01,1.921521838283664074e-01,2.986211692361221970e-01,3.516129917439194119e-01,2.455361463763431895e-01,1.162789971838608383e-01,1.675881494089646040e-01,1.004988959627185069e-01,5.574510037631155018e-02,-6.026512516175486917e-02,-1.132603676315295654e-01,-1.655914324972393437e-01,-1.050068182112141729e-01,-8.069915080967611509e-02,-6.201802709641886235e-02,6.982677571954697127e-02,8.086203761993120132e-02,-6.661489132351521708e-03,4.238119160126166407e-02,1.365143085003898415e-01,1.511375492642557106e-01,4.138738977504486521e-02,5.468741714851808183e-02,7.478680625518767389e-02,9.734884949990720709e-03,4.382151156514817875e-02,1.822681905296643853e-02,-7.381528801066522538e-02,-3.004418736595840245e-02,5.250787099955494391e-02,6.756595016241613745e-03,-1.348256007402122425e-02,8.831258143721150422e-02,1.674438440045608045e-01,1.747944305459733227e-01,1.956950153233895096e-01,3.485318652263672545e-01,4.714661303377838397e-01,6.063636373921643674e-01,4.935235794869969883e-01,5.759124294464623706e-01,3.623831020391437563e-01,2.333238078989169351e-01,7.031934785412582989e-02,3.737895275195541461e-02,4.500564445933365881e-02,2.789081622478265521e-01,2.575465089599187629e-01,2.909226888310100234e-01,4.410707276972062885e-01,7.096088648038042512e-01,7.210743324428922074e-01,7.382252787428291718e-01,7.996807424870958636e-01,1.000000000000000000e+00,8.823804574107819709e-01,7.749900467888672928e-01,7.999416192524317903e-01,6.738997019456725024e-01,3.511222782879787618e-01,1.280380618634092138e-01,8.793968514640003453e-02,9.957430311611684126e-03,6.719235636934922651e-02,-2.238061733549621610e-02,1.117120711208758332e-01,-5.472973050026256475e-02,-2.707949968237616939e-02,2.907138940708373087e-01,2.055498539284421888e-01,2.575367090916001744e-02,6.387105578009390217e-02,2.452992754630503036e-01,7.536642758060910566e-03,-1.043109083484706073e-01,-4.151903779602642702e-02,-1.003185333045511218e-01,-2.585870460661748860e-01,-2.892652468396436638e-01,-3.205467521754928883e-01,-3.675107380489184283e-01,-4.281304817370794047e-01,-3.699689691643801015e-01,-3.417733060600835482e-01,-2.496711695876551451e-01,-1.919850593637025538e-01,-1.105651637811469051e-01,-1.407959411248831949e-01,-1.680039363931223606e-01,-1.279466305940845927e-01,-2.447676729723940181e-01,-3.036629866623945517e-01,-1.635014386994033397e-01,-1.869142568584290787e-01,-2.671546935104867626e-01,-2.439379310473718809e-01,-1.852692689353143685e-01,-2.330138536001581384e-01,-1.750855842711039612e-01,-1.644454114623130625e-01,-1.704246530837801588e-01,-1.231597134157177698e-01,-1.111061917436927809e-01,-1.651167491025626044e-01,-1.831856976380058510e-01,-6.703144921839268577e-02,-1.242807275461739053e-01
9.707950771452308891e-02,6.845326150305730550e-02,5.710492311967949042e-03,9.084108084295101915e-02,7.892283430609942085e-02,-4.754983283982781861e-02,-8.210130822175545906e-02,6.650497671091875652e-03,-4.983912153371931886e-02,-1.865598584895722667e-01,-1.633845736827194972e-01,-1.352073056640759330e-01,-1.814632330176505215e-01,-3.127277063472834739e-01,-2.512062848535266957e-01,-2.623737563634750969e-01,-2.927455395714115838e-01,-3.657887679718526686e-01,-3.918214810231359091e-01,-3.638415677393399550e-01,-3.657082590836537861e-01,-3.868815288487311710e-01,-3.277612132637388598e-01,-1.798402961190974925e-01,-1.227490298537830538e-01,-2.096219762665086361e-01,-2.815354317930743311e-01,-1.799508050603636777e-01,-3.352852494181867565e-02,8.677644629840915169e-02,3.977857369399734888e-01,6.727425482727497630e-02,6.041964430597305397e-02,2.164072311498206613e-01,1.287145185144699944e-01,-1.972079852208930006e-02,1.178724617341704584e-01,1.691054692247370705e-01,1.436414303106412216e-01,1.291689225539411623e-01,2.328245705180522762e-01,2.139459131350448240e-01,1.227732775363345463e-01,4.774792159109753770e-02,-5.733567313372892743e-02,-7.517290127941272937e-02,-4.921209881696891886e-03,1.246034912561716362e-01,1.515917932545826352e-01,2.539555571554632518e-01,2.162761327099802511e-01,4.938657418559899009e-02,1.006621793864012487e-01,1.957825168486997114e-01,1.049188627519182515e-01,-4.322243013548517088e-02,1.458422828205136607e-02,-1.548630384596493166e-02,-1.356450506259737065e-01,-3.340765239502781203e-03,-3.956350088886931987e-02,-1.771094327652872336e-01,-1.055533469540858998e-01,-3.286830099837400460e-02,-1.649366350228995415e-01,-2.030068404649359448e-01,-6.254803466712703652e-02,1.080102736829411606e-03,-3.929943655724122548e-02,5.474369094633649638e-03,1.300479564200490989e-01,2.238562994701840947e-01,3.632778129004793910e-01,2.101139244792919469e-01,2.696510188363067106e-01,1.242030827267423393e-01,1.802664021957932350e-02,-9.559414865085047452e-02,-1.133782305747443320e-01,-1.508098009634425696e-01,2.456089746858686543e-02,6.092348111719585180e-02,1.852468945361992192e-01,3.179201617938955393e-01,4.960772639092628222e-01,6.055961589830760605e-01,7.499157092658985668e-01,7.216131087496134855e-01,8.823804574107819709e-01,1.000000000000000000e+00,8.971978407514590304e-01,8.487031457023618275e-01,8.417300717632293372e-01,6.433428139914346700e-01,3.028096085478954036e-01,2.745488524955163601e-01,2.767468323425926191e-01,3.454918958059790546e-01,1.892706515917384757e-01,2.919631483894273294e-01,1.271895444145849097e-01,2.559538995186586563e-01,5.710681832342019426e-01,3.588521897478654243e-01,1.992902279094535267e-01,2.903452450050723610e-01,3.479654038959054119e-01,6.032325340305755984e-02,-3.673807866029256408e-02,2.281811812145084425e-02,-1.194325825448138423e-01,-2.578797971992307647e-01,-2.718022153108806127e-01,-3.465995039299265001e-01,-4.088740322829585994e-01,-4.509840497299869022e-01,-3.935101338687300720e-01,-3.660692776892985334e-01,-3.141604066438889453e-01,-2.703950097009718556e-01,-2.544815193286177890e-01,-2.992481284037857847e-01,-2.988677360481920564e-01,-2.526391760001827080e-01,-3.180372061574329168e-01,-3.848735964534432674e-01,-2.982450634223467456e-01,-3.058419774248911094e-01,-3.425132596402326035e-01,-3.057513777881205597e-01,-3.152658808088261710e-01,-3.651219173835025256e-01,-3.250838916917955790e-01,-2.911320046389899163e-01,-3.011216471315670273e-01,-3.144254917458078613e-01,-2.740993505560334054e-01,-2.864083932250999776e-01,-3.018440728247627769e-01,-2.556887909159414884e-01,-2.091178701104392246e-01
1.672568205062728575e-01,1.352558974247875245e-01,1.182559411369247943e-01,2.060680400565863546e-01,1.633092559008231526e-01,1.997698245586706361e-02,2.270493159688437821e-04,7.116761876337475423e-02,-2.101108668066706611e-02,-1.595246113070934724e-01,-1.700601542249461640e-01,-1.483011112320816727e-01,-2.027636779219918473e-01,-3.763072302905995370e-01,-4.076063447906171366e-01,-4.293448053529183572e-01,-4.678636997603799474e-01,-5.061852169878241492e-01,-5.244013624005088303e-01,-5.158457001698814048e-01,-4.807706556309509494e-01,-4.686848793421316550e-01,-3.738871534321864809e-01,-1.984947598002986258e-01,-1.397550537517591729e-01,-2.739687080272886210e-01,-3.553935395154791954e-01,-1.938646160838120025e-01,-4.573513844992913718e-02,8.765481407222594501e-02,2.409824278445744927e-01,-1.021186784726372393e-01,-1.445731742867167879e-01,-9.885458778015441747e-03,-8.150270101605619488e-02,-2.589518181585470091e-01,-1.189201511534115491e-01,-2.573884586136732447e-02,-1.694901980367878244e-02,-4.055722279648563133e-02,1.332861065316271465e-01,1.353414551512840402e-01,-2.449844648443593245e-02,-8.017753715291782435e-02,-2.308806447997493183e-01,-2.412355169147661349e-01,-1.532343165154437525e-01,6.463081189415055550e-02,1.687514028820137069e-01,3.054434583088903588e-01,2.160553881882104621e-01,6.431300609424769887e-02,1.841893963635635456e-01,2.716913553281854465e-01,1.182164923850934912e-01,1.911533804683853560e-02,1.153567659368395920e-01,7.721854398292833654e-02,-5.233642983433241941e-02,1.254993881193765259e-01,8.050774905130110570e-02,-5.609885174218134929e-02,-8.772387598364430467e-03,7.038341881807494427e-02,-9.218381241562056960e-02,-1.673909435687681857e-01,-7.418520387680993533e-02,-6.095699347244205174e-02,-1.446579849532163287e-01,-1.351327597914822598e-01,-3.967414283390671009e-02,-1.074346049301987474e-02,1.023476638276893946e-01,1.607066005655548996e-02,9.539553043554445388e-02,-1.853787226555728140e-02,-1.168988946977864429e-01,-1.767044989639738051e-01,-1.945770500512801482e-01,-2.449705681899435050e-01,-1.515305739771357629e-01,-3.330797372610183604e-02,1.242385471812943037e-01,3.644556799000456260e-01,4.398313609102910138e-01,4.208075210239913821e-01,7.661399909682166109e-01,8.437017659859893381e-01,7.749900467888672928e-01,8.971978407514590304e-01,9.999999999999997780e-01,8.913112817163730828e-01,7.965688516483303561e-01,6.996162170560377147e-01,5.181294093018582458e-01,4.534072957939164206e-01,3.692331545416051020e-01,4.368358480835972668e-01,3.619204557977986347e-01,5.137009089113505622e-01,2.457617423415113800e-01,2.629452991330469280e-01,5.454951747130586392e-01,3.572138963609320372e-01,8.436087897483980635e-02,1.057020033609083060e-01,1.314124469676223317e-01,-8.852535857084306570e-02,-1.836084414079331151e-01,-1.404663867613563100e-01,-2.922552730711878155e-01,-3.752320236859721381e-01,-3.562964718604286762e-01,-4.287787334936153383e-01,-4.914676945798728269e-01,-4.769494268956991911e-01,-4.072598482094059169e-01,-3.965292484120097050e-01,-3.464575900242667372e-01,-3.413795494623740878e-01,-3.561185405567922624e-01,-4.224948046477645658e-01,-3.652663690069255509e-01,-3.044860327867440764e-01,-3.274002933654564518e-01,-4.221276153564886835e-01,-3.569805589006729840e-01,-2.978298486024500979e-01,-3.279941738069827584e-01,-3.281575905846899621e-01,-3.089578570764369703e-01,-3.055616197627784580e-01,-2.463852069347495510e-01,-2.005090858672257115e-01,-2.325805709509724817e-01,-2.546353575545158288e-01,-1.807523325641185730e-01,-1.991256731620731635e-01,-2.413564131031913362e-01,-1.972644793903460259e-01,-1.480255766118330207e-01
4.840054135499294308e-02,4.561283689059456720e-02,-8.541168190673381622e-03,3.354054774042099923e-02,2.355795792883455878e-02,-7.080607426634093204e-02,-1.024107021512899729e-01,-6.466782142462247640e-02,-6.839051671491540307e-02,-1.774129985260230746e-01,-1.947406405890970693e-01,-1.694664037031682891e-01,-1.657406294011443959e-01,-2.891846631021703362e-01,-2.858115540862695703e-01,-2.548681794007990886e-01,-2.255247729140978652e-01,-2.741416886748967996e-01,-3.209527444293305831e-01,-2.974200605655368257e-01,-2.439166810576045841e-01,-2.794731169821873529e-01,-2.529222656363925292e-01,-7.934768482311393978e-02,-5.813185272893106603e-02,-9.039790519824891790e-02,-1.309815080096669304e-01,-5.276493678445355606e-03,1.302744562459126898e-01,2.650426057600756002e-01,4.296799079214760897e-01,1.039054307280126016e-01,1.105101876427992541e-01,1.655036948499081506e-01,4.351209025533702562e-02,-8.224058119478876161e-02,2.979453171788506299e-02,4.943247216897823926e-02,8.998330561987557749e-03,5.037259909043449550e-03,1.032358268586845984e-01,1.146795791082424743e-01,4.446319051544871115e-02,-9.504344043074108156e-03,-9.114780849800475926e-02,-1.370418348293091226e-01,-1.252350749437878275e-01,-3.507903294012201106e-02,-2.247794499237891833e-02,9.139341484461303844e-02,6.890994251578824725e-02,-6.315417986924565241e-02,2.018960648446907827e-02,1.123245016400382101e-01,4.994669730820393283e-02,-4.345444711568308138e-02,2.250635258511439474e-02,3.192823315151278180e-02,-6.577704895677723151e-02,6.595909475104397290e-02,5.676901629639934110e-02,-2.621921564634021803e-02,3.996884785106465804e-02,7.235583860806753254e-02,-3.926510247419136984e-02,-5.174427356463785765e-02,2.941725193549249093e-02,8.249808248724239956e-03,-2.800101021975455809e-02,-3.931193626779690142e-03,5.765022022849567579e-02,9.241210122142774763e-02,1.781766512008081393e-01,1.188131679952628417e-01,1.909050547158145927e-01,6.089009649089959647e-02,-7.423921428253663427e-03,-5.702124463417498207e-02,-4.099812781557351377e-02,-7.743282579603259774e-02,-2.784277904483539040e-02,-2.103776012738110129e-02,-3.506750742181671040e-03,1.859650684135411847e-01,3.634994252610347920e-01,3.129312784423179394e-01,5.519326139696614231e-01,6.890803900963053952e-01,7.999416192524317903e-01,8.487031457023618275e-01,8.913112817163730828e-01,9.999999999999998890e-01,8.550516618057216744e-01,5.709823671699565395e-01,3.397367871041994669e-01,2.822029444208303817e-01,1.684648531493015966e-01,2.162599554866785068e-01,8.672805850052472953e-02,1.508619121973390487e-01,-1.230518166931307555e-01,-8.616598145092943528e-02,2.227890157006632010e-01,3.537703737822286282e-02,-1.734213991518631093e-01,-1.025162476135571682e-01,-3.104980127715037397e-02,-2.188307682977112534e-01,-2.479969091784609836e-01,-1.633714633052730791e-01,-2.430234404224058398e-01,-2.982334356739358427e-01,-2.720209173009712211e-01,-2.814914296899060364e-01,-2.933977533348300359e-01,-2.640831141993099651e-01,-2.100540408155259220e-01,-2.403269513690819148e-01,-2.083871207283287119e-01,-2.540138937083650794e-01,-2.193016079003685115e-01,-1.984621408354245997e-01,-1.350988622284920726e-01,-8.014783530067443040e-02,-1.065391849716976480e-01,-1.961656847209781174e-01,-1.706626238490131509e-01,-1.320203766750371599e-01,-1.785656139152382305e-01,-2.267131204465263894e-01,-2.187619090317109716e-01,-2.391245650662990330e-01,-1.527635409204451677e-01,-1.348872701658453410e-01,-1.625946560462087909e-01,-1.783344295221723219e-01,-1.260808934543928839e-01,-1.567371000223756194e-01,-2.025916255740647098e-01,-1.603090829889283475e-01,-1.418707225412302042e-01
9.357422712075003784e-03,-1.822684220063780849e-02,-1.144117972243234582e-01,-5.079586553733060617e-02,-4.476037790970022884e-02,-1.308068801309607843e-01,-1.934516321675848471e-01,-1.152617760644388811e-01,-1.094100210700634512e-01,-2.209050323681904793e-01,-1.978252194964760513e-01,-1.576525733183046230e-01,-1.427892510473001697e-01,-2.536862879767340928e-01,-1.751323558035350059e-01,-1.403115793101992193e-01,-1.245651265526068890e-01,-1.975259468624719073e-01,-2.469217888452438225e-01,-2.288695135627760446e-01,-1.938721993275259736e-01,-2.511273842597639971e-01,-2.407679351562188041e-01,-8.602178921408189238e-02,-5.411769198587708385e-02,-3.896238426006337630e-02,-1.010199308356633796e-01,-9.377029723749817289e-03,2.041628348676078342e-01,3.169711261220925502e-01,5.289890575337945489e-01,1.947414182820099426e-01,1.766194719490269682e-01,2.371724905513081794e-01,1.261162737708675652e-01,2.094304876842393096e-02,1.422055016959915263e-01,1.484360132173659086e-01,1.022365050331978803e-01,1.362602789117665913e-01,2.223677530027519944e-01,2.064108810538944072e-01,1.771990930770567241e-01,1.020940578206554622e-01,3.968190019079218672e-02,-5.940498894329977048e-03,-4.395662341803366693e-03,6.271724081442547893e-02,1.982153186464116756e-02,1.253244777123586340e-01,1.261329893731754082e-01,-7.342787459640039149e-02,-2.147434260483584850e-02,1.050158316606856351e-01,3.363903769066709654e-02,-1.350043899508167611e-01,-6.109006933429583786e-02,-6.829410480522007942e-02,-2.116997774962584289e-01,-2.673204487227679241e-02,-2.883196350586154227e-02,-1.517147237028897422e-01,-3.630987178087222850e-02,-8.055374102351757840e-03,-1.726611713192021669e-01,-1.613580528780171608e-01,9.476254443501763020e-03,1.794745327802532340e-04,-5.097229044590084052e-02,1.552511337614737204e-02,1.229493424882561192e-01,1.655133388495812485e-01,2.151234309702772518e-01,1.600718677638126031e-01,2.174180166702567862e-01,1.540104759067041640e-01,9.480265218340228062e-02,4.611577465884602461e-02,4.660746250846993510e-02,-2.872907351260694034e-02,-1.971557051263671950e-02,-3.567164980709487676e-02,-5.859705271472057803e-02,8.521910636867285893e-02,2.527664275819780926e-01,2.490251007151183804e-01,4.164807461577380021e-01,5.077181668589171304e-01,6.738997019456725024e-01,8.417300717632294482e-01,7.965688516483303561e-01,8.550516618057216744e-01,1.000000000000000000e+00,8.159917807492059749e-01,4.927209464082152879e-01,3.644643228502761345e-01,3.846589425142522556e-01,3.532527531976338286e-01,1.534144653981799056e-01,1.438444395784089780e-01,-8.931798103477066320e-02,4.001762857283540364e-02,2.923395277586378627e-01,2.552960431607612449e-02,-1.167441082098479993e-01,2.093733077987378240e-03,-3.926665586571041061e-03,-2.151307033901569410e-01,-2.464442747479677620e-01,-1.845753346606602008e-01,-2.646904637007496675e-01,-3.206100221222574764e-01,-3.313557650464403759e-01,-3.422357137869460608e-01,-3.058887867491859036e-01,-2.765949744978034586e-01,-1.924478953003798121e-01,-2.164557636990741274e-01,-1.706358954571461917e-01,-2.316222296144603843e-01,-2.092312981050772902e-01,-1.972526275393026440e-01,-1.040607390329964521e-01,-6.419875277534066449e-02,-1.197789755456785954e-01,-2.347960187076883198e-01,-2.376112714000943871e-01,-2.109928291359931540e-01,-2.574816530094884426e-01,-3.202188972046329241e-01,-3.424472067126362873e-01,-3.262829560040952925e-01,-2.885993304138430582e-01,-2.729014016839233503e-01,-2.985255518790330131e-01,-3.438920911820919635e-01,-2.910573040566888925e-01,-2.975104003187242774e-01,-3.269416468035812318e-01,-3.236194936105567521e-01,-2.307992640012620222e-01
7.966778520753563242e-02,3.407403445822172056e-02,-1.240301818058228180e-02,7.802315553428576522e-02,6.091377339571285576e-02,-4.540135069156725489e-02,-7.858342867308711066e-02,2.599159857366556067e-02,-4.527475896252296933e-02,-1.565132772304319575e-01,-1.123935643853861688e-01,-7.005202080061632974e-02,-1.263310695684009277e-01,-2.291695918408625798e-01,-1.495264315592877979e-01,-1.599076162743230389e-01,-2.195532079917968948e-01,-2.674500792154773099e-01,-2.888629990508625456e-01,-3.239528030969030525e-01,-3.125518711587064180e-01,-3.125284683496598048e-01,-2.799741577702760664e-01,-1.876013769306919821e-01,-1.359873872878288315e-01,-2.183844529546294932e-01,-2.530476756506195857e-01,-1.615795394080706271e-01,-1.777709370398074555e-03,9.751535200561702033e-02,1.348708023872794148e-01,-1.128819987314801238e-01,-1.307637467254070540e-01,-8.178855103077840860e-02,-1.320413781840936163e-01,-1.795330310026630738e-01,-5.452046554748173762e-02,-1.507726279211781505e-02,2.110407946931608381e-02,1.020126898216238559e-01,2.328121878686397750e-01,2.349367298343434940e-01,1.397261866921094553e-01,1.070475681024070785e-01,-2.374192787132922873e-03,1.809990967842597335e-03,4.925737161972507105e-02,2.122056944798946798e-01,2.247098442061196411e-01,3.047374999193265266e-01,2.477341446311012163e-01,4.836868229856592510e-02,1.052902129947207444e-01,1.962124058453552089e-01,4.019023279578207847e-02,-9.638993269087446636e-02,-2.831515108115875354e-03,-6.123061011690900113e-02,-2.038156659382359404e-01,1.055802749670978940e-03,-2.321345085731631522e-02,-1.572128378326369258e-01,-7.402238175943064158e-02,-3.553623727751359374e-02,-2.256123356790079582e-01,-2.609213607264154189e-01,-1.128786820936919788e-01,-1.220181613574395502e-01,-2.124727363743741659e-01,-1.659713507199107596e-01,-7.723408790546029690e-02,-8.879356513252563421e-02,-5.922572877003503405e-02,-9.217145073829553781e-02,-4.707724301433328928e-02,-2.628932071446334062e-02,-5.713832425375068441e-02,-6.654144989340483873e-02,-8.165432857223019203e-02,-1.866955908285644339e-01,-2.325195652999648699e-01,-1.692979521489521855e-01,-1.300114578574489144e-01,1.074770421683986579e-02,4.895409492645791394e-02,6.306916874963952591e-02,3.075000185749153792e-01,3.675274770872976049e-01,3.511222782879787618e-01,6.433428139914346700e-01,6.996162170560377147e-01,5.709823671699565395e-01,8.159917807492060859e-01,1.000000000000000222e+00,8.064195340981897830e-01,5.532583579183860678e-01,6.717922956341108032e-01,5.710405652136085752e-01,3.668287444595967339e-01,3.295567518516166472e-01,1.046565441363341981e-01,2.632553940756378053e-01,4.196822315523752178e-01,1.154878690875004860e-01,-1.461234965925830784e-02,1.173127515307405000e-01,6.928922340347274354e-03,-1.811093213888955167e-01,-1.913673263253934387e-01,-1.685433812942650766e-01,-2.981408288162455400e-01,-3.159064380164419150e-01,-3.178250093247677599e-01,-3.661848254742113840e-01,-3.470969667441549111e-01,-3.019611288056444631e-01,-2.195342228637948145e-01,-2.273218561989750475e-01,-2.003713825489423228e-01,-2.657179751538928936e-01,-3.098309330622117108e-01,-3.412657716437076938e-01,-2.345291418649622373e-01,-2.035673181613938676e-01,-2.134976133413918342e-01,-3.146974502146300812e-01,-3.400354187227786484e-01,-2.859075653719392873e-01,-2.896804329327206662e-01,-3.338770590458395859e-01,-3.647431256478934625e-01,-2.888806684010382098e-01,-3.077793555718010277e-01,-2.738843293680134905e-01,-2.992182662547707150e-01,-3.641727704787119380e-01,-3.003436088127156012e-01,-2.778123849835196224e-01,-2.963570990656049231e-01,-3.267370581504088212e-01,-1.838061156015906861e-01
9.883637117431050279e-02,4.884679575221106962e-02,3.424885362234815489e-02,9.681265499552806075e-02,7.228635272898807640e-02,1.940147562215470758e-02,-2.858659521326126565e-02,2.872714661648828605e-02,-2.594433407654472140e-02,-9.894957814772624427e-02,-9.199523432017359115e-02,-8.447038865975665944e-02,-1.229927124058932675e-01,-2.000099317676727051e-01,-2.046471531749835815e-01,-2.203830735610273761e-01,-2.630308794137112827e-01,-2.805891730005523610e-01,-2.860517416791199530e-01,-3.051407745827923734e-01,-2.878766092507294982e-01,-2.724782734500265646e-01,-2.107938882470850595e-01,-1.718947366841447610e-01,-1.036717955681817210e-01,-1.793112978947296043e-01,-2.216575176435563177e-01,-1.164494937216176973e-01,1.934915749763455690e-03,3.939982289834670359e-02,-2.184721823909298311e-02,-1.754618449739660246e-01,-2.100147076635227594e-01,-1.696665367717503647e-01,-1.722132113672481535e-01,-2.275907121783652953e-01,-1.505199571333935005e-01,-7.482758083436066854e-02,-3.945293590178244880e-02,-1.552707057958460819e-02,1.113640364070096200e-01,1.040043813232768843e-01,-1.633257145017312441e-04,-1.301516467230374487e-02,-1.111171026183219862e-01,-1.010633332809025842e-01,-5.135212701000613916e-02,9.430857346229032379e-02,1.455634174678980819e-01,2.337246160595569389e-01,1.680363932904118118e-01,3.868796413275474300e-02,1.221332911395358045e-01,1.893900912294836925e-01,6.306294272646609245e-02,-8.080884937713793750e-03,7.551341315726017855e-02,4.354048723438908725e-02,-6.297828066800208180e-02,8.403843223581604349e-02,6.690227654329737594e-02,-1.860301918858921211e-02,2.268756898405842326e-02,6.888749750515280046e-02,-7.079872260997258082e-02,-1.151335639438588604e-01,-3.559724883289848429e-02,-5.852510591095320958e-02,-1.531805683273479990e-01,-1.386594213065247272e-01,-1.002088085190878664e-01,-1.613895351726218064e-01,-1.733735473985926201e-01,-1.532974217289256036e-01,-1.366321803506812815e-01,-1.075697557744394184e-01,-1.046051966675993344e-01,-9.957665153018446791e-02,-9.940776930784415988e-02,-1.877512946481718625e-01,-2.529576498585617839e-01,-1.904915213532067109e-01,-1.519425509757910131e-01,-8.806383652808202553e-03,-3.442646794824835016e-02,-8.437140490451597308e-02,1.719344381902207508e-01,3.116356498354899696e-01,1.280380618634092693e-01,3.028096085478954036e-01,5.181294093018582458e-01,3.397367871041993559e-01,4.927209464082152879e-01,8.064195340981897830e-01,9.999999999999998890e-01,4.203644514770982776e-01,4.750067327746419488e-01,3.615004909300511549e-01,2.805089401097433655e-01,3.230374087724003362e-01,1.125104020698913798e-01,1.362818250338403980e-01,2.002459556250516526e-01,3.496541652739675043e-02,-1.086464256227576974e-01,-6.213327429817434855e-02,-1.447892708810127604e-01,-2.000633028693706017e-01,-1.722229177330754923e-01,-1.720394463000397001e-01,-2.752437366919365802e-01,-2.543815118341621884e-01,-2.309798939504252857e-01,-2.724325494205812048e-01,-2.749085152864268466e-01,-2.219049509684930532e-01,-1.713985260376659492e-01,-1.736202701295872786e-01,-1.657832301867995517e-01,-2.320357717267293729e-01,-2.790324679147069276e-01,-3.011930922592890303e-01,-2.050763602617551862e-01,-1.659716538846985612e-01,-1.630407145490103960e-01,-2.345681071899559378e-01,-2.401490708872766056e-01,-1.757847489330190693e-01,-1.845648677999952303e-01,-2.151006658399862437e-01,-2.100809947480244966e-01,-1.327344011087709941e-01,-1.467552555869523212e-01,-1.225135877125759637e-01,-1.585591345117528528e-01,-1.878472308361462950e-01,-1.297546018508826948e-01,-1.289188084033677795e-01,-1.503937108396893318e-01,-1.587311169825863788e-01,-6.997278423163733052e-02
1.303158158924537791e-01,8.903122250212454347e-02,9.188595990069614583e-02,1.695790945254900539e-01,1.302464699539794823e-01,3.237638019463427719e-02,2.227560713542410531e-02,9.025188595847324913e-02,-5.115202329559934147e-03,-9.304463480712468759e-02,-7.994839791977774446e-02,-5.834086067779787471e-02,-1.172155036039734671e-01,-2.384738256025745184e-01,-2.342931742558642949e-01,-2.626342435380958906e-01,-3.301766418028636574e-01,-3.455788606095615001e-01,-3.546788799467807118e-01,-3.927498546033160176e-01,-3.764652143788160266e-01,-3.456787891225283071e-01,-2.912732513381294241e-01,-1.808944191125177736e-01,-1.514884884172683910e-01,-2.657672218041355894e-01,-3.049624675509652882e-01,-1.889048180067226801e-01,-1.053926995358324820e-01,-4.480361015805189168e-03,-9.017173798966886256e-02,-2.413532280809509156e-01,-2.975209557137974414e-01,-2.339282089180337587e-01,-2.317209416509502240e-01,-2.959264989449956196e-01,-1.948624843204870005e-01,-1.044556092975372635e-01,-4.403260193475225931e-02,-8.344584965639839300e-03,1.534644679505106357e-01,1.592452017640616779e-01,1.693425789723518315e-02,1.777011462045484337e-03,-1.324288839060856204e-01,-1.108718184335625856e-01,-3.680727093756491763e-02,1.586958246958527496e-01,2.290922567084287820e-01,3.169750330954789752e-01,2.415280242900627872e-01,1.000122772653099651e-01,1.818396181570751113e-01,2.505318714560695326e-01,8.681944433269343786e-02,1.064401444164016913e-02,1.067744334196796263e-01,6.254781438714318575e-02,-5.425779633530371238e-02,1.196022723108018382e-01,9.248477304827097678e-02,-1.020899006060155961e-02,3.227085588591626503e-02,8.387290175168370110e-02,-7.938285035020097025e-02,-1.367957231125517814e-01,-5.745492639836091014e-02,-9.280885184661807896e-02,-2.029024500820304777e-01,-1.948545971455136749e-01,-1.451980740527826219e-01,-2.075761240364578653e-01,-2.188137725621848717e-01,-2.043688137865624088e-01,-1.867299760213188553e-01,-1.470063830301688579e-01,-1.338272570354900604e-01,-1.359152990660640881e-01,-1.402214168747833445e-01,-2.470565033965219370e-01,-3.218218685873420748e-01,-2.379824032011862156e-01,-1.684860972251590594e-01,-6.140830847051186904e-03,-6.904774600988067279e-02,-1.057217803761285047e-01,1.743283001657650599e-01,2.887855707915308878e-01,8.793968514640002065e-02,2.745488524955163601e-01,4.534072957939164206e-01,2.822029444208303817e-01,3.644643228502760790e-01,5.532583579183860678e-01,4.203644514770982776e-01,9.999999999999997780e-01,8.945896145673672972e-01,5.141975266469872574e-01,4.357491945095617880e-01,4.646933856852921152e-01,2.051106562614930240e-01,2.019680512254512506e-01,2.638906138778087662e-01,8.626044318959155688e-02,-6.845827912860116826e-02,-2.376458600732875293e-02,-1.456432502675738261e-01,-2.058227409617078008e-01,-1.966777088810246210e-01,-2.112968510778037434e-01,-3.296756345797324794e-01,-3.090003676907366881e-01,-2.809789138332510205e-01,-3.283614361658558911e-01,-3.475721068488353271e-01,-2.907912998496499646e-01,-2.398099741043178967e-01,-2.463537612438745639e-01,-2.330787520856646977e-01,-2.915635858085523502e-01,-3.467290437552806304e-01,-3.780983393756061073e-01,-2.644098989864441251e-01,-2.140628111112390097e-01,-1.976090302154479006e-01,-2.850335544935921339e-01,-2.889912503822326673e-01,-2.038595285965472681e-01,-2.096294836181016308e-01,-2.431173862132096353e-01,-2.351227811404228152e-01,-1.734707209581476395e-01,-1.623423912921318490e-01,-1.335494937314695429e-01,-1.711857343683391708e-01,-2.050914500526169748e-01,-1.354248232819319220e-01,-1.388760979616807667e-01,-1.704635075547690504e-01,-1.720799292006943426e-01,-8.999908895636256345e-02
1.087628009919836547e-01,5.904991748832306986e-02,4.557818631362076794e-02,1.388720577676286205e-01,1.073928883272704526e-01,7.884658009740669327e-03,-4.725442793278585019e-03,9.279928317736700627e-02,-7.713004566026677652e-03,-9.980392242449191709e-02,-5.053927804620613612e-02,-2.298214526352173465e-02,-1.088935660868181748e-01,-1.901846091248548809e-01,-1.118771332658651807e-01,-1.439304274795385197e-01,-2.253292138257414756e-01,-2.624154592566964039e-01,-2.711293153087243613e-01,-3.150722061219964343e-01,-3.229034065218061578e-01,-3.067526152661272931e-01,-2.686440364693861715e-01,-2.189649385956616012e-01,-1.684058510179215484e-01,-2.547089382454231221e-01,-2.862585901656453657e-01,-1.939053529186448577e-01,-1.155539052797222022e-01,-2.530150188650717377e-02,-1.169944979075402819e-01,-2.165038604736777283e-01,-2.514299890427202366e-01,-2.199648389743966148e-01,-2.241064285626307995e-01,-2.220359465357599205e-01,-1.240437261771159816e-01,-7.479281307031068748e-02,5.359619319402227251e-03,9.136385511857063324e-02,2.268685368998044072e-01,2.320328990680485814e-01,1.116299368479336807e-01,1.038496194160992980e-01,-1.587134461985176617e-02,1.749322769488186394e-02,8.817804531395113943e-02,2.667326460474772065e-01,3.029797318937947903e-01,3.622205465722278528e-01,2.944704152786322138e-01,1.260254375251837755e-01,1.719438117103188057e-01,2.394369822476008214e-01,6.538310757716792043e-02,-3.691899114472187160e-02,5.545659196999009471e-02,-1.268091917933729731e-02,-1.368111149216896527e-01,4.787123897551012752e-02,1.727752288041905018e-02,-1.009336191962286883e-01,-4.743428890236266876e-02,-4.800934350064684462e-03,-1.800841207806053168e-01,-2.335648722945064815e-01,-1.260574319890448436e-01,-1.457161906273858332e-01,-2.585130734510767136e-01,-2.371469177605943224e-01,-1.670798294368625869e-01,-2.179944212083447519e-01,-2.289256191715695332e-01,-2.235472054156487365e-01,-1.890997762422825523e-01,-1.204539327750056704e-01,-1.136708010027110000e-01,-1.149707197233091061e-01,-1.354624826317849251e-01,-2.544062268723163434e-01,-3.406703505128798604e-01,-2.519195930912052073e-01,-1.945118137962472682e-01,-7.589470370190630477e-02,-1.330040252322583771e-01,-1.257776340532765214e-01,9.620156579015917697e-02,1.420475198856434307e-01,9.957430311611680657e-03,2.767468323425926191e-01,3.692331545416050465e-01,1.684648531493015966e-01,3.846589425142522556e-01,6.717922956341108032e-01,4.750067327746419488e-01,8.945896145673672972e-01,1.000000000000000000e+00,6.310730995872583238e-01,4.688189963315425035e-01,4.052067035754763902e-01,2.191507445269320897e-01,3.361232638463383382e-01,3.646913908290789208e-01,1.108996679296268550e-01,2.325170366049678777e-02,1.311021031051616825e-01,-4.684086178832106567e-02,-1.633053230598271455e-01,-1.541823694176691351e-01,-1.717926864226049510e-01,-3.041096574859199486e-01,-2.865629048087184882e-01,-2.743814971604577324e-01,-3.284913624734501769e-01,-3.321712898794307867e-01,-2.795251218313323238e-01,-2.185530626849549740e-01,-2.207089029303965222e-01,-2.083638160702640796e-01,-2.685302984733681786e-01,-3.406108517307387396e-01,-3.833888372843877734e-01,-2.728689583605273805e-01,-2.415171721906193281e-01,-2.218764132612281448e-01,-3.039940963013819109e-01,-3.299099089721694855e-01,-2.589435875732638559e-01,-2.475188896832577756e-01,-2.738020708623377653e-01,-2.940729328481173632e-01,-2.188192975330113255e-01,-2.415180486131522919e-01,-2.080116757250667359e-01,-2.308550477430808268e-01,-2.890261667233589016e-01,-2.280350230719546123e-01,-2.089071395671444342e-01,-2.265209671932902902e-01,-2.529193979749933541e-01,-1.457970695462324218e-01
1.620388839112512358e-01,1.180137800624267430e-01,1.133394263294263682e-01,2.141373893073242329e-01,1.806040550416627977e-01,5.511616209772607355e-02,5.933604147519528499e-02,1.644975450282675777e-01,2.505669210385120735e-02,-7.312367618668164093e-02,-2.812152683113048127e-02,2.634952363997012520e-03,-1.002732814486948648e-01,-2.106781782557302363e-01,-1.594166189240869280e-01,-2.103533781177649442e-01,-3.088336043464564584e-01,-3.378687611439133431e-01,-3.384000008520211544e-01,-3.907995236326673449e-01,-3.982353519627073735e-01,-3.596122572868373779e-01,-3.133856615318512118e-01,-2.027917094334859283e-01,-1.823605135491949136e-01,-3.222827643807118503e-01,-3.489301698627416126e-01,-2.231805031422935126e-01,-1.678331215378693619e-01,-7.453969263191456696e-02,-1.511141360161083191e-01,-2.870612935280834055e-01,-3.308040823042161516e-01,-2.726222117891115015e-01,-2.643065191934020342e-01,-2.917816640082345203e-01,-1.894286145056806869e-01,-1.183922420039026507e-01,-2.122150604221651610e-02,5.295068280172533087e-02,2.101697015163118409e-01,2.312006131842843648e-01,7.688056733591577818e-02,7.097169590406898765e-02,-7.571056772315967742e-02,-3.427031336408987300e-02,6.135382114943799259e-02,2.821348710782440317e-01,3.584635573121575658e-01,4.182176723038825705e-01,3.278237145789784646e-01,1.721741855667321131e-01,2.306602274837315780e-01,2.834108591022113655e-01,8.529356008251806620e-02,-5.825921530411456474e-03,9.135921135845079255e-02,1.011784693838786546e-02,-1.144279662262393388e-01,7.322771644365518029e-02,3.221040106244394546e-02,-1.046738692958863598e-01,-6.999985060183040730e-02,-9.932281601768339421e-03,-1.846759279536147047e-01,-2.615033239861440095e-01,-1.706747253070819981e-01,-1.704408837478567362e-01,-2.881284902730575914e-01,-2.832184287257674682e-01,-2.152709986014411103e-01,-2.468190837706614182e-01,-2.410307438914789657e-01,-2.720148384640879713e-01,-2.377889946853941894e-01,-1.894905493014197306e-01,-1.978084202567349514e-01,-2.051324668755698244e-01,-2.308145352647011650e-01,-3.388194716142861607e-01,-3.933710561414017759e-01,-2.638910832010450958e-01,-1.404119816675054588e-01,-1.850847911878671830e-03,-8.815352020099223584e-02,-5.974582754544899288e-02,2.183666159392494976e-01,2.262384622413524116e-01,6.719235636934924039e-02,3.454918958059789436e-01,4.368358480835973223e-01,2.162599554866785623e-01,3.532527531976338286e-01,5.710405652136085752e-01,3.615004909300510438e-01,5.141975266469873684e-01,6.310730995872584348e-01,1.000000000000000000e+00,8.933749754431149492e-01,6.217459511859892984e-01,3.698666834151940752e-01,5.113576104246465581e-01,5.451037297654122149e-01,2.541515350938930440e-01,1.024385784535340321e-01,2.330604477870862612e-01,5.020208425246373146e-02,-1.156403111580357468e-01,-1.218192443624471072e-01,-1.310033330671039331e-01,-2.988914499990700802e-01,-2.899541384503860342e-01,-2.804577020423683620e-01,-3.640539105433970857e-01,-3.887889515450427269e-01,-3.391990113585348077e-01,-2.797766160934773705e-01,-2.683765827262078463e-01,-2.580208323938751325e-01,-3.011143930401544155e-01,-3.923899211074956539e-01,-4.673285161718003788e-01,-3.716606163500573712e-01,-3.360135726998365047e-01,-3.102025787342151397e-01,-3.825783867420785023e-01,-3.876290134980304170e-01,-3.096152301838795973e-01,-2.915847848068355286e-01,-2.989069856856931273e-01,-2.994296579702513950e-01,-1.884642616335834020e-01,-2.502989841591469200e-01,-2.184335298900992595e-01,-2.508325410645376730e-01,-2.930672391641205854e-01,-2.296593655376383547e-01,-2.347031562801293603e-01,-2.600399806710199657e-01,-2.447199211309105671e-01,-1.088382580283183410e-01
2.099288322800839102e-01,1.619984688470264833e-01,1.961052208793493956e-01,2.872660962953893504e-01,2.371560588122341995e-01,1.180744927954904822e-01,1.316377695893167499e-01,2.078339519945237024e-01,4.824696348902205584e-02,-2.831107565174382362e-02,-9.664158991467245927e-03,1.042953463393822555e-03,-9.316423806380094708e-02,-2.193274725086536148e-01,-2.530658261271274134e-01,-3.199904189574057645e-01,-4.144409850512351667e-01,-4.206934220584130357e-01,-4.050974735861689324e-01,-4.448375437073742722e-01,-4.421881046903874957e-01,-3.853430924784773115e-01,-3.008937803751495776e-01,-1.968102643085885839e-01,-1.758686512012743453e-01,-3.229633045863733454e-01,-3.768159077730306450e-01,-2.414012467714784782e-01,-1.803626819362416367e-01,-8.490270495560987840e-02,-2.172783797197716527e-01,-3.377597441434451175e-01,-4.233456586407460254e-01,-3.413020593147305104e-01,-2.952497902869372637e-01,-3.702306786719681275e-01,-2.935499845447545053e-01,-1.774149596947171559e-01,-7.276349037166608691e-02,-5.779063865965795854e-02,1.193746093458988439e-01,1.325479946643856322e-01,-5.125294979517356492e-02,-5.404497231611557484e-02,-2.088755643402197826e-01,-1.612894964039329748e-01,-4.355748049348344419e-02,2.057382394019955929e-01,3.419925807966031073e-01,4.160399595767869663e-01,3.052975200576454884e-01,2.032255567213377689e-01,2.906486344501676422e-01,3.261570189034193601e-01,1.230506339521222764e-01,7.594171381592167147e-02,1.710356487140564374e-01,9.264803008885565128e-02,-1.919351584441369302e-02,1.525384575062971593e-01,1.014812569449984742e-01,-2.790935105801936253e-02,-2.342068458582561088e-02,5.598918620746611702e-02,-1.040238283404953112e-01,-2.064916506060414658e-01,-1.516284997212866137e-01,-1.468949590613589373e-01,-2.717592484230981209e-01,-2.909133507460002210e-01,-2.417071247698792114e-01,-2.877832192752520224e-01,-2.985436124812391179e-01,-3.191735642102719317e-01,-3.013101420414668330e-01,-2.610296177591363009e-01,-2.673223472218553831e-01,-2.671133871768273105e-01,-2.882877353600485915e-01,-3.763912680871680516e-01,-4.256190778509691963e-01,-2.585663029108845601e-01,-6.877055745776448903e-02,1.072156580749846488e-01,-6.578589508719470680e-02,-7.820433281186646435e-02,2.686935605403769078e-01,2.862517889197384591e-01,-2.238061733549622651e-02,1.892706515917384202e-01,3.619204557977986347e-01,8.672805850052472953e-02,1.534144653981799611e-01,3.668287444595966784e-01,2.805089401097433655e-01,4.357491945095617325e-01,4.688189963315425035e-01,8.933749754431149492e-01,1.000000000000000000e+00,8.174720606629394259e-01,5.636577169812705401e-01,5.612944006053472989e-01,5.315170901866241859e-01,3.594086134300557567e-01,1.446250508356078102e-01,1.734654280841326501e-01,8.999568438753826130e-03,-9.449172730489431571e-02,-1.169878775419326972e-01,-1.478302662421287494e-01,-3.173176540668541379e-01,-2.968440939041540050e-01,-2.659295789155782241e-01,-3.604795155318780142e-01,-4.172149546000138431e-01,-3.570488910340888222e-01,-3.071233804058182137e-01,-2.923198385167111168e-01,-2.876270462292753183e-01,-3.122535059447433814e-01,-4.129679916745021551e-01,-5.086076649413180384e-01,-4.143956979445238553e-01,-3.704520185705265090e-01,-3.378858906764217185e-01,-3.999281845078488939e-01,-3.810117684780842673e-01,-2.943325442378420531e-01,-2.746197675740933430e-01,-2.615343107433680814e-01,-2.424855075227173862e-01,-1.551053688160013433e-01,-1.907379581135666136e-01,-1.453150019453018638e-01,-1.803993162086933999e-01,-2.112958307023616034e-01,-1.393378682648813427e-01,-1.452493482547351222e-01,-1.786000048406518326e-01,-1.542215366441047342e-01,-5.647370785339125843e-02
2.947379931636423533e-01,2.435549556584901409e-01,3.244637250693422348e-01,4.315878505746562066e-01,3.383262557209526511e-01,1.891771958132279496e-01,2.276364825209987175e-01,2.888582170777789782e-01,8.247438600594887703e-02,3.176488555139083889e-03,-9.648270238040778518e-03,-1.174498036627715999e-02,-1.078885307558953566e-01,-2.847101396425236741e-01,-4.231398859371112708e-01,-5.158168337407854631e-01,-6.226572786991358965e-01,-6.048348545425226153e-01,-5.671947630490021819e-01,-5.987454258469576684e-01,-5.782983358892356263e-01,-4.904807444273856509e-01,-3.418140290374539481e-01,-2.200070120854650535e-01,-1.901468103877383409e-01,-3.769333230674523083e-01,-4.757204535498382181e-01,-3.127859525162909327e-01,-2.085799731064612028e-01,-1.161531732832760955e-01,-2.445976374883380988e-01,-4.222971510137632500e-01,-5.577076716192904682e-01,-4.231005721648344320e-01,-3.571252796692889198e-01,-5.211704100477908552e-01,-4.425718357885857768e-01,-2.713207478839733122e-01,-1.585283766937384542e-01,-1.989832628264244785e-01,2.968529007778532638e-02,4.564060641918486066e-02,-1.981437555298197761e-01,-2.096822496949007630e-01,-4.016017052717905655e-01,-3.506284746890564463e-01,-1.942145820237683451e-01,1.392956590446894349e-01,3.697079714426012576e-01,4.748967962598935055e-01,3.111743579338544508e-01,2.418803428196520944e-01,3.859571679330062732e-01,4.041408071819604930e-01,1.576523249862288867e-01,1.469674634810702318e-01,2.555850399850551624e-01,1.554367250988457905e-01,3.951055415584321662e-02,2.169608282454762727e-01,1.331386724490870865e-01,-1.406964602498445363e-02,-3.787829799542594827e-02,7.532700912883863453e-02,-9.313527876315343124e-02,-2.418226215848699456e-01,-2.079206263334678340e-01,-1.759043969521458528e-01,-3.151364359173475793e-01,-3.566107640228395326e-01,-3.006325718149170378e-01,-3.316632948959071792e-01,-2.860001954000335189e-01,-3.337648635544103737e-01,-3.022450051864123410e-01,-2.903462608481487961e-01,-3.562782424921653313e-01,-3.508726227004503317e-01,-3.981127014299148947e-01,-4.389600660384921360e-01,-4.053803455767529540e-01,-1.185346915823903280e-01,2.158083986995732173e-01,4.375473374606653199e-01,1.833296468226421894e-01,1.579917967786833022e-01,5.988366987943367636e-01,5.584426178942986096e-01,1.117120711208758055e-01,2.919631483894273294e-01,5.137009089113505622e-01,1.508619121973390487e-01,1.438444395784089780e-01,3.295567518516167027e-01,3.230374087724003362e-01,4.646933856852921152e-01,4.052067035754763902e-01,6.217459511859892984e-01,8.174720606629395370e-01,1.000000000000000222e+00,8.636258414203225042e-01,7.115567691597253219e-01,7.138063718992490037e-01,6.927853878840869450e-01,4.020850505747115000e-01,2.555975467591751205e-01,1.658718225928199619e-01,9.666614621992342116e-02,-4.804076295221363507e-02,-1.146950890141725105e-01,-2.875265616905327559e-01,-3.106327514368143472e-01,-2.963276995066941311e-01,-4.333506636156275182e-01,-5.311428093567486242e-01,-5.052101846267197383e-01,-4.531744606532286945e-01,-3.935687530573161452e-01,-3.588268990099569011e-01,-2.902812103341153582e-01,-4.126752087467657204e-01,-6.030508222649926253e-01,-5.508315672864863011e-01,-5.104306553023779669e-01,-4.804910251649582298e-01,-5.395169842185937314e-01,-4.783177928553720148e-01,-3.814635479119818928e-01,-3.565773787243823878e-01,-3.051222010771934001e-01,-2.711250196088738629e-01,-2.146975108987602132e-01,-2.179181476779923909e-01,-1.480989508007298505e-01,-1.809780867698333462e-01,-2.140637474475888813e-01,-1.242764332755189743e-01,-1.161270003716754484e-01,-1.470518525077151306e-01,-1.259826619755441968e-01,-4.343638530049673957e-02
2.690800741442864186e-01,2.253090881559646486e-01,3.228391952232392836e-01,4.266986057666642407e-01,3.168036140289077207e-01,1.929137662451009538e-01,2.561179051732757617e-01,3.083041498298480509e-01,1.039341112036546444e-01,6.694881050835720104e-02,6.706139848245169788e-02,5.294613988761747575e-02,-4.043057411116197930e-02,-1.589082011543396789e-01,-2.913975000440892082e-01,-3.913816326898213460e-01,-5.024500824947941702e-01,-4.764594901020351436e-01,-4.217479953292952444e-01,-4.545648257985095975e-01,-4.541465205791778148e-01,-3.665524249638835719e-01,-2.271010846917746739e-01,-1.771666757397878933e-01,-1.576975062428280505e-01,-2.972503943098276924e-01,-3.922268297192130215e-01,-2.805145602192384846e-01,-1.921018438122793492e-01,-1.331096588992267404e-01,-3.178204930556236540e-01,-3.962959532238506943e-01,-5.298778465425380002e-01,-4.393259941673497426e-01,-3.458985980333982302e-01,-4.568768127316176764e-01,-4.317093273503477269e-01,-2.977773303635342650e-01,-1.699471729680470944e-01,-1.897913151737362913e-01,-1.034337154492571444e-02,1.829419312174379933e-02,-1.923373196116004158e-01,-1.828603141873730298e-01,-3.391130160125806481e-01,-2.768803040052467135e-01,-1.337514077289503056e-01,1.598922458378321809e-01,3.779226365953341493e-01,4.357480892713616050e-01,2.789390295182136437e-01,2.519878451736746738e-01,3.619343800136824441e-01,3.441131885785383426e-01,1.096385244330596725e-01,1.316209284555061587e-01,2.211466821445229602e-01,1.031016013412534987e-01,1.929190470796725287e-02,1.483167056096063585e-01,4.795659284092071428e-02,-6.596611295518142737e-02,-1.058668679869541468e-01,-7.420013181973529603e-03,-1.304927838648091698e-01,-2.660658917179064553e-01,-2.581779947549556198e-01,-2.035526895523778468e-01,-3.157352031359954014e-01,-3.576372325679455511e-01,-3.362040701263155906e-01,-3.483017279583916492e-01,-2.943852808797205456e-01,-3.674891976460857856e-01,-3.550978511390724401e-01,-3.184520660199745556e-01,-3.923170017652247710e-01,-3.737882420445811649e-01,-4.255198793943968383e-01,-4.268328959247064680e-01,-3.663147771043782086e-01,-5.152001017418664924e-02,3.402987004226524226e-01,4.607143633220980861e-01,1.448299732616774027e-01,1.977648805884023586e-01,5.397189584832846609e-01,3.530279170065699357e-01,-5.472973050026255781e-02,1.271895444145849374e-01,2.457617423415114355e-01,-1.230518166931307417e-01,-8.931798103477066320e-02,1.046565441363341981e-01,1.125104020698913798e-01,2.051106562614930240e-01,2.191507445269321452e-01,3.698666834151940197e-01,5.636577169812705401e-01,8.636258414203225042e-01,9.999999999999998890e-01,8.768644086621678602e-01,7.829597942476700378e-01,8.514929101789915356e-01,6.916819083217540243e-01,4.821402909787825819e-01,3.743271555415637053e-01,3.241058164962122845e-01,1.045984404861030476e-01,1.025451067982299444e-02,-1.445884824517135736e-01,-1.853427559973504501e-01,-2.005487004536531115e-01,-3.396619138154280404e-01,-4.432928564712759756e-01,-4.466787937864849511e-01,-4.174832364138763574e-01,-3.409634963771398519e-01,-3.091295752522714713e-01,-1.737921431717284471e-01,-3.151493578925017025e-01,-5.360654874762836863e-01,-5.289893282529847252e-01,-5.060828399940310307e-01,-4.602566508996679961e-01,-4.881908590192565178e-01,-4.292313577198368924e-01,-3.502052921420645282e-01,-3.015013399415474860e-01,-2.335066791743380110e-01,-2.121663961865983827e-01,-1.759662222258819853e-01,-2.066212588845919296e-01,-1.508673018023687640e-01,-1.509535484392219018e-01,-1.923346419524009088e-01,-1.328915623641747645e-01,-1.006039275106885289e-01,-9.564899062912747552e-02,-1.130384229813030245e-01,-4.408630185813250391e-02
2.321361417586479681e-01,1.856728925004431652e-01,2.351573113032671414e-01,3.580452971676093554e-01,2.743710863061019634e-01,1.386935928538365059e-01,1.915187836760647300e-01,2.879463496537946754e-01,8.731431952921495099e-02,2.946649554603706159e-02,7.384148053312160342e-02,8.425090783494233737e-02,-3.434346556746821488e-02,-1.302776530791046605e-01,-1.500285451138695658e-01,-2.405642317782600292e-01,-3.652936405056541047e-01,-3.682000303548417786e-01,-3.299390763810507443e-01,-3.797462699900995275e-01,-4.006567126547304070e-01,-3.361069503646842982e-01,-2.363719409842926500e-01,-2.114242283505803621e-01,-1.831671744688681824e-01,-2.971360575690266681e-01,-3.708386706488019380e-01,-2.828268663091240143e-01,-1.894763822130499098e-01,-1.229287677608650875e-01,-2.936951888352236084e-01,-3.542436805773181985e-01,-4.479544498827647825e-01,-3.982159445794477004e-01,-3.325109888165420080e-01,-3.634119550158902978e-01,-3.224417315952629037e-01,-2.423676540769749976e-01,-1.020869423478547589e-01,-4.765696133866557244e-02,1.007518632001545567e-01,1.382928298057869709e-01,-4.157697488026770860e-02,-2.378351614392763477e-02,-1.690716585822416296e-01,-9.938946103418701272e-02,2.836174720131460700e-02,2.959551700060388812e-01,4.507071325420775598e-01,4.806383484923520966e-01,3.422299539289463954e-01,2.596287423892473800e-01,3.236565591034935019e-01,3.181203121438757053e-01,7.568113029059173047e-02,4.766770581164194581e-02,1.364731623430528729e-01,-1.843816642230339297e-03,-1.017903720866072809e-01,5.130229584605740245e-02,-4.214033787980713680e-02,-1.681282516626121382e-01,-1.823982052604229687e-01,-1.068245645850442460e-01,-2.481737986902498583e-01,-3.678705154794716381e-01,-3.221661829681684019e-01,-2.566104071028177391e-01,-3.670213835954433956e-01,-3.839997426762917776e-01,-3.462210991284409567e-01,-3.393511059779613093e-01,-2.755873281040430167e-01,-3.875241985905643616e-01,-3.634141023096817413e-01,-3.244036329857021284e-01,-3.943344728409973743e-01,-3.864585837060350304e-01,-4.285356436631271304e-01,-4.562461875577265569e-01,-4.098705503872213107e-01,-1.497863190986732373e-01,2.083453025195834141e-01,2.607685257317104432e-01,3.002127054877238438e-02,1.874836070616304473e-01,4.636956071792061596e-01,2.195481344490458619e-01,-2.707949968237615898e-02,2.559538995186587118e-01,2.629452991330470391e-01,-8.616598145092942140e-02,4.001762857283543140e-02,2.632553940756378053e-01,1.362818250338403980e-01,2.019680512254512783e-01,3.361232638463383937e-01,5.113576104246464471e-01,5.612944006053474100e-01,7.115567691597253219e-01,8.768644086621676381e-01,1.000000000000000222e+00,9.181804033295656309e-01,8.180746579763671367e-01,7.859099891791841985e-01,7.333485754950860303e-01,5.163130633704294814e-01,3.514231148028413299e-01,1.553775477670002458e-01,8.532083061824274894e-02,-1.169879574889551854e-01,-1.703196413166866430e-01,-1.885319801251403582e-01,-3.206888682849777239e-01,-4.177816859171240016e-01,-4.162847441339954657e-01,-3.762459280253032667e-01,-3.148643092690936451e-01,-3.081464618558453772e-01,-2.162094538294354329e-01,-3.594139890627329192e-01,-5.353710955735271337e-01,-5.217483500671958874e-01,-5.049970417322754423e-01,-4.498665328832005539e-01,-4.758914640078031888e-01,-4.493357015487489114e-01,-3.959163842900376706e-01,-3.338043148550711714e-01,-2.516775291598563058e-01,-2.821303512509008016e-01,-2.615536054887458439e-01,-3.038557833431975164e-01,-2.347924536697168496e-01,-2.134393595447008907e-01,-2.945343962073886379e-01,-2.437338429452685917e-01,-1.793179779096210347e-01,-1.639941319087503679e-01,-2.301467606657673359e-01,-1.417688141181374095e-01
2.518720495833162154e-01,2.088498676006302623e-01,2.393690482781985762e-01,3.720413645840457417e-01,3.074664790300792871e-01,1.349054225143327679e-01,1.779412067164401201e-01,2.992644516138944777e-01,8.599112597796663982e-02,-1.442523460077235926e-02,2.586557791686169838e-02,6.020473939328733343e-02,-7.155235884621873044e-02,-2.222324988081901542e-01,-2.324784355687602166e-01,-3.236862242444957238e-01,-4.531643779495928559e-01,-4.657824634141765618e-01,-4.373701673740821305e-01,-4.897501693006102164e-01,-5.002334685163916106e-01,-4.311859924338923844e-01,-3.305326325659962428e-01,-2.269293080064573587e-01,-2.015420038337679409e-01,-3.715762204883433228e-01,-4.367649039616688933e-01,-3.134730499919398117e-01,-2.167423116916256387e-01,-1.384419975106425393e-01,-1.801251056717609322e-01,-3.576671162774880397e-01,-4.351213681304799130e-01,-3.295419659386290556e-01,-3.034852204158446920e-01,-3.908151673458303832e-01,-2.995448229207615110e-01,-2.040147345099667109e-01,-8.485672687306827777e-02,-3.898857858493022521e-02,1.339286204914000578e-01,1.736314478364287817e-01,-2.755389643364227273e-02,-2.940288701270412156e-02,-2.023139333166324716e-01,-1.418046569829400916e-01,-5.548208365448209674e-04,3.020247439919332422e-01,4.682584401667410079e-01,5.175528907243525101e-01,3.648084383874724557e-01,2.494111580926789973e-01,3.285606461519071098e-01,3.361352511353147277e-01,8.891651785476009651e-02,2.657439148048655955e-02,1.185367677408560722e-01,-1.811720432047259771e-02,-1.354785074156266422e-01,4.110032670518439651e-02,-4.514492775015888082e-02,-2.090820416772255497e-01,-2.132810909762991314e-01,-1.253809063356649545e-01,-2.913408003102246346e-01,-4.226251756625610256e-01,-3.514623113044822444e-01,-2.652876626442614572e-01,-3.711556900024716721e-01,-3.749075537019614379e-01,-2.985018726826749735e-01,-2.480404648566132964e-01,-1.158268610042880314e-01,-2.856051205718462271e-01,-2.424265208195416910e-01,-2.681820372005836450e-01,-3.761230061445231532e-01,-4.054129518415104938e-01,-4.521131041606584744e-01,-4.688800358006922075e-01,-3.296703206986590362e-01,-6.725012151166612218e-02,3.151851846535804191e-01,3.840736303755299952e-01,2.380931594838912035e-01,4.405228610746100837e-01,7.069281652325225540e-01,4.618318586680520976e-01,2.907138940708373642e-01,5.710681832342019426e-01,5.454951747130589723e-01,2.227890157006632010e-01,2.923395277586379737e-01,4.196822315523751623e-01,2.002459556250516248e-01,2.638906138778089328e-01,3.646913908290788653e-01,5.451037297654122149e-01,5.315170901866239639e-01,7.138063718992492257e-01,7.829597942476701489e-01,9.181804033295655199e-01,1.000000000000000000e+00,8.782994383495238422e-01,7.929662351432796852e-01,7.723686511371145036e-01,6.450399662104002729e-01,4.243806153743843179e-01,2.169775897339422666e-01,1.594090202808411405e-01,-4.826677672240814454e-02,-1.512227496427993034e-01,-1.899217838117682189e-01,-3.518196970994301731e-01,-4.677145624789441625e-01,-5.103534075715077112e-01,-4.710558232279997148e-01,-3.786083294130173638e-01,-3.615847477480839678e-01,-2.337783826714431856e-01,-3.608447431782651482e-01,-5.572524137843442027e-01,-5.880406008969027987e-01,-5.725975014589554934e-01,-5.453050715630380907e-01,-5.621636526050710625e-01,-5.003929941817865101e-01,-4.698599105587746849e-01,-4.135098134549307636e-01,-2.977021616494389122e-01,-3.315617319843977007e-01,-3.342513426908462204e-01,-3.785216061176358004e-01,-3.017314014675026024e-01,-3.041147114568137910e-01,-3.694067184522484837e-01,-3.063348355005891532e-01,-2.549304291620279606e-01,-2.512603207978561515e-01,-2.844133283787465549e-01,-1.565390677436887812e-01
3.139030770922510705e-01,2.861655752334154590e-01,3.687286450302668661e-01,4.741782381924184997e-01,3.959179874194949655e-01,2.386262176032423188e-01,3.099148840775475255e-01,3.820063109581339766e-01,1.437522610674601964e-01,8.843538470932382767e-02,8.253335099076082593e-02,9.529555288984940808e-02,-1.551405981584120207e-02,-1.810249689376772497e-01,-3.308462085445763590e-01,-4.457878660271842874e-01,-5.591786972038423897e-01,-5.310448379420033005e-01,-4.697790762967652411e-01,-5.005992542981033688e-01,-4.979401957806711132e-01,-3.963641126991043206e-01,-2.510343486038425498e-01,-1.441054171294863517e-01,-1.507943535962215087e-01,-3.272672304172193347e-01,-4.155762663813903912e-01,-2.847022249676333661e-01,-2.140359990068895213e-01,-1.618267215741697740e-01,-2.374882467880532477e-01,-3.860731321836652352e-01,-5.050850613338955242e-01,-3.632724138133725522e-01,-2.965992558178633942e-01,-4.562842394015275693e-01,-4.140852542251346469e-01,-2.806095999151522191e-01,-1.757514414937126901e-01,-2.177570735110156142e-01,-4.620388539405113904e-02,-4.794814365531421645e-03,-2.198155944996057209e-01,-2.260642833086941306e-01,-3.865108378509933273e-01,-3.273001444656003511e-01,-1.678506327597604486e-01,1.480504305711957402e-01,4.058959344716332462e-01,4.467712818589433810e-01,2.622993971699498772e-01,2.655480339899683462e-01,3.741024871187061951e-01,3.194625672806507555e-01,9.653321294681899145e-02,1.175640782303944004e-01,1.784407255163363570e-01,2.926535907749205564e-02,-4.421984070842418374e-02,7.051517535923139401e-02,-2.938039286662986679e-02,-1.902006224471488594e-01,-2.537909657351151149e-01,-1.434578843814757199e-01,-2.541973233942773081e-01,-4.172854797570306196e-01,-3.984189323691160745e-01,-2.662369924552359102e-01,-3.525564191741329956e-01,-3.882151417318105979e-01,-3.143472466030157175e-01,-2.384677744753414819e-01,-7.978792698129988370e-02,-2.439290088800953327e-01,-2.113120296382120233e-01,-2.350618250041051904e-01,-3.881671567420216795e-01,-3.954042494875795177e-01,-4.769121658608399539e-01,-4.023583188692654300e-01,-1.814091096902669398e-01,1.718349759093017737e-01,6.161338870540928880e-01,6.295538746691446974e-01,4.001766706752201697e-01,5.755009966122994758e-01,7.645350035685370971e-01,4.788758568804249438e-01,2.055498539284421888e-01,3.588521897478655909e-01,3.572138963609319817e-01,3.537703737822286976e-02,2.552960431607616612e-02,1.154878690875004582e-01,3.496541652739681982e-02,8.626044318959164015e-02,1.108996679296268689e-01,2.541515350938932105e-01,3.594086134300557567e-01,6.927853878840868340e-01,8.514929101789919796e-01,8.180746579763674697e-01,8.782994383495238422e-01,9.999999999999998890e-01,9.043652732095392999e-01,7.291236188110985506e-01,7.410140537865610444e-01,6.666333649801853278e-01,3.742883417666569290e-01,2.381026060384621723e-01,1.395600922197999250e-01,3.125286785825207719e-02,-9.480643089806574386e-02,-2.947894771013156445e-01,-3.797533361850273792e-01,-4.850290143781685326e-01,-4.562143424357366639e-01,-2.837826943430737936e-01,-2.418444534872761786e-01,-4.630830592166353989e-03,-1.548965264718032420e-01,-4.748646670560416894e-01,-6.020679521413309088e-01,-6.425174438640188779e-01,-6.378368039319595173e-01,-6.006597481776204672e-01,-5.111503063378182166e-01,-5.017449792682017184e-01,-4.344023385772725621e-01,-2.800190541655181442e-01,-2.677842488586910097e-01,-2.458272782800899059e-01,-3.344894577745192721e-01,-2.555457892907676554e-01,-2.645353139590413960e-01,-2.965688680617737938e-01,-2.404758032037521698e-01,-1.988427808614803005e-01,-1.898191482314312561e-01,-1.839684784996560296e-01,-5.398019773613869920e-02
2.262734587681342058e-01,2.069249087896394002e-01,2.572459932512744518e-01,3.520438419122736695e-01,3.032899304108808147e-01,1.830620070766251772e-01,2.507288334299424548e-01,3.337416403069304316e-01,1.287853285906651324e-01,1.031836861476607276e-01,1.315408380673100119e-01,1.591108857080700267e-01,5.286400932798387270e-02,-4.814931458558475985e-02,-1.104636819086392968e-01,-2.106766757476064567e-01,-3.217964127401278795e-01,-3.014978956762223716e-01,-2.472604902819457162e-01,-2.959704222864501522e-01,-3.159286431334660805e-01,-2.333158149685964078e-01,-1.474769412943439106e-01,-9.467566448659790745e-02,-1.215607850815456359e-01,-2.370806946829621675e-01,-2.835508058804646070e-01,-2.077881468927929298e-01,-1.668585901170834551e-01,-1.445289254262203116e-01,-2.632775052414620398e-01,-3.129655236202912860e-01,-3.925335933073637040e-01,-3.233248644855900578e-01,-2.612186668579633553e-01,-3.204582770927083546e-01,-3.124054440565088853e-01,-2.472902002730886506e-01,-1.354645252120889598e-01,-1.151260598058082979e-01,-1.628279255884252860e-02,3.966807237921479018e-02,-1.091972194895177578e-01,-8.825696912900517221e-02,-2.001686219654948140e-01,-1.323130825402417110e-01,-1.250671989535061430e-02,2.196755542055872645e-01,3.958258325714510972e-01,3.774242509359671538e-01,2.329638457324375578e-01,2.351715945225590909e-01,2.786017313684771568e-01,2.110768137826519730e-01,3.207850248708678242e-02,4.281121684591913945e-02,7.618094023368995882e-02,-6.419571600817054746e-02,-1.112312765674552950e-01,-3.844189129431348911e-02,-1.080804727516363473e-01,-2.296376562982797576e-01,-2.869061468345471266e-01,-2.200107556203374226e-01,-2.940980882511371464e-01,-4.173906364047600404e-01,-4.081945118125742678e-01,-2.788643735167474214e-01,-3.338699431225726766e-01,-3.513899576993753660e-01,-3.125379857142627782e-01,-2.257080679389635580e-01,-7.825806881079278021e-02,-2.723501794803065423e-01,-2.660412466637785411e-01,-2.734954742535382621e-01,-3.916003170469389283e-01,-4.053187058956823630e-01,-4.647900359887138233e-01,-3.851953885212496265e-01,-1.618674988780806068e-01,1.168436774065594042e-01,5.287192269121828714e-01,4.008848099418961808e-01,2.022166810442436735e-01,5.010064881864880748e-01,5.243166027926648987e-01,1.596078232845823119e-01,2.575367090916003826e-02,1.992902279094534990e-01,8.436087897483986187e-02,-1.734213991518631925e-01,-1.167441082098479993e-01,-1.461234965925828182e-02,-1.086464256227577529e-01,-6.845827912860120990e-02,2.325170366049688492e-02,1.024385784535341154e-01,1.446250508356078934e-01,4.020850505747116110e-01,6.916819083217541353e-01,7.859099891791841985e-01,7.929662351432794631e-01,9.043652732095392999e-01,9.999999999999998890e-01,9.038389466130585248e-01,8.710680063820227526e-01,8.048367016070101521e-01,5.694218732769766866e-01,4.301188059532488062e-01,3.343768997958154188e-01,2.265592302619167109e-01,9.265841447207598391e-02,-1.027923061243703473e-01,-1.944384860532249737e-01,-3.275772301456209568e-01,-3.406183001450897030e-01,-1.666492115329462065e-01,-1.685697291196222580e-01,7.330396206862725694e-02,-7.710581417105111246e-02,-3.485366232296341904e-01,-5.176615633998331578e-01,-5.619181918295704792e-01,-5.407424516667593828e-01,-4.608932742859389586e-01,-3.904217242053957815e-01,-4.169436918647860257e-01,-3.308993837567830720e-01,-1.538492503649217524e-01,-1.837556861352998283e-01,-1.996427526632413296e-01,-3.091677165468995625e-01,-2.459734688077543363e-01,-2.520035420592179887e-01,-2.898350944857778777e-01,-2.565851909853233970e-01,-2.016392719619932716e-01,-1.752067788454992336e-01,-2.020589028745596594e-01,-5.904922434457855057e-02
1.600700450975592326e-01,1.391240497967875522e-01,1.355080447881476524e-01,2.417583679983838219e-01,2.267408752280711259e-01,1.019969969780348817e-01,1.443533233427472806e-01,2.707160296433331892e-01,9.652392283402845552e-02,4.260343680593432769e-02,1.120894120256908100e-01,1.578930810127496531e-01,3.229760553306692400e-02,-3.131712676478624197e-02,2.099611910658275016e-02,-6.289270826320490781e-02,-1.811103552272024242e-01,-1.925836666325818070e-01,-1.560718305968636088e-01,-2.160414441854844325e-01,-2.567596249179108225e-01,-2.030298871268217398e-01,-1.611911593341609217e-01,-1.284561953074406238e-01,-1.395994422232631482e-01,-2.345020561631311617e-01,-2.520988441753860831e-01,-1.943062935008765535e-01,-1.661378607431149290e-01,-1.274588695434109298e-01,-2.113712912612946693e-01,-2.464740151844032612e-01,-2.803167732689064717e-01,-2.458777335538962772e-01,-2.187971778021850222e-01,-2.066639061416636336e-01,-1.810432443990505624e-01,-1.701443051709023435e-01,-6.066700706021477263e-02,2.626104525035959786e-02,9.033438831399376312e-02,1.536693838978214210e-01,3.841097255707943969e-02,6.576199467992106806e-02,-3.134247475022687579e-02,3.674892063838202522e-02,1.324644298760321859e-01,3.211366247014058040e-01,4.186081565294461626e-01,3.787239247987662094e-01,2.621187185405076669e-01,1.969054334745485579e-01,1.962629016873785048e-01,1.552473870393499267e-01,-1.184775051906958136e-02,-6.313091708623982945e-02,-2.726693588819496111e-02,-1.619342693323689852e-01,-2.221456947630776890e-01,-1.223881160303271626e-01,-1.715176783725390619e-01,-2.920466296741474066e-01,-3.056360908754090500e-01,-2.751810699035774910e-01,-3.643535907258262929e-01,-4.394405470690844195e-01,-3.958597999355042418e-01,-2.884527918644844147e-01,-3.313292380912932211e-01,-2.922848691822746980e-01,-2.720201584345202650e-01,-1.861743003882731229e-01,-3.153750883974861668e-02,-2.543549808443544835e-01,-2.607053158818078420e-01,-2.938250038123995100e-01,-3.763428017670662484e-01,-4.219790384497368319e-01,-4.383432135094570969e-01,-3.888391293438131502e-01,-1.739892528005098360e-01,-2.364284519273701993e-02,3.142708844888781883e-01,1.365916035143546758e-01,5.471004840254107410e-02,4.517050957510552189e-01,3.943076128375455069e-01,4.614592041975858899e-02,6.387105578009391604e-02,2.903452450050723610e-01,1.057020033609083476e-01,-1.025162476135571682e-01,2.093733077987353086e-03,1.173127515307404861e-01,-6.213327429817434855e-02,-2.376458600732875293e-02,1.311021031051617103e-01,2.330604477870862612e-01,1.734654280841326779e-01,2.555975467591751205e-01,4.821402909787824709e-01,7.333485754950860303e-01,7.723686511371142815e-01,7.291236188110985506e-01,9.038389466130583028e-01,1.000000000000000000e+00,9.035376281762059758e-01,7.402974401219810652e-01,6.368005416495670090e-01,5.667624350270723532e-01,4.057250651369002648e-01,2.879177845356725163e-01,2.105409190017758503e-01,3.474777581937758819e-02,-9.705517745309238942e-02,-2.213042489242827426e-01,-2.667751011566786845e-01,-1.352637797659723973e-01,-1.862006920831064671e-01,-1.082165019865764972e-02,-1.281937243705664475e-01,-2.804095352742744796e-01,-4.439214961198557075e-01,-4.609882369778494082e-01,-4.294344769775207959e-01,-3.312273384240365104e-01,-2.689782264195773043e-01,-3.367870448245476322e-01,-2.398942093772773176e-01,-5.001352982171358014e-02,-1.455102851365638605e-01,-2.197675404816004652e-01,-3.400634723275839377e-01,-2.979987361956299985e-01,-3.045205054833247660e-01,-3.547253335266208341e-01,-3.351047591563437456e-01,-2.797340979772909297e-01,-2.509929992192803661e-01,-2.960774341670800447e-01,-1.344937760463529308e-01
1.940002518378531882e-01,1.873888577879823658e-01,1.908207396823530522e-01,2.777407708071822356e-01,2.742074260645717687e-01,1.455658286176139404e-01,1.879676957942081617e-01,2.927370585164354444e-01,1.190151036361474512e-01,6.452640022560988953e-02,1.006045290490533567e-01,1.392831389863528058e-01,2.880173247506205916e-02,-6.345492744083169878e-02,-8.815991613768521529e-02,-1.805193915433115359e-01,-2.783468305048039104e-01,-2.805671731689397541e-01,-2.312196043449464555e-01,-2.587724134031735290e-01,-2.918757257195242483e-01,-2.287826561534848646e-01,-1.533740653312473667e-01,-9.337136172396062750e-02,-1.100169653247780877e-01,-2.239962669558570874e-01,-2.595462888996747930e-01,-1.888591676330490798e-01,-1.747762391456003650e-01,-1.405440650853224116e-01,-1.129434635587728969e-01,-1.935420100468984439e-01,-2.334903287913882852e-01,-1.242359398744444787e-01,-1.024542200844825723e-01,-1.810638786607628170e-01,-1.517619682908470102e-01,-1.089018226436143100e-01,-4.780715810737896226e-02,-4.482313175106836245e-02,1.776290957625015557e-02,6.398348160099708026e-02,-5.452557586453912059e-02,-5.800647892990595800e-02,-1.491032139195866413e-01,-9.770182572111293928e-02,1.268612150469798638e-02,1.988760330057632031e-01,3.456267169597649902e-01,3.163249981966491653e-01,1.868857315560710497e-01,1.793787059031657916e-01,1.951438561483469503e-01,1.271718348853456138e-01,4.575942598210378312e-03,-2.467356078177248072e-02,-1.987708250955046510e-02,-1.501007938971683775e-01,-1.867142607764412932e-01,-1.320142631327981819e-01,-1.938673999942141513e-01,-3.306941007538586885e-01,-3.789060273416917646e-01,-3.156313217981299712e-01,-3.561102291111825635e-01,-4.385443680963960200e-01,-4.032573869190707594e-01,-2.337575169021968990e-01,-2.360642655758185549e-01,-1.985795233745339117e-01,-1.501160294053123512e-01,-1.158070401226341840e-02,2.031921787484215203e-01,-4.518885268807012329e-02,-5.252858801144506817e-02,-1.300994735251040368e-01,-2.597473678585509593e-01,-3.340153242817442414e-01,-3.929470315047390305e-01,-2.739119727796238690e-01,7.286477795673747260e-02,2.401126438516687223e-01,5.746349969435669003e-01,3.669050995613674093e-01,3.316731312576386981e-01,7.213353966978076626e-01,5.437582704695239633e-01,1.983476168739054246e-01,2.452992754630503036e-01,3.479654038959053564e-01,1.314124469676223317e-01,-3.104980127715037397e-02,-3.926665586571059276e-03,6.928922340347267415e-03,-1.447892708810127882e-01,-1.456432502675738261e-01,-4.684086178832104486e-02,5.020208425246373146e-02,8.999568438753853886e-03,1.658718225928199619e-01,3.743271555415637053e-01,5.163130633704293704e-01,6.450399662104000509e-01,7.410140537865610444e-01,8.710680063820225305e-01,9.035376281762059758e-01,9.999999999999997780e-01,8.977703911305595641e-01,7.687685815319995619e-01,6.829118573201301556e-01,6.030009663905474548e-01,4.431323514457394253e-01,2.988504128224000467e-01,8.596566483383454027e-02,-2.927880681021178058e-02,-2.368316327464116133e-01,-2.884081360955038642e-01,-8.747055636445641436e-02,-1.038469911104402260e-01,1.612671410782301751e-01,6.171676074726280964e-02,-1.670722340261912853e-01,-4.369085412320999340e-01,-5.011673720738788473e-01,-5.261208299646856767e-01,-3.766487265975594356e-01,-2.601622203303156078e-01,-3.820980832603236288e-01,-2.959409681180664720e-01,-5.618773724602785929e-02,-1.148540472356435332e-01,-1.826000444035581205e-01,-3.413781917114430686e-01,-3.004620543383971776e-01,-2.951217533220004130e-01,-3.179810014073788382e-01,-3.226361784655065179e-01,-2.827576587205018477e-01,-2.477488808014700339e-01,-2.500544564113762469e-01,-1.054703844257433853e-01
2.248112469290995952e-01,2.413751639178774167e-01,2.851233052359352094e-01,3.495146689036114918e-01,3.438732609779027172e-01,2.408108539705096085e-01,3.220765386059225022e-01,3.939422308875362710e-01,1.905775859243844239e-01,2.030119070736097486e-01,2.182958471820677093e-01,2.477819961228185375e-01,1.413817401677695262e-01,7.567740668688273387e-02,-5.241989127842277413e-02,-1.714190221002353798e-01,-2.664122902956296834e-01,-2.192092491493821960e-01,-1.325418324296304684e-01,-1.650183238564278398e-01,-1.928348342753541667e-01,-9.482940224610948710e-02,-2.546709666616357899e-03,1.388985835403945546e-02,-4.071992140575310393e-02,-1.335420859026533458e-01,-1.742001759867653765e-01,-1.220731425580753454e-01,-1.372989579433508689e-01,-1.372688822029180522e-01,-2.226063189807650222e-01,-2.402732895899192533e-01,-3.186352785032511292e-01,-2.442997193563700986e-01,-1.838120398260377208e-01,-2.581256903315756190e-01,-3.078823217257901090e-01,-2.765568406084215614e-01,-1.927301208018356027e-01,-2.131773981442481036e-01,-1.747301749444700458e-01,-9.977593474300684717e-02,-2.114563591601751336e-01,-1.894430764036001136e-01,-2.508425836078162496e-01,-1.823855143581362137e-01,-7.130435711122055931e-02,1.106404961809001192e-01,3.220247833215923450e-01,2.370247276087208421e-01,7.904255762104184235e-02,1.927103203104133522e-01,2.044481896561331502e-01,5.542902253927076833e-02,-5.386646124012990644e-02,1.757912629105794081e-03,-2.764882325121109652e-02,-1.956334090753392152e-01,-1.847001129139049236e-01,-1.691669631348741432e-01,-2.319541622298204597e-01,-3.751697694121289839e-01,-4.663808815562356380e-01,-4.214589442825619758e-01,-4.273893625859135903e-01,-5.285947418342175075e-01,-5.328514524740901592e-01,-3.406216023623290790e-01,-3.285947149892397001e-01,-3.101796194684593444e-01,-2.854565380074762238e-01,-1.430833419045584309e-01,4.520469278968496096e-02,-1.464787781373325382e-01,-1.681485914229024214e-01,-1.813264442130411436e-01,-3.226213144325173476e-01,-2.953688782417358549e-01,-3.904762406353826654e-01,-1.927695375214102391e-01,1.225513455833660142e-01,3.673152658527031877e-01,6.855824897021386422e-01,4.033116124267401847e-01,2.698990204872918075e-01,5.852576577829515792e-01,3.920615446720590036e-01,5.583806258842974324e-02,7.536642758060927913e-03,6.032325340305758066e-02,-8.852535857084306570e-02,-2.188307682977112534e-01,-2.151307033901569410e-01,-1.811093213888955167e-01,-2.000633028693706017e-01,-2.058227409617077452e-01,-1.633053230598271455e-01,-1.156403111580357190e-01,-9.449172730489426020e-02,9.666614621992343503e-02,3.241058164962122290e-01,3.514231148028413854e-01,4.243806153743843179e-01,6.666333649801854389e-01,8.048367016070100410e-01,7.402974401219810652e-01,8.977703911305595641e-01,1.000000000000000000e+00,8.724667687515758052e-01,7.155804980333386744e-01,7.741385493381790495e-01,6.872680958486167002e-01,4.659446999723276250e-01,2.299111532714803452e-01,2.162706975001940646e-01,-1.113754539919496744e-02,-5.553375735464573942e-02,2.007633608051518914e-01,1.712364233427912663e-01,4.576206317282491831e-01,3.106340771855539695e-01,-1.398797062083236530e-02,-3.571096853815400318e-01,-5.241396339779781366e-01,-5.263805099493000794e-01,-3.173836480999399634e-01,-2.826892991551189782e-01,-4.382513294543892712e-01,-3.125736202278265874e-01,-5.465573392628115396e-02,-1.405708178301773303e-01,-1.838536364377195698e-01,-3.673555980566629575e-01,-3.012257696508766625e-01,-2.906910354202627556e-01,-3.312633537575108145e-01,-3.342636576055654785e-01,-2.708582588658010049e-01,-2.381595411965618525e-01,-2.382364650502438730e-01,-6.661206431584620891e-02
1.234759431862350043e-01,1.368114567864739672e-01,1.348919471038715900e-01,2.087866724329786039e-01,2.307177224913812552e-01,1.410322751601814639e-01,2.082698823366521124e-01,3.149860465346261962e-01,1.491871492653220055e-01,1.539719936237241849e-01,2.208853453297115743e-01,2.641197021475559792e-01,1.419342653207947280e-01,1.407844677532467392e-01,1.535598003522425370e-01,5.621284654092204014e-02,-5.077400625108514226e-02,-2.992267143571593346e-02,3.384836095041547643e-02,-2.531924525357814176e-02,-7.935344730195822982e-02,-1.178164389105043793e-02,1.301751411376692903e-02,-6.662992660915405263e-03,-5.605398460915333309e-02,-1.164358948479997796e-01,-1.097417346597949761e-01,-8.992880377137303649e-02,-1.256302150560233699e-01,-1.151167102922122792e-01,-2.321356045303114013e-01,-1.886056037570503496e-01,-2.051096528065660674e-01,-2.079678919133400306e-01,-1.757297719167132122e-01,-1.361224022818141866e-01,-1.849529101458751712e-01,-2.292775822171797540e-01,-1.180030800505170452e-01,-5.017219532150883621e-02,-6.442156530172671314e-02,2.681282274950559305e-02,-3.839022579791891154e-02,1.624155440466385977e-02,-2.451550699507674264e-02,5.398251615272300213e-02,1.312615263330306759e-01,2.492249486223702959e-01,3.532115320812864723e-01,2.338034495439073046e-01,1.209894636295819892e-01,1.679785273018545577e-01,1.161775648793967053e-01,-7.098318907458260607e-03,-9.567203756695362438e-02,-9.400269457190105205e-02,-1.250411751454592046e-01,-2.658697449776711297e-01,-2.477966227181604419e-01,-2.327298959327674110e-01,-2.504589337168993124e-01,-3.504795916405287204e-01,-4.150504797785649069e-01,-4.269717045052353055e-01,-4.158422894137722703e-01,-4.481255187259571282e-01,-4.736954083011422623e-01,-3.315684737555631423e-01,-2.878748869800665799e-01,-2.376818583869500789e-01,-2.861219039764238969e-01,-1.680664823617721848e-01,-1.086434685782306474e-02,-2.259894605699817871e-01,-2.628941262858775496e-01,-2.956136687599342783e-01,-3.629675051123661400e-01,-3.811940364133427628e-01,-4.374851547915823979e-01,-2.808835881635776133e-01,1.598533257609029146e-02,1.042274085981784032e-01,3.565282428401975734e-01,4.309271475181786909e-02,-1.400483874741219326e-02,3.727148052377016740e-01,1.301485352855839828e-01,-1.385681806003452310e-01,-1.043109083484705796e-01,-3.673807866029253633e-02,-1.836084414079331706e-01,-2.479969091784610669e-01,-2.464442747479678453e-01,-1.913673263253934387e-01,-1.722229177330754646e-01,-1.966777088810246210e-01,-1.541823694176691351e-01,-1.218192443624470794e-01,-1.169878775419326972e-01,-4.804076295221362120e-02,1.045984404861030614e-01,1.553775477670002458e-01,2.169775897339423221e-01,3.742883417666568735e-01,5.694218732769767977e-01,6.368005416495670090e-01,7.687685815319995619e-01,8.724667687515758052e-01,1.000000000000000000e+00,9.421226729951219792e-01,9.037223050577808392e-01,8.409706090246285015e-01,7.673499129093886983e-01,5.372807161060297876e-01,4.066864173246930170e-01,1.842496301168841943e-01,3.771935669578999062e-02,2.358072463538092300e-01,1.109479781484746380e-01,3.313380345903619850e-01,2.152133251220186838e-01,6.217188563986173616e-02,-2.945761669449293296e-01,-3.996946683400626754e-01,-3.484751319794839319e-01,-8.288952792627839183e-02,-4.134396794695343463e-02,-2.324711008227355324e-01,-8.680444572890033683e-02,2.156824287151538067e-01,5.000339070145221054e-02,-1.024757143919118735e-01,-2.687495614613475414e-01,-2.384964025274797506e-01,-2.451054494581543231e-01,-2.846306984975026100e-01,-3.068715933885144964e-01,-2.575679148510711114e-01,-2.395351121790084969e-01,-2.518114797044361808e-01,-9.115452310388826029e-02
5.449133682238754828e-02,7.191134738681015381e-02,1.952561515922403290e-02,9.778764808695891708e-02,1.497965018783330438e-01,6.206352461524220626e-02,1.007975591925009823e-01,2.414372497510055005e-01,1.154565441355152183e-01,9.145614314961159064e-02,1.830897364203435684e-01,2.482858397389735294e-01,1.216890773640062345e-01,1.386095525438832687e-01,2.350160105152006296e-01,1.594822156014104597e-01,5.015053144231591126e-02,5.234765225794389687e-02,9.532890521304973608e-02,2.288131300959618530e-02,-4.134684884287244400e-02,3.852092895980792266e-03,-1.274326389589235456e-02,-3.370218510160654518e-02,-7.364289404408966289e-02,-1.267523986281956228e-01,-9.534830912396012603e-02,-1.030820707360373678e-01,-1.409062744081210905e-01,-1.193258705548540105e-01,-1.740836218055635543e-01,-1.242476772979911603e-01,-1.062238425042082018e-01,-1.310528255862178637e-01,-1.315781966373281153e-01,-5.523510973028543380e-02,-8.490076524543335723e-02,-1.581228854512193027e-01,-6.526025480631808540e-02,4.293983507186086707e-02,3.657398263265687968e-03,9.019792891803256329e-02,5.461588373364136689e-02,1.201867978963243599e-01,9.176239326102710037e-02,1.697878870049430999e-01,2.169720443274924526e-01,2.987850548937499018e-01,3.335756159998778947e-01,2.043332833564001361e-01,1.134872339982345157e-01,9.963618522470439609e-02,2.007148036135029609e-02,-7.403475804689875484e-02,-1.370950608799565151e-01,-1.866131767744444725e-01,-2.166071653693743826e-01,-3.172419052603612233e-01,-3.011812456259420068e-01,-2.828955234549641040e-01,-2.838577644152960322e-01,-3.400129616389113707e-01,-3.635321832394209918e-01,-4.079653779889276244e-01,-3.735379940045255309e-01,-3.247031908295171521e-01,-3.576105425657738479e-01,-2.534625274335300937e-01,-1.723058550156678359e-01,-7.876368337104859563e-02,-1.943534960596791095e-01,-9.662094322291392423e-02,6.124138684151242407e-02,-1.745043916282092156e-01,-2.326834435311780080e-01,-3.082105935687943776e-01,-3.206925350515472672e-01,-3.822305827191552208e-01,-3.944771303956760011e-01,-2.757377536072062041e-01,1.679151755845543700e-02,-3.179273160482508354e-02,1.661225945341021082e-01,-1.214167032082187625e-01,-9.257887113456511607e-02,3.241631719631000164e-01,6.682778494320326668e-02,-1.603619828022308236e-01,-4.151903779602643396e-02,2.281811812145085119e-02,-1.404663867613563100e-01,-1.633714633052730514e-01,-1.845753346606602563e-01,-1.685433812942650766e-01,-1.720394463000397001e-01,-2.112968510778037434e-01,-1.717926864226050065e-01,-1.310033330671039331e-01,-1.478302662421287494e-01,-1.146950890141725798e-01,1.025451067982301179e-02,8.532083061824274894e-02,1.594090202808411683e-01,2.381026060384621168e-01,4.301188059532488617e-01,5.667624350270723532e-01,6.829118573201301556e-01,7.155804980333387855e-01,9.421226729951219792e-01,1.000000000000000000e+00,8.845794868894175655e-01,8.034350828358272079e-01,8.557006221732775808e-01,6.855525988465495102e-01,4.549710094026768181e-01,2.534559189162297610e-01,4.683700144899929224e-02,1.654073077208804698e-01,6.327381598713287258e-03,1.754801597525087742e-01,1.249730153022378665e-01,1.345678598299074324e-01,-1.950282892477537555e-01,-2.328840211990095554e-01,-1.649786449083495143e-01,1.161982863590022563e-01,2.001425051588359982e-01,-1.558663891873085169e-02,1.255436385480908634e-01,4.363354941432937006e-01,2.437921523185361539e-01,1.535158736528891704e-03,-1.696218294271765736e-01,-2.039394262944188296e-01,-1.898230892490966049e-01,-2.124058045659957816e-01,-2.834089708352977022e-01,-2.536840706975206361e-01,-2.247048315245347150e-01,-2.631206801802140061e-01,-1.441280926533343998e-01
6.559985873628786102e-02,1.244452763374187670e-01,1.026040076447400223e-01,1.260334452771993685e-01,2.010389241376983882e-01,1.553351009324494547e-01,2.145134653563736948e-01,2.987479534253047464e-01,1.862465199212332556e-01,2.285814668908156266e-01,2.691667684473729172e-01,3.191065036434725943e-01,2.249518844021790309e-01,2.699725398789551423e-01,2.104879091099160771e-01,1.168030517230772142e-01,4.375295829402648523e-02,9.964523604572210480e-02,1.871820745495146043e-01,1.458674004568290272e-01,9.681555239991569695e-02,1.696186471995503875e-01,1.878941696449968057e-01,1.160989419041068421e-01,4.723804916860230990e-02,3.564132048254751300e-02,4.556108101086230738e-02,2.950096732445622958e-03,-6.900691467846299665e-02,-1.084189909477558111e-01,-1.432428947957935517e-01,-6.573370944746674549e-02,-9.575391259799539978e-02,-1.064751774007688945e-01,-7.986265306351456039e-02,-5.832200684878017377e-02,-1.669363951457160100e-01,-2.289522136835420163e-01,-1.890898114532305330e-01,-1.648725406863096876e-01,-2.440945446648481176e-01,-1.610972673648838893e-01,-1.593358166042197488e-01,-1.053735829730921003e-01,-6.918514931785806066e-02,-1.484105981061192240e-03,2.978334902813525517e-02,6.388128398436204725e-02,1.719315848235127564e-01,-1.238536195571170000e-02,-1.210614635649923249e-01,2.791109050194075583e-02,-5.154834634286357964e-02,-2.378826377382658730e-01,-2.224021634423324623e-01,-1.815695022135553338e-01,-2.798625251562941174e-01,-4.069345611122006101e-01,-3.316932671969758939e-01,-3.820159538225001428e-01,-3.948514635377120552e-01,-4.667854170488127674e-01,-4.991481140678751260e-01,-5.578354794365644187e-01,-4.857858465376749812e-01,-4.395463648601258266e-01,-4.479601505253292260e-01,-2.993621930584963176e-01,-1.954962035081125038e-01,-7.827615040111715605e-02,-1.694421592463943860e-01,-5.067276301738855848e-02,1.047966707867521163e-01,-3.332437413824566180e-02,-1.201118538318601131e-01,-1.426206171700639680e-01,-1.853860825275297497e-01,-1.134182840424997757e-01,-1.496608987899371301e-01,6.671155391131435020e-02,3.200526938751211414e-01,3.228454634969817882e-01,4.044753205789437533e-01,4.125270538980842228e-02,4.810166375963997876e-02,3.422574072977156989e-01,-9.031222291739423192e-04,-2.238483991335504519e-01,-1.003185333045511218e-01,-1.194325825448138423e-01,-2.922552730711877600e-01,-2.430234404224058398e-01,-2.646904637007497230e-01,-2.981408288162455400e-01,-2.752437366919365247e-01,-3.296756345797324794e-01,-3.041096574859199486e-01,-2.988914499990701357e-01,-3.173176540668541379e-01,-2.875265616905328114e-01,-1.445884824517135459e-01,-1.169879574889551854e-01,-4.826677672240816536e-02,1.395600922197998972e-01,3.343768997958154188e-01,4.057250651369002648e-01,6.030009663905474548e-01,7.741385493381790495e-01,9.037223050577808392e-01,8.845794868894174545e-01,1.000000000000000000e+00,9.633090719938923741e-01,8.607583726570757765e-01,7.290886808031119548e-01,7.084570114691312037e-01,4.956660433441939517e-01,3.718518167123209262e-01,5.321897991403876649e-01,4.238836993521861718e-01,5.917547474015403264e-01,5.459495816305328653e-01,4.510179857802415482e-01,7.327115758424045111e-02,-1.204590114766566217e-01,-9.366169367211836516e-02,2.049649787661586287e-01,1.754788370960491117e-01,-1.057175130618089598e-01,5.090811385173103082e-02,3.214850473414906373e-01,1.032554190996902432e-01,-9.037458734398565174e-02,-2.871212513496528285e-01,-2.977805543479559724e-01,-2.465108979587855298e-01,-2.849374762660169536e-01,-3.709998243992891354e-01,-3.024013378447235612e-01,-2.437459874649276215e-01,-2.822474880288869947e-01,-1.367528566122444833e-01
5.808652433847275032e-02,1.204910319434536747e-01,1.244571162649849433e-01,1.462586214745990876e-01,2.053834141525615331e-01,1.697401073990347509e-01,2.580229553574435730e-01,3.302584536705072127e-01,2.075790718108348198e-01,2.796528344031595781e-01,3.280509467527199519e-01,3.620764801705276814e-01,2.596245685890458677e-01,3.512253471717675657e-01,2.875207874564442156e-01,1.914788756195670294e-01,1.189208309342332931e-01,1.866235793089446593e-01,2.819213291659857790e-01,2.332912088552803742e-01,1.827540992111119367e-01,2.578860517469363511e-01,2.658415574876744625e-01,1.563332893349803909e-01,7.787876026682179209e-02,9.042384562156570438e-02,1.103602210900619246e-01,5.158912113409289124e-02,-3.716051385120647949e-02,-8.769735764059527483e-02,-2.069785672414005684e-01,-8.590658092312367100e-02,-1.171802009871995287e-01,-1.872901875495971424e-01,-1.459947497071005518e-01,-7.344695438800746823e-02,-2.247289983592195284e-01,-3.242300854584555525e-01,-2.494182842673623446e-01,-1.927415979249164635e-01,-2.936884895300742038e-01,-1.836584819321770423e-01,-1.685141124759900466e-01,-8.974637320418062114e-02,-3.693278513042911465e-02,3.759120382322657383e-02,5.795914344439011961e-02,7.944529504540305542e-02,1.881698343587800693e-01,-2.483602774294088600e-02,-1.343569897068833396e-01,4.880661369039496211e-02,-4.470405645492538105e-02,-2.597926905865297065e-01,-2.601963941062649943e-01,-1.831897100544082058e-01,-2.833957901396191859e-01,-4.350318542601464555e-01,-3.412699534885160202e-01,-3.888436063845016610e-01,-3.987766886118467302e-01,-4.684191731107942847e-01,-5.149572457281269555e-01,-5.988032946422855440e-01,-5.265085431462899201e-01,-4.886721168758621503e-01,-5.206126803403218206e-01,-3.869590066598538325e-01,-2.847120512180931207e-01,-1.876344022373669929e-01,-2.955222984020129395e-01,-1.856253376916510434e-01,-8.054248725988479019e-02,-1.772573238733165801e-01,-2.560748156907228790e-01,-2.355692224872048546e-01,-2.651691129850841100e-01,-1.299517541573552426e-01,-1.707150593726811105e-01,5.602444166692392702e-02,2.196261473411214304e-01,2.527243791588345556e-01,3.079311046919730455e-01,-5.947351265117932495e-02,-1.053461042589540764e-01,1.289465708097772556e-01,-1.515683467237442239e-01,-3.453827269593778837e-01,-2.585870460661748860e-01,-2.578797971992307647e-01,-3.752320236859721381e-01,-2.982334356739358427e-01,-3.206100221222575319e-01,-3.159064380164418040e-01,-2.543815118341621884e-01,-3.090003676907366881e-01,-2.865629048087184882e-01,-2.899541384503860342e-01,-2.968440939041541160e-01,-3.106327514368143472e-01,-1.853427559973504501e-01,-1.703196413166865875e-01,-1.512227496427993589e-01,3.125286785825207719e-02,2.265592302619167664e-01,2.879177845356725163e-01,4.431323514457394253e-01,6.872680958486168112e-01,8.409706090246282795e-01,8.034350828358272079e-01,9.633090719938923741e-01,1.000000000000000222e+00,8.938860531809095233e-01,7.710457962958183753e-01,8.091969899738519212e-01,6.396280236390357032e-01,5.279041534309978356e-01,6.777629218134890721e-01,5.404668399750445218e-01,6.600432791359230889e-01,5.800126678473515041e-01,4.738752483950036676e-01,1.148872407681126862e-01,-1.180878984876640170e-01,-4.747426910686672330e-02,2.572264806967333173e-01,1.471404505501041904e-01,-1.226745769031407085e-01,6.005007764391750297e-02,3.078863698097465962e-01,6.128516424579361771e-02,-1.130351434236475522e-01,-2.963338355070733177e-01,-2.855950128334259763e-01,-2.300846190499996335e-01,-2.976148862088801583e-01,-3.718305129221433081e-01,-2.816610589034062029e-01,-2.353815592547883750e-01,-2.895225094951603406e-01,-1.369613143514253062e-01
-3.546155114639431422e-02,9.232876213621135641e-03,-2.583510538494729336e-02,1.368843782543095224e-02,8.625348604375536465e-02,5.356843994082691879e-02,1.144060217579475069e-01,2.310275278070466343e-01,1.455397508071010204e-01,1.828876313801157671e-01,2.804197419426496252e-01,3.341653771328884637e-01,2.184339057602077139e-01,3.391775282814424308e-01,4.318949991228189789e-01,3.662228445974200497e-01,2.760317979345903727e-01,3.071333661553227179e-01,3.647466674202749504e-01,2.841360809063411819e-01,2.132540329738109586e-01,2.540347794980716278e-01,1.931394533190526341e-01,9.326721111237606943e-02,2.377296003365764535e-02,3.736025290546624716e-02,1.001754075862376636e-01,2.218196664913671054e-02,-6.654305662089909923e-02,-9.485702145056347512e-02,-2.114031723629636872e-01,-6.337100259997714702e-02,-3.347126657794966681e-02,-1.603161422594129026e-01,-1.508543939828582148e-01,1.479450643674480592e-02,-1.043831472754130629e-01,-2.542962644030091202e-01,-1.570572847232263314e-01,-7.437194647185040204e-03,-1.319202731457060629e-01,-1.656160870123834714e-02,2.260815151878794657e-02,1.332855053696770098e-01,1.806185187629736899e-01,2.631667239789634016e-01,2.531860050811576834e-01,2.414702156078910034e-01,2.379039580082785155e-01,2.578572493114993439e-02,-4.554027529028845805e-02,2.378238476601212542e-02,-1.101631049184125383e-01,-2.673370066119691857e-01,-2.740195275709939593e-01,-2.652280483120542098e-01,-3.403144892106360064e-01,-4.375116059599277185e-01,-3.513989065982680016e-01,-3.824418190169117659e-01,-3.560893378107813922e-01,-3.584957452969552705e-01,-3.674987484592515119e-01,-4.933565150163640167e-01,-4.089915362763444917e-01,-2.925066595952786619e-01,-3.681618594344511219e-01,-3.091333211495433941e-01,-1.796397060513728883e-01,-7.311668836692561402e-02,-2.690634478205483071e-01,-1.981901521837572955e-01,-1.274080002116790566e-01,-2.680291699177109188e-01,-3.460364220017250747e-01,-3.832297651375740632e-01,-3.326092925762225150e-01,-2.837567103580482253e-01,-2.564474406306840870e-01,-1.149115794965873266e-01,2.182609288415268689e-02,-8.812430080461979010e-02,-3.088959063710759387e-02,-3.212150791626874891e-01,-3.193189890067830716e-01,-3.772227674637457229e-02,-2.627051400938852921e-01,-4.009064328744114669e-01,-2.892652468396436638e-01,-2.718022153108805572e-01,-3.562964718604286762e-01,-2.720209173009712211e-01,-3.313557650464404869e-01,-3.178250093247678154e-01,-2.309798939504253412e-01,-2.809789138332510205e-01,-2.743814971604577324e-01,-2.804577020423683620e-01,-2.659295789155783352e-01,-2.963276995066941866e-01,-2.005487004536530837e-01,-1.885319801251403304e-01,-1.899217838117682466e-01,-9.480643089806572998e-02,9.265841447207608106e-02,2.105409190017758503e-01,2.988504128224001022e-01,4.659446999723276805e-01,7.673499129093886983e-01,8.557006221732775808e-01,8.607583726570757765e-01,8.938860531809095233e-01,1.000000000000000000e+00,9.341369165612400938e-01,7.793500258266055081e-01,6.563933965221726563e-01,4.347232323373577678e-01,4.769593176600377959e-01,2.660632226831736724e-01,3.244972850064169467e-01,2.973384850003893964e-01,4.061824927799558282e-01,1.087528458333963111e-01,1.044984317928909952e-02,1.428256762746430708e-01,4.626196140068270513e-01,4.233308677476029236e-01,1.742386589543401809e-01,3.626998452578132359e-01,6.318117984518394348e-01,3.607417746048652840e-01,7.074369617743037075e-02,-1.065981420696239801e-01,-1.760497445914868120e-01,-1.389005708423933505e-01,-1.621298736893302117e-01,-2.720340348626515414e-01,-2.222563854524137461e-01,-1.846567727456263353e-01,-2.478514548336659962e-01,-1.338772960605251194e-01
-1.385968953088720368e-01,-7.346599332117904890e-02,-1.450414674180393326e-01,-1.450113040373471607e-01,-2.829050859103926507e-02,-1.447732631172846118e-02,1.338083739567279794e-02,1.194964424839524003e-01,1.146121137899901998e-01,1.606391797451869330e-01,2.506918258873211403e-01,3.199230421953364600e-01,2.379927660085784380e-01,3.964635939329271830e-01,5.064978236147557045e-01,4.728569494044481680e-01,4.106723761794993099e-01,4.497117559455871549e-01,4.970916662690742505e-01,4.165576911516143954e-01,3.499736331384137866e-01,3.727819528738969823e-01,2.727039054267190732e-01,1.408570883201115398e-01,6.996318059089942643e-02,1.264028777374556212e-01,2.122417266784850931e-01,8.435446507013928674e-02,-2.387818317886902450e-02,-7.887141312211512489e-02,-1.472475498997486143e-01,3.621145810234453061e-02,8.267191265150534984e-02,-7.399440393048731246e-02,-8.325799756158817899e-02,1.073095615718295814e-01,-2.815293168809141627e-02,-1.973113206601436187e-01,-1.624175057084510099e-01,-5.799588614945019004e-03,-1.786504945223095220e-01,-7.824464027691806212e-02,2.442666670536903020e-02,1.421357576755505892e-01,2.443891671255546960e-01,3.117137047274924355e-01,2.409735564507173300e-01,1.430524260678546211e-01,7.517740742718512226e-02,-1.637630766847748831e-01,-2.018454788211236361e-01,-1.255028429450570082e-01,-2.822440204561270649e-01,-4.351074321170347869e-01,-3.586610958891882084e-01,-3.532227867433831436e-01,-4.566064510318338376e-01,-4.880357127615085333e-01,-3.718403857401538781e-01,-4.443451576899721811e-01,-3.827997041821721291e-01,-3.102527642473853486e-01,-2.620244667244582826e-01,-4.430758117099574678e-01,-3.245755111067562537e-01,-1.184586458561478484e-01,-1.930953782474791325e-01,-1.995400218411967630e-01,-4.032297806927818279e-02,1.104004858226268065e-01,-1.410715387747683014e-01,-1.123051752511932538e-01,-7.782344553730390080e-02,-1.538728552595998167e-01,-2.671165963218284922e-01,-3.134578273065647402e-01,-2.029601201270536670e-01,-1.273632083785564695e-01,-2.556783967999544729e-02,8.881048925655535276e-02,1.362695244848740328e-01,-9.439913781467137999e-02,-1.714408176582264964e-01,-4.311467359581147574e-01,-3.764313626754875464e-01,-1.662575439212630457e-01,-4.133771197301057687e-01,-4.895178781223780140e-01,-3.205467521754928883e-01,-3.465995039299265001e-01,-4.287787334936153383e-01,-2.814914296899060919e-01,-3.422357137869460608e-01,-3.661848254742113840e-01,-2.724325494205812048e-01,-3.283614361658558911e-01,-3.284913624734502324e-01,-3.640539105433970302e-01,-3.604795155318781252e-01,-4.333506636156274627e-01,-3.396619138154279849e-01,-3.206888682849776684e-01,-3.518196970994302286e-01,-2.947894771013156445e-01,-1.027923061243703334e-01,3.474777581937759513e-02,8.596566483383455415e-02,2.299111532714803730e-01,5.372807161060298986e-01,6.855525988465495102e-01,7.290886808031119548e-01,7.710457962958182643e-01,9.341369165612400938e-01,9.999999999999998890e-01,8.615593239743438714e-01,7.994088297940417087e-01,5.764378415371730346e-01,5.185848407586792774e-01,3.202673207242369702e-01,2.953330273827724506e-01,3.536071155003176480e-01,6.076870339097141249e-01,3.941729209167229020e-01,3.285369586703396072e-01,4.568555329813520083e-01,7.403717234337424680e-01,6.838704170620880651e-01,4.377122567856104318e-01,6.075409416830790388e-01,7.893244859490221588e-01,5.152575276963332618e-01,1.963942627964100351e-01,2.042512376036897254e-02,-1.244476316777885228e-01,-7.781485437743677902e-02,-6.631684325158931914e-02,-2.207375239322327820e-01,-1.930239466261399750e-01,-1.298244987271739981e-01,-2.074786771379280303e-01,-1.282298978465285511e-01
-1.043813535689085414e-01,-3.583814115514004448e-03,-3.414379033367496985e-02,-8.339178927244586537e-02,3.360270914515851165e-02,8.481883154908401168e-02,1.377564456835584650e-01,1.717093099682470148e-01,1.756840374539482552e-01,2.873764210872086222e-01,3.162051461181339951e-01,3.532299627321309754e-01,3.076892987472965024e-01,4.890843427808250210e-01,4.243696919266740086e-01,3.774445193483096372e-01,3.621015410924645073e-01,4.532535602635164307e-01,5.399629719900995717e-01,5.000158770147752341e-01,4.624241867364082825e-01,5.088033344675918501e-01,4.589255985084235157e-01,2.689739947862840874e-01,1.898282698906580412e-01,2.942594375472973867e-01,3.460377997995878196e-01,1.957022182973733038e-01,7.348809041079089333e-02,-3.124818413441968548e-02,-1.147072729197373131e-01,7.875152314373337625e-02,6.404708746034144806e-02,-8.507919030045786590e-02,-6.446680709047704350e-02,6.408816704309648615e-02,-1.430913796206262911e-01,-2.853840156477644996e-01,-2.941951110697193505e-01,-2.318970346445080599e-01,-4.177479094307915419e-01,-3.299532488805280717e-01,-2.008236478616788057e-01,-1.066669235784806352e-01,5.069652840248341230e-02,9.985773390670663052e-02,1.883809188252663636e-02,-1.103915363174658992e-01,-9.111961950900181184e-02,-3.580224034149434020e-01,-4.079766218116880894e-01,-1.759281289214332522e-01,-3.079384789308610149e-01,-5.310901010868739336e-01,-4.007770684269601480e-01,-3.040431117312314413e-01,-4.534228012218161075e-01,-5.237508822948329090e-01,-3.804195981795394643e-01,-4.853622015155671932e-01,-4.466703943938444277e-01,-4.144924451193324755e-01,-3.669993706526446520e-01,-5.476765850263820568e-01,-4.419590454709869110e-01,-2.817943543307293575e-01,-2.933157671889070062e-01,-2.681417632290231112e-01,-1.373442037574472141e-01,2.925062534868168307e-02,-1.524724916770913985e-01,-1.240533190485105380e-01,-1.074577476346825350e-01,-4.651019132272440210e-02,-1.757960932264074350e-01,-1.198684938812536183e-01,-5.447338038496146034e-02,1.847996833497367875e-01,2.386426843742409376e-01,4.222076960201361362e-01,3.696718946890065194e-01,2.332386765989319655e-01,3.034992109766128376e-02,-2.839751338453812002e-01,-2.627947203490990091e-01,-2.099239366916292315e-01,-4.672078270934936217e-01,-5.291019588324484824e-01,-3.675107380489184283e-01,-4.088740322829585994e-01,-4.914676945798728269e-01,-2.933977533348301470e-01,-3.058887867491859036e-01,-3.470969667441549111e-01,-2.749085152864268466e-01,-3.475721068488353271e-01,-3.321712898794308422e-01,-3.887889515450427269e-01,-4.172149546000138431e-01,-5.311428093567486242e-01,-4.432928564712758646e-01,-4.177816859171240016e-01,-4.677145624789443845e-01,-3.797533361850273792e-01,-1.944384860532250292e-01,-9.705517745309240329e-02,-2.927880681021177364e-02,2.162706975001940091e-01,4.066864173246930170e-01,4.549710094026767626e-01,7.084570114691312037e-01,8.091969899738518102e-01,7.793500258266055081e-01,8.615593239743438714e-01,1.000000000000000222e+00,9.564414233429631151e-01,8.806547722812979595e-01,8.650083021032605179e-01,7.432823050122315811e-01,6.838580081395081445e-01,7.212052730864578765e-01,8.227467612712481282e-01,6.190970799897961285e-01,3.921848407609795362e-01,4.705923854031944797e-01,6.994558784451838651e-01,4.800931921150958237e-01,2.139070760138503113e-01,3.696541403729330377e-01,4.542020418787967029e-01,1.644045618897150285e-01,-4.412666806612225434e-02,-1.718875962923572809e-01,-2.365526934646565993e-01,-1.553067843842394213e-01,-2.082622528424969699e-01,-3.248982969193929260e-01,-2.382177039821953557e-01,-1.619824922683383017e-01,-2.556812416747073491e-01,-1.507821626917991154e-01
-1.476750424858702393e-01,-4.914080018436144115e-02,-7.296771224350062646e-02,-1.239105039836561478e-01,-3.078607648803380684e-02,2.562396770946278463e-02,9.194286981588840890e-02,1.098321623386834950e-01,1.418121318246771401e-01,2.519659912607212782e-01,2.896607851300801451e-01,3.057225656226337240e-01,2.641737859156372270e-01,4.897635550469054411e-01,4.557677702281857091e-01,4.318648174232816439e-01,4.249368445279851914e-01,5.096602986967926352e-01,5.820098726272604495e-01,5.435884321913049266e-01,5.096664367742773649e-01,5.366037011440303317e-01,4.707343537322974392e-01,2.578333350813570846e-01,1.980792084925684648e-01,3.256673421913368061e-01,3.816678890406793312e-01,2.188292368196462223e-01,1.020579767498232537e-01,-5.413326529023263119e-03,-1.066258206741371034e-01,1.035734759516794556e-01,9.801849805599373300e-02,-9.400757358035702338e-02,-7.517485491381366292e-02,8.960436484920922262e-02,-1.238608034161285398e-01,-2.900044036834765748e-01,-2.936202425689034556e-01,-2.011023787277737562e-01,-3.994670714971443881e-01,-3.044885875890653293e-01,-1.544506745545406179e-01,-5.227006444326871837e-02,1.177183146045397560e-01,1.518100165787649447e-01,4.353278154225165286e-02,-1.093603079395170236e-01,-1.290959775757933581e-01,-3.873843538008262533e-01,-4.136203233467305451e-01,-2.016288352306359333e-01,-3.328860091247691777e-01,-5.361293548612586779e-01,-4.087632218343457691e-01,-3.066044859112831977e-01,-4.394626143790181794e-01,-4.899962594487700662e-01,-3.442794408692669839e-01,-4.415378726022272660e-01,-3.924539832187641242e-01,-3.278037024714414716e-01,-2.636351246582393504e-01,-4.684657075722817310e-01,-3.724447436474084827e-01,-2.008786083278352452e-01,-2.240060942390310061e-01,-2.555416782433806433e-01,-1.396950961385939327e-01,1.416490043462751564e-02,-1.827756620173012769e-01,-1.873011843911600860e-01,-2.283555027148159999e-01,-1.181891177254533187e-01,-2.344830904482871348e-01,-1.685066304980940843e-01,-7.394236643997466329e-02,1.881326123580272236e-01,2.797926874434844002e-01,4.295974891661915041e-01,2.621665431092113363e-01,1.061293263670026465e-01,-1.439247177841936065e-01,-3.909198558669082502e-01,-3.837879933318856240e-01,-4.070861845001916834e-01,-5.648158833133420931e-01,-5.674578354590011919e-01,-4.281304817370794602e-01,-4.509840497299869022e-01,-4.769494268956991911e-01,-2.640831141993099651e-01,-2.765949744978035141e-01,-3.019611288056444631e-01,-2.219049509684930532e-01,-2.907912998496500201e-01,-2.795251218313323793e-01,-3.391990113585348077e-01,-3.570488910340888222e-01,-5.052101846267197383e-01,-4.466787937864850067e-01,-4.162847441339954657e-01,-5.103534075715078222e-01,-4.850290143781684771e-01,-3.275772301456209568e-01,-2.213042489242826871e-01,-2.368316327464115578e-01,-1.113754539919496224e-02,1.842496301168841666e-01,2.534559189162297610e-01,4.956660433441939517e-01,6.396280236390357032e-01,6.563933965221726563e-01,7.994088297940417087e-01,9.564414233429632262e-01,1.000000000000000000e+00,9.423530276759832791e-01,8.574209795594301964e-01,7.271459652757384928e-01,5.825581183587980050e-01,6.298406742958113647e-01,7.951972805568066072e-01,6.921677392077516533e-01,4.985301173738641012e-01,6.053806738760989514e-01,7.783465846897583695e-01,5.173109102961405137e-01,3.059215733152437777e-01,4.536036559745711960e-01,4.581719885483054866e-01,1.751639017239997043e-01,-1.363763918359083178e-02,-9.882222831476505931e-02,-1.735221284408339226e-01,-1.004555062651949354e-01,-1.579530094814439178e-01,-2.601205645470004990e-01,-1.794748739190960285e-01,-1.150833170171512987e-01,-2.168816852714966215e-01,-1.347104607570608348e-01
-1.083537457866323717e-01,-2.418401222504541412e-03,-4.053806306187791343e-03,-7.349096474609692620e-02,-2.484082680613290857e-04,6.150968809090568562e-02,1.342300578509021403e-01,1.070188102346271430e-01,1.444477713695053178e-01,2.674894569108199893e-01,2.652892308632033846e-01,2.589892283627474590e-01,2.408168375697935237e-01,4.490023800409618238e-01,3.128266739465401791e-01,2.867233455859495295e-01,3.099803559284368681e-01,4.136839190580461900e-01,4.970749241654507378e-01,4.917129983624193290e-01,4.852899702436858642e-01,5.190487467606856864e-01,4.996075330638889422e-01,2.684312389808705124e-01,2.331816558072355994e-01,3.741009005011836086e-01,3.942661097670347448e-01,2.421078965347255030e-01,1.420504058859859975e-01,2.603994587943459296e-02,-6.509104967894976945e-02,1.187184098935953891e-01,7.077758016249838247e-02,-8.549899289765461319e-02,-5.371489834731971169e-02,4.044641768382972041e-02,-1.786164868169553555e-01,-2.956500446416712724e-01,-3.323618805737045823e-01,-3.165273040689714490e-01,-4.870837765970932876e-01,-4.181415916303413138e-01,-2.808581152678551462e-01,-2.104718086798980925e-01,-3.387466911519682045e-02,-1.817220457345851414e-02,-1.174908188784559021e-01,-2.600588227552504961e-01,-2.233590237551841273e-01,-4.520221788161086218e-01,-4.852561611332897318e-01,-2.181829255792818167e-01,-3.053510561501369680e-01,-5.145104485263103378e-01,-3.720033427959028027e-01,-2.358425648607268832e-01,-3.683277301886013211e-01,-4.295885233252487723e-01,-2.894703059046735971e-01,-3.840539549242940054e-01,-3.585678447775917377e-01,-3.284125165564587001e-01,-2.752813414863180541e-01,-4.484018760016457716e-01,-3.792356024747039478e-01,-2.665561162711196919e-01,-2.444084613949492890e-01,-2.559384158173550472e-01,-1.764605572115637289e-01,-3.348239770087876183e-02,-1.517310855195563857e-01,-1.625947807726834116e-01,-2.069840443764120186e-01,-1.825310231830669025e-02,-1.271223469121126048e-01,-1.185479263601690869e-02,4.556626607433936910e-02,3.758632841135345348e-01,4.265370641625971793e-01,5.927117367083128974e-01,3.767454485257952790e-01,2.974862052492380782e-01,-5.901040396051020730e-03,-2.291712557665712413e-01,-2.372269633235718211e-01,-3.699742556624260881e-01,-4.884161486510369410e-01,-4.714826068752027699e-01,-3.699689691643801570e-01,-3.935101338687300720e-01,-4.072598482094059169e-01,-2.100540408155260053e-01,-1.924478953003798121e-01,-2.195342228637948978e-01,-1.713985260376659492e-01,-2.398099741043179245e-01,-2.185530626849550018e-01,-2.797766160934773705e-01,-3.071233804058182137e-01,-4.531744606532286945e-01,-4.174832364138763019e-01,-3.762459280253033778e-01,-4.710558232279995483e-01,-4.562143424357364418e-01,-3.406183001450897585e-01,-2.667751011566787400e-01,-2.884081360955038642e-01,-5.553375735464571861e-02,3.771935669578996980e-02,4.683700144899935469e-02,3.718518167123209817e-01,5.279041534309978356e-01,4.347232323373578788e-01,5.764378415371730346e-01,8.806547722812979595e-01,9.423530276759830571e-01,1.000000000000000000e+00,9.431961634282126639e-01,8.846135279567708398e-01,7.183662588525676629e-01,7.523601171566800527e-01,8.103416439681659922e-01,7.441225476017013785e-01,4.790330666412974114e-01,5.346597105787335158e-01,6.373480136362710269e-01,3.110564285899206083e-01,1.182399101995233459e-01,2.299196427856012026e-01,1.735373908330175852e-01,-8.252530467322004293e-02,-1.834677766408666366e-01,-2.021142924906506044e-01,-2.048147350532146249e-01,-1.150028584703951112e-01,-2.140637643079788821e-01,-2.720994086838862125e-01,-1.570589109003267536e-01,-9.754347641732860619e-02,-2.079327370105502337e-01,-1.347641881374145312e-01
-1.404097409348294481e-02,8.757517303664651143e-02,1.065275014609188553e-01,5.830196909374270320e-02,1.123737360303550120e-01,1.417225495967132931e-01,2.351046978194322457e-01,2.098718543517859025e-01,1.847280957633828102e-01,3.047815474816249481e-01,2.966130085944874706e-01,2.839909413441351616e-01,2.415210602532643358e-01,4.131653172231886106e-01,2.222698745039933810e-01,1.634258836606744258e-01,1.716863607719427143e-01,2.812792603054775631e-01,3.843795364817538807e-01,3.864794510670139793e-01,3.824075528024836190e-01,4.394553704708298314e-01,4.645863110822914255e-01,2.487378276406799482e-01,2.129705698020631643e-01,3.243136949889159903e-01,3.171178625862908218e-01,2.046351155261164623e-01,1.134651189457026588e-01,1.381933675457937792e-02,-1.056270598413242834e-01,4.835240992500845075e-02,-2.776129151086084365e-02,-1.363003576624264301e-01,-7.893883251629557618e-02,-3.902991285612615602e-02,-2.522489013926297874e-01,-3.338981505340867240e-01,-3.451412886388932066e-01,-3.688660675438374947e-01,-5.037703638620394386e-01,-4.300620790272433602e-01,-3.420834498277422475e-01,-2.877022462628662791e-01,-1.452912268201768109e-01,-1.195248199203468586e-01,-1.668141340379256377e-01,-2.421500702932819493e-01,-1.299680707753146924e-01,-3.447621442125250457e-01,-4.158845770538049380e-01,-1.200701458981378034e-01,-1.840710636321709615e-01,-4.186889487631327844e-01,-3.131131962770044019e-01,-1.613199531514468155e-01,-2.921220304748455843e-01,-4.063039724712445566e-01,-2.745293166394593976e-01,-3.683657444181299701e-01,-3.745984433517055012e-01,-4.061393223412603781e-01,-4.142681652537326120e-01,-5.310964466815958351e-01,-4.639930210444725422e-01,-4.252877079908969349e-01,-4.008156436366631659e-01,-3.261234850095910964e-01,-2.559713600176396486e-01,-1.498943775524462785e-01,-2.084496353951949821e-01,-1.717648888316708478e-01,-1.771143215101214363e-01,-2.905155406031463203e-02,-1.216700498255565976e-01,5.391929255506474651e-03,-4.797869032903888343e-04,3.296893767328946123e-01,3.088762389654133855e-01,5.346009595403722336e-01,4.115113517867608484e-01,4.481777819225268300e-01,2.279481722574879521e-01,-5.030752525423939914e-02,-1.025414406059328432e-01,-1.960126165998183900e-01,-3.539685980047959646e-01,-3.993229011617433488e-01,-3.417733060600835482e-01,-3.660692776892985334e-01,-3.965292484120097050e-01,-2.403269513690819426e-01,-2.164557636990740719e-01,-2.273218561989750197e-01,-1.736202701295872508e-01,-2.463537612438745361e-01,-2.207089029303965222e-01,-2.683765827262078463e-01,-2.923198385167111168e-01,-3.935687530573160897e-01,-3.409634963771397409e-01,-3.148643092690936451e-01,-3.786083294130174193e-01,-2.837826943430737381e-01,-1.666492115329461510e-01,-1.352637797659723973e-01,-8.747055636445641436e-02,2.007633608051518637e-01,2.358072463538091745e-01,1.654073077208804698e-01,5.321897991403877759e-01,6.777629218134890721e-01,4.769593176600379070e-01,5.185848407586793885e-01,8.650083021032605179e-01,8.574209795594303074e-01,9.431961634282126639e-01,1.000000000000000000e+00,9.562195582984196474e-01,8.748260146163092665e-01,8.397399210251860202e-01,7.347228755578791848e-01,5.694409278204143332e-01,2.306462255844909381e-01,2.588001289450626019e-01,4.057371723837573940e-01,8.863913993457298024e-02,-1.316864268240196256e-01,-6.124791052248026307e-03,1.611715199449916675e-02,-2.229140167863657984e-01,-2.798405295789588298e-01,-3.237306820605556079e-01,-2.613988946770250954e-01,-1.633800128185057543e-01,-2.868559226019671282e-01,-3.250979851022561817e-01,-1.838752140863257056e-01,-1.309835508002435422e-01,-2.307894298544951317e-01,-1.292005587131630218e-01
1.762542163902592121e-02,1.252196230924106368e-01,1.552298189989127220e-01,7.513170965635256049e-02,1.330341328607969331e-01,1.823439659200377094e-01,2.514503529185158626e-01,1.828467897384746799e-01,1.819860103486577729e-01,3.085145979426627272e-01,2.464124796261052963e-01,2.262975015868881890e-01,2.255649095558981687e-01,3.511659272699393930e-01,5.955611070214332503e-02,5.391687206500293469e-03,4.805605155665696598e-02,1.750100143378729434e-01,2.831074951090698510e-01,3.152451510501521059e-01,3.394479709201061457e-01,4.053551817416506942e-01,4.695129546463467918e-01,2.637170266336233415e-01,2.374946145290135202e-01,3.471468992091712447e-01,3.132111665141769641e-01,2.102788791461939477e-01,1.295393214532078729e-01,2.046417599634466067e-02,-5.440546532384510359e-02,7.258412742622229186e-02,-3.609487484897012238e-02,-8.894093533404594243e-02,-3.227692154366475913e-02,-7.581815933118235540e-02,-2.747236141928522390e-01,-2.976074311472424738e-01,-3.664205554936263987e-01,-4.751138376342955993e-01,-5.783340825564170506e-01,-5.419811572213615314e-01,-4.632556753743121147e-01,-4.474909305394441650e-01,-3.019930372513340289e-01,-2.966545546022392177e-01,-3.398817605076732140e-01,-4.148695776620426878e-01,-2.566174091596709617e-01,-4.328491294858622940e-01,-5.067507960563868430e-01,-1.706000642109328225e-01,-1.896901391366237755e-01,-4.148938655065249059e-01,-2.795078557660513607e-01,-1.025626083657480286e-01,-2.369208880368601500e-01,-3.336102016496145239e-01,-2.082728349051622407e-01,-3.086008920081290685e-01,-3.274135683608567771e-01,-3.671828202151686260e-01,-3.715166980310652400e-01,-4.614135997597123007e-01,-4.044260320931842845e-01,-3.883753931201313625e-01,-3.327737658327450943e-01,-2.557307145667704340e-01,-2.089191786121811223e-01,-1.020146324171056496e-01,-1.056976883357307051e-01,-8.401003156892415669e-02,-7.046669675645846065e-02,1.406376328321120306e-01,5.462678630141984404e-02,2.068298867081380665e-01,1.641924497960188523e-01,5.128562943010874786e-01,4.586381839454775067e-01,6.893337822863996323e-01,5.693560014230059085e-01,6.473302302210932613e-01,3.850807144532284454e-01,1.449311301853200840e-01,9.991795014591883795e-02,-8.759838854761815841e-02,-2.512695767862220264e-01,-2.735770624966359366e-01,-2.496711695876551729e-01,-3.141604066438889453e-01,-3.464575900242667372e-01,-2.083871207283287397e-01,-1.706358954571461917e-01,-2.003713825489423228e-01,-1.657832301867995517e-01,-2.330787520856646977e-01,-2.083638160702640796e-01,-2.580208323938751325e-01,-2.876270462292753183e-01,-3.588268990099569011e-01,-3.091295752522715268e-01,-3.081464618558454327e-01,-3.615847477480839123e-01,-2.418444534872762619e-01,-1.685697291196221748e-01,-1.862006920831064394e-01,-1.038469911104402260e-01,1.712364233427913218e-01,1.109479781484746380e-01,6.327381598713283789e-03,4.238836993521862273e-01,5.404668399750445218e-01,2.660632226831736724e-01,3.202673207242369702e-01,7.432823050122316921e-01,7.271459652757383818e-01,8.846135279567706178e-01,9.562195582984196474e-01,1.000000000000000222e+00,9.361086050464030306e-01,9.235538337111582896e-01,7.506642698762707733e-01,6.141731918039232685e-01,2.575827410089432390e-01,2.265592298585078768e-01,3.074013260506824330e-01,-4.332361638945265471e-03,-1.966319597698786836e-01,-1.199586929482985426e-01,-1.605496662463287982e-01,-3.405323324615934788e-01,-3.210632115354123406e-01,-3.349623882112890971e-01,-2.563858827335650514e-01,-1.586218652003160701e-01,-2.783337257214153482e-01,-2.960986228734141523e-01,-1.598355359237715878e-01,-1.036729688888469447e-01,-1.880132332904283776e-01,-9.672862087125529140e-02
1.091195808864775518e-01,2.101023429271160758e-01,2.674644368585269438e-01,2.007026382273840448e-01,2.490181712291021920e-01,2.731821044213577632e-01,3.555696211697186304e-01,2.933469228862437550e-01,2.314193563099699313e-01,3.582156557391969476e-01,2.817064589234264949e-01,2.654970055210885693e-01,2.553416872758337286e-01,3.208203647702572159e-01,-2.382074338899918889e-02,-1.104889572236489453e-01,-8.834158635296650297e-02,4.574582035843861166e-02,1.731673701511954877e-01,2.047159245103185865e-01,2.249440871853194968e-01,3.213957759505592926e-01,4.214954498781762759e-01,2.719922431372771010e-01,2.143478228627856697e-01,2.741927295816257160e-01,2.225425406907356185e-01,1.560811545544815160e-01,7.982096428513922592e-02,-2.562540471643407966e-02,-1.015608593524726655e-01,-8.643465199693016812e-03,-1.353901892208268787e-01,-1.291559260523523767e-01,-5.258795556111016400e-02,-1.514649672486927390e-01,-3.411388467803287416e-01,-3.266178328320213931e-01,-3.797532277837211701e-01,-5.248394241469384047e-01,-5.939109079232540722e-01,-5.555322697104058127e-01,-5.218230104951220305e-01,-5.173361906842447455e-01,-4.077210262873074420e-01,-3.896363434396091230e-01,-3.860161611636396817e-01,-3.974253605406263823e-01,-1.660439734231272668e-01,-3.333721200016228625e-01,-4.474618243959341268e-01,-8.607337028690512093e-02,-8.605388786579577787e-02,-3.365809532986492325e-01,-2.404366787488841084e-01,-4.867193299655923205e-02,-1.861807068105461871e-01,-3.233569489555169763e-01,-2.065661818306191722e-01,-3.068001412247256532e-01,-3.515233183131495909e-01,-4.316171697571092869e-01,-4.696630838007531117e-01,-5.187101071126462015e-01,-4.598141292821770199e-01,-4.819720255416728993e-01,-4.332943733848838019e-01,-2.929346179302499409e-01,-2.469877363187386876e-01,-1.580619666521311806e-01,-1.365775562724794168e-01,-7.257737584274599751e-02,2.451804164109251498e-03,1.479273062601936806e-01,7.004622578211590345e-02,2.118388432127727983e-01,1.117192683993149943e-01,4.255263655612362417e-01,3.227996818320106320e-01,5.934403583225515977e-01,6.027762072198075138e-01,7.697899050999293946e-01,6.311631669612021156e-01,3.489888254063632789e-01,2.626807129804891727e-01,1.490641469956474063e-01,-6.748045374298151933e-02,-1.790461063746807413e-01,-1.919850593637026093e-01,-2.703950097009718001e-01,-3.413795494623741988e-01,-2.540138937083650794e-01,-2.316222296144603843e-01,-2.657179751538928936e-01,-2.320357717267293729e-01,-2.915635858085523502e-01,-2.685302984733681786e-01,-3.011143930401544155e-01,-3.122535059447434369e-01,-2.902812103341153582e-01,-1.737921431717284193e-01,-2.162094538294354051e-01,-2.337783826714431024e-01,-4.630830592166351387e-03,7.330396206862727082e-02,-1.082165019865764105e-02,1.612671410782301751e-01,4.576206317282491831e-01,3.313380345903619850e-01,1.754801597525088297e-01,5.917547474015403264e-01,6.600432791359230889e-01,3.244972850064170022e-01,2.953330273827723951e-01,6.838580081395081445e-01,5.825581183587980050e-01,7.183662588525674408e-01,8.748260146163092665e-01,9.361086050464030306e-01,1.000000000000000222e+00,9.508896054366287043e-01,6.617877744199442969e-01,4.299433038057494660e-01,5.396194636825784458e-02,5.037099883751026096e-03,1.311923101805241854e-01,-1.187651145189384250e-01,-3.286947629465030163e-01,-2.380217693369139909e-01,-2.065987343973167689e-01,-3.580583590700583407e-01,-3.219271279669372876e-01,-4.000886826987201106e-01,-3.128812391700032669e-01,-2.186263844055682526e-01,-3.232495729057124900e-01,-3.455614365631826113e-01,-2.130573299571863199e-01,-1.477264518772390123e-01,-2.061085918766492331e-01,-8.106216815190880887e-02
3.013551297078984406e-02,1.472750392745523496e-01,1.750125061393798531e-01,6.702701090637212811e-02,1.527816166445411239e-01,2.222050930881328268e-01,2.667028448364135440e-01,1.793900166496811832e-01,1.966217504687415574e-01,3.263329773404659018e-01,2.272469301441711054e-01,2.153878029991856680e-01,2.545061838938963428e-01,3.235585791836431135e-01,-2.102033001934826631e-02,-8.082434109045033566e-02,-2.618940936203689382e-02,1.076922166330835928e-01,2.229816822829122358e-01,2.693287278425643971e-01,2.925231562490990256e-01,3.735065159350031694e-01,4.501341158649121432e-01,3.165527551845212506e-01,2.497292937829129755e-01,3.271783689817383545e-01,2.865388830584223445e-01,1.871459009989891731e-01,1.033279178058474218e-01,-2.721313852235324529e-02,4.227702069218360059e-03,1.018767297740179045e-01,-9.215467008486350267e-03,1.827178149410910515e-02,7.182839391175731281e-02,-4.601598191532732529e-02,-2.272544086216745363e-01,-2.009764286421478197e-01,-3.265107343280833629e-01,-5.098247410621535858e-01,-6.052293947327704871e-01,-6.087191209498813427e-01,-5.272830427952855947e-01,-5.401445640913297153e-01,-3.904565795225826697e-01,-3.909028162257101591e-01,-4.259160936085293336e-01,-5.153353718635338421e-01,-3.326209328598718762e-01,-4.983001545922370323e-01,-5.705535874374856320e-01,-2.040170207864603069e-01,-2.154380404714901220e-01,-4.477470556866898210e-01,-2.602538525540722403e-01,-8.704726961975643718e-02,-2.573236968739066599e-01,-3.322552689202599718e-01,-2.013773062993318985e-01,-3.469320205957619474e-01,-3.676205051771344601e-01,-3.982935905164259882e-01,-3.798569880175320379e-01,-4.512150846900297441e-01,-3.671548876491888547e-01,-3.190658772362041651e-01,-2.423376263477499959e-01,-1.398677529362752359e-01,-7.238702929138082776e-02,6.898537202335847107e-02,6.767145846764464900e-02,9.736449825205865938e-02,1.750587626823846554e-01,3.622189432123233965e-01,2.512672757919197086e-01,3.697764748500981802e-01,3.130080671377377666e-01,6.061981798236736330e-01,5.485217671984901067e-01,7.848246549083097712e-01,7.829605708757664262e-01,8.171149358805610552e-01,5.673881871227786089e-01,3.052448858759731487e-01,3.167779564260861380e-01,1.722426195970320761e-01,-1.178118982220802691e-01,-1.747144411853696067e-01,-1.105651637811469051e-01,-2.544815193286178445e-01,-3.561185405567923179e-01,-2.193016079003684560e-01,-2.092312981050772902e-01,-3.098309330622117108e-01,-2.790324679147069276e-01,-3.467290437552806859e-01,-3.406108517307387396e-01,-3.923899211074955984e-01,-4.129679916745021551e-01,-4.126752087467657204e-01,-3.151493578925017025e-01,-3.594139890627329192e-01,-3.608447431782650927e-01,-1.548965264718032420e-01,-7.710581417105115409e-02,-1.281937243705664475e-01,6.171676074726279576e-02,3.106340771855540250e-01,2.152133251220186838e-01,1.249730153022378942e-01,5.459495816305328653e-01,5.800126678473515041e-01,2.973384850003893964e-01,3.536071155003177036e-01,7.212052730864578765e-01,6.298406742958113647e-01,7.523601171566800527e-01,8.397399210251860202e-01,9.235538337111582896e-01,9.508896054366287043e-01,1.000000000000000222e+00,8.357887498214763289e-01,6.468089828669528751e-01,3.094522272307510535e-01,2.216920482369661993e-01,3.227832229218025040e-01,1.025775273106394603e-01,-1.307967621493829058e-01,-7.715794355259975035e-02,-8.451233540542589517e-02,-2.353531805647157693e-01,-2.508868261411386635e-01,-3.194891658723281735e-01,-2.927809213941636179e-01,-1.931169662536091070e-01,-2.500619954908263054e-01,-3.090520370258038607e-01,-2.037395418819996362e-01,-1.125334172484747791e-01,-1.627082243241264603e-01,-6.698476294748006987e-02
-1.711667308312860292e-01,-4.993091774574460323e-02,-1.109670481220732530e-01,-2.329557560173546038e-01,-8.625465268123758134e-02,3.665089704147530408e-02,2.201595564653533593e-02,-2.936431909526734940e-02,1.015435172398868047e-01,2.125406369731406009e-01,1.591105985480756324e-01,1.857079558616111514e-01,2.490504614903057412e-01,3.764390576775965003e-01,2.116905843401038489e-01,2.054570595061592786e-01,2.671390492020239704e-01,3.672703664903659293e-01,4.376742220724755827e-01,4.560580802647506982e-01,4.555526262151764483e-01,4.854310684733681436e-01,4.552541079684732095e-01,3.073024448812762266e-01,2.437596832548927228e-01,3.650494658905430456e-01,3.919701285207389807e-01,2.308515566098490734e-01,1.273708298573652253e-01,-7.898389892625732461e-03,9.329494550250376494e-02,2.342918096082460544e-01,2.026625902812167201e-01,1.657308841596494831e-01,1.744572615885710831e-01,1.633781414326794801e-01,3.783126972238658875e-03,-2.433340415603196458e-02,-1.851421238727996577e-01,-2.841182449028025747e-01,-4.485458636326551396e-01,-4.701041140540357932e-01,-3.075478142300804851e-01,-2.917906168838892977e-01,-9.729165788493339406e-02,-1.013787099949659820e-01,-2.121435404779454525e-01,-4.280343657894403187e-01,-4.269303532052830530e-01,-6.224774076358744468e-01,-6.057956918730812435e-01,-3.444261815999122844e-01,-4.327444027149076611e-01,-6.004950018140591261e-01,-3.143605467463772007e-01,-2.356976497435934459e-01,-4.244918927510592521e-01,-3.880764744671882371e-01,-2.515761643996207164e-01,-4.440971031499875710e-01,-3.985687863846988366e-01,-3.119094401750695522e-01,-1.966139072882613081e-01,-3.360915994395989315e-01,-2.107470022331869031e-01,-7.421551828890910092e-03,6.821407038445898019e-02,6.948298187611498533e-02,1.861709742356669195e-01,3.971559486121306604e-01,2.716701300839661215e-01,2.366035307482109717e-01,2.593812362060060606e-01,4.333539845565422821e-01,2.574510355734465628e-01,3.079529143511194333e-01,3.974082300457105754e-01,6.153058196333740515e-01,6.998097225502242225e-01,8.331467846954533352e-01,7.624801958634744858e-01,5.172471964715908976e-01,1.384360970293364579e-01,-9.075678872200942937e-02,4.805400633458740273e-02,-3.871613526375839581e-02,-3.786682806675928936e-01,-3.561211473567140740e-01,-1.407959411248831949e-01,-2.992481284037857847e-01,-4.224948046477645658e-01,-1.984621408354246275e-01,-1.972526275393026440e-01,-3.412657716437076938e-01,-3.011930922592889748e-01,-3.780983393756061628e-01,-3.833888372843877734e-01,-4.673285161718003788e-01,-5.086076649413180384e-01,-6.030508222649926253e-01,-5.360654874762835753e-01,-5.353710955735271337e-01,-5.572524137843442027e-01,-4.748646670560419114e-01,-3.485366232296342459e-01,-2.804095352742744240e-01,-1.670722340261912853e-01,-1.398797062083235836e-02,6.217188563986173616e-02,1.345678598299074047e-01,4.510179857802416037e-01,4.738752483950036676e-01,4.061824927799557172e-01,6.076870339097141249e-01,8.227467612712481282e-01,7.951972805568068292e-01,8.103416439681659922e-01,7.347228755578791848e-01,7.506642698762707733e-01,6.617877744199444079e-01,8.357887498214762179e-01,1.000000000000000000e+00,9.092541636289220852e-01,7.158506978673473409e-01,6.535510649176161646e-01,7.519846709672349805e-01,5.879522594750805631e-01,3.392206768312426290e-01,3.746180056214963860e-01,3.343796055636116815e-01,1.437737058913306776e-01,-2.452622930435114854e-02,-9.040265519994401811e-02,-1.989669274864267756e-01,-1.012513800979860240e-01,-8.679162175845117622e-02,-2.234014116436925657e-01,-1.748921770320803482e-01,-5.528369006667253893e-02,-1.210925639770056017e-01,-8.407715284527741972e-02
-2.678728730695507654e-01,-1.563633478984362557e-01,-2.188261125598780776e-01,-3.644882535295731474e-01,-2.331521371234265561e-01,-6.873799082933365612e-02,-1.046331146189467404e-01,-1.960380480724031316e-01,1.403047281709096129e-02,1.242845243003796035e-01,5.696349355455244262e-02,7.102465000772431591e-02,1.881053578800354065e-01,3.256445942076893196e-01,1.984567358918924163e-01,2.423731492657333064e-01,3.394392046674050145e-01,4.280925975811086803e-01,4.617975239414008337e-01,4.844326586214390828e-01,5.052736339895254059e-01,5.024415937562085599e-01,4.353507071462364153e-01,3.039466102350861787e-01,2.576885435337878394e-01,4.026491275062553665e-01,4.489604659366270845e-01,2.750537957918807730e-01,1.839896437115521866e-01,4.243858037366767672e-02,1.517190249227882426e-01,2.900831495148199490e-01,2.759794117108714251e-01,2.054841214864928933e-01,1.926386030129365601e-01,2.075978976895026529e-01,7.196298728881653228e-02,5.045176182616080418e-02,-1.369919733776892856e-01,-2.243137424551099601e-01,-3.791117962449515044e-01,-4.305907034293591784e-01,-2.413885878683411368e-01,-2.318103101006312172e-01,-2.393416304318410695e-02,-5.734070614624253714e-02,-2.149458888408346258e-01,-4.863157894351347044e-01,-5.638452358421740529e-01,-7.144280311279340712e-01,-6.330027920998073654e-01,-4.241447969051749256e-01,-4.955956064159742769e-01,-5.882783943535243587e-01,-2.705190610345571955e-01,-2.103782329981919441e-01,-3.717337066694419989e-01,-2.532620946478236768e-01,-1.508668698318245405e-01,-3.078498577334981556e-01,-2.258066948752641412e-01,-9.640812058005747420e-02,7.444242613713075718e-02,-7.753718983721069602e-02,-2.819126182347221014e-03,2.176271877212468120e-01,3.149383566147259672e-01,2.021367410916129481e-01,2.648522953827972537e-01,4.701809606371993855e-01,3.491255223509203698e-01,2.332739066181196974e-01,1.869501458420254891e-01,4.388909138665385012e-01,2.635470838759573220e-01,3.338609023618063776e-01,4.851322402963200719e-01,6.971943689337128935e-01,8.465197657570570078e-01,8.696339341269326839e-01,6.527008242420127004e-01,3.514284951141787294e-01,-1.000745438469760051e-01,-2.102267682096842505e-01,-6.704188707597735775e-02,-2.503512286481204274e-01,-4.744474901774163311e-01,-3.632304628108589117e-01,-1.680039363931223606e-01,-2.988677360481920564e-01,-3.652663690069255509e-01,-1.350988622284920448e-01,-1.040607390329964382e-01,-2.345291418649622095e-01,-2.050763602617551862e-01,-2.644098989864441251e-01,-2.728689583605273805e-01,-3.716606163500573712e-01,-4.143956979445239663e-01,-5.508315672864863011e-01,-5.289893282529847252e-01,-5.217483500671958874e-01,-5.880406008969030207e-01,-6.020679521413310198e-01,-5.176615633998327137e-01,-4.439214961198557075e-01,-4.369085412320999340e-01,-3.571096853815400873e-01,-2.945761669449293296e-01,-1.950282892477537555e-01,7.327115758424043723e-02,1.148872407681126306e-01,1.087528458333963111e-01,3.941729209167229020e-01,6.190970799897961285e-01,6.921677392077516533e-01,7.441225476017012674e-01,5.694409278204144442e-01,6.141731918039232685e-01,4.299433038057494660e-01,6.468089828669529862e-01,9.092541636289220852e-01,1.000000000000000000e+00,9.049464803751637865e-01,8.348010057574520859e-01,7.961291954179136043e-01,6.215761584088430602e-01,4.863994106394483041e-01,4.523067438156213038e-01,2.708087632056204175e-01,1.380810387296079189e-01,2.221884977922376769e-02,5.114281309142715976e-02,-7.950560629688958880e-02,-2.496580205881567330e-02,4.451085914691204314e-03,-8.757028662204822955e-02,-8.268657822140429436e-02,9.411231989349694987e-03,-4.472137216046440794e-02,-5.367098248809379357e-02
-3.800479098541220124e-01,-2.907754441184269845e-01,-4.007924256722546485e-01,-5.370279429673984195e-01,-3.957184289268164123e-01,-2.132914875867860383e-01,-2.983426687508228259e-01,-3.643272751872917437e-01,-9.130969344291560430e-02,-2.177372121902281660e-02,-6.040808831738122414e-02,-1.958865310877589902e-02,1.124931047234825621e-01,2.458416196898119688e-01,2.568223120959337580e-01,3.471747816949329324e-01,4.435830147608958995e-01,4.934064943159883754e-01,4.767677767098645325e-01,4.796722013694049158e-01,4.942099286542326331e-01,4.492984242793741090e-01,3.213646552999363526e-01,2.078688741660763284e-01,1.889362669275687079e-01,3.387156967231931270e-01,4.208877207530976605e-01,2.450097496024410682e-01,1.630644771940312765e-01,5.262942561795553448e-02,2.081712800715517786e-01,3.416982360537522134e-01,3.766493201167321336e-01,2.786965433482707644e-01,2.165767454736272080e-01,2.894596885633504701e-01,2.106456400062954315e-01,1.687193056917060119e-01,-2.144907377391939984e-02,-4.711606823023201107e-02,-2.025697859546677360e-01,-2.669891982374689721e-01,-6.079089637815668357e-02,-3.962633067565774631e-02,1.545145194854049275e-01,1.133441185164631854e-01,-7.595713260737965711e-02,-3.850631799710039216e-01,-5.849169221600492019e-01,-6.936877677550664645e-01,-5.490875134968205007e-01,-4.729480496211863616e-01,-5.528703649255926056e-01,-5.370034974564058539e-01,-2.076541117181561757e-01,-2.224304767780802272e-01,-3.367319245495429270e-01,-1.070814223251512348e-01,-5.179077599468886323e-02,-1.616073975093456350e-01,-2.058260095781252325e-02,1.671622025691872349e-01,3.778218461340276946e-01,2.137938438997467050e-01,2.654304187597271159e-01,5.290972485669969139e-01,5.943491502467115328e-01,3.731346957744333115e-01,4.147657822557387353e-01,6.052215555452868934e-01,4.397494666802087560e-01,2.778410215452244980e-01,2.057340870727631388e-01,4.058384925144365440e-01,2.371557826094773946e-01,2.412550312103843575e-01,4.454034210298035146e-01,5.368054298411553127e-01,7.649783612956513323e-01,6.832201427821823492e-01,4.644491424680363134e-01,6.331403759260770259e-02,-3.513176877730479486e-01,-3.750666153975245609e-01,-1.971010094355883924e-01,-3.190222317460956747e-01,-5.009092699092400069e-01,-3.480201709403725197e-01,-1.279466305940846482e-01,-2.526391760001827635e-01,-3.044860327867440208e-01,-8.014783530067440265e-02,-6.419875277534065061e-02,-2.035673181613938676e-01,-1.659716538846985612e-01,-2.140628111112390375e-01,-2.415171721906193281e-01,-3.360135726998365047e-01,-3.704520185705266200e-01,-5.104306553023779669e-01,-5.060828399940310307e-01,-5.049970417322754423e-01,-5.725975014589554934e-01,-6.425174438640189889e-01,-5.619181918295704792e-01,-4.609882369778493527e-01,-5.011673720738789584e-01,-5.241396339779780256e-01,-3.996946683400629530e-01,-2.328840211990095832e-01,-1.204590114766566217e-01,-1.180878984876639892e-01,1.044984317928921574e-02,3.285369586703397182e-01,3.921848407609793141e-01,4.985301173738642122e-01,4.790330666412974669e-01,2.306462255844908826e-01,2.575827410089432390e-01,5.396194636825786539e-02,3.094522272307509425e-01,7.158506978673475629e-01,9.049464803751637865e-01,9.999999999999997780e-01,9.439341127451063018e-01,8.380375792499034082e-01,7.799674014885225048e-01,7.518754025265701468e-01,6.589683592556476732e-01,4.247725135342895753e-01,3.698176672655582031e-01,2.372115307003958840e-01,3.150679542219755880e-01,1.113921703197576496e-01,8.577017129842161303e-02,1.756858743125560562e-01,1.068303476243652184e-01,1.030383513047375410e-02,5.488930365233891245e-02,5.449957311992196379e-02,-2.280792780307260709e-02
-3.589917751189501960e-01,-2.766054589158419841e-01,-3.837263107762208247e-01,-4.963548033283705085e-01,-3.486344127638734691e-01,-1.855201371815777545e-01,-2.572335807740771529e-01,-2.727871939353929687e-01,-4.781061979258486444e-02,3.463103442324015624e-02,3.073528078873103905e-02,8.954530747495913212e-02,1.750181405060262374e-01,3.453561979691684991e-01,3.951349026204238890e-01,4.712332142066572027e-01,5.338643596260679303e-01,5.893395980319087180e-01,5.853408163853973667e-01,5.537344486076948291e-01,5.504442825366075986e-01,5.172767252057265397e-01,3.721854632979961219e-01,2.189047002352564331e-01,1.835008118429974633e-01,3.367403068102467478e-01,4.404486420015645276e-01,2.499292967552897149e-01,1.468416392739708143e-01,3.744329158888658887e-02,9.805839206159552845e-02,2.768853878007904168e-01,3.248778530115090657e-01,1.410217502391646338e-01,6.783765762328845816e-02,2.357244819553444282e-01,1.142936238806274846e-01,-2.102240143148217597e-02,-1.555666131693951570e-01,-6.781958539818502829e-02,-2.569026195674790625e-01,-2.478308487759975087e-01,-3.261726205555273705e-02,4.386227172630949300e-02,2.388171498597697895e-01,2.204656192125884762e-01,1.817780522258807818e-02,-2.704119839270173187e-01,-4.697520499477138012e-01,-6.357094586635256839e-01,-5.361009806854001303e-01,-4.669711841988536394e-01,-5.726541229080348572e-01,-5.913606236701275387e-01,-3.540602502800887508e-01,-3.475304665310275931e-01,-4.311962344431125027e-01,-2.470477185132460562e-01,-1.729236540584451753e-01,-1.976187255695417977e-01,-2.521020977914038494e-02,1.722572816696829601e-01,3.759747692472237279e-01,1.167157640075733166e-01,1.487682804975645201e-01,4.381800149944217737e-01,4.246457771812712778e-01,1.438258219039440233e-01,2.076450289876176913e-01,3.949069982534027523e-01,1.733522277883231821e-01,3.808370967179517536e-02,-4.147643993669940243e-02,1.362671358390207255e-01,7.686497765357472312e-03,1.045309388865031663e-02,1.990526285550910934e-01,3.299275635510034999e-01,5.611441923893769612e-01,5.005348018756377027e-01,2.413353021418496447e-01,-1.178720573944543465e-01,-4.722743889308533283e-01,-4.947356242766569601e-01,-3.747286182920531727e-01,-4.815692301979588863e-01,-5.698005902257831101e-01,-4.319225004683374114e-01,-2.447676729723939903e-01,-3.180372061574328613e-01,-3.274002933654563408e-01,-1.065391849716976896e-01,-1.197789755456786093e-01,-2.134976133413918620e-01,-1.630407145490103960e-01,-1.976090302154479283e-01,-2.218764132612282836e-01,-3.102025787342150842e-01,-3.378858906764216630e-01,-4.804910251649581188e-01,-4.602566508996681627e-01,-4.498665328832007204e-01,-5.453050715630379797e-01,-6.378368039319595173e-01,-5.407424516667593828e-01,-4.294344769775206294e-01,-5.261208299646855657e-01,-5.263805099492997464e-01,-3.484751319794839319e-01,-1.649786449083495143e-01,-9.366169367211829577e-02,-4.747426910686666779e-02,1.428256762746430431e-01,4.568555329813519528e-01,4.705923854031944242e-01,6.053806738760989514e-01,5.346597105787334048e-01,2.588001289450626019e-01,2.265592298585079600e-01,5.037099883750917675e-03,2.216920482369660883e-01,6.535510649176160536e-01,8.348010057574521969e-01,9.439341127451063018e-01,1.000000000000000222e+00,9.247698286883551111e-01,8.184159079953731153e-01,8.270652605195948359e-01,7.972902480643624390e-01,5.514847150774450091e-01,4.432489070985746737e-01,3.024681438404773770e-01,3.653286763594627562e-01,1.531361965829432514e-01,9.770801408523221987e-02,1.408633161913257770e-01,8.241083260050130477e-02,-5.848101142758831963e-04,9.981516474059554805e-03,-3.180264165370064178e-02,-7.195140781946328390e-02
-3.031921823066359156e-01,-2.175223312803273856e-01,-3.292916012973114426e-01,-4.130252751951385970e-01,-2.512227476087017797e-01,-1.295719362761554583e-01,-1.783687988061110896e-01,-1.424330232597763313e-01,1.766378079253793851e-02,9.010366124953772538e-02,1.225852897080386417e-01,1.946329356705143176e-01,2.213392955392875505e-01,4.034358432560354313e-01,4.820228997239350832e-01,5.222844002053956824e-01,5.436695552553951760e-01,5.967235613248522696e-01,6.134384087189110879e-01,5.608922226784699427e-01,5.314036676159229478e-01,5.163977395172789642e-01,3.741088773523422728e-01,2.129373055601031239e-01,1.582040800122746504e-01,2.892291768180993983e-01,3.950798499586016810e-01,2.098305290959894542e-01,9.238009690334002266e-02,-5.208996134353745602e-03,1.318169884734240148e-02,2.118063433833822506e-01,2.674494979701101394e-01,8.478269439497544691e-02,3.834718538546224437e-02,2.242254265511311739e-01,8.664269297952723048e-02,-6.790564315445854482e-02,-1.603792548450378164e-01,-4.386037325818674393e-02,-2.503310306036228838e-01,-2.074188986850805105e-01,-1.156673771146919313e-02,8.545356696749081826e-02,2.659309178935357343e-01,2.797902679111287649e-01,1.087439953903342055e-01,-1.376122212791971722e-01,-3.050389117621955526e-01,-5.197403432031388881e-01,-4.691142356905417254e-01,-3.876433845097744246e-01,-5.309187866204706507e-01,-6.147843418383746039e-01,-4.041573618742939633e-01,-3.993788901189988527e-01,-5.129055242708813189e-01,-3.974185988923870649e-01,-2.824977700694540905e-01,-3.706942331589824779e-01,-2.360156341711905081e-01,-4.523697782976953546e-02,1.156457846057937916e-01,-1.340957849232768395e-01,-2.939507132103171688e-02,2.774367816171651180e-01,2.341733897114978147e-01,5.611217493583046945e-02,1.870275125929159177e-01,3.795895229031751583e-01,1.084454211489636055e-01,2.529547105549419944e-02,-2.638108789799590778e-02,7.258571215602650784e-02,-7.287607437307538905e-02,-9.391976084319754448e-02,9.068172854701497809e-02,2.109647023918534703e-01,4.215118243716993729e-01,4.322529168694822510e-01,2.649563807025485662e-01,-1.020461166293755856e-01,-4.074459995123872469e-01,-5.227309814110850938e-01,-4.049109560228730809e-01,-4.135412834848732899e-01,-5.891640089119823953e-01,-5.113765507672113353e-01,-3.036629866623946072e-01,-3.848735964534432674e-01,-4.221276153564885170e-01,-1.961656847209781729e-01,-2.347960187076882088e-01,-3.146974502146301922e-01,-2.345681071899559100e-01,-2.850335544935920229e-01,-3.039940963013820774e-01,-3.825783867420784468e-01,-3.999281845078490050e-01,-5.395169842185937314e-01,-4.881908590192565178e-01,-4.758914640078031333e-01,-5.621636526050710625e-01,-6.006597481776203562e-01,-4.608932742859389586e-01,-3.312273384240365104e-01,-3.766487265975593801e-01,-3.173836480999398524e-01,-8.288952792627839183e-02,1.161982863590022425e-01,2.049649787661585454e-01,2.572264806967332618e-01,4.626196140068271623e-01,7.403717234337424680e-01,6.994558784451843092e-01,7.783465846897583695e-01,6.373480136362709159e-01,4.057371723837570610e-01,3.074013260506824330e-01,1.311923101805241576e-01,3.227832229218024485e-01,7.519846709672350915e-01,7.961291954179132713e-01,8.380375792499034082e-01,9.247698286883550001e-01,9.999999999999998890e-01,9.080968699753942941e-01,7.975853525092103657e-01,8.529756815000351100e-01,7.526866423817112350e-01,5.734718259350054526e-01,3.401306546685404775e-01,2.774990627765450135e-01,4.740020957318544920e-02,5.581649158970212327e-02,1.085606811892227547e-01,-3.442271467070932844e-02,-7.643835475420389380e-02,-1.556496440403277483e-02,-8.383137727087439095e-02,-9.052666434428158215e-02
-3.168616082708197723e-01,-2.583775722370925676e-01,-4.129261127347769733e-01,-4.713160381999347281e-01,-3.079595305486546031e-01,-2.087513173194595895e-01,-3.008209311255696794e-01,-2.361994742650162793e-01,-5.709749014953539176e-02,-5.285745015492028520e-02,-2.018636633561471383e-03,8.720767681883032085e-02,1.128582594566273356e-01,2.368728133516605217e-01,4.015156954628496533e-01,4.579999726321817843e-01,4.686362991881738438e-01,4.765086113345405328e-01,4.568234097885410794e-01,4.051284599939594666e-01,3.684764197005352404e-01,3.293119281569873991e-01,1.772677441715428126e-01,8.227791267553395682e-02,5.535249063277703635e-02,1.455411041555603746e-01,2.498383786598799006e-01,1.063592449380702520e-01,1.703172017305436964e-02,-2.929459939958777015e-02,7.318227675944335986e-02,2.250848777168917014e-01,3.082855698263725630e-01,1.987288364001817687e-01,1.387791328673993463e-01,2.799974135794099372e-01,2.336393190059642133e-01,1.336142592895066261e-01,2.686688776765603845e-02,1.225445358710052363e-01,-4.234229559467397180e-02,-4.065934062350896883e-02,1.197550295206512155e-01,1.884014384823572696e-01,3.162402013991575944e-01,3.261450160855424163e-01,1.821473337081467303e-01,-3.821135977355223645e-02,-2.549537666575527051e-01,-3.956144835772092971e-01,-3.181265778924517451e-01,-3.534631760127258659e-01,-4.851974866617301263e-01,-4.888395799950493448e-01,-2.610323533505607974e-01,-3.382502528787231788e-01,-4.328703019397839302e-01,-2.493203185801441402e-01,-1.632213281363142920e-01,-2.953856431942065708e-01,-1.656302755420697437e-01,6.083356306095060589e-02,2.011600315025146579e-01,2.851857471829259347e-02,1.804439505490966766e-01,4.993268926020673626e-01,4.350152110297613728e-01,2.878432414356924540e-01,4.358128984588588994e-01,5.909050602272509778e-01,3.140310353744180660e-01,2.288851606876564915e-01,1.980387544998441773e-01,1.988966406521787689e-01,5.115079308098952754e-02,-5.150610998650476807e-02,1.513350682493156962e-01,1.062540672522634261e-01,3.295325662041374004e-01,2.918778798565664356e-01,2.543175919163798704e-01,-1.798556885710050068e-01,-4.145637005292744370e-01,-4.795844092087436228e-01,-3.081862732495122548e-01,-2.246368804387341711e-01,-4.645936718534322551e-01,-3.839616821860421525e-01,-1.635014386994033397e-01,-2.982450634223467456e-01,-3.569805589006729285e-01,-1.706626238490131509e-01,-2.376112714000943871e-01,-3.400354187227786484e-01,-2.401490708872765778e-01,-2.889912503822326673e-01,-3.299099089721695410e-01,-3.876290134980304170e-01,-3.810117684780842118e-01,-4.783177928553720148e-01,-4.292313577198368924e-01,-4.493357015487489114e-01,-5.003929941817865101e-01,-5.111503063378183276e-01,-3.904217242053960035e-01,-2.689782264195772488e-01,-2.601622203303155523e-01,-2.826892991551189782e-01,-4.134396794695343463e-02,2.001425051588359705e-01,1.754788370960491395e-01,1.471404505501041904e-01,4.233308677476029236e-01,6.838704170620881762e-01,4.800931921150958237e-01,5.173109102961405137e-01,3.110564285899205528e-01,8.863913993457299412e-02,-4.332361638945281083e-03,-1.187651145189384111e-01,1.025775273106394742e-01,5.879522594750805631e-01,6.215761584088430602e-01,7.799674014885225048e-01,8.184159079953738924e-01,9.080968699753942941e-01,1.000000000000000000e+00,9.064635440766813934e-01,9.177258507960858180e-01,8.824771648476020802e-01,8.089626840475920844e-01,5.507096844299703697e-01,4.469582040224675534e-01,1.593677910214268134e-01,1.641073115583938091e-01,3.014110880074007959e-01,1.138451363880011030e-01,4.407144909710663562e-03,7.489277062747447256e-02,5.638970871045955596e-02,-2.657384136844806455e-02
-3.569124253866698404e-01,-3.155869503391785513e-01,-4.804824651431605087e-01,-5.339452353088020020e-01,-3.820768166979827130e-01,-2.716278606782818184e-01,-3.845076892202246022e-01,-3.237153941645726229e-01,-1.157607478771629228e-01,-1.237885308899269732e-01,-7.250374194749920065e-02,2.149336718819509079e-02,6.346200788626235600e-02,1.852308244582422103e-01,3.858728704063994486e-01,4.767013816219047850e-01,4.958432063756066377e-01,4.951173645911645660e-01,4.493677953455337271e-01,3.843804387259430744e-01,3.617632415853562211e-01,3.074661108908832707e-01,1.325817217901478773e-01,4.427171734163410505e-02,2.973710432353682959e-02,1.219437298796869767e-01,2.451548266777797414e-01,1.067370983143509366e-01,2.023963935081617843e-02,-1.173466371516218749e-02,5.766599961973065819e-02,2.154681626301736541e-01,3.157178909514379850e-01,1.620848945207113700e-01,6.732548088100796801e-02,2.508437147862111471e-01,2.246559597274107589e-01,8.470088765831014499e-02,-2.463978639600937839e-02,1.343234238100794176e-01,-2.170458423832765521e-02,5.837771185837148033e-03,1.715160872414029647e-01,2.534912437372643934e-01,3.702906473586051184e-01,3.629421526814201604e-01,1.861369099759113688e-01,-4.120660685462537720e-02,-3.038018368881051368e-01,-4.110249980393188562e-01,-3.235113040285421127e-01,-4.192725746108968976e-01,-5.250398040932813259e-01,-4.738283693451988410e-01,-2.893004116876390364e-01,-3.667270695132471281e-01,-4.000884260669043679e-01,-1.498765752471269974e-01,-7.998496191518807141e-02,-1.003960404764271674e-01,1.108896695020865075e-01,3.792887112572116970e-01,5.029998702569442592e-01,2.703888013464482709e-01,3.741127327804334435e-01,6.811871597502644482e-01,5.339679245740264202e-01,2.532181954559305503e-01,3.693260884748852391e-01,4.612314274791967650e-01,2.090339696086863930e-01,1.046627931184967719e-01,4.343351716987946254e-02,7.073318377184163730e-02,-1.315023350555484700e-02,-1.039853392712367791e-01,7.808435426274086544e-02,1.217780737223561269e-02,2.393606479667687026e-01,1.421905105669297176e-01,3.564690549435126088e-02,-3.356122267152290006e-01,-5.307343846380856434e-01,-4.906466936641437071e-01,-3.678266451273903281e-01,-3.522780239710255334e-01,-4.644603486949405724e-01,-3.357814605116610784e-01,-1.869142568584290509e-01,-3.058419774248911094e-01,-2.978298486024500979e-01,-1.320203766750372154e-01,-2.109928291359931540e-01,-2.859075653719393983e-01,-1.757847489330190693e-01,-2.038595285965472959e-01,-2.589435875732638559e-01,-3.096152301838796528e-01,-2.943325442378420531e-01,-3.814635479119818373e-01,-3.502052921420645282e-01,-3.959163842900376706e-01,-4.698599105587744629e-01,-5.017449792682018295e-01,-4.169436918647861368e-01,-3.367870448245476322e-01,-3.820980832603236288e-01,-4.382513294543892712e-01,-2.324711008227355324e-01,-1.558663891873083782e-02,-1.057175130618089459e-01,-1.226745769031407085e-01,1.742386589543401809e-01,4.377122567856105428e-01,2.139070760138503113e-01,3.059215733152437222e-01,1.182399101995233737e-01,-1.316864268240195979e-01,-1.966319597698786836e-01,-3.286947629465030718e-01,-1.307967621493829335e-01,3.392206768312426290e-01,4.863994106394483041e-01,7.518754025265701468e-01,8.270652605195951690e-01,7.975853525092104768e-01,9.064635440766813934e-01,1.000000000000000000e+00,9.544413444874352281e-01,7.853958432944131429e-01,8.274217145216702374e-01,7.093202299476010220e-01,7.079403143142526389e-01,4.356686317239267248e-01,3.393717495413702268e-01,4.436745061704760462e-01,3.399836884267647408e-01,1.757940989607922888e-01,1.509311302688282064e-01,1.421962521579434313e-01,-3.288334452426750864e-04
-2.838072305155524555e-01,-2.420835467176627176e-01,-3.877857038016511715e-01,-4.172312213536766845e-01,-2.732808473321189924e-01,-1.995134941154249886e-01,-2.776117272950248127e-01,-1.822721771207538033e-01,-4.661958456939856166e-02,-4.487460641620765606e-02,2.982925007363016606e-02,1.249245902893125065e-01,1.157514802336356008e-01,2.542692674986276047e-01,4.560556523071099266e-01,5.144649853373806092e-01,4.949093088985905275e-01,5.021165508793763443e-01,4.807110718619735379e-01,3.934392528927184718e-01,3.569633058005010628e-01,3.260747942687488576e-01,1.627409243863658650e-01,6.477216173746420946e-02,3.165284402374370781e-02,1.017895152431244621e-01,2.242695806405431147e-01,9.096775345968746707e-02,-3.302100625482001783e-03,-3.664405242461389600e-02,-4.107126937944998585e-02,1.269199474737757183e-01,2.228518091507953047e-01,4.139951660048262622e-02,-3.579523886460901638e-02,1.838828376079099380e-01,1.296387716236988563e-01,-5.067495383134374559e-02,-1.092300428704667120e-01,1.072377887615708764e-01,-5.770583799382564966e-02,2.161697418634335802e-02,1.686130401407881230e-01,2.774755983286327221e-01,3.816971330423964415e-01,3.960980121960140932e-01,2.372742959084518100e-01,5.990480437787686074e-02,-1.588015905626788959e-01,-3.149030848077131739e-01,-2.838225032782759061e-01,-3.575200526890209840e-01,-4.844607243268492791e-01,-4.983532780743805124e-01,-3.876037198744340384e-01,-4.437769484157189637e-01,-4.786589335756158414e-01,-3.217499964593273365e-01,-2.282005373771072709e-01,-2.318440058669611892e-01,-4.795902601188685443e-02,1.955219753336402411e-01,3.043314890460115940e-01,3.986271281783865250e-02,1.479076794572414810e-01,4.628031566723893042e-01,2.963993033016231737e-01,5.373046578304495335e-02,2.004187850913110303e-01,3.111270790780850115e-01,2.755563191502473364e-02,-3.542260395719518118e-02,-8.031087904265635236e-02,-8.624189071398521977e-02,-1.589783642751958492e-01,-2.476790915981648133e-01,-8.625747207152544005e-02,-1.155856689232119677e-01,1.026124748390277591e-01,6.079831603928927825e-02,-3.180542883566859352e-02,-3.576883114351164239e-01,-4.993833437708640743e-01,-5.060465955230135648e-01,-4.295707499271887997e-01,-3.716788031422378902e-01,-4.685317461508247683e-01,-3.906297428027048491e-01,-2.671546935104867626e-01,-3.425132596402326035e-01,-3.279941738069827584e-01,-1.785656139152382305e-01,-2.574816530094883871e-01,-2.896804329327206662e-01,-1.845648677999952303e-01,-2.096294836181016308e-01,-2.475188896832577756e-01,-2.915847848068355286e-01,-2.746197675740933430e-01,-3.565773787243823878e-01,-3.015013399415474304e-01,-3.338043148550710604e-01,-4.135098134549307081e-01,-4.344023385772725065e-01,-3.308993837567830165e-01,-2.398942093772773176e-01,-2.959409681180664720e-01,-3.125736202278265874e-01,-8.680444572890033683e-02,1.255436385480908634e-01,5.090811385173103082e-02,6.005007764391750297e-02,3.626998452578132359e-01,6.075409416830790388e-01,3.696541403729330377e-01,4.536036559745711960e-01,2.299196427856012026e-01,-6.124791052248022838e-03,-1.199586929482985287e-01,-2.380217693369139909e-01,-7.715794355259975035e-02,3.746180056214963860e-01,4.523067438156212483e-01,6.589683592556476732e-01,7.972902480643621059e-01,8.529756815000348880e-01,9.177258507960858180e-01,9.544413444874352281e-01,9.999999999999998890e-01,8.887095781588785215e-01,8.471466514022263361e-01,6.928237337250273686e-01,5.944018219803930414e-01,3.163479409333248005e-01,2.470296118154315101e-01,3.252475952127700243e-01,1.859004575405597548e-01,6.968833252968821557e-02,7.100423480538316234e-02,2.235076882006762841e-02,-3.637490696092143816e-02
-2.099698126924282870e-01,-1.842316398008780332e-01,-3.173706278374461287e-01,-3.039396089221270136e-01,-1.792974337694700493e-01,-1.638240900422443802e-01,-2.133509943588408342e-01,-7.748777862847254505e-02,-1.579399463632614325e-02,-4.866227483505443374e-02,6.208853626735332670e-02,1.611207534056643409e-01,9.881512451857095425e-02,2.072095783316288131e-01,4.586464899412304175e-01,4.826576133629759124e-01,4.222235166488883529e-01,4.083846801032733898e-01,3.892401420563736947e-01,2.889134678075296336e-01,2.310051184580395600e-01,2.088506041725782247e-01,5.503778547337543486e-02,-2.946048830838295888e-03,-3.984019234480991323e-02,-1.802388042999330392e-02,9.788298578048901244e-02,-1.604864079543921480e-03,-8.379993877126118429e-02,-8.408170454796719262e-02,-1.016110188105591172e-01,4.660750493405158013e-02,1.483966420441844014e-01,9.635010830442963803e-03,-3.986497135645192258e-02,1.637794688915407137e-01,1.370479245938597268e-01,-1.074462535021922238e-02,-9.141795047407053412e-03,1.968953931950392366e-01,5.983661573872554179e-02,1.336836570451709338e-01,2.242567462151743574e-01,3.333443155549297154e-01,3.891895841253039112e-01,4.360422486344936455e-01,3.406593029498133918e-01,2.400324968657722158e-01,5.557587005984679362e-02,-9.268758759227167798e-02,-8.939379105732442321e-02,-1.919689008392703455e-01,-3.292436536297929650e-01,-3.587478209438729193e-01,-2.844105258722960938e-01,-3.716126712442680002e-01,-4.147461238459623778e-01,-3.207510718378519532e-01,-2.320177139613146811e-01,-2.953315466300817649e-01,-1.842543008017136219e-01,3.011987716639074296e-03,6.093267138273815442e-02,-1.101866463085217768e-01,3.872848866020497244e-02,3.073045276191898045e-01,1.537223600956587055e-01,5.454461253761967721e-02,2.292658752966002245e-01,3.164463978067169614e-01,2.956513313860030870e-02,7.413092593717681388e-03,2.456171096347773124e-03,-1.183986215221422139e-01,-2.034502648130041003e-01,-3.332187122479978725e-01,-1.713678637973391206e-01,-2.636265689938147028e-01,-8.422574882692111797e-02,-9.273169182955523504e-02,-4.746340170760789817e-02,-3.682035346833935630e-01,-4.059575440802984381e-01,-4.801985360463431052e-01,-3.985042826869882870e-01,-1.998527907049288399e-01,-3.691188960586977985e-01,-3.686413238530324987e-01,-2.439379310473718809e-01,-3.057513777881205597e-01,-3.281575905846899621e-01,-2.267131204465263894e-01,-3.202188972046329796e-01,-3.338770590458396414e-01,-2.151006658399862437e-01,-2.431173862132095798e-01,-2.738020708623377653e-01,-2.989069856856930718e-01,-2.615343107433680814e-01,-3.051222010771934001e-01,-2.335066791743380110e-01,-2.516775291598562503e-01,-2.977021616494389122e-01,-2.800190541655180887e-01,-1.538492503649218357e-01,-5.001352982171358708e-02,-5.618773724602785929e-02,-5.465573392628116089e-02,2.156824287151538067e-01,4.363354941432937006e-01,3.214850473414906373e-01,3.078863698097465962e-01,6.318117984518393238e-01,7.893244859490222698e-01,4.542020418787967029e-01,4.581719885483054866e-01,1.735373908330175852e-01,1.611715199449918409e-02,-1.605496662463287427e-01,-2.065987343973167134e-01,-8.451233540542588130e-02,3.343796055636116815e-01,2.708087632056204175e-01,4.247725135342895197e-01,5.514847150774451201e-01,7.526866423817112350e-01,8.824771648476020802e-01,7.853958432944131429e-01,8.887095781588785215e-01,1.000000000000000222e+00,8.996350924506476554e-01,6.172463820340265972e-01,4.246281796767331085e-01,1.644978807684299438e-01,1.589610118432073227e-01,2.755584880214631549e-01,7.962216233914751196e-02,-9.604356787573848676e-04,4.595913082911309844e-02,5.400138053260508490e-03,-2.390323934484158211e-02
-2.174816020052467158e-01,-2.132650022625816322e-01,-3.609385233421174566e-01,-3.435797050617620529e-01,-2.371210289433381413e-01,-2.286289783956093058e-01,-3.043292074871392638e-01,-1.850436522657332994e-01,-9.352531417239522138e-02,-1.751683730959386065e-01,-7.601398206490816989e-02,2.768665743070360813e-02,-1.022204542718712326e-02,4.171345265800121410e-02,3.168047096619766023e-01,3.748554420526862829e-01,3.306053813104035122e-01,2.935248099520778586e-01,2.363702877932991608e-01,1.419537592688620009e-01,1.010716799872968114e-01,6.070952674514792924e-02,-9.565288847795826166e-02,-1.042037086292368769e-01,-1.120881599332688577e-01,-1.243618434977210307e-01,-5.799163295999694781e-03,-7.033785427316120720e-02,-1.394361233544010314e-01,-9.744460571013367767e-02,-7.984789967205431493e-02,4.120472192511907827e-02,1.599687069701990760e-01,7.558222826070257194e-02,2.268085473986026709e-02,1.679944957187118337e-01,2.124465868205148711e-01,1.144705624940191152e-01,8.195001454218690806e-02,2.534031988742549979e-01,1.579125327184414396e-01,2.058234935975648827e-01,2.697247295554728863e-01,3.495061387190696589e-01,3.689902055315952834e-01,3.943246800790658479e-01,3.006650733909185247e-01,2.197962031260413396e-01,1.051417986811825633e-02,-5.402059204007148702e-02,-3.284089545500552820e-02,-2.034117322615045798e-01,-2.945278631458013163e-01,-2.659184127549703014e-01,-1.722156308332900843e-01,-2.788826893760079084e-01,-2.986098210661444208e-01,-1.192590909396539361e-01,-1.755128846637702203e-02,-1.431557523540315235e-01,-1.524807233211708350e-02,2.516050302065485078e-01,2.329616619165240654e-01,1.182148483192037303e-01,3.407860086367579533e-01,5.750887141881015907e-01,3.450260231151864865e-01,2.421536993476648414e-01,4.297286557707761245e-01,4.102413964157105575e-01,1.630832783685748633e-01,1.331873895448826561e-01,1.083842834803531718e-01,-1.861457186092897384e-02,-7.383670573627615363e-02,-2.119448717308158592e-01,-5.770661907168710136e-02,-2.413620720495774086e-01,-9.125285819376427465e-02,-1.399756740023975488e-01,-6.815537701806614890e-02,-3.665633238889901002e-01,-3.897200246371319010e-01,-3.840721313557181049e-01,-2.971125648822454668e-01,-1.491789761907106326e-01,-3.212482192497587707e-01,-2.737054278332807788e-01,-1.852692689353143407e-01,-3.152658808088261710e-01,-3.089578570764369703e-01,-2.187619090317109716e-01,-3.424472067126362873e-01,-3.647431256478934625e-01,-2.100809947480244966e-01,-2.351227811404228152e-01,-2.940729328481174187e-01,-2.994296579702513950e-01,-2.424855075227173862e-01,-2.711250196088738629e-01,-2.121663961865983827e-01,-2.821303512509008571e-01,-3.315617319843977562e-01,-2.677842488586910097e-01,-1.837556861352998006e-01,-1.455102851365638328e-01,-1.148540472356435332e-01,-1.405708178301773303e-01,5.000339070145223830e-02,2.437921523185361539e-01,1.032554190996902294e-01,6.128516424579359689e-02,3.607417746048652840e-01,5.152575276963332618e-01,1.644045618897150285e-01,1.751639017239997598e-01,-8.252530467322002905e-02,-2.229140167863657707e-01,-3.405323324615935898e-01,-3.580583590700582852e-01,-2.353531805647157693e-01,1.437737058913306498e-01,1.380810387296079467e-01,3.698176672655581476e-01,4.432489070985743962e-01,5.734718259350052305e-01,8.089626840475920844e-01,8.274217145216701264e-01,8.471466514022264471e-01,8.996350924506476554e-01,9.999999999999998890e-01,8.626037805340229792e-01,7.076184966754336392e-01,4.585177003618470803e-01,4.496156095168563072e-01,5.933530779642244291e-01,3.883053327309023972e-01,2.606327740659699077e-01,2.895829512796694316e-01,2.725813616418548690e-01,8.908463842794536736e-02
-1.663053495465234566e-01,-1.728354006900679196e-01,-2.789672344434760420e-01,-2.635570770513123717e-01,-2.046925421690413416e-01,-2.033887844804450895e-01,-2.574002151917166858e-01,-1.808276382690619244e-01,-1.031426430945580341e-01,-1.842868185674489123e-01,-1.174316609779956222e-01,-3.165308296146034789e-02,-4.982737982450316516e-02,-3.492452210463845019e-02,1.779047425881320754e-01,2.473781885542317427e-01,2.140321244525052180e-01,1.843602103601059972e-01,1.246714275725164800e-01,3.327653371019072270e-02,2.231605668802408987e-02,-6.170903877284897657e-03,-1.306404513512185728e-01,-1.102076941109051134e-01,-1.144204298246518786e-01,-1.509285431913516273e-01,-4.793360350906668982e-02,-7.883662722325512906e-02,-1.320204944789216128e-01,-6.696739462592564418e-02,-1.246647939938081429e-01,-2.772215926557787188e-02,7.966883606359809189e-02,1.127135669645384572e-02,-3.805840993794037258e-02,6.895136086122380381e-02,1.426287439134648893e-01,5.506946447491958135e-02,1.220828334174189206e-02,1.799267078656617003e-01,1.286826932499297305e-01,1.864866420606008102e-01,2.234353757026240062e-01,2.813511098329030125e-01,2.768962300712528024e-01,2.787734277602761379e-01,1.879961840653488203e-01,1.476781189379294812e-01,-2.242888108354822857e-02,-3.750451205810344940e-02,-3.808251548953613119e-02,-2.014244787231947442e-01,-2.394426920121766056e-01,-2.209887918871404067e-01,-1.809890317926099168e-01,-2.549415332542422918e-01,-2.411281746464856712e-01,-7.825333268823425614e-02,2.644088037923493853e-02,-3.314383403832676239e-02,1.136947884515765311e-01,3.971749146102657169e-01,3.008966618179419461e-01,1.788569093147101552e-01,3.918184621638021170e-01,5.689960670730414005e-01,2.788929001287629994e-01,1.404251573878707582e-01,3.145538024536517763e-01,2.217210695078644656e-01,6.713325655592412844e-02,5.764836504658155114e-02,2.241344948901087888e-02,-4.289725959088904611e-02,-2.333200150393338612e-02,-8.823499647340062035e-02,-1.859865487682264406e-03,-1.677100168309216821e-01,-9.710629653667096628e-02,-1.476801382104486471e-01,-1.196936338213809015e-01,-2.755267039516831051e-01,-2.985830423038249859e-01,-2.365415716064706853e-01,-2.104255755995559085e-01,-1.839240656053350020e-01,-3.107704325437770088e-01,-2.276444543505796170e-01,-2.330138536001581107e-01,-3.651219173835025256e-01,-3.055616197627785136e-01,-2.391245650662990330e-01,-3.262829560040952370e-01,-2.888806684010382098e-01,-1.327344011087709941e-01,-1.734707209581476395e-01,-2.188192975330113255e-01,-1.884642616335833742e-01,-1.551053688160012878e-01,-2.146975108987602132e-01,-1.759662222258819297e-01,-2.615536054887458994e-01,-3.342513426908463869e-01,-2.458272782800899059e-01,-1.996427526632413851e-01,-2.197675404816004652e-01,-1.826000444035581205e-01,-1.838536364377195698e-01,-1.024757143919118180e-01,1.535158736528919460e-03,-9.037458734398563787e-02,-1.130351434236475522e-01,7.074369617743037075e-02,1.963942627964100907e-01,-4.412666806612221271e-02,-1.363763918359082658e-02,-1.834677766408665811e-01,-2.798405295789588854e-01,-3.210632115354122296e-01,-3.219271279669372876e-01,-2.508868261411386635e-01,-2.452622930435115547e-02,2.221884977922377116e-02,2.372115307003957729e-01,3.024681438404770439e-01,3.401306546685404220e-01,5.507096844299703697e-01,7.093202299476010220e-01,6.928237337250273686e-01,6.172463820340265972e-01,8.626037805340229792e-01,9.999999999999997780e-01,8.573674408231840571e-01,6.819397319561684156e-01,6.652392263577509013e-01,7.075959895569005065e-01,5.393448047569845416e-01,4.340697870415738402e-01,4.198060805481014235e-01,3.459652132669288060e-01,9.528721520561084235e-02
-2.683239840770542672e-01,-2.651997863848764014e-01,-4.125222372319223840e-01,-4.288956668097393954e-01,-3.413108285407819298e-01,-2.918164356979466856e-01,-3.962498582955394921e-01,-3.413446610028331163e-01,-1.762411558630673225e-01,-2.597637789954943544e-01,-2.084038651635586048e-01,-1.157079936955432709e-01,-9.029570789706574396e-02,-5.815487111611886833e-02,1.710555783152539755e-01,2.863143804984242258e-01,2.864341760064710862e-01,2.587337461626216806e-01,1.724210077344630609e-01,8.661692595375855563e-02,8.560799550783210199e-02,3.439504855000339451e-02,-1.216234310252670148e-01,-1.339934055238022892e-01,-1.161079116489068114e-01,-1.206458939338646980e-01,6.309184525908316694e-03,-5.384151045094064808e-02,-1.167288779322566278e-01,-7.189406200718334583e-02,-8.619158624817024883e-02,3.946839808799604971e-02,1.670308032294458012e-01,6.512889979979862021e-02,-1.170302090861511518e-02,1.137965757633307845e-01,1.886476619226379881e-01,7.252786927848878240e-02,-1.630309175024934401e-02,1.630144211316452707e-01,8.713499273931647748e-02,1.516560360706226684e-01,2.311464096904767007e-01,2.925229850963059208e-01,3.147095429441250092e-01,2.893309660085910950e-01,1.419815089318497980e-01,3.086006350596347259e-02,-2.075788144753529241e-01,-2.057257027960001372e-01,-1.613528548205024060e-01,-3.457355680003245668e-01,-3.646234827378317389e-01,-2.780517197922082739e-01,-1.907706472587721858e-01,-2.291902510343870880e-01,-1.713593599930923472e-01,1.150933860886320104e-01,2.498334414077270360e-01,2.183864271180368244e-01,4.277970491720021751e-01,7.395349151297383461e-01,6.159692037877051440e-01,4.575622465716296938e-01,6.507803048716387373e-01,7.636385675547928686e-01,4.357565615903353229e-01,1.958780332293864335e-01,3.368006757331152290e-01,2.043883016421844945e-01,9.077994077892545532e-02,5.033565399421879166e-02,-1.672432168866662405e-02,-1.649143317815684323e-02,2.197161860168704919e-02,-2.921816437412648459e-02,6.340590567634707408e-02,-7.810715937134982134e-02,-9.304833677702399608e-03,-1.038203460821480045e-01,-1.571358061735075307e-01,-3.181517637707648172e-01,-3.951242931476059428e-01,-2.736047689453565135e-01,-2.241386436370359503e-01,-2.816615316555852178e-01,-3.212903920145509518e-01,-1.805513391361241171e-01,-1.750855842711039612e-01,-3.250838916917955790e-01,-2.463852069347495510e-01,-1.527635409204451400e-01,-2.885993304138430027e-01,-3.077793555718010277e-01,-1.467552555869522934e-01,-1.623423912921318490e-01,-2.415180486131522919e-01,-2.502989841591468645e-01,-1.907379581135666136e-01,-2.179181476779923632e-01,-2.066212588845919573e-01,-3.038557833431975719e-01,-3.785216061176359115e-01,-3.344894577745191611e-01,-3.091677165468996180e-01,-3.400634723275839377e-01,-3.413781917114429576e-01,-3.673555980566629575e-01,-2.687495614613475414e-01,-1.696218294271765459e-01,-2.871212513496527730e-01,-2.963338355070732066e-01,-1.065981420696239523e-01,2.042512376036897254e-02,-1.718875962923572809e-01,-9.882222831476505931e-02,-2.021142924906506044e-01,-3.237306820605554969e-01,-3.349623882112890971e-01,-4.000886826987201106e-01,-3.194891658723281735e-01,-9.040265519994399035e-02,5.114281309142714588e-02,3.150679542219754214e-01,3.653286763594624786e-01,2.774990627765450135e-01,4.469582040224675534e-01,7.079403143142525279e-01,5.944018219803930414e-01,4.246281796767331085e-01,7.076184966754336392e-01,8.573674408231840571e-01,9.999999999999997780e-01,9.269139131553707500e-01,8.246545326441757640e-01,8.402506044828407239e-01,8.182316529946364048e-01,7.015715398176596285e-01,5.852180040668554240e-01,5.316382738156744114e-01,2.126297663460991472e-01
-2.063872258564938833e-01,-2.099880155838450002e-01,-3.273960454831532085e-01,-3.394764950021501027e-01,-2.851692217289386044e-01,-2.582068452775105327e-01,-3.415187631884261665e-01,-3.033007288410778379e-01,-1.700563968365689516e-01,-2.618171940415922050e-01,-2.217651683841989352e-01,-1.424096442813480579e-01,-1.203810000830942278e-01,-1.167734511104423639e-01,8.540396863264364258e-02,1.997350511846072707e-01,1.944018937165556959e-01,1.682049100483010429e-01,8.032596300687380730e-02,-7.425654414465532489e-03,2.274139370016725267e-03,-3.674159064655469625e-02,-1.692480504384349105e-01,-1.570163465641276346e-01,-1.412878998887201198e-01,-1.730625727839144312e-01,-5.601579114030295903e-02,-8.643716289244418594e-02,-1.310658699121442505e-01,-7.781230845039811828e-02,-1.471150051792392832e-01,-4.381348698061278413e-02,8.169682814806372706e-02,-2.236433236405220397e-03,-5.881996306201763003e-02,3.891290519094644379e-02,1.295230312238249137e-01,1.881312866831733738e-02,-5.599434309608870841e-02,1.213656089768325175e-01,7.249002826161293767e-02,1.569575990779553953e-01,2.077798068361041695e-01,2.595582175690513416e-01,2.562062343154560273e-01,2.237786455550532794e-01,9.179760019058004483e-02,2.808104452013623908e-02,-1.724088634968238276e-01,-1.409142747825699316e-01,-1.246539322702146374e-01,-3.024557260582482754e-01,-2.854200462209812161e-01,-2.103399484011155562e-01,-1.804218244251483971e-01,-1.693119411164233368e-01,-7.413949930200820770e-02,1.821640751477677511e-01,3.491086044135892075e-01,3.367350286667886161e-01,5.153678082220337631e-01,7.866319167890929442e-01,5.665663513295036147e-01,4.366102032640784003e-01,6.289794303519757879e-01,6.190817729150599469e-01,2.677225426975954337e-01,6.902051131171645093e-02,2.015369782010794919e-01,1.165173869972697604e-02,-1.555147800766663695e-02,-1.517126589528999987e-02,-7.776148505229459051e-02,-6.365159900389126546e-02,1.978172487740413252e-02,1.114370446656844267e-02,5.179740784434030965e-02,-5.902490506186233027e-02,-7.079508980457563383e-02,-1.439838800435694621e-01,-2.004008893744498587e-01,-2.529779252696931491e-01,-2.997981789535621444e-01,-1.811074517330042710e-01,-1.621155057204118066e-01,-2.559517813130453012e-01,-2.503422134954299549e-01,-1.255521063845954355e-01,-1.644454114623130903e-01,-2.911320046389899718e-01,-2.005090858672257115e-01,-1.348872701658453410e-01,-2.729014016839233503e-01,-2.738843293680134905e-01,-1.225135877125759498e-01,-1.335494937314695152e-01,-2.080116757250667359e-01,-2.184335298900992595e-01,-1.453150019453018638e-01,-1.480989508007298505e-01,-1.508673018023687640e-01,-2.347924536697169051e-01,-3.017314014675027134e-01,-2.555457892907675999e-01,-2.459734688077543641e-01,-2.979987361956299985e-01,-3.004620543383971221e-01,-3.012257696508767180e-01,-2.384964025274797506e-01,-2.039394262944188851e-01,-2.977805543479559724e-01,-2.855950128334259763e-01,-1.760497445914868397e-01,-1.244476316777885505e-01,-2.365526934646565438e-01,-1.735221284408339226e-01,-2.048147350532146249e-01,-2.613988946770250954e-01,-2.563858827335651069e-01,-3.128812391700032114e-01,-2.927809213941636179e-01,-1.989669274864267479e-01,-7.950560629688958880e-02,1.113921703197576774e-01,1.531361965829432792e-01,4.740020957318542838e-02,1.593677910214268412e-01,4.356686317239267248e-01,3.163479409333249115e-01,1.644978807684299993e-01,4.585177003618470803e-01,6.819397319561684156e-01,9.269139131553708610e-01,1.000000000000000222e+00,9.083159595441163692e-01,8.473604514268656684e-01,9.003628153003481183e-01,8.635300882845547976e-01,7.102020861665797602e-01,6.133654275679977230e-01,2.911096678504043744e-01
-1.350203901267615358e-01,-1.436193456081316933e-01,-2.303278944618493140e-01,-2.252042983134354137e-01,-1.967452411649348865e-01,-2.026393668006970517e-01,-2.490422214919406629e-01,-2.179425445155032670e-01,-1.335077354423623575e-01,-2.340857510992812585e-01,-1.952176481599497693e-01,-1.259104872276263221e-01,-1.191443495273930148e-01,-1.456639273648669963e-01,3.343970291254346611e-02,1.227301266178099370e-01,1.031568420480814680e-01,7.318730478541420059e-02,-2.869648509272379727e-03,-8.395146126002475673e-02,-7.806080592292849452e-02,-1.044649785371834089e-01,-2.019461618496603827e-01,-1.832951853661352326e-01,-1.633069892952162538e-01,-2.131572552342993476e-01,-1.246285089425785003e-01,-1.312001349110498982e-01,-1.536394328166632850e-01,-9.645263994903549576e-02,-1.878464034761350709e-01,-1.060475590175546379e-01,1.314134852166770270e-02,-1.492980583972751581e-02,-1.198345342398915089e-02,2.387004651795760976e-02,1.372489424889561660e-01,9.782518106445105277e-02,4.330050016296785320e-02,1.551395586041411367e-01,1.364186473734605443e-01,1.890036986936340646e-01,2.046617970662943931e-01,2.301164459511879368e-01,1.995378808989442532e-01,1.770584940195716883e-01,9.466971332822303464e-02,8.008479414306449162e-02,-6.836126868146627511e-02,-2.526468483167365955e-02,-1.795967008428584963e-02,-1.702583060116302505e-01,-1.583633369546493808e-01,-1.326362452315484886e-01,-8.409006908320161566e-02,-8.830172518345057175e-02,-5.261457920877961325e-02,1.337545409073607472e-01,3.156714512180708865e-01,1.358069910188683949e-01,2.206786165538228428e-01,5.282876825041096236e-01,2.736769843072788810e-01,2.364583231944954178e-01,5.357028433806404477e-01,5.351057663086460359e-01,2.153204457220909418e-01,1.643265871470048767e-01,3.368453332124708433e-01,1.321843775504878138e-01,9.009710135900529659e-02,9.838048130418836079e-02,2.497266123771169077e-02,2.625050547664233014e-02,7.324329903199401637e-02,8.107174676871832519e-02,1.461780384048248227e-01,3.573513347020908920e-02,-1.354120403606789112e-02,-5.552574071196862693e-02,-9.253063004727327123e-02,-1.675479865425004433e-01,-2.504932509187305367e-01,-1.579327200226889605e-01,-1.219467120826738388e-01,-2.217597908918346739e-01,-2.617282614209346936e-01,-1.558331450400396168e-01,-1.704246530837801588e-01,-3.011216471315670273e-01,-2.325805709509724817e-01,-1.625946560462087909e-01,-2.985255518790329576e-01,-2.992182662547706595e-01,-1.585591345117528528e-01,-1.711857343683391708e-01,-2.308550477430808268e-01,-2.508325410645376730e-01,-1.803993162086933999e-01,-1.809780867698333184e-01,-1.509535484392219296e-01,-2.134393595447008352e-01,-3.041147114568136245e-01,-2.645353139590414515e-01,-2.520035420592180442e-01,-3.045205054833247660e-01,-2.951217533220004130e-01,-2.906910354202627556e-01,-2.451054494581542953e-01,-1.898230892490966049e-01,-2.465108979587855298e-01,-2.300846190499996335e-01,-1.389005708423934338e-01,-7.781485437743677902e-02,-1.553067843842394491e-01,-1.004555062651949771e-01,-1.150028584703951112e-01,-1.633800128185057821e-01,-1.586218652003160701e-01,-2.186263844055683081e-01,-1.931169662536091347e-01,-1.012513800979860934e-01,-2.496580205881566636e-02,8.577017129842164078e-02,9.770801408523221987e-02,5.581649158970210939e-02,1.641073115583938091e-01,3.393717495413702823e-01,2.470296118154315101e-01,1.589610118432073227e-01,4.496156095168563072e-01,6.652392263577509013e-01,8.246545326441758750e-01,9.083159595441162582e-01,1.000000000000000000e+00,9.034151495125828379e-01,8.182382425091208056e-01,8.655832532008527203e-01,8.351006330617117834e-01,6.435476008678709947e-01,2.120103942827886168e-01
-1.842290999965788545e-01,-1.988344134313215772e-01,-2.710765321278904572e-01,-2.923258897795615874e-01,-2.751122635706316211e-01,-2.679031073827092824e-01,-3.242983665780123648e-01,-3.167676801169415635e-01,-1.877689205421569085e-01,-3.120077672878075470e-01,-2.743384824638269714e-01,-2.034589705744057619e-01,-1.782196971395907381e-01,-2.130953853447489499e-01,5.490724991621991763e-03,1.133711753307347636e-01,1.121209535157593612e-01,6.534340066912494582e-02,-3.772635444049007164e-02,-1.050627677701313212e-01,-1.091012935771657894e-01,-1.566223600916789860e-01,-2.834458381239440272e-01,-2.437113225484990320e-01,-2.086179141113945756e-01,-2.731415099584137973e-01,-1.618187207468063937e-01,-1.705886027881615419e-01,-2.124080941122832578e-01,-1.231504580055515913e-01,-1.360777549421384458e-01,-4.737652798165600809e-02,8.886187419957158884e-02,9.513546401001604647e-02,9.994237025123248186e-02,1.082021944408411568e-01,2.377102304675463296e-01,2.428904589730850050e-01,1.709350185174454695e-01,2.261146099802274489e-01,2.044686129107193551e-01,2.117486691301291302e-01,2.288053609852970516e-01,2.453598419378849593e-01,2.173633346773872210e-01,1.953039362675017265e-01,1.112824766000016785e-01,6.955329209557045700e-02,-1.171575263961635999e-01,-3.777337875678175166e-02,1.823035444807091440e-02,-1.561679431670349727e-01,-1.306352693607772675e-01,-5.293092032194257612e-02,6.497286846260939830e-02,6.573665230320829833e-02,9.323713539592663746e-02,3.469209959890599548e-01,5.509748109572024655e-01,2.245282219383434308e-01,2.693305866170889740e-01,5.984643861908282014e-01,3.648600060396496314e-01,4.053476096672447015e-01,7.528197087521445452e-01,7.291265303205411996e-01,4.339970917216280366e-01,4.129146936746428964e-01,5.760891184441053747e-01,3.462579459051599584e-01,2.756392680113258775e-01,2.472771838063234084e-01,1.559925137905710524e-01,1.388607124776646828e-01,1.569993152834800454e-01,1.138775990707334429e-01,2.261975104707063255e-01,4.611384821077661039e-02,4.356902773195752560e-02,-3.327387641776317906e-02,-3.653108707764805840e-02,-1.899954668734989138e-01,-2.814774350146378445e-01,-1.690487045139729416e-01,-9.391411238080012158e-02,-1.720537463820680235e-01,-2.606461743894565308e-01,-1.319680264693540162e-01,-1.231597134157177836e-01,-3.144254917458078613e-01,-2.546353575545158288e-01,-1.783344295221723219e-01,-3.438920911820919635e-01,-3.641727704787119380e-01,-1.878472308361462950e-01,-2.050914500526169471e-01,-2.890261667233589571e-01,-2.930672391641206409e-01,-2.112958307023616034e-01,-2.140637474475889090e-01,-1.923346419524009365e-01,-2.945343962073886379e-01,-3.694067184522484837e-01,-2.965688680617739048e-01,-2.898350944857778777e-01,-3.547253335266208341e-01,-3.179810014073788382e-01,-3.312633537575108145e-01,-2.846306984975026100e-01,-2.124058045659957261e-01,-2.849374762660169536e-01,-2.976148862088801583e-01,-1.621298736893302395e-01,-6.631684325158929139e-02,-2.082622528424970254e-01,-1.579530094814439456e-01,-2.140637643079788821e-01,-2.868559226019671282e-01,-2.783337257214154037e-01,-3.232495729057124900e-01,-2.500619954908262499e-01,-8.679162175845116234e-02,4.451085914691232936e-03,1.756858743125559452e-01,1.408633161913258047e-01,1.085606811892227269e-01,3.014110880074007959e-01,4.436745061704760462e-01,3.252475952127700243e-01,2.755584880214632104e-01,5.933530779642244291e-01,7.075959895569005065e-01,8.402506044828408349e-01,8.473604514268656684e-01,9.034151495125827269e-01,1.000000000000000000e+00,9.074640566512244266e-01,8.727487476799226096e-01,8.796426097718758053e-01,8.488205220950473251e-01,4.616590820789077121e-01
-2.105482828127420991e-01,-2.269585430623445310e-01,-2.704565666193136098e-01,-3.174611471497744697e-01,-3.223602644712232901e-01,-2.938453523296020720e-01,-3.517601166192511619e-01,-3.745934195871166716e-01,-2.164428501546722394e-01,-3.270546219585076519e-01,-3.098313970327371547e-01,-2.460439312958333791e-01,-1.982194226314033525e-01,-2.267995192189018461e-01,-3.009707761426234918e-02,9.880217462211268731e-02,1.147784991157905499e-01,8.023957341656674791e-02,-3.289760396677283288e-02,-1.017450204106805228e-01,-9.068375577303497415e-02,-1.415041404323297003e-01,-2.803767955040947779e-01,-2.428975306392612554e-01,-2.036173303457766981e-01,-2.610236999441332140e-01,-1.354151010049233217e-01,-1.453530698411600874e-01,-1.921696853607667566e-01,-1.024269049065462678e-01,-1.389249893509134082e-01,-4.737348015492319486e-02,8.249190803894970725e-02,4.956980973210098340e-02,2.152689532772060835e-02,5.357900389276614578e-02,1.696141372989794505e-01,1.369139777271882463e-01,6.276920559462352556e-02,1.463149828233036298e-01,1.269290610371361372e-01,1.608428817058539517e-01,1.835846724725143098e-01,2.121909143414016374e-01,1.931675292552065548e-01,1.566392124383108042e-01,4.327759309891444223e-02,-1.376386217150086036e-02,-2.110912065038249019e-01,-1.156088103096346992e-01,-4.850744209131970658e-02,-2.201438399376462740e-01,-1.517547788603023917e-01,-2.690616853797796887e-02,5.057332141007408327e-02,1.143906629833286170e-01,2.229942692470224808e-01,5.127169581249357844e-01,6.977792588252598183e-01,5.282772645406497158e-01,5.955023614005706678e-01,8.392306904893688246e-01,5.983707580866662878e-01,6.107674189493356165e-01,8.400003698905937899e-01,7.150695430887686888e-01,4.185954495965386046e-01,2.947188112905655966e-01,3.835285968845177917e-01,1.497001241792510762e-01,1.355774872580078061e-01,9.982397263711542679e-02,1.741549127838442484e-02,3.848676930652671080e-02,1.028450132870152994e-01,7.896401181774850841e-02,1.479266789126079673e-01,5.614720943324548810e-03,-4.350781430995217559e-03,-9.778981834533391482e-02,-1.437164197150972433e-01,-2.115672491301102687e-01,-2.670061294797688167e-01,-1.233970260522700146e-01,-9.013613346251506120e-02,-2.059848485602984447e-01,-2.040792303661660423e-01,-6.348688066793753415e-02,-1.111061917436927393e-01,-2.740993505560334054e-01,-1.807523325641185730e-01,-1.260808934543928561e-01,-2.910573040566889480e-01,-3.003436088127156012e-01,-1.297546018508826948e-01,-1.354248232819319497e-01,-2.280350230719546123e-01,-2.296593655376383547e-01,-1.393378682648813427e-01,-1.242764332755189466e-01,-1.328915623641747645e-01,-2.437338429452685917e-01,-3.063348355005892087e-01,-2.404758032037521698e-01,-2.565851909853233970e-01,-3.351047591563437456e-01,-3.226361784655064624e-01,-3.342636576055654785e-01,-3.068715933885144409e-01,-2.834089708352977022e-01,-3.709998243992891354e-01,-3.718305129221433081e-01,-2.720340348626515414e-01,-2.207375239322328098e-01,-3.248982969193928705e-01,-2.601205645470004990e-01,-2.720994086838862125e-01,-3.250979851022561817e-01,-2.960986228734141523e-01,-3.455614365631825557e-01,-3.090520370258039162e-01,-2.234014116436925657e-01,-8.757028662204822955e-02,1.068303476243652184e-01,8.241083260050130477e-02,-3.442271467070935620e-02,1.138451363880011030e-01,3.399836884267647408e-01,1.859004575405597826e-01,7.962216233914751196e-02,3.883053327309023972e-01,5.393448047569845416e-01,8.182316529946364048e-01,9.003628153003481183e-01,8.182382425091208056e-01,9.074640566512244266e-01,9.999999999999997780e-01,9.361336628707355167e-01,8.227882006970111961e-01,8.624547924089875917e-01,5.802266610433822747e-01
-1.321589973563055131e-01,-1.467459853666361891e-01,-1.825707420700147798e-01,-2.095650742138978340e-01,-2.239662923983718745e-01,-2.313222886011579160e-01,-2.652953348045761217e-01,-2.729538941082613190e-01,-1.689354101465285474e-01,-2.845180232623893413e-01,-2.658589863558330491e-01,-2.091152851691777392e-01,-1.830404429499179753e-01,-2.296182336285682024e-01,-6.279319956639861644e-02,4.599338426237296884e-02,3.783230935460508981e-02,1.138209073502494117e-02,-8.514442489388608648e-02,-1.685226294339398079e-01,-1.493001143866984071e-01,-1.715640455929076380e-01,-2.832084825078877155e-01,-2.031436068446185184e-01,-1.986990341424464401e-01,-2.873289852790477661e-01,-1.748727418492859731e-01,-1.530442874571874556e-01,-1.773733373412851033e-01,-9.682964874467944738e-02,-2.334568027718658678e-01,-1.676465170378306779e-01,-3.899449593000498676e-02,-5.547611006883965135e-02,-3.010496610389684288e-02,-3.289481936927883543e-02,9.609214936095360204e-02,8.035377451343583832e-02,2.008545872553000461e-02,1.157353856830186795e-01,1.196855265123434875e-01,1.790137676416617973e-01,1.768228777598170598e-01,1.960523420033019049e-01,1.505549553030359200e-01,1.156874815028486325e-01,2.563578260831272243e-02,2.726235101673021508e-02,-1.210987194197930134e-01,-3.205212205386342994e-02,-1.686902499758560423e-02,-1.776716814285209667e-01,-1.111590407305318995e-01,-4.625717631214018577e-02,-1.759000268877285167e-02,6.173250531423645632e-02,1.604851109312449287e-01,3.730592448849786580e-01,6.114114862639475900e-01,3.884816249566356294e-01,4.151319087913595829e-01,6.692561344874563556e-01,3.616174584917339341e-01,3.739710665586223892e-01,6.519761467733566906e-01,4.956055650898107956e-01,1.911619451811981951e-01,1.497472618443793924e-01,2.786995127151056240e-01,4.253238166122949582e-02,5.715062305581814633e-02,6.183328632679455789e-02,-1.866524768948030905e-02,1.498928425395129431e-02,8.622203557938183660e-02,1.192389868198403535e-01,1.687163634914363997e-01,7.002545945389826443e-02,-6.053351383530595521e-03,-5.757640516343267428e-02,-1.132268107699431342e-01,-1.324864113605600247e-01,-1.957363225279490082e-01,-8.512476226867607410e-02,-7.208148875684153301e-02,-2.054718789830857484e-01,-2.029460180641029510e-01,-9.849680945044002323e-02,-1.651167491025626322e-01,-2.864083932250999776e-01,-1.991256731620731357e-01,-1.567371000223756472e-01,-2.975104003187242774e-01,-2.778123849835196224e-01,-1.289188084033677517e-01,-1.388760979616808222e-01,-2.089071395671444897e-01,-2.347031562801294435e-01,-1.452493482547351500e-01,-1.161270003716754484e-01,-1.006039275106885428e-01,-1.793179779096210347e-01,-2.549304291620280161e-01,-1.988427808614803560e-01,-2.016392719619932161e-01,-2.797340979772909297e-01,-2.827576587205017922e-01,-2.708582588658010604e-01,-2.575679148510711114e-01,-2.536840706975206361e-01,-3.024013378447235612e-01,-2.816610589034062029e-01,-2.222563854524137461e-01,-1.930239466261399472e-01,-2.382177039821953834e-01,-1.794748739190960563e-01,-1.570589109003267536e-01,-1.838752140863257056e-01,-1.598355359237716156e-01,-2.130573299571863477e-01,-2.037395418819995807e-01,-1.748921770320803204e-01,-8.268657822140428049e-02,1.030383513047373155e-02,-5.848101142758735469e-04,-7.643835475420390768e-02,4.407144909710662695e-03,1.757940989607922611e-01,6.968833252968821557e-02,-9.604356787573731583e-04,2.606327740659699077e-01,4.340697870415738402e-01,7.015715398176597395e-01,8.635300882845547976e-01,8.655832532008527203e-01,8.727487476799223876e-01,9.361336628707354057e-01,1.000000000000000222e+00,9.334835792242006658e-01,8.421271147305240401e-01,6.143472832068574974e-01
-7.966469293483526004e-02,-9.725928874624879816e-02,-1.049796974047358666e-01,-1.291698582847738974e-01,-1.553003930660430132e-01,-1.785906149670505871e-01,-1.882915091618263814e-01,-2.089670747358995662e-01,-1.392711906885442663e-01,-2.560417572475687242e-01,-2.439852233328862197e-01,-1.939751021418116561e-01,-1.760405010911029189e-01,-2.513162496514149691e-01,-1.088297337839671808e-01,-2.329935839354696850e-02,-4.201228315540539437e-02,-6.784362242820997368e-02,-1.546073078136120660e-01,-2.341805727773457468e-01,-2.189181462360005048e-01,-2.262638075332672472e-01,-3.171543366393543284e-01,-2.108560633836930598e-01,-2.140768531039601574e-01,-3.301483082490557219e-01,-2.295605305369272653e-01,-1.837773968035217309e-01,-1.981499734815328206e-01,-1.067200453503112378e-01,-2.722241037087610449e-01,-2.296898345981973899e-01,-1.043018003886841127e-01,-6.733196844169753170e-02,1.695727700480182537e-02,-4.921485069176767535e-02,9.887966779492517178e-02,1.648241096932986094e-01,1.135880098587692122e-01,1.416418157085034268e-01,1.735941645335675465e-01,1.963627869275703097e-01,1.655765012913577028e-01,1.617647775825459266e-01,9.458282821753619118e-02,6.861940050754199161e-02,1.775584060421763616e-02,5.306213050927818808e-02,-5.454041817563987787e-02,3.797678506305491447e-02,5.530666580939164884e-02,-7.824761451442154014e-02,-1.772049954996859911e-02,6.312852985498761463e-03,7.957716017570648503e-02,1.417248874243543233e-01,1.707172667892873086e-01,3.330975233802807578e-01,5.897504048817963085e-01,1.681020029893635914e-01,1.230007726945508278e-01,4.264167537815206077e-01,1.279422267119504353e-01,2.168648252910043428e-01,5.817596600589489686e-01,4.502021612134659012e-01,2.010285673141780360e-01,2.800655572108995961e-01,4.292776762216343744e-01,2.010811291895215347e-01,1.887258362334127970e-01,1.781101371776231124e-01,8.781975113250151121e-02,1.161112436295915068e-01,1.333374826454722661e-01,1.777285778533880811e-01,2.698225004000435745e-01,1.641652830067009683e-01,8.827774224601314668e-02,4.941741959681629492e-02,1.116192351201577421e-02,-5.253475779444355398e-02,-1.475388641875542695e-01,-6.973575897040876215e-02,-4.200604926771938502e-02,-1.566383586846752107e-01,-2.135944644396486625e-01,-1.365366701906597646e-01,-1.831856976380059066e-01,-3.018440728247627769e-01,-2.413564131031912252e-01,-2.025916255740646821e-01,-3.269416468035810097e-01,-2.963570990656048676e-01,-1.503937108396892763e-01,-1.704635075547689671e-01,-2.265209671932902902e-01,-2.600399806710199657e-01,-1.786000048406518326e-01,-1.470518525077150751e-01,-9.564899062912746164e-02,-1.639941319087503402e-01,-2.512603207978560960e-01,-1.898191482314312561e-01,-1.752067788454992614e-01,-2.509929992192803105e-01,-2.477488808014700894e-01,-2.381595411965620190e-01,-2.395351121790084137e-01,-2.247048315245346872e-01,-2.437459874649276215e-01,-2.353815592547884861e-01,-1.846567727456263075e-01,-1.298244987271740536e-01,-1.619824922683384127e-01,-1.150833170171512987e-01,-9.754347641732856455e-02,-1.309835508002434867e-01,-1.036729688888470141e-01,-1.477264518772390400e-01,-1.125334172484747930e-01,-5.528369006667251812e-02,9.411231989349703661e-03,5.488930365233891939e-02,9.981516474059570418e-03,-1.556496440403279738e-02,7.489277062747447256e-02,1.509311302688281786e-01,7.100423480538316234e-02,4.595913082911310538e-02,2.895829512796694316e-01,4.198060805481013680e-01,5.852180040668555350e-01,7.102020861665798712e-01,8.351006330617123385e-01,8.796426097718758053e-01,8.227882006970109741e-01,9.334835792242005548e-01,9.999999999999998890e-01,8.726800031083533637e-01,6.359566827238812836e-01
-1.107374757137187249e-01,-1.403976033961091274e-01,-7.690155567773813983e-02,-1.252399832178918981e-01,-2.233769400810633188e-01,-2.309254076147916335e-01,-1.954457698385481668e-01,-2.934479576931979250e-01,-1.968523466630311136e-01,-3.057631831645885589e-01,-3.003048738967185605e-01,-2.835609683251025248e-01,-2.407194660743630366e-01,-2.948141190190995964e-01,-1.485229705787558530e-01,-5.260604757357391359e-02,-3.403261210546376647e-02,-7.515867479377014160e-02,-1.782151644490339859e-01,-2.104280633433633085e-01,-2.143017049142492969e-01,-2.545648254175570946e-01,-3.492921653913579338e-01,-2.947599661618450217e-01,-2.496516059478807448e-01,-3.350838095434233721e-01,-2.407215705257816363e-01,-2.147329422379257446e-01,-2.479067621300693747e-01,-1.298176284240193101e-01,-1.524873380848790483e-01,-8.600901127676835456e-02,2.565871980272058789e-02,8.956877815799883791e-02,1.439523846108790028e-01,7.286812502430434213e-02,1.894922575930950426e-01,2.700089887419049872e-01,2.282762124067126419e-01,1.650935968454238234e-01,1.788899682138102021e-01,1.516254680141502498e-01,1.177952754584416367e-01,1.060814043805117790e-01,6.300767737413270897e-02,4.363333855233113290e-02,6.422722773457852953e-03,-2.971573376048191641e-03,-1.182969509569158223e-01,1.547088578084468077e-02,9.806097990202572445e-02,9.033450343479737868e-03,9.713827284056399114e-02,1.666565179376897077e-01,2.947380365782104050e-01,3.955161755313998384e-01,4.223674476410906875e-01,6.248450047852279754e-01,8.553310692117559455e-01,3.862703735216321266e-01,3.127395559291695770e-01,5.516983796947253493e-01,2.964564252000673750e-01,4.637735432833240967e-01,7.899009173601108103e-01,5.901786215000938141e-01,3.905668150892487311e-01,4.645481421994580584e-01,5.404493386179454184e-01,2.785379441417070168e-01,2.860273843579468900e-01,2.506335541209559481e-01,1.544452397873349592e-01,1.757455103536365026e-01,2.008447950466700771e-01,1.795987730639625468e-01,2.635213226758921223e-01,1.156520128414535165e-01,8.138020634650447449e-02,2.030821659801574156e-02,1.808224453031051157e-02,-4.761344193943100461e-02,-1.164890119477514085e-01,-1.370075072775534322e-02,3.566720983139540224e-02,-8.340440597243062304e-02,-1.391845330775088596e-01,-2.891402375813795222e-02,-6.703144921839267190e-02,-2.556887909159414884e-01,-1.972644793903460259e-01,-1.603090829889283753e-01,-3.236194936105568631e-01,-3.267370581504089322e-01,-1.587311169825863510e-01,-1.720799292006943426e-01,-2.529193979749932431e-01,-2.447199211309105393e-01,-1.542215366441048174e-01,-1.259826619755442523e-01,-1.130384229813030106e-01,-2.301467606657673637e-01,-2.844133283787465549e-01,-1.839684784996560574e-01,-2.020589028745597149e-01,-2.960774341670801002e-01,-2.500544564113761914e-01,-2.382364650502437897e-01,-2.518114797044360698e-01,-2.631206801802140061e-01,-2.822474880288868282e-01,-2.895225094951605072e-01,-2.478514548336659407e-01,-2.074786771379279748e-01,-2.556812416747073491e-01,-2.168816852714966492e-01,-2.079327370105503725e-01,-2.307894298544951872e-01,-1.880132332904283499e-01,-2.061085918766491498e-01,-1.627082243241264048e-01,-1.210925639770055601e-01,-4.472137216046439406e-02,5.449957311992197073e-02,-3.180264165370065566e-02,-8.383137727087439095e-02,5.638970871045957678e-02,1.421962521579434036e-01,2.235076882006761800e-02,5.400138053260565736e-03,2.725813616418547580e-01,3.459652132669288060e-01,5.316382738156745225e-01,6.133654275679976120e-01,6.435476008678711057e-01,8.488205220950475471e-01,8.624547924089875917e-01,8.421271147305241511e-01,8.726800031083533637e-01,1.000000000000000000e+00,7.574414802809144032e-01
-3.164349963308865643e-02,-4.373781698517621025e-02,3.116050800547244537e-02,-2.819928126593851739e-02,-1.043523255809041261e-01,-1.068974994774336273e-01,-9.253819236527792425e-02,-1.744388256214310651e-01,-1.226147161668320884e-01,-1.992690212375123893e-01,-2.193300242876968509e-01,-2.192839006803607715e-01,-1.986427806786470740e-01,-2.580545026484930005e-01,-1.742321621049258695e-01,-1.033680318529818509e-01,-1.064593983362817353e-01,-1.216962035877928588e-01,-2.033254785898914452e-01,-2.560636106794881295e-01,-2.349839426839389622e-01,-2.325064765542476375e-01,-3.174149793544966403e-01,-1.526964245404568432e-01,-1.758055967972122768e-01,-3.283128484487140009e-01,-2.183624858954961445e-01,-1.478277019342552900e-01,-1.875908988800489563e-01,-7.427246270840695552e-02,-2.255695776962477472e-01,-2.262136160702274412e-01,-1.289343094347659424e-01,-8.371826794656343773e-02,-5.015243677477420475e-03,-9.559097117191735216e-02,2.232040361505260515e-02,9.554164871808930315e-02,6.674960807464663803e-02,6.947418898118432051e-02,1.226593930029256374e-01,1.544523788386754082e-01,9.778658494918084088e-02,8.407650144238491829e-02,1.332073429609153918e-02,-1.365703805404024085e-02,-4.320212820191345754e-02,-1.594850279408873729e-03,-7.272346865152692907e-02,3.179011854473006576e-02,6.196568602078673937e-02,-2.799877464719226217e-02,5.626857130142311897e-02,1.097196655525710385e-01,1.441259323113978641e-01,2.799532622378883007e-01,3.430708271741571003e-01,4.592686025666174454e-01,6.970913736567078134e-01,3.223752224221470564e-01,2.311333783542902642e-01,3.695363387591524273e-01,1.470995972276486208e-01,2.567650808819866848e-01,4.690696539315070690e-01,2.396760748912601102e-01,1.105877935869669648e-01,1.753634457180056339e-01,2.226604816916420149e-01,6.405519085302173454e-02,9.580983090314597328e-02,8.196930628125721763e-02,2.309643651584931956e-02,6.634752759566853175e-02,1.006088299936283154e-01,1.463886201342160520e-01,1.949406124751169034e-01,1.004015443016163384e-01,4.182718661260166615e-02,1.902888986215205483e-02,9.828914104356715337e-03,1.939455961004416668e-02,-3.409392846401026328e-03,4.822864924198222436e-02,3.836869099245605180e-02,-4.458666138608294999e-02,-7.983393381675042699e-02,-3.280716346304855119e-02,-1.242807275461739469e-01,-2.091178701104392246e-01,-1.480255766118329930e-01,-1.418707225412301487e-01,-2.307992640012620222e-01,-1.838061156015906028e-01,-6.997278423163733052e-02,-8.999908895636256345e-02,-1.457970695462323940e-01,-1.088382580283182993e-01,-5.647370785339127924e-02,-4.343638530049673957e-02,-4.408630185813250391e-02,-1.417688141181374095e-01,-1.565390677436888089e-01,-5.398019773613872696e-02,-5.904922434457856445e-02,-1.344937760463529308e-01,-1.054703844257433437e-01,-6.661206431584620891e-02,-9.115452310388830193e-02,-1.441280926533343998e-01,-1.367528566122444278e-01,-1.369613143514253062e-01,-1.338772960605250917e-01,-1.282298978465286066e-01,-1.507821626917991154e-01,-1.347104607570608348e-01,-1.347641881374145867e-01,-1.292005587131629663e-01,-9.672862087125526365e-02,-8.106216815190880887e-02,-6.698476294748004212e-02,-8.407715284527741972e-02,-5.367098248809381439e-02,-2.280792780307261056e-02,-7.195140781946328390e-02,-9.052666434428163766e-02,-2.657384136844804373e-02,-3.288334452427124914e-04,-3.637490696092145898e-02,-2.390323934484156476e-02,8.908463842794540899e-02,9.528721520561089786e-02,2.126297663460990917e-01,2.911096678504043189e-01,2.120103942827887278e-01,4.616590820789076011e-01,5.802266610433821636e-01,6.143472832068577194e-01,6.359566827238812836e-01,7.574414802809144032e-01,1.000000000000000222e+00
