| Run on Tue Sep  8 00:18:47 2026
| GB non-polar solvation energies calculated with gbsa=2
idecomp = 1: Per-residue decomp adding 1-4 interactions to Internal.
Energy Decomposition Analysis (All units kcal/mol): Generalized Born solvent
DELTAS:
Total Energy Decomposition:
Residue,Location,Internal,,,van der Waals,,,Electrostatic,,,Polar Solvation,,,Non-Polar Solv.,,,TOTAL,,
,,Avg.,Std. Dev.,Std. Err. of Mean,Avg.,Std. Dev.,Std. Err. of Mean,Avg.,Std. Dev.,Std. Err. of Mean,Avg.,Std. Dev.,Std. Err. of Mean,Avg.,Std. Dev.,Std. Err. of Mean
THR   1,R THR   1,0.0,0.0,0.0,0.0,0.0,0.0,0.06799999999998363,0.0,0.0,-0.033999999999991815,0.0,0.0,0.0,0.0,0.0,0.033999999999991815,0.0,0.0
VAL   2,R VAL   2,0.0,0.0,0.0,-0.001000000000000334,0.0,0.0,-0.0010000000000012221,0.0,0.0,0.006000000000000227,0.0,0.0,0.0,0.0,0.0,0.003999999999997783,0.0,0.0
GLU   3,R GLU   3,0.0,0.0,0.0,0.0,0.0,0.0,-0.08300000000000196,0.0,0.0,0.08400000000000318,0.0,0.0,0.0,0.0,0.0,0.000999999999990564,0.0,0.0
ARG   4,R ARG   4,0.0,0.0,0.0,-0.0009999999999994458,0.0,0.0,0.12600000000000477,0.0,0.0,-0.06900000000000261,0.0,0.0,0.0,0.0,0.0,0.056000000000011596,0.0,0.0
ALA   5,R ALA   5,0.0,0.0,0.0,-0.001000000000000334,0.0,0.0,0.0030000000000001137,0.0,0.0,0.01200000000000001,0.0,0.0,0.0,0.0,0.0,0.013999999999994905,0.0,0.0
VAL   6,R VAL   6,0.0,0.0,0.0,-0.002000000000000668,0.0,0.0,0.0049999999999954525,0.0,0.0,-0.0030000000000001137,0.0,0.0,0.0,0.0,0.0,0.0,0.0,0.0
LYS   7,R LYS   7,0.0,0.0,0.0,-0.001000000000000334,0.0,0.0,0.10200000000000387,0.0,0.0,-0.10199999999999676,0.0,0.0,0.0,0.0,0.0,-0.0009999999999834586,0.0,0.0
SER   8,R SER   8,0.0,0.0,0.0,0.0,0.0,0.0,0.0040000000000048885,0.0,0.0,-0.0030000000000001137,0.0,0.0,0.0,0.0,0.0,0.0010000000000047748,0.0,0.0
VAL   9,R VAL   9,0.0,0.0,0.0,-0.0009999999999994458,0.0,0.0,0.01099999999999568,0.0,0.0,-0.005999999999999783,0.0,0.0,0.0,0.0,0.0,0.003999999999997783,0.0,0.0
ASP  10,R ASP  10,0.0,0.0,0.0,-0.0009999999999994458,0.0,0.0,-0.14800000000000324,0.0,0.0,0.1490000000000009,0.0,0.0,0.0,0.0,0.0,-1.4210854715202004e-14,0.0,0.0
PRO  11,R PRO  11,0.0,0.0,0.0,0.0,0.0,0.0,-0.003999999999997783,0.0,0.0,0.0129999999999999,0.0,0.0,0.0,0.0,0.0,0.009000000000003894,0.0,0.0
PRO  12,R PRO  12,0.0,0.0,0.0,-0.0010000000000012221,0.0,0.0,0.0020000000000024443,0.0,0.0,0.0050000000000000044,0.0,0.0,0.0,0.0,0.0,0.006000000000004668,0.0,0.0
ALA  13,R ALA  13,0.0,0.0,0.0,0.0,0.0,0.0,0.0030000000000001137,0.0,0.0,-0.0019999999999997797,0.0,0.0,0.0,0.0,0.0,0.001000000000000334,0.0,0.0
THR  14,R THR  14,0.0,0.0,0.0,0.0,0.0,0.0,-0.0020000000000024443,0.0,0.0,0.007999999999999119,0.0,0.0,0.0,0.0,0.0,0.005999999999996675,0.0,0.0
PHE  15,R PHE  15,0.0,0.0,0.0,-0.0009999999999994458,0.0,0.0,0.0030000000000001137,0.0,0.0,-0.014000000000000234,0.0,0.0,0.0,0.0,0.0,-0.012000000000004896,0.0,0.0
LYS  16,R LYS  16,0.0,0.0,0.0,0.0,0.0,0.0,-0.0549999999999784,0.0,0.0,0.054000000000002046,0.0,0.0,0.0,0.0,0.0,-0.0009999999999763531,0.0,0.0
PRO  17,R PRO  17,0.0,0.0,0.0,0.0,0.0,0.0,0.0049999999999954525,0.0,0.0,-0.007000000000000117,0.0,0.0,0.0,0.0,0.0,-0.002000000000005109,0.0,0.0
LYS  18,R LYS  18,0.0,0.0,0.0,-0.0010000000000012221,0.0,0.0,-0.01500000000001478,0.0,0.0,0.015999999999998238,0.0,0.0,0.0,0.0,0.0,-2.1316282072803006e-14,0.0,0.0
ASP  19,R ASP  19,0.0,0.0,0.0,0.0,0.0,0.0,0.02800000000000047,0.0,0.0,-0.027999999999991587,0.0,0.0,0.0,0.0,0.0,1.4210854715202004e-14,0.0,0.0
GLU  20,R GLU  20,0.0,0.0,0.0,0.0,0.0,0.0,0.013999999999999346,0.0,0.0,-0.015000000000000568,0.0,0.0,0.0,0.0,0.0,-0.0009999999999976694,0.0,0.0
GLN  21,R GLN  21,0.0,0.0,0.0,-0.0009999999999994458,0.0,0.0,-0.0010000000000047748,0.0,0.0,0.0009999999999994458,0.0,0.0,0.0,0.0,0.0,-0.0010000000000118803,0.0,0.0
VAL  22,R VAL  22,0.0,0.0,0.0,0.0,0.0,0.0,-0.001999999999995339,0.0,0.0,0.0040000000000000036,0.0,0.0,0.0,0.0,0.0,0.0020000000000024443,0.0,0.0
PHE  23,R PHE  23,0.0,0.0,0.0,0.0,0.0,0.0,-0.000999999999990564,0.0,0.0,0.0,0.0,0.0,0.0,0.0,0.0,-0.000999999999990564,0.0,0.0
TYR  24,R TYR  24,0.0,0.0,0.0,0.0,0.0,0.0,0.0030000000000001137,0.0,0.0,-0.0019999999999988916,0.0,0.0,0.0,0.0,0.0,0.0010000000000012221,0.0,0.0
PRO  25,R PRO  25,0.0,0.0,0.0,0.0,0.0,0.0,0.0009999999999976694,0.0,0.0,-0.0009999999999994458,0.0,0.0,0.0,0.0,0.0,0.0,0.0,0.0
ASN  26,R ASN  26,0.0,0.0,0.0,0.0,0.0,0.0,0.001999999999995339,0.0,0.0,-0.0019999999999988916,0.0,0.0,0.0,0.0,0.0,-1.4210854715202004e-14,0.0,0.0
GLY  27,R GLY  27,0.0,0.0,0.0,0.0,0.0,0.0,0.000999999999990564,0.0,0.0,-0.0009999999999998899,0.0,0.0,0.0,0.0,0.0,-8.881784197001252e-15,0.0,0.0
LYS  28,R LYS  28,0.0,0.0,0.0,0.0,0.0,0.0,0.0049999999999954525,0.0,0.0,-0.006000000000000227,0.0,0.0,0.0,0.0,0.0,-0.0010000000000047748,0.0,0.0
PRO  29,R PRO  29,0.0,0.0,0.0,0.0,0.0,0.0,-0.000999999999990564,0.0,0.0,0.001000000000000334,0.0,0.0,0.0,0.0,0.0,9.769962616701378e-15,0.0,0.0
ASN  30,R ASN  30,0.0,0.0,0.0,0.0,0.0,0.0,-0.003999999999990678,0.0,0.0,0.004999999999999893,0.0,0.0,0.0,0.0,0.0,0.0010000000000047748,0.0,0.0
HIE  31,R HIE  31,0.0,0.0,0.0,0.0,0.0,0.0,-0.006000000000000227,0.0,0.0,0.006000000000000227,0.0,0.0,0.0,0.0,0.0,0.0,0.0,0.0
GLN  32,R GLN  32,0.0,0.0,0.0,0.0,0.0,0.0,-0.006000000000000227,0.0,0.0,0.006000000000000227,0.0,0.0,0.0,0.0,0.0,0.0,0.0,0.0
PHE  33,R PHE  33,0.0,0.0,0.0,-0.0010000000000012221,0.0,0.0,-0.003999999999990678,0.0,0.0,0.004999999999999893,0.0,0.0,0.0,0.0,0.0,4.440892098500626e-15,0.0,0.0
LEU  34,R LEU  34,0.0,0.0,0.0,0.0,0.0,0.0,-0.0040000000000048885,0.0,0.0,0.006000000000000227,0.0,0.0,0.0,0.0,0.0,0.001999999999995339,0.0,0.0
LYS  35,R LYS  35,0.0,0.0,0.0,0.0,0.0,0.0,0.07800000000000296,0.0,0.0,-0.07699999999999818,0.0,0.0,0.0,0.0,0.0,0.0010000000000047748,0.0,0.0
GLN  36,R GLN  36,0.0,0.0,0.0,0.0,0.0,0.0,-0.00999999999999801,0.0,0.0,0.010999999999999233,0.0,0.0,0.0,0.0,0.0,0.000999999999990564,0.0,0.0
HIE  37,R HIE  37,0.0,0.0,0.0,0.0,0.0,0.0,-0.009000000000000341,0.0,0.0,0.01100000000000012,0.0,0.0,0.0,0.0,0.0,0.0019999999999997797,0.0,0.0
PHE  38,R PHE  38,0.0,0.0,0.0,-0.0009999999999976694,0.0,0.0,-0.006000000000000227,0.0,0.0,0.008999999999999453,0.0,0.0,0.0,0.0,0.0,0.0019999999999944507,0.0,0.0
ILE  39,R ILE  39,0.0,0.0,0.0,-0.0009999999999994458,0.0,0.0,-0.009000000000000341,0.0,0.0,0.012000000000000455,0.0,0.0,0.0,0.0,0.0,0.0020000000000095497,0.0,0.0
HIE  40,R HIE  40,0.0,0.0,0.0,0.0,0.0,0.0,0.009000000000000341,0.0,0.0,-0.008999999999999453,0.0,0.0,0.0,0.0,0.0,8.881784197001252e-16,0.0,0.0
GLU  41,R GLU  41,0.0,0.0,0.0,-0.002000000000000668,0.0,0.0,-0.13800000000000168,0.0,0.0,0.117999999999995,0.0,0.0,0.0,0.0,0.0,-0.02200000000000557,0.0,0.0
GLY  42,R GLY  42,0.0,0.0,0.0,0.0,0.0,0.0,-0.0040000000000048885,0.0,0.0,0.008000000000000007,0.0,0.0,0.0,0.0,0.0,0.003999999999995119,0.0,0.0
ARG  43,R ARG  43,0.0,0.0,0.0,-0.0019999999999988916,0.0,0.0,-0.023000000000010346,0.0,0.0,0.05699999999998795,0.0,0.0,0.0,0.0,0.0,0.03199999999995384,0.0,0.0
LEU  44,R LEU  44,0.0,0.0,0.0,0.0,0.0,0.0,0.0049999999999954525,0.0,0.0,-0.0030000000000001137,0.0,0.0,0.0,0.0,0.0,0.001999999999995339,0.0,0.0
HIE  45,R HIE  45,0.0,0.0,0.0,0.0,0.0,0.0,-0.009000000000000341,0.0,0.0,0.008999999999998565,0.0,0.0,0.0,0.0,0.0,-1.7763568394002505e-15,0.0,0.0
GLU  46,R GLU  46,0.0,0.0,0.0,0.0,0.0,0.0,0.10600000000000165,0.0,0.0,-0.10699999999999932,0.0,0.0,0.0,0.0,0.0,-0.0010000000000047748,0.0,0.0
HIE  47,R HIE  47,0.0,0.0,0.0,0.0,0.0,0.0,0.0030000000000001137,0.0,0.0,-0.0030000000000001137,0.0,0.0,0.0,0.0,0.0,0.0,0.0,0.0
GLN  48,R GLN  48,0.0,0.0,0.0,0.0,0.0,0.0,-0.001999999999995339,0.0,0.0,0.0040000000000000036,0.0,0.0,0.0,0.0,0.0,0.001999999999981128,0.0,0.0
ALA  49,R ALA  49,0.0,0.0,0.0,0.0,0.0,0.0,-0.0030000000000001137,0.0,0.0,0.004999999999999893,0.0,0.0,0.0,0.0,0.0,0.0019999999999997797,0.0,0.0
ILE  50,R ILE  50,0.0,0.0,0.0,0.0,0.0,0.0,-0.001999999999995339,0.0,0.0,0.002000000000000224,0.0,0.0,0.0,0.0,0.0,4.884981308350689e-15,0.0,0.0
GLN  51,R GLN  51,0.0,0.0,0.0,0.0,0.0,0.0,0.0010000000000047748,0.0,0.0,-0.0019999999999997797,0.0,0.0,0.0,0.0,0.0,-0.000999999999990564,0.0,0.0
ILE  52,R ILE  52,0.0,0.0,0.0,0.0,0.0,0.0,-0.0010000000000047748,0.0,0.0,0.0030000000000001137,0.0,0.0,0.0,0.0,0.0,0.001999999999995339,0.0,0.0
LEU  53,R LEU  53,0.0,0.0,0.0,0.0,0.0,0.0,-0.0030000000000001137,0.0,0.0,0.004000000000000448,0.0,0.0,0.0,0.0,0.0,0.0010000000000012221,0.0,0.0
LYS  54,R LYS  54,0.0,0.0,0.0,0.0,0.0,0.0,-0.0589999999999975,0.0,0.0,0.058000000000006935,0.0,0.0,0.0,0.0,0.0,-0.000999999999990564,0.0,0.0
GLN  55,R GLN  55,0.0,0.0,0.0,0.0,0.0,0.0,-0.0040000000000048885,0.0,0.0,0.00399999999999999,0.0,0.0,0.0,0.0,0.0,0.0,0.0,0.0
ALA  56,R ALA  56,0.0,0.0,0.0,0.0,0.0,0.0,-0.001999999999995339,0.0,0.0,0.001000000000000334,0.0,0.0,0.0,0.0,0.0,-0.0009999999999950049,0.0,0.0
THR  57,R THR  57,0.0,0.0,0.0,0.0,0.0,0.0,-0.003999999999997783,0.0,0.0,0.0029999999999998916,0.0,0.0,0.0,0.0,0.0,-0.0009999999999976694,0.0,0.0
HIE  58,R HIE  58,0.0,0.0,0.0,0.0,0.0,0.0,0.0010000000000047748,0.0,0.0,-0.0009999999999994458,0.0,0.0,0.0,0.0,0.0,7.105427357601002e-15,0.0,0.0
LEU  59,R LEU  59,0.0,0.0,0.0,0.0,0.0,0.0,0.0,0.0,0.0,0.0,0.0,0.0,0.0,0.0,0.0,0.0,0.0,0.0
LEU  60,R LEU  60,0.0,0.0,0.0,0.0,0.0,0.0,0.0,0.0,0.0,0.0009999999999998899,0.0,0.0,0.0,0.0,0.0,0.0009999999999976694,0.0,0.0
SER  61,R SER  61,0.0,0.0,0.0,0.0,0.0,0.0,-0.001999999999995339,0.0,0.0,0.002000000000000668,0.0,0.0,0.0,0.0,0.0,5.329070518200751e-15,0.0,0.0
LYS  62,R LYS  62,0.0,0.0,0.0,0.0,0.0,0.0,-0.020999999999986585,0.0,0.0,0.021000000000000796,0.0,0.0,0.0,0.0,0.0,1.4210854715202004e-14,0.0,0.0
GLU  63,R GLU  63,0.0,0.0,0.0,0.0,0.0,0.0,-0.006000000000000227,0.0,0.0,0.005000000000009663,0.0,0.0,0.0,0.0,0.0,-0.000999999999990564,0.0,0.0
PRO  64,R PRO  64,0.0,0.0,0.0,0.0,0.0,0.0,-0.0009999999999976694,0.0,0.0,0.0009999999999994458,0.0,0.0,0.0,0.0,0.0,1.7763568394002505e-15,0.0,0.0
ASN  65,R ASN  65,0.0,0.0,0.0,0.0,0.0,0.0,-0.0010000000000047748,0.0,0.0,0.001000000000000334,0.0,0.0,0.0,0.0,0.0,0.0,0.0,0.0
LEU  66,R LEU  66,0.0,0.0,0.0,0.0,0.0,0.0,0.0010000000000047748,0.0,0.0,-0.0009999999999994458,0.0,0.0,0.0,0.0,0.0,7.105427357601002e-15,0.0,0.0
LEU  67,R LEU  67,0.0,0.0,0.0,0.0,0.0,0.0,0.0,0.0,0.0,0.0,0.0,0.0,0.0,0.0,0.0,0.0,0.0,0.0
SER  68,R SER  68,0.0,0.0,0.0,0.0,0.0,0.0,0.0010000000000047748,0.0,0.0,0.0,0.0,0.0,0.0,0.0,0.0,0.0010000000000047748,0.0,0.0
VAL  69,R VAL  69,0.0,0.0,0.0,0.0,0.0,0.0,-0.0009999999999976694,0.0,0.0,0.0,0.0,0.0,0.0,0.0,0.0,-0.0009999999999976694,0.0,0.0
PRO  70,R PRO  70,0.0,0.0,0.0,0.0,0.0,0.0,-0.0010000000000047748,0.0,0.0,0.0009999999999998899,0.0,0.0,0.0,0.0,0.0,-5.329070518200751e-15,0.0,0.0
ALA  71,R ALA  71,0.0,0.0,0.0,0.0,0.0,0.0,0.0020000000000095497,0.0,0.0,-0.0020000000000000018,0.0,0.0,0.0,0.0,0.0,8.881784197001252e-15,0.0,0.0
PRO  72,R PRO  72,0.0,0.0,0.0,0.0,0.0,0.0,0.0020000000000095497,0.0,0.0,-0.0020000000000000018,0.0,0.0,0.0,0.0,0.0,8.881784197001252e-15,0.0,0.0
VAL  73,R VAL  73,0.0,0.0,0.0,0.0,0.0,0.0,-0.0009999999999976694,0.0,0.0,0.001000000000000334,0.0,0.0,0.0,0.0,0.0,3.552713678800501e-15,0.0,0.0
THR  74,R THR  74,0.0,0.0,0.0,0.0,0.0,0.0,0.0020000000000024443,0.0,0.0,-0.0020000000000000018,0.0,0.0,0.0,0.0,0.0,0.0,0.0,0.0
ILE  75,R ILE  75,0.0,0.0,0.0,0.0,0.0,0.0,-0.0030000000000001137,0.0,0.0,0.0040000000000000036,0.0,0.0,0.0,0.0,0.0,0.0009999999999998899,0.0,0.0
CYS  76,R CYS  76,0.0,0.0,0.0,0.0,0.0,0.0,0.0049999999999954525,0.0,0.0,-0.004999999999999893,0.0,0.0,0.0,0.0,0.0,-4.440892098500626e-15,0.0,0.0
GLY  77,R GLY  77,0.0,0.0,0.0,0.0,0.0,0.0,0.0049999999999954525,0.0,0.0,-0.0040000000000000036,0.0,0.0,0.0,0.0,0.0,0.0009999999999950049,0.0,0.0
ASP  78,R ASP  78,0.0,0.0,0.0,0.0,0.0,0.0,-0.1280000000000001,0.0,0.0,0.13100000000000023,0.0,0.0,0.0,0.0,0.0,0.0030000000000001137,0.0,0.0
VAL  79,R VAL  79,0.0,0.0,0.0,0.0,0.0,0.0,-0.015000000000000568,0.0,0.0,0.02200000000000002,0.0,0.0,0.0,0.0,0.0,0.006999999999997897,0.0,0.0
HIE  80,R HIE  80,0.0,0.0,0.0,-0.0009999999999994458,0.0,0.0,-0.02200000000000557,0.0,0.0,0.02400000000000002,0.0,0.0,0.0,0.0,0.0,0.000999999999990564,0.0,0.0
GLY  81,R GLY  81,0.0,0.0,0.0,0.0,0.0,0.0,-0.009000000000000341,0.0,0.0,0.01100000000000001,0.0,0.0,0.0,0.0,0.0,0.0019999999999988916,0.0,0.0
GLN  82,R GLN  82,0.0,0.0,0.0,-0.0010000000000012221,0.0,0.0,-0.0049999999999954525,0.0,0.0,0.015000000000000124,0.0,0.0,0.0,0.0,0.0,0.009000000000000341,0.0,0.0
TYR  83,R TYR  83,0.0,0.0,0.0,-0.0009999999999976694,0.0,0.0,0.0040000000000048885,0.0,0.0,-0.0029999999999998916,0.0,0.0,0.0,0.0,0.0,0.0,0.0,0.0
TYR  84,R TYR  84,0.0,0.0,0.0,-0.0010000000000012221,0.0,0.0,0.009000000000000341,0.0,0.0,-0.013000000000000012,0.0,0.0,0.0,0.0,0.0,-0.004999999999999005,0.0,0.0
ASP  85,R ASP  85,0.0,0.0,0.0,0.0,0.0,0.0,-0.2450000000000001,0.0,0.0,0.2470000000000141,0.0,0.0,0.0,0.0,0.0,0.0020000000000095497,0.0,0.0
LEU  86,R LEU  86,0.0,0.0,0.0,0.0,0.0,0.0,0.0040000000000048885,0.0,0.0,0.0009999999999994458,0.0,0.0,0.0,0.0,0.0,0.005000000000006111,0.0,0.0
MET  87,R MET  87,0.0,0.0,0.0,-0.0009999999999994458,0.0,0.0,0.009000000000000341,0.0,0.0,-0.01100000000000012,0.0,0.0,0.0,0.0,0.0,-0.0030000000000045546,0.0,0.0
LYS  88,R LYS  88,0.0,0.0,0.0,0.0,0.0,0.0,0.15399999999999636,0.0,0.0,-0.1529999999999987,0.0,0.0,0.0,0.0,0.0,0.0009999999999976694,0.0,0.0
LEU  89,R LEU  89,0.0,0.0,0.0,0.0,0.0,0.0,0.0030000000000001137,0.0,0.0,-0.001000000000000334,0.0,0.0,0.0,0.0,0.0,0.0020000000000024443,0.0,0.0
PHE  90,R PHE  90,0.0,0.0,0.0,0.0,0.0,0.0,0.0030000000000001137,0.0,0.0,-0.0040000000000000036,0.0,0.0,0.0,0.0,0.0,-0.0009999999999994458,0.0,0.0
GLU  91,R GLU  91,0.0,0.0,0.0,0.0,0.0,0.0,-0.11899999999999977,0.0,0.0,0.11899999999999977,0.0,0.0,0.0,0.0,0.0,0.0,0.0,0.0
VAL  92,R VAL  92,0.0,0.0,0.0,0.0,0.0,0.0,0.0040000000000048885,0.0,0.0,-0.0040000000000000036,0.0,0.0,0.0,0.0,0.0,3.552713678800501e-15,0.0,0.0
GLY  93,R GLY  93,0.0,0.0,0.0,0.0,0.0,0.0,0.0030000000000001137,0.0,0.0,-0.0029999999999996696,0.0,0.0,0.0,0.0,0.0,0.0,0.0,0.0
GLY  94,R GLY  94,0.0,0.0,0.0,0.0,0.0,0.0,0.0,0.0,0.0,0.0,0.0,0.0,0.0,0.0,0.0,0.0,0.0,0.0
ASP  95,R ASP  95,0.0,0.0,0.0,0.0,0.0,0.0,-0.05299999999999727,0.0,0.0,0.05200000000000671,0.0,0.0,0.0,0.0,0.0,-0.000999999999990564,0.0,0.0
PRO  96,R PRO  96,0.0,0.0,0.0,0.0,0.0,0.0,0.0020000000000024443,0.0,0.0,-0.002000000000000224,0.0,0.0,0.0,0.0,0.0,2.6645352591003757e-15,0.0,0.0
ALA  97,R ALA  97,0.0,0.0,0.0,0.0,0.0,0.0,0.0020000000000095497,0.0,0.0,-0.0020000000000000018,0.0,0.0,0.0,0.0,0.0,9.325873406851315e-15,0.0,0.0
SER  98,R SER  98,0.0,0.0,0.0,0.0,0.0,0.0,0.0010000000000047748,0.0,0.0,0.0,0.0,0.0,0.0,0.0,0.0,0.0010000000000047748,0.0,0.0
THR  99,R THR  99,0.0,0.0,0.0,0.0,0.0,0.0,0.0020000000000024443,0.0,0.0,-0.002000000000000668,0.0,0.0,0.0,0.0,0.0,1.7763568394002505e-15,0.0,0.0
LYS 100,R LYS 100,0.0,0.0,0.0,0.0,0.0,0.0,0.03200000000001069,0.0,0.0,-0.031999999999996476,0.0,0.0,0.0,0.0,0.0,1.4210854715202004e-14,0.0,0.0
TYR 101,R TYR 101,0.0,0.0,0.0,0.0,0.0,0.0,0.001999999999995339,0.0,0.0,-0.0010000000000000009,0.0,0.0,0.0,0.0,0.0,0.0009999999999976694,0.0,0.0
LEU 102,R LEU 102,0.0,0.0,0.0,0.0,0.0,0.0,-0.001999999999995339,0.0,0.0,0.0020000000000000018,0.0,0.0,0.0,0.0,0.0,3.552713678800501e-15,0.0,0.0
PHE 103,R PHE 103,0.0,0.0,0.0,0.0,0.0,0.0,0.006000000000000227,0.0,0.0,-0.006000000000000005,0.0,0.0,0.0,0.0,0.0,8.881784197001252e-16,0.0,0.0
LEU 104,R LEU 104,0.0,0.0,0.0,0.0,0.0,0.0,0.0040000000000048885,0.0,0.0,-0.0040000000000000036,0.0,0.0,0.0,0.0,0.0,3.552713678800501e-15,0.0,0.0
GLY 105,R GLY 105,0.0,0.0,0.0,-0.0009999999999994458,0.0,0.0,-0.006000000000000227,0.0,0.0,0.007000000000000117,0.0,0.0,0.0,0.0,0.0,-5.329070518200751e-15,0.0,0.0
ASP 106,R ASP 106,0.0,0.0,0.0,0.0,0.0,0.0,-0.09499999999999886,0.0,0.0,0.09700000000000841,0.0,0.0,0.0,0.0,0.0,0.0020000000000095497,0.0,0.0
TYR 107,R TYR 107,0.0,0.0,0.0,0.0,0.0,0.0,-0.0049999999999954525,0.0,0.0,0.006999999999999673,0.0,0.0,0.0,0.0,0.0,0.002000000000005997,0.0,0.0
VAL 108,R VAL 108,0.0,0.0,0.0,-0.0009999999999994458,0.0,0.0,-0.006999999999997897,0.0,0.0,0.020000000000000018,0.0,0.0,0.0,0.0,0.0,0.012000000000004007,0.0,0.0
ASP 109,R ASP 109,0.0,0.0,0.0,-0.0009999999999994458,0.0,0.0,-0.045000000000001705,0.0,0.0,0.06099999999997863,0.0,0.0,0.0,0.0,0.0,0.014999999999986358,0.0,0.0
ARG 110,R ARG 110,0.0,0.0,0.0,-0.0039999999999995595,0.0,0.0,0.1560000000000059,0.0,0.0,-0.10099999999999909,0.0,0.0,0.0,0.0,0.0,0.05099999999998772,0.0,0.0
GLY 111,R GLY 111,0.0,0.0,0.0,-0.001000000000000334,0.0,0.0,0.019000000000005457,0.0,0.0,-0.004999999999999893,0.0,0.0,0.0,0.0,0.0,0.0129999999999999,0.0,0.0
SER 112,R SER 112,0.0,0.0,0.0,-0.0039999999999995595,0.0,0.0,0.028000000000005798,0.0,0.0,-0.017999999999999794,0.0,0.0,0.0,0.0,0.0,0.006000000000008221,0.0,0.0
PHE 113,R PHE 113,0.0,0.0,0.0,-0.0019999999999988916,0.0,0.0,0.0040000000000048885,0.0,0.0,-0.0129999999999999,0.0,0.0,0.0,0.0,0.0,-0.01099999999999035,0.0,0.0
SER 114,R SER 114,0.0,0.0,0.0,-0.0010000000000012221,0.0,0.0,-0.010000000000005116,0.0,0.0,0.015000000000000013,0.0,0.0,0.0,0.0,0.0,0.004000000000004,0.0,0.0
ILE 115,R ILE 115,0.0,0.0,0.0,-0.0009999999999994458,0.0,0.0,-0.000999999999990564,0.0,0.0,0.0040000000000000036,0.0,0.0,0.0,0.0,0.0,0.0020000000000122142,0.0,0.0
GLU 116,R GLU 116,0.0,0.0,0.0,-0.0009999999999994458,0.0,0.0,-0.053000000000000824,0.0,0.0,0.05500000000000682,0.0,0.0,0.0,0.0,0.0,0.0010000000000047748,0.0,0.0
CYS 117,R CYS 117,0.0,0.0,0.0,0.0,0.0,0.0,0.0010000000000047748,0.0,0.0,-0.0009999999999998899,0.0,0.0,0.0,0.0,0.0,4.884981308350689e-15,0.0,0.0
LEU 118,R LEU 118,0.0,0.0,0.0,-0.0010000000000012221,0.0,0.0,-0.000999999999990564,0.0,0.0,0.004999999999999893,0.0,0.0,0.0,0.0,0.0,0.003000000000010772,0.0,0.0
LEU 119,R LEU 119,0.0,0.0,0.0,0.0,0.0,0.0,0.000999999999990564,0.0,0.0,0.0019999999999997797,0.0,0.0,0.0,0.0,0.0,0.0029999999999894555,0.0,0.0
TYR 120,R TYR 120,0.0,0.0,0.0,0.0,0.0,0.0,0.001999999999995339,0.0,0.0,-0.0009999999999998899,0.0,0.0,0.0,0.0,0.0,0.0009999999999941167,0.0,0.0
LEU 121,R LEU 121,0.0,0.0,0.0,-0.0009999999999994458,0.0,0.0,0.001999999999995339,0.0,0.0,0.0,0.0,0.0,0.0,0.0,0.0,0.0009999999999976694,0.0,0.0
TYR 122,R TYR 122,0.0,0.0,0.0,0.0,0.0,0.0,0.000999999999990564,0.0,0.0,-0.0020000000000000018,0.0,0.0,0.0,0.0,0.0,-0.0010000000000118803,0.0,0.0
SER 123,R SER 123,0.0,0.0,0.0,0.0,0.0,0.0,0.0009999999999976694,0.0,0.0,0.0,0.0,0.0,0.0,0.0,0.0,0.0009999999999976694,0.0,0.0
LEU 124,R LEU 124,0.0,0.0,0.0,-0.0010000000000012221,0.0,0.0,0.001999999999995339,0.0,0.0,-0.002000000000000224,0.0,0.0,0.0,0.0,0.0,-0.0010000000000047748,0.0,0.0
LYS 125,R LYS 125,0.0,0.0,0.0,0.0,0.0,0.0,0.016000000000019554,0.0,0.0,-0.016999999999995907,0.0,0.0,0.0,0.0,0.0,-0.0009999999999763531,0.0,0.0
ILE 126,R ILE 126,0.0,0.0,0.0,0.0,0.0,0.0,0.0010000000000047748,0.0,0.0,-0.001000000000000334,0.0,0.0,0.0,0.0,0.0,4.440892098500626e-15,0.0,0.0
ASN 127,R ASN 127,0.0,0.0,0.0,0.0,0.0,0.0,0.0030000000000001137,0.0,0.0,-0.0020000000000000018,0.0,0.0,0.0,0.0,0.0,0.0010000000000047748,0.0,0.0
TYR 128,R TYR 128,0.0,0.0,0.0,0.0,0.0,0.0,-0.000999999999990564,0.0,0.0,0.0019999999999997797,0.0,0.0,0.0,0.0,0.0,0.0010000000000083276,0.0,0.0
PRO 129,R PRO 129,0.0,0.0,0.0,0.0,0.0,0.0,-0.0010000000000047748,0.0,0.0,0.001000000000000334,0.0,0.0,0.0,0.0,0.0,-4.440892098500626e-15,0.0,0.0
ASP 130,R ASP 130,0.0,0.0,0.0,0.0,0.0,0.0,-0.012999999999998124,0.0,0.0,0.012000000000000455,0.0,0.0,0.0,0.0,0.0,-0.0009999999999976694,0.0,0.0
THR 131,R THR 131,0.0,0.0,0.0,0.0,0.0,0.0,0.0,0.0,0.0,0.0009999999999998899,0.0,0.0,0.0,0.0,0.0,0.0009999999999976694,0.0,0.0
PHE 132,R PHE 132,0.0,0.0,0.0,0.0,0.0,0.0,0.0030000000000001137,0.0,0.0,-0.0030000000000000027,0.0,0.0,0.0,0.0,0.0,0.0,0.0,0.0
TRP 133,R TRP 133,0.0,0.0,0.0,0.0,0.0,0.0,-0.0049999999999954525,0.0,0.0,0.0050000000000003375,0.0,0.0,0.0,0.0,0.0,4.884981308350689e-15,0.0,0.0
MET 134,R MET 134,0.0,0.0,0.0,0.0,0.0,0.0,0.0040000000000048885,0.0,0.0,-0.0029999999999996696,0.0,0.0,0.0,0.0,0.0,0.001000000000005663,0.0,0.0
LEU 135,R LEU 135,0.0,0.0,0.0,0.0,0.0,0.0,-0.0020000000000095497,0.0,0.0,0.0020000000000000018,0.0,0.0,0.0,0.0,0.0,-8.881784197001252e-15,0.0,0.0
ARG 136,R ARG 136,0.0,0.0,0.0,0.0,0.0,0.0,-0.02099999999999369,0.0,0.0,0.02199999999999136,0.0,0.0,0.0,0.0,0.0,0.0009999999999763531,0.0,0.0
GLY 137,R GLY 137,0.0,0.0,0.0,0.0,0.0,0.0,0.007000000000005002,0.0,0.0,-0.006000000000000227,0.0,0.0,0.0,0.0,0.0,0.0010000000000047748,0.0,0.0
ASN 138,R ASN 138,0.0,0.0,0.0,0.0,0.0,0.0,0.0030000000000001137,0.0,0.0,0.0010000000000012221,0.0,0.0,0.0,0.0,0.0,0.003999999999990678,0.0,0.0
HIE 139,R HIE 139,0.0,0.0,0.0,0.0,0.0,0.0,0.015000000000000568,0.0,0.0,-0.016000000000000014,0.0,0.0,0.0,0.0,0.0,-0.0009999999999994458,0.0,0.0
GLU 140,R GLU 140,0.0,0.0,0.0,-0.0010000000000012221,0.0,0.0,-0.040000000000000036,0.0,0.0,0.03900000000001569,0.0,0.0,0.0,0.0,0.0,-0.001999999999981128,0.0,0.0
CYS 141,R CYS 141,0.0,0.0,0.0,0.0,0.0,0.0,-0.0040000000000048885,0.0,0.0,0.005999999999999339,0.0,0.0,0.0,0.0,0.0,0.001999999999995339,0.0,0.0
ARG 142,R ARG 142,0.0,0.0,0.0,0.0,0.0,0.0,-0.11499999999999488,0.0,0.0,0.11599999999999966,0.0,0.0,0.0,0.0,0.0,0.0010000000000616183,0.0,0.0
HIE 143,R HIE 143,0.0,0.0,0.0,-0.0010000000000012221,0.0,0.0,0.015000000000000568,0.0,0.0,-0.012000000000000455,0.0,0.0,0.0,0.0,0.0,0.001999999999995339,0.0,0.0
LEU 144,R LEU 144,0.0,0.0,0.0,-0.0009999999999994458,0.0,0.0,0.000999999999990564,0.0,0.0,0.0020000000000000018,0.0,0.0,0.0,0.0,0.0,0.001999999999991786,0.0,0.0
THR 145,R THR 145,0.0,0.0,0.0,-0.0009999999999994458,0.0,0.0,0.007999999999995566,0.0,0.0,-0.0019999999999997797,0.0,0.0,0.0,0.0,0.0,0.005000000000002558,0.0,0.0
GLU 146,R GLU 146,0.0,0.0,0.0,-0.002000000000000668,0.0,0.0,0.17700000000000005,0.0,0.0,-0.1740000000000066,0.0,0.0,0.0,0.0,0.0,0.000999999999990564,0.0,0.0
TYR 147,R TYR 147,0.0,0.0,0.0,-0.004000000000001336,0.0,0.0,-0.016999999999995907,0.0,0.0,0.0259999999999998,0.0,0.0,0.0,0.0,0.0,0.004999999999999005,0.0,0.0
PHE 148,R PHE 148,0.0,0.0,0.0,-0.0039999999999995595,0.0,0.0,0.043000000000006366,0.0,0.0,-0.03700000000000003,0.0,0.0,0.0,0.0,0.0,0.002000000000001556,0.0,0.0
THR 149,R THR 149,0.0,0.0,0.0,-0.004999999999999005,0.0,0.0,0.030000000000001137,0.0,0.0,-0.0389999999999997,0.0,0.0,0.0,0.0,0.0,-0.014000000000002899,0.0,0.0
PHE 150,R PHE 150,0.0,0.0,0.0,-0.0010000000000012221,0.0,0.0,0.0049999999999954525,0.0,0.0,-0.008000000000000007,0.0,0.0,0.0,0.0,0.0,-0.004000000000009329,0.0,0.0
LYS 151,R LYS 151,0.0,0.0,0.0,-0.002000000000000668,0.0,0.0,-0.19599999999999795,0.0,0.0,0.21600000000000819,0.0,0.0,0.0,0.0,0.0,0.018000000000000682,0.0,0.0
ASN 152,R ASN 152,0.0,0.0,0.0,-0.006000000000000227,0.0,0.0,0.04399999999999693,0.0,0.0,0.021000000000000796,0.0,0.0,0.0,0.0,0.0,0.0589999999999975,0.0,0.0
GLU 153,R GLU 153,0.0,0.0,0.0,-0.0019999999999988916,0.0,0.0,-0.04999999999999716,0.0,0.0,0.06100000000000705,0.0,0.0,0.0,0.0,0.0,0.009000000000014552,0.0,0.0
CYS 154,R CYS 154,0.0,0.0,0.0,-0.0009999999999994458,0.0,0.0,-0.007000000000005002,0.0,0.0,0.016999999999999904,0.0,0.0,0.0,0.0,0.0,0.009000000000003894,0.0,0.0
LEU 155,R LEU 155,0.0,0.0,0.0,-0.0019999999999988916,0.0,0.0,0.0,0.0,0.0,0.017000000000000348,0.0,0.0,0.0,0.0,0.0,0.014999999999997016,0.0,0.0
HIE 156,R HIE 156,0.0,0.0,0.0,-0.004999999999999005,0.0,0.0,0.03499999999999659,0.0,0.0,-0.004000000000001336,0.0,0.0,0.0,0.0,0.0,0.0259999999999998,0.0,0.0
LYS 157,R LYS 157,0.0,0.0,0.0,-0.002000000000000668,0.0,0.0,0.043000000000006366,0.0,0.0,0.0010000000000047748,0.0,0.0,0.0,0.0,0.0,0.04200000000000159,0.0,0.0
TYR 158,R TYR 158,0.0,0.0,0.0,0.0,0.0,0.0,0.006999999999990791,0.0,0.0,-0.009000000000000341,0.0,0.0,0.0,0.0,0.0,-0.0020000000000095497,0.0,0.0
SER 159,R SER 159,0.0,0.0,0.0,0.0,0.0,0.0,-0.015000000000000568,0.0,0.0,0.01699999999999946,0.0,0.0,0.0,0.0,0.0,0.0019999999999988916,0.0,0.0
GLU 160,R GLU 160,0.0,0.0,0.0,0.0,0.0,0.0,0.20199999999999818,0.0,0.0,-0.19900000000001228,0.0,0.0,0.0,0.0,0.0,0.002999999999985903,0.0,0.0
GLU 161,R GLU 161,0.0,0.0,0.0,0.0,0.0,0.0,0.09900000000000375,0.0,0.0,-0.09799999999998477,0.0,0.0,0.0,0.0,0.0,0.0010000000000189857,0.0,0.0
LEU 162,R LEU 162,0.0,0.0,0.0,0.0,0.0,0.0,-0.006000000000000227,0.0,0.0,0.0129999999999999,0.0,0.0,0.0,0.0,0.0,0.006999999999997897,0.0,0.0
TYR 163,R TYR 163,0.0,0.0,0.0,-0.0010000000000012221,0.0,0.0,-0.001999999999995339,0.0,0.0,0.0,0.0,0.0,0.0,0.0,0.0,-0.0030000000000001137,0.0,0.0
GLU 164,R GLU 164,0.0,0.0,0.0,0.0,0.0,0.0,0.1160000000000001,0.0,0.0,-0.117999999999995,0.0,0.0,0.0,0.0,0.0,-0.001999999999995339,0.0,0.0
GLU 165,R GLU 165,0.0,0.0,0.0,0.0,0.0,0.0,0.05899999999999994,0.0,0.0,-0.057999999999992724,0.0,0.0,0.0,0.0,0.0,0.0010000000000189857,0.0,0.0
CYS 166,R CYS 166,0.0,0.0,0.0,-0.0009999999999994458,0.0,0.0,-0.005000000000009663,0.0,0.0,0.007000000000000006,0.0,0.0,0.0,0.0,0.0,0.001000000000000334,0.0,0.0
LEU 167,R LEU 167,0.0,0.0,0.0,-0.0009999999999994458,0.0,0.0,-0.006000000000000227,0.0,0.0,0.008000000000000007,0.0,0.0,0.0,0.0,0.0,0.0009999999999941167,0.0,0.0
VAL 168,R VAL 168,0.0,0.0,0.0,0.0,0.0,0.0,-0.0030000000000001137,0.0,0.0,0.0030000000000001137,0.0,0.0,0.0,0.0,0.0,0.0,0.0,0.0
SER 169,R SER 169,0.0,0.0,0.0,-0.0009999999999994458,0.0,0.0,-0.0020000000000024443,0.0,0.0,0.0020000000000000018,0.0,0.0,0.0,0.0,0.0,-0.001000000000000334,0.0,0.0
PHE 170,R PHE 170,0.0,0.0,0.0,0.0,0.0,0.0,-0.0040000000000048885,0.0,0.0,0.001000000000000112,0.0,0.0,0.0,0.0,0.0,-0.0030000000000045546,0.0,0.0
ASN 171,R ASN 171,0.0,0.0,0.0,0.0,0.0,0.0,-0.0049999999999954525,0.0,0.0,0.0050000000000000044,0.0,0.0,0.0,0.0,0.0,0.0,0.0,0.0
ALA 172,R ALA 172,0.0,0.0,0.0,0.0,0.0,0.0,-0.0010000000000047748,0.0,0.0,0.0009999999999998899,0.0,0.0,0.0,0.0,0.0,-4.884981308350689e-15,0.0,0.0
LEU 173,R LEU 173,0.0,0.0,0.0,0.0,0.0,0.0,0.0030000000000001137,0.0,0.0,-0.001000000000000334,0.0,0.0,0.0,0.0,0.0,0.0019999999999997797,0.0,0.0
PRO 174,R PRO 174,0.0,0.0,0.0,0.0,0.0,0.0,-0.0030000000000001137,0.0,0.0,0.002000000000000668,0.0,0.0,0.0,0.0,0.0,-0.0009999999999994458,0.0,0.0
LEU 175,R LEU 175,0.0,0.0,0.0,0.0,0.0,0.0,-0.0030000000000001137,0.0,0.0,0.0029999999999992255,0.0,0.0,0.0,0.0,0.0,0.0,0.0,0.0
ALA 176,R ALA 176,0.0,0.0,0.0,0.0,0.0,0.0,0.001999999999995339,0.0,0.0,-0.0009999999999998899,0.0,0.0,0.0,0.0,0.0,0.000999999999995449,0.0,0.0
ALA 177,R ALA 177,0.0,0.0,0.0,0.0,0.0,0.0,-0.000999999999990564,0.0,0.0,0.0010000000000000009,0.0,0.0,0.0,0.0,0.0,9.43689570931383e-15,0.0,0.0
ILE 178,R ILE 178,0.0,0.0,0.0,0.0,0.0,0.0,0.0010000000000047748,0.0,0.0,0.0,0.0,0.0,0.0,0.0,0.0,0.0010000000000047748,0.0,0.0
MET 179,R MET 179,0.0,0.0,0.0,0.0,0.0,0.0,0.001999999999995339,0.0,0.0,-0.0009999999999998899,0.0,0.0,0.0,0.0,0.0,0.0009999999999950049,0.0,0.0
ASN 180,R ASN 180,0.0,0.0,0.0,0.0,0.0,0.0,0.0,0.0,0.0,-0.001000000000000334,0.0,0.0,0.0,0.0,0.0,-0.0010000000000047748,0.0,0.0
GLU 181,R GLU 181,0.0,0.0,0.0,0.0,0.0,0.0,-0.018000000000000682,0.0,0.0,0.018000000000000682,0.0,0.0,0.0,0.0,0.0,0.0,0.0,0.0
GLN 182,R GLN 182,0.0,0.0,0.0,0.0,0.0,0.0,-0.0010000000000047748,0.0,0.0,0.001000000000000334,0.0,0.0,0.0,0.0,0.0,-1.4210854715202004e-14,0.0,0.0
PHE 183,R PHE 183,0.0,0.0,0.0,0.0,0.0,0.0,0.0010000000000047748,0.0,0.0,-0.0010000000000000009,0.0,0.0,0.0,0.0,0.0,4.440892098500626e-15,0.0,0.0
PHE 184,R PHE 184,0.0,0.0,0.0,0.0,0.0,0.0,-0.001999999999995339,0.0,0.0,0.0019999999999997797,0.0,0.0,0.0,0.0,0.0,4.440892098500626e-15,0.0,0.0
CYS 185,R CYS 185,0.0,0.0,0.0,0.0,0.0,0.0,0.0030000000000001137,0.0,0.0,-0.0019999999999997797,0.0,0.0,0.0,0.0,0.0,0.001000000000000334,0.0,0.0
VAL 186,R VAL 186,0.0,0.0,0.0,0.0,0.0,0.0,-0.0030000000000001137,0.0,0.0,0.0040000000000000036,0.0,0.0,0.0,0.0,0.0,0.0010000000000012221,0.0,0.0
HIE 187,R HIE 187,0.0,0.0,0.0,0.0,0.0,0.0,-0.001999999999995339,0.0,0.0,0.0030000000000000027,0.0,0.0,0.0,0.0,0.0,0.0010000000000045528,0.0,0.0
GLY 188,R GLY 188,0.0,0.0,0.0,0.0,0.0,0.0,-0.006000000000000227,0.0,0.0,0.0050000000000000044,0.0,0.0,0.0,0.0,0.0,-0.0009999999999994458,0.0,0.0
GLY 189,R GLY 189,0.0,0.0,0.0,0.0,0.0,0.0,0.0020000000000095497,0.0,0.0,-0.0020000000000000018,0.0,0.0,0.0,0.0,0.0,9.769962616701378e-15,0.0,0.0
LEU 190,R LEU 190,0.0,0.0,0.0,0.0,0.0,0.0,-0.0009999999999976694,0.0,0.0,0.0,0.0,0.0,0.0,0.0,0.0,-0.0009999999999976694,0.0,0.0
SER 191,R SER 191,0.0,0.0,0.0,0.0,0.0,0.0,-0.0010000000000047748,0.0,0.0,0.0009999999999998899,0.0,0.0,0.0,0.0,0.0,-4.884981308350689e-15,0.0,0.0
PRO 192,R PRO 192,0.0,0.0,0.0,0.0,0.0,0.0,0.0,0.0,0.0,0.0,0.0,0.0,0.0,0.0,0.0,0.0,0.0,0.0
GLN 193,R GLN 193,0.0,0.0,0.0,0.0,0.0,0.0,0.0010000000000047748,0.0,0.0,0.0,0.0,0.0,0.0,0.0,0.0,0.0010000000000047748,0.0,0.0
LEU 194,R LEU 194,0.0,0.0,0.0,0.0,0.0,0.0,0.0,0.0,0.0,0.0009999999999998899,0.0,0.0,0.0,0.0,0.0,0.0009999999999976694,0.0,0.0
THR 195,R THR 195,0.0,0.0,0.0,0.0,0.0,0.0,-0.0020000000000024443,0.0,0.0,0.001000000000000334,0.0,0.0,0.0,0.0,0.0,-0.0010000000000047748,0.0,0.0
SER 196,R SER 196,0.0,0.0,0.0,0.0,0.0,0.0,0.0009999999999976694,0.0,0.0,-0.0009999999999994458,0.0,0.0,0.0,0.0,0.0,-1.7763568394002505e-15,0.0,0.0
LEU 197,R LEU 197,0.0,0.0,0.0,0.0,0.0,0.0,0.0009999999999976694,0.0,0.0,-0.0010000000000000009,0.0,0.0,0.0,0.0,0.0,0.0,0.0,0.0
ASP 198,R ASP 198,0.0,0.0,0.0,0.0,0.0,0.0,0.0020000000000095497,0.0,0.0,-0.0020000000000024443,0.0,0.0,0.0,0.0,0.0,0.0,0.0,0.0
SER 199,R SER 199,0.0,0.0,0.0,0.0,0.0,0.0,0.0020000000000095497,0.0,0.0,-0.0019999999999997797,0.0,0.0,0.0,0.0,0.0,1.0658141036401503e-14,0.0,0.0
LEU 200,R LEU 200,0.0,0.0,0.0,0.0,0.0,0.0,0.001999999999995339,0.0,0.0,-0.0020000000000000018,0.0,0.0,0.0,0.0,0.0,-5.329070518200751e-15,0.0,0.0
ARG 201,R ARG 201,0.0,0.0,0.0,0.0,0.0,0.0,0.005000000000000782,0.0,0.0,-0.005999999999998451,0.0,0.0,0.0,0.0,0.0,-0.0010000000000047748,0.0,0.0
LYS 202,R LYS 202,0.0,0.0,0.0,0.0,0.0,0.0,-0.009000000000000341,0.0,0.0,0.00999999999999801,0.0,0.0,0.0,0.0,0.0,0.0009999999999976694,0.0,0.0
LEU 203,R LEU 203,0.0,0.0,0.0,0.0,0.0,0.0,0.0,0.0,0.0,0.0,0.0,0.0,0.0,0.0,0.0,0.0,0.0,0.0
HIE 204,R HIE 204,0.0,0.0,0.0,0.0,0.0,0.0,-0.0020000000000095497,0.0,0.0,0.0019999999999997797,0.0,0.0,0.0,0.0,0.0,-1.0658141036401503e-14,0.0,0.0
ARG 205,R ARG 205,0.0,0.0,0.0,0.0,0.0,0.0,-0.010999999999999233,0.0,0.0,0.011000000000002785,0.0,0.0,0.0,0.0,0.0,0.0,0.0,0.0
PHE 206,R PHE 206,0.0,0.0,0.0,0.0,0.0,0.0,0.001999999999995339,0.0,0.0,-0.0019999999999997797,0.0,0.0,0.0,0.0,0.0,-4.440892098500626e-15,0.0,0.0
ARG 207,R ARG 207,0.0,0.0,0.0,0.0,0.0,0.0,-0.05500000000000016,0.0,0.0,0.05600000000000094,0.0,0.0,0.0,0.0,0.0,0.0009999999999763531,0.0,0.0
GLU 208,R GLU 208,0.0,0.0,0.0,0.0,0.0,0.0,0.06400000000000006,0.0,0.0,-0.06300000000000239,0.0,0.0,0.0,0.0,0.0,0.0009999999999976694,0.0,0.0
PRO 209,R PRO 209,0.0,0.0,0.0,0.0,0.0,0.0,0.007000000000005002,0.0,0.0,-0.008000000000000007,0.0,0.0,0.0,0.0,0.0,-0.000999999999995893,0.0,0.0
PRO 210,R PRO 210,0.0,0.0,0.0,0.0,0.0,0.0,-0.003999999999997783,0.0,0.0,0.0030000000000001137,0.0,0.0,0.0,0.0,0.0,-0.0009999999999976694,0.0,0.0
THR 211,R THR 211,0.0,0.0,0.0,0.0,0.0,0.0,-0.003999999999997783,0.0,0.0,0.0039999999999995595,0.0,0.0,0.0,0.0,0.0,0.0,0.0,0.0
LYS 212,R LYS 212,0.0,0.0,0.0,-0.001000000000000334,0.0,0.0,-0.04399999999999693,0.0,0.0,0.04400000000000048,0.0,0.0,0.0,0.0,0.0,-0.0009999999999976694,0.0,0.0
GLY 213,R GLY 213,0.0,0.0,0.0,0.0,0.0,0.0,-0.000999999999990564,0.0,0.0,0.0009999999999994458,0.0,0.0,0.0,0.0,0.0,8.881784197001252e-15,0.0,0.0
LEU 214,R LEU 214,0.0,0.0,0.0,0.0,0.0,0.0,-0.0030000000000001137,0.0,0.0,0.0030000000000001137,0.0,0.0,0.0,0.0,0.0,0.0,0.0,0.0
MET 215,R MET 215,0.0,0.0,0.0,0.0,0.0,0.0,-0.001999999999995339,0.0,0.0,0.002000000000000224,0.0,0.0,0.0,0.0,0.0,5.329070518200751e-15,0.0,0.0
CYS 216,R CYS 216,0.0,0.0,0.0,0.0,0.0,0.0,-0.005999999999993122,0.0,0.0,0.006000000000000227,0.0,0.0,0.0,0.0,0.0,7.105427357601002e-15,0.0,0.0
ASP 217,R ASP 217,0.0,0.0,0.0,0.0,0.0,0.0,-0.003999999999997783,0.0,0.0,0.0040000000000048885,0.0,0.0,0.0,0.0,0.0,7.105427357601002e-15,0.0,0.0
LEU 218,R LEU 218,0.0,0.0,0.0,0.0,0.0,0.0,-0.0040000000000048885,0.0,0.0,0.004999999999999893,0.0,0.0,0.0,0.0,0.0,0.0009999999999941167,0.0,0.0
LEU 219,R LEU 219,0.0,0.0,0.0,0.0,0.0,0.0,-0.0049999999999954525,0.0,0.0,0.007000000000000117,0.0,0.0,0.0,0.0,0.0,0.0020000000000024443,0.0,0.0
TRP 220,R TRP 220,0.0,0.0,0.0,-0.0009999999999994458,0.0,0.0,-0.007000000000005002,0.0,0.0,0.007000000000000561,0.0,0.0,0.0,0.0,0.0,-0.0010000000000092157,0.0,0.0
ALA 221,R ALA 221,0.0,0.0,0.0,0.0,0.0,0.0,-0.0040000000000048885,0.0,0.0,0.0029999999999996696,0.0,0.0,0.0,0.0,0.0,-0.001000000000005663,0.0,0.0
ASP 222,R ASP 222,0.0,0.0,0.0,0.0,0.0,0.0,-0.07099999999999795,0.0,0.0,0.07100000000001216,0.0,0.0,0.0,0.0,0.0,1.4210854715202004e-14,0.0,0.0
PRO 223,R PRO 223,0.0,0.0,0.0,0.0,0.0,0.0,-0.001999999999995339,0.0,0.0,0.001000000000000334,0.0,0.0,0.0,0.0,0.0,-0.0009999999999950049,0.0,0.0
ILE 224,R ILE 224,0.0,0.0,0.0,0.0,0.0,0.0,-0.0030000000000001137,0.0,0.0,0.0030000000000000027,0.0,0.0,0.0,0.0,0.0,-4.440892098500626e-16,0.0,0.0
GLU 225,R GLU 225,0.0,0.0,0.0,0.0,0.0,0.0,-0.10900000000000176,0.0,0.0,0.10900000000000887,0.0,0.0,0.0,0.0,0.0,1.4210854715202004e-14,0.0,0.0
GLU 226,R GLU 226,0.0,0.0,0.0,0.0,0.0,0.0,-0.06200000000000028,0.0,0.0,0.0619999999999834,0.0,0.0,0.0,0.0,0.0,-1.4210854715202004e-14,0.0,0.0
TYR 227,R TYR 227,0.0,0.0,0.0,0.0,0.0,0.0,0.0040000000000048885,0.0,0.0,-0.0040000000000000036,0.0,0.0,0.0,0.0,0.0,3.552713678800501e-15,0.0,0.0
ASP 228,R ASP 228,0.0,0.0,0.0,0.0,0.0,0.0,-0.07699999999999818,0.0,0.0,0.07699999999999818,0.0,0.0,0.0,0.0,0.0,0.0,0.0,0.0
ASP 229,R ASP 229,0.0,0.0,0.0,0.0,0.0,0.0,-0.07100000000000001,0.0,0.0,0.06999999999999318,0.0,0.0,0.0,0.0,0.0,-0.0010000000000047748,0.0,0.0
ASP 230,R ASP 230,0.0,0.0,0.0,0.0,0.0,0.0,-0.0379999999999967,0.0,0.0,0.03900000000000148,0.0,0.0,0.0,0.0,0.0,0.0010000000000047748,0.0,0.0
ASN 231,R ASN 231,0.0,0.0,0.0,0.0,0.0,0.0,0.001999999999995339,0.0,0.0,-0.002000000000000668,0.0,0.0,0.0,0.0,0.0,1.4210854715202004e-14,0.0,0.0
LEU 232,R LEU 232,0.0,0.0,0.0,0.0,0.0,0.0,-0.000999999999990564,0.0,0.0,0.0,0.0,0.0,0.0,0.0,0.0,-0.000999999999990564,0.0,0.0
ASP 233,R ASP 233,0.0,0.0,0.0,0.0,0.0,0.0,-0.021000000000000796,0.0,0.0,0.01999999999999602,0.0,0.0,0.0,0.0,0.0,-0.0010000000000047748,0.0,0.0
GLN 234,R GLN 234,0.0,0.0,0.0,0.0,0.0,0.0,-0.005000000000009663,0.0,0.0,0.004999999999999005,0.0,0.0,0.0,0.0,0.0,-7.105427357601002e-15,0.0,0.0
GLU 235,R GLU 235,0.0,0.0,0.0,0.0,0.0,0.0,-0.016000000000005343,0.0,0.0,0.017000000000003013,0.0,0.0,0.0,0.0,0.0,0.0009999999999976694,0.0,0.0
TYR 236,R TYR 236,0.0,0.0,0.0,0.0,0.0,0.0,0.001999999999995339,0.0,0.0,-0.0019999999999997797,0.0,0.0,0.0,0.0,0.0,-7.105427357601002e-15,0.0,0.0
VAL 237,R VAL 237,0.0,0.0,0.0,0.0,0.0,0.0,-0.0010000000000047748,0.0,0.0,0.0019999999999997797,0.0,0.0,0.0,0.0,0.0,0.0009999999999941167,0.0,0.0
THR 238,R THR 238,0.0,0.0,0.0,0.0,0.0,0.0,-0.0049999999999954525,0.0,0.0,0.004000000000001336,0.0,0.0,0.0,0.0,0.0,-0.0009999999999941167,0.0,0.0
ASN 239,R ASN 239,0.0,0.0,0.0,0.0,0.0,0.0,0.0,0.0,0.0,0.0,0.0,0.0,0.0,0.0,0.0,0.0,0.0,0.0
VAL 240,R VAL 240,0.0,0.0,0.0,0.0,0.0,0.0,0.0030000000000001137,0.0,0.0,-0.0019999999999997797,0.0,0.0,0.0,0.0,0.0,0.0009999999999994458,0.0,0.0
VAL 241,R VAL 241,0.0,0.0,0.0,0.0,0.0,0.0,0.0,0.0,0.0,0.001000000000000334,0.0,0.0,0.0,0.0,0.0,0.0010000000000012221,0.0,0.0
ARG 242,R ARG 242,0.0,0.0,0.0,0.0,0.0,0.0,0.09900000000000375,0.0,0.0,-0.09799999999999898,0.0,0.0,0.0,0.0,0.0,0.0010000000000331966,0.0,0.0
GLY 243,R GLY 243,0.0,0.0,0.0,0.0,0.0,0.0,0.006000000000000227,0.0,0.0,-0.006000000000000005,0.0,0.0,0.0,0.0,0.0,1.7763568394002505e-15,0.0,0.0
CYS 244,R CYS 244,0.0,0.0,0.0,0.0,0.0,0.0,-0.007999999999995566,0.0,0.0,0.009000000000000341,0.0,0.0,0.0,0.0,0.0,0.0010000000000047748,0.0,0.0
SER 245,R SER 245,0.0,0.0,0.0,0.0,0.0,0.0,0.0009999999999976694,0.0,0.0,-0.001000000000000334,0.0,0.0,0.0,0.0,0.0,-3.552713678800501e-15,0.0,0.0
PHE 246,R PHE 246,0.0,0.0,0.0,0.0,0.0,0.0,-0.0020000000000095497,0.0,0.0,0.0009999999999998899,0.0,0.0,0.0,0.0,0.0,-0.0010000000000096598,0.0,0.0
ALA 247,R ALA 247,0.0,0.0,0.0,0.0,0.0,0.0,0.0030000000000001137,0.0,0.0,-0.0020000000000000018,0.0,0.0,0.0,0.0,0.0,0.001000000000000112,0.0,0.0
PHE 248,R PHE 248,0.0,0.0,0.0,0.0,0.0,0.0,-0.0040000000000048885,0.0,0.0,0.0029999999999992255,0.0,0.0,0.0,0.0,0.0,-0.001000000000005663,0.0,0.0
THR 249,R THR 249,0.0,0.0,0.0,0.0,0.0,0.0,0.0010000000000047748,0.0,0.0,-0.001000000000000334,0.0,0.0,0.0,0.0,0.0,3.552713678800501e-15,0.0,0.0
TYR 250,R TYR 250,0.0,0.0,0.0,0.0,0.0,0.0,0.001999999999995339,0.0,0.0,-0.0019999999999997797,0.0,0.0,0.0,0.0,0.0,-7.105427357601002e-15,0.0,0.0
LYS 251,R LYS 251,0.0,0.0,0.0,0.0,0.0,0.0,0.020000000000010232,0.0,0.0,-0.019000000000001904,0.0,0.0,0.0,0.0,0.0,0.0010000000000083276,0.0,0.0
ALA 252,R ALA 252,0.0,0.0,0.0,0.0,0.0,0.0,0.0010000000000047748,0.0,0.0,-0.001000000000000334,0.0,0.0,0.0,0.0,0.0,4.440892098500626e-15,0.0,0.0
ALA 253,R ALA 253,0.0,0.0,0.0,0.0,0.0,0.0,0.001999999999995339,0.0,0.0,-0.0020000000000000018,0.0,0.0,0.0,0.0,0.0,-4.440892098500626e-15,0.0,0.0
CYS 254,R CYS 254,0.0,0.0,0.0,0.0,0.0,0.0,0.0,0.0,0.0,0.0,0.0,0.0,0.0,0.0,0.0,0.0,0.0,0.0
LYS 255,R LYS 255,0.0,0.0,0.0,0.0,0.0,0.0,0.012000000000000455,0.0,0.0,-0.0119999999999999,0.0,0.0,0.0,0.0,0.0,0.0,0.0,0.0
PHE 256,R PHE 256,0.0,0.0,0.0,0.0,0.0,0.0,0.0020000000000095497,0.0,0.0,-0.0010000000000000009,0.0,0.0,0.0,0.0,0.0,0.001000000000010104,0.0,0.0
LEU 257,R LEU 257,0.0,0.0,0.0,0.0,0.0,0.0,0.000999999999990564,0.0,0.0,-0.0020000000000000018,0.0,0.0,0.0,0.0,0.0,-0.0010000000000083276,0.0,0.0
ASP 258,R ASP 258,0.0,0.0,0.0,0.0,0.0,0.0,-0.02400000000000091,0.0,0.0,0.02400000000000091,0.0,0.0,0.0,0.0,0.0,0.0,0.0,0.0
ARG 259,R ARG 259,0.0,0.0,0.0,0.0,0.0,0.0,0.011999999999996902,0.0,0.0,-0.0129999999999999,0.0,0.0,0.0,0.0,0.0,-0.0010000000000047748,0.0,0.0
THR 260,R THR 260,0.0,0.0,0.0,0.0,0.0,0.0,0.0,0.0,0.0,0.0009999999999994458,0.0,0.0,0.0,0.0,0.0,0.0009999999999976694,0.0,0.0
LYS 261,R LYS 261,0.0,0.0,0.0,0.0,0.0,0.0,0.015000000000000568,0.0,0.0,-0.015000000000000568,0.0,0.0,0.0,0.0,0.0,0.0,0.0,0.0
LEU 262,R LEU 262,0.0,0.0,0.0,0.0,0.0,0.0,0.0010000000000047748,0.0,0.0,-0.0010000000000000009,0.0,0.0,0.0,0.0,0.0,3.552713678800501e-15,0.0,0.0
LEU 263,R LEU 263,0.0,0.0,0.0,0.0,0.0,0.0,-0.0010000000000047748,0.0,0.0,0.0,0.0,0.0,0.0,0.0,0.0,-0.0010000000000047748,0.0,0.0
SER 264,R SER 264,0.0,0.0,0.0,0.0,0.0,0.0,0.0010000000000047748,0.0,0.0,-0.001000000000000334,0.0,0.0,0.0,0.0,0.0,5.329070518200751e-15,0.0,0.0
VAL 265,R VAL 265,0.0,0.0,0.0,0.0,0.0,0.0,-0.001999999999995339,0.0,0.0,0.0029999999999998916,0.0,0.0,0.0,0.0,0.0,0.0010000000000047748,0.0,0.0
ILE 266,R ILE 266,0.0,0.0,0.0,0.0,0.0,0.0,0.003999999999997783,0.0,0.0,-0.0030000000000000027,0.0,0.0,0.0,0.0,0.0,0.0009999999999976694,0.0,0.0
ARG 267,R ARG 267,0.0,0.0,0.0,-0.0009999999999994458,0.0,0.0,0.07900000000000063,0.0,0.0,-0.07800000000000296,0.0,0.0,0.0,0.0,0.0,-2.842170943040401e-14,0.0,0.0
ALA 268,R ALA 268,0.0,0.0,0.0,0.0,0.0,0.0,0.0010000000000047748,0.0,0.0,0.0,0.0,0.0,0.0,0.0,0.0,0.0010000000000047748,0.0,0.0
HIE 269,R HIE 269,0.0,0.0,0.0,0.0,0.0,0.0,-0.010000000000005116,0.0,0.0,0.008000000000000007,0.0,0.0,0.0,0.0,0.0,-0.002000000000005109,0.0,0.0
GLU 270,R GLU 270,0.0,0.0,0.0,0.0,0.0,0.0,-0.10499999999999998,0.0,0.0,0.10499999999998977,0.0,0.0,0.0,0.0,0.0,0.0,0.0,0.0
ALA 271,R ALA 271,0.0,0.0,0.0,-0.001000000000000334,0.0,0.0,0.006999999999990791,0.0,0.0,-0.006000000000000227,0.0,0.0,0.0,0.0,0.0,0.0,0.0,0.0
GLN 272,R GLN 272,0.0,0.0,0.0,0.0,0.0,0.0,-0.007999999999995566,0.0,0.0,0.008000000000000007,0.0,0.0,0.0,0.0,0.0,7.105427357601002e-15,0.0,0.0
ASN 273,R ASN 273,0.0,0.0,0.0,0.0,0.0,0.0,0.006000000000000227,0.0,0.0,-0.004999999999999005,0.0,0.0,0.0,0.0,0.0,0.000999999999990564,0.0,0.0
ALA 274,R ALA 274,0.0,0.0,0.0,0.0,0.0,0.0,0.000999999999990564,0.0,0.0,0.0,0.0,0.0,0.0,0.0,0.0,0.000999999999990564,0.0,0.0
GLY 275,R GLY 275,0.0,0.0,0.0,0.0,0.0,0.0,0.006000000000000227,0.0,0.0,-0.005000000000000001,0.0,0.0,0.0,0.0,0.0,0.001000000000000334,0.0,0.0
TYR 276,R TYR 276,0.0,0.0,0.0,0.0,0.0,0.0,-0.0040000000000048885,0.0,0.0,0.0030000000000001137,0.0,0.0,0.0,0.0,0.0,-0.0010000000000047748,0.0,0.0
ARG 277,R ARG 277,0.0,0.0,0.0,0.0,0.0,0.0,0.10699999999999932,0.0,0.0,-0.10600000000000875,0.0,0.0,0.0,0.0,0.0,0.0010000000000047748,0.0,0.0
MET 278,R MET 278,0.0,0.0,0.0,0.0,0.0,0.0,-0.001999999999995339,0.0,0.0,0.0030000000000001137,0.0,0.0,0.0,0.0,0.0,0.0010000000000047748,0.0,0.0
TYR 279,R TYR 279,0.0,0.0,0.0,0.0,0.0,0.0,0.0,0.0,0.0,-0.0009999999999994458,0.0,0.0,0.0,0.0,0.0,-0.0009999999999976694,0.0,0.0
LYS 280,R LYS 280,0.0,0.0,0.0,0.0,0.0,0.0,0.04999999999998295,0.0,0.0,-0.04999999999999716,0.0,0.0,0.0,0.0,0.0,-1.4210854715202004e-14,0.0,0.0
ARG 281,R ARG 281,0.0,0.0,0.0,0.0,0.0,0.0,0.04800000000000004,0.0,0.0,-0.04800000000000004,0.0,0.0,0.0,0.0,0.0,0.0,0.0,0.0
THR 282,R THR 282,0.0,0.0,0.0,0.0,0.0,0.0,-0.0020000000000095497,0.0,0.0,0.0010000000000000009,0.0,0.0,0.0,0.0,0.0,-0.0010000000000118803,0.0,0.0
LYS 283,R LYS 283,0.0,0.0,0.0,0.0,0.0,0.0,0.028000000000005798,0.0,0.0,-0.027999999999998693,0.0,0.0,0.0,0.0,0.0,7.105427357601002e-15,0.0,0.0
THR 284,R THR 284,0.0,0.0,0.0,0.0,0.0,0.0,-0.0009999999999976694,0.0,0.0,0.0009999999999998899,0.0,0.0,0.0,0.0,0.0,3.552713678800501e-15,0.0,0.0
MET 285,R MET 285,0.0,0.0,0.0,0.0,0.0,0.0,0.0,0.0,0.0,-0.0009999999999994458,0.0,0.0,0.0,0.0,0.0,-0.0009999999999994458,0.0,0.0
GLY 286,R GLY 286,0.0,0.0,0.0,0.0,0.0,0.0,-0.0020000000000095497,0.0,0.0,0.0009999999999998899,0.0,0.0,0.0,0.0,0.0,-0.001000000000010104,0.0,0.0
PHE 287,R PHE 287,0.0,0.0,0.0,0.0,0.0,0.0,0.0020000000000095497,0.0,0.0,-0.0020000000000000018,0.0,0.0,0.0,0.0,0.0,8.881784197001252e-15,0.0,0.0
PRO 288,R PRO 288,0.0,0.0,0.0,0.0,0.0,0.0,0.0020000000000024443,0.0,0.0,-0.0019999999999997797,0.0,0.0,0.0,0.0,0.0,3.552713678800501e-15,0.0,0.0
SER 289,R SER 289,0.0,0.0,0.0,0.0,0.0,0.0,0.0,0.0,0.0,0.001000000000000334,0.0,0.0,0.0,0.0,0.0,0.0009999999999994458,0.0,0.0
LEU 290,R LEU 290,0.0,0.0,0.0,0.0,0.0,0.0,0.0,0.0,0.0,0.0,0.0,0.0,0.0,0.0,0.0,0.0,0.0,0.0
LEU 291,R LEU 291,0.0,0.0,0.0,0.0,0.0,0.0,0.0030000000000001137,0.0,0.0,-0.0020000000000000018,0.0,0.0,0.0,0.0,0.0,0.0010000000000012221,0.0,0.0
THR 292,R THR 292,0.0,0.0,0.0,0.0,0.0,0.0,0.0040000000000048885,0.0,0.0,-0.0029999999999998916,0.0,0.0,0.0,0.0,0.0,0.0010000000000083276,0.0,0.0
MET 293,R MET 293,0.0,0.0,0.0,0.0,0.0,0.0,0.0020000000000024443,0.0,0.0,-0.0010000000000000009,0.0,0.0,0.0,0.0,0.0,0.0010000000000025544,0.0,0.0
PHE 294,R PHE 294,0.0,0.0,0.0,0.0,0.0,0.0,0.0030000000000001137,0.0,0.0,-0.0040000000000000036,0.0,0.0,0.0,0.0,0.0,-0.0009999999999994458,0.0,0.0
SER 295,R SER 295,0.0,0.0,0.0,0.0,0.0,0.0,-0.0020000000000024443,0.0,0.0,0.0030000000000001137,0.0,0.0,0.0,0.0,0.0,0.0009999999999976694,0.0,0.0
ALA 296,R ALA 296,0.0,0.0,0.0,-0.0009999999999994458,0.0,0.0,-0.0049999999999954525,0.0,0.0,0.008000000000000007,0.0,0.0,0.0,0.0,0.0,0.0020000000000131024,0.0,0.0
PRO 297,R PRO 297,0.0,0.0,0.0,0.0,0.0,0.0,-0.007000000000005002,0.0,0.0,0.011000000000001009,0.0,0.0,0.0,0.0,0.0,0.003999999999996007,0.0,0.0
ASN 298,R ASN 298,0.0,0.0,0.0,-0.0009999999999994458,0.0,0.0,-0.02400000000000091,0.0,0.0,0.036999999999999034,0.0,0.0,0.0,0.0,0.0,0.011999999999986244,0.0,0.0
TYR 299,R TYR 299,0.0,0.0,0.0,-0.002000000000000668,0.0,0.0,-0.030000000000001137,0.0,0.0,0.027999999999999997,0.0,0.0,0.0,0.0,0.0,-0.004000000000001336,0.0,0.0
LEU 300,R LEU 300,0.0,0.0,0.0,-0.0030000000000001137,0.0,0.0,-0.053999999999987836,0.0,0.0,0.05399999999999999,0.0,0.0,0.0,0.0,0.0,-0.002999999999985903,0.0,0.0
ASP 301,R ASP 301,0.0,0.0,0.0,-0.004000000000000448,0.0,0.0,-0.6080000000000005,0.0,0.0,0.646000000000015,0.0,0.0,0.0,0.0,0.0,0.034000000000020236,0.0,0.0
SER 302,R SER 302,0.0,0.0,0.0,-0.0019999999999997797,0.0,0.0,0.030000000000001137,0.0,0.0,-0.01100000000000012,0.0,0.0,0.0,0.0,0.0,0.016999999999998572,0.0,0.0
TYR 303,R TYR 303,0.0,0.0,0.0,-0.002000000000000668,0.0,0.0,0.018999999999991246,0.0,0.0,-0.0129999999999999,0.0,0.0,0.0,0.0,0.0,0.003999999999990678,0.0,0.0
ASN 304,R ASN 304,0.0,0.0,0.0,0.0,0.0,0.0,0.006000000000000227,0.0,0.0,0.0009999999999994458,0.0,0.0,0.0,0.0,0.0,0.007000000000005002,0.0,0.0
ASN 305,R ASN 305,0.0,0.0,0.0,-0.0010000000000012221,0.0,0.0,-0.0309999999999917,0.0,0.0,0.030999999999999694,0.0,0.0,0.0,0.0,0.0,-0.000999999999990564,0.0,0.0
LYS 306,R LYS 306,0.0,0.0,0.0,0.0,0.0,0.0,0.1810000000000116,0.0,0.0,-0.17900000000000205,0.0,0.0,0.0,0.0,0.0,0.0020000000000095497,0.0,0.0
ALA 307,R ALA 307,0.0,0.0,0.0,0.0,0.0,0.0,-0.001999999999995339,0.0,0.0,0.0030000000000001137,0.0,0.0,0.0,0.0,0.0,0.0010000000000047748,0.0,0.0
ALA 308,R ALA 308,0.0,0.0,0.0,0.0,0.0,0.0,-0.0030000000000001137,0.0,0.0,0.0020000000000000018,0.0,0.0,0.0,0.0,0.0,-0.001000000000000112,0.0,0.0
VAL 309,R VAL 309,0.0,0.0,0.0,0.0,0.0,0.0,-0.0030000000000001137,0.0,0.0,0.0030000000000001137,0.0,0.0,0.0,0.0,0.0,0.0,0.0,0.0
LEU 310,R LEU 310,0.0,0.0,0.0,0.0,0.0,0.0,0.0010000000000047748,0.0,0.0,0.0,0.0,0.0,0.0,0.0,0.0,0.0010000000000047748,0.0,0.0
LYS 311,R LYS 311,0.0,0.0,0.0,0.0,0.0,0.0,0.06999999999999318,0.0,0.0,-0.07000000000000028,0.0,0.0,0.0,0.0,0.0,-7.105427357601002e-15,0.0,0.0
TYR 312,R TYR 312,0.0,0.0,0.0,0.0,0.0,0.0,0.0010000000000047748,0.0,0.0,-0.0009999999999994458,0.0,0.0,0.0,0.0,0.0,7.105427357601002e-15,0.0,0.0
GLU 313,R GLU 313,0.0,0.0,0.0,0.0,0.0,0.0,-0.06099999999999994,0.0,0.0,0.06100000000000705,0.0,0.0,0.0,0.0,0.0,7.105427357601002e-15,0.0,0.0
ASN 314,R ASN 314,0.0,0.0,0.0,0.0,0.0,0.0,0.001999999999995339,0.0,0.0,-0.002000000000000668,0.0,0.0,0.0,0.0,0.0,0.0,0.0,0.0
ASN 315,R ASN 315,0.0,0.0,0.0,0.0,0.0,0.0,0.0010000000000047748,0.0,0.0,0.0,0.0,0.0,0.0,0.0,0.0,0.0010000000000047748,0.0,0.0
VAL 316,R VAL 316,0.0,0.0,0.0,0.0,0.0,0.0,0.0010000000000047748,0.0,0.0,-0.001000000000000112,0.0,0.0,0.0,0.0,0.0,3.552713678800501e-15,0.0,0.0
MET 317,R MET 317,0.0,0.0,0.0,0.0,0.0,0.0,-0.0020000000000024443,0.0,0.0,0.0029999999999998916,0.0,0.0,0.0,0.0,0.0,0.0009999999999974474,0.0,0.0
ASN 318,R ASN 318,0.0,0.0,0.0,0.0,0.0,0.0,-0.000999999999990564,0.0,0.0,0.0019999999999997797,0.0,0.0,0.0,0.0,0.0,0.0010000000000047748,0.0,0.0
ILE 319,R ILE 319,0.0,0.0,0.0,0.0,0.0,0.0,0.0010000000000047748,0.0,0.0,-0.0009999999999998899,0.0,0.0,0.0,0.0,0.0,4.440892098500626e-15,0.0,0.0
ARG 320,R ARG 320,0.0,0.0,0.0,0.0,0.0,0.0,0.09699999999999953,0.0,0.0,-0.09600000000000009,0.0,0.0,0.0,0.0,0.0,0.0009999999999763531,0.0,0.0
GLN 321,R GLN 321,0.0,0.0,0.0,-0.0009999999999994458,0.0,0.0,0.007000000000005002,0.0,0.0,-0.006999999999999673,0.0,0.0,0.0,0.0,0.0,-0.0009999999999763531,0.0,0.0
PHE 322,R PHE 322,0.0,0.0,0.0,0.0,0.0,0.0,-0.0010000000000047748,0.0,0.0,0.001000000000000334,0.0,0.0,0.0,0.0,0.0,-3.552713678800501e-15,0.0,0.0
ASN 323,R ASN 323,0.0,0.0,0.0,0.0,0.0,0.0,0.009000000000000341,0.0,0.0,-0.009000000000000341,0.0,0.0,0.0,0.0,0.0,0.0,0.0,0.0
ALA 324,R ALA 324,0.0,0.0,0.0,0.0,0.0,0.0,0.007999999999995566,0.0,0.0,-0.007000000000000117,0.0,0.0,0.0,0.0,0.0,0.000999999999995449,0.0,0.0
SER 325,R SER 325,0.0,0.0,0.0,0.0,0.0,0.0,-0.01099999999999568,0.0,0.0,0.014999999999998792,0.0,0.0,0.0,0.0,0.0,0.004000000000003112,0.0,0.0
PRO 326,R PRO 326,0.0,0.0,0.0,-0.0009999999999998899,0.0,0.0,0.019000000000005457,0.0,0.0,-0.014000000000000234,0.0,0.0,0.0,0.0,0.0,0.0039999999999995595,0.0,0.0
HIE 327,R HIE 327,0.0,0.0,0.0,-0.0030000000000001137,0.0,0.0,-0.0030000000000001137,0.0,0.0,0.02200000000000024,0.0,0.0,0.0,0.0,0.0,0.01600000000000179,0.0,0.0
PRO 328,R PRO 328,0.0,0.0,0.0,-0.0019999999999988916,0.0,0.0,-0.009000000000000341,0.0,0.0,0.018000000000000016,0.0,0.0,0.0,0.0,0.0,0.006999999999997009,0.0,0.0
TYR 329,R TYR 329,0.0,0.0,0.0,-0.16600000000000037,0.0,0.0,0.13300000000000978,0.0,0.0,0.3039999999999994,0.0,0.0,-0.007135200000000008,0.0,0.0,0.2638648000000039,0.0,0.0
TRP 330,R TRP 330,0.0,0.0,0.0,-0.029999999999997584,0.0,0.0,-0.10600000000000875,0.0,0.0,0.025000000000000355,0.0,0.0,0.0,0.0,0.0,-0.11099999999999532,0.0,0.0
LEU 331,R LEU 331,0.0,0.0,0.0,-0.31099999999999994,0.0,0.0,0.03999999999999204,0.0,0.0,-0.449,0.0,0.0,0.0,0.0,0.0,-0.7200000000000077,0.0,0.0
PRO 332,R PRO 332,0.0,0.0,0.0,-0.8079999999999989,0.0,0.0,0.2949999999999946,0.0,0.0,-0.258,0.0,0.0,-0.031492800000000015,0.0,0.0,-0.8024927999999978,0.0,0.0
HIE 333,R HIE 333,0.0,0.0,0.0,-0.0649999999999995,0.0,0.0,0.05600000000000449,0.0,0.0,0.08600000000000207,0.0,0.0,0.0,0.0,0.0,0.07700000000000884,0.0,0.0
PHE 334,R PHE 334,0.0,0.0,0.0,-0.021000000000000796,0.0,0.0,0.028000000000005798,0.0,0.0,-0.0129999999999999,0.0,0.0,0.0,0.0,0.0,-0.0059999999999806874,0.0,0.0
MET 335,R MET 335,0.0,0.0,0.0,-0.40500000000000114,0.0,0.0,-0.13299999999999557,0.0,0.0,0.006000000000000005,0.0,0.0,-0.012268799999999996,0.0,0.0,-0.5442687999999958,0.0,0.0
ASP 336,R ASP 336,0.0,0.0,0.0,-0.034000000000000696,0.0,0.0,0.5320000000000036,0.0,0.0,-0.48500000000001364,0.0,0.0,0.0,0.0,0.0,0.01300000000000523,0.0,0.0
VAL 337,R VAL 337,0.0,0.0,0.0,-0.11599999999999966,0.0,0.0,0.09100000000000108,0.0,0.0,-0.1899999999999995,0.0,0.0,0.0,0.0,0.0,-0.21499999999999808,0.0,0.0
PHE 338,R PHE 338,0.0,0.0,0.0,-0.053000000000000824,0.0,0.0,0.07200000000000273,0.0,0.0,-0.07500000000000018,0.0,0.0,0.0,0.0,0.0,-0.05599999999999383,0.0,0.0
THR 339,R THR 339,0.0,0.0,0.0,-0.10099999999999909,0.0,0.0,0.060000000000002274,0.0,0.0,-0.3360000000000003,0.0,0.0,0.0,0.0,0.0,-0.37699999999999534,0.0,0.0
TRP 340,R TRP 340,0.0,0.0,0.0,-4.087999999999999,0.0,0.0,-3.1799999999999926,0.0,0.0,2.8760000000000003,0.0,0.0,-0.49006079999999996,0.0,0.0,-4.882060799999986,0.0,0.0
SER 341,R SER 341,0.0,0.0,0.0,-1.152000000000001,0.0,0.0,0.016999999999995907,0.0,0.0,0.042999999999999705,0.0,0.0,-0.050608799999999995,0.0,0.0,-1.1426088000000032,0.0,0.0
LEU 342,R LEU 342,0.0,0.0,0.0,-0.15300000000000047,0.0,0.0,0.018000000000000682,0.0,0.0,-0.14100000000000001,0.0,0.0,0.0,0.0,0.0,-0.275999999999998,0.0,0.0
PRO 343,R PRO 343,0.0,0.0,0.0,-1.1370000000000005,0.0,0.0,0.14399999999999835,0.0,0.0,0.7990000000000002,0.0,0.0,-0.058629600000000004,0.0,0.0,-0.25262960000000234,0.0,0.0
PHE 344,R PHE 344,0.0,0.0,0.0,-4.145999999999999,0.0,0.0,-0.43600000000000705,0.0,0.0,0.30000000000000027,0.0,0.0,-0.37750320000000004,0.0,0.0,-4.659503200000008,0.0,0.0
VAL 345,R VAL 345,0.0,0.0,0.0,-0.20199999999999996,0.0,0.0,-0.0969999999999942,0.0,0.0,0.0,0.0,0.0,0.0,0.0,0.0,-0.2989999999999924,0.0,0.0
GLY 346,R GLY 346,0.0,0.0,0.0,-0.06899999999999995,0.0,0.0,-0.18000000000000682,0.0,0.0,0.21499999999999986,0.0,0.0,0.0,0.0,0.0,-0.03400000000000247,0.0,0.0
GLU 347,R GLU 347,0.0,0.0,0.0,-2.1340000000000003,0.0,0.0,-3.9140000000000006,0.0,0.0,8.169999999999987,0.0,0.0,-0.32716799999999996,0.0,0.0,1.7948319999999853,0.0,0.0
LYS 348,R LYS 348,0.0,0.0,0.0,-0.2599999999999998,0.0,0.0,0.39200000000002433,0.0,0.0,0.028000000000005798,0.0,0.0,0.0,0.0,0.0,0.1600000000000108,0.0,0.0
VAL 349,R VAL 349,0.0,0.0,0.0,-0.019999999999999574,0.0,0.0,-0.044999999999987494,0.0,0.0,0.05700000000000016,0.0,0.0,0.0,0.0,0.0,-0.007999999999984908,0.0,0.0
THR 350,R THR 350,0.0,0.0,0.0,-0.022999999999999687,0.0,0.0,-0.03800000000000381,0.0,0.0,0.06899999999999995,0.0,0.0,0.0,0.0,0.0,0.007999999999995566,0.0,0.0
ASP 351,R ASP 351,0.0,0.0,0.0,-0.04100000000000037,0.0,0.0,-0.2079999999999984,0.0,0.0,0.32099999999999795,0.0,0.0,0.0,0.0,0.0,0.07199999999998852,0.0,0.0
MET 352,R MET 352,0.0,0.0,0.0,-0.007999999999999119,0.0,0.0,-0.007999999999995566,0.0,0.0,0.0389999999999997,0.0,0.0,0.0,0.0,0.0,0.02299999999999436,0.0,0.0
LEU 353,R LEU 353,0.0,0.0,0.0,-0.0039999999999995595,0.0,0.0,-0.015000000000000568,0.0,0.0,0.04500000000000082,0.0,0.0,0.0,0.0,0.0,0.026000000000003354,0.0,0.0
VAL 354,R VAL 354,0.0,0.0,0.0,-0.004000000000000448,0.0,0.0,-0.0030000000000001137,0.0,0.0,0.02499999999999991,0.0,0.0,0.0,0.0,0.0,0.018000000000000682,0.0,0.0
SER 355,R SER 355,0.0,0.0,0.0,-0.002000000000000668,0.0,0.0,0.01099999999999568,0.0,0.0,0.008000000000000007,0.0,0.0,0.0,0.0,0.0,0.01699999999999946,0.0,0.0
ILE 356,R ILE 356,0.0,0.0,0.0,-0.0009999999999994458,0.0,0.0,-0.005000000000002558,0.0,0.0,0.020999999999999908,0.0,0.0,0.0,0.0,0.0,0.01499999999999968,0.0,0.0
LEU 357,R LEU 357,0.0,0.0,0.0,-0.001000000000000334,0.0,0.0,-0.006000000000000227,0.0,0.0,0.009000000000000341,0.0,0.0,0.0,0.0,0.0,0.0020000000000024443,0.0,0.0
ASN 358,R ASN 358,0.0,0.0,0.0,-0.001000000000000334,0.0,0.0,0.01300000000000523,0.0,0.0,-0.006999999999999673,0.0,0.0,0.0,0.0,0.0,0.0049999999999954525,0.0,0.0
VAL 359,R VAL 359,0.0,0.0,0.0,-0.001000000000000334,0.0,0.0,-0.0020000000000024443,0.0,0.0,0.006000000000000227,0.0,0.0,0.0,0.0,0.0,0.0029999999999930083,0.0,0.0
CYS 360,R CYS 360,0.0,0.0,0.0,0.0,0.0,0.0,0.0020000000000095497,0.0,0.0,-0.0019999999999988916,0.0,0.0,0.0,0.0,0.0,1.0658141036401503e-14,0.0,0.0
THR 361,R THR 361,0.0,0.0,0.0,0.0,0.0,0.0,0.13000000000000078,0.0,0.0,-0.13100000000000023,0.0,0.0,0.0,0.0,0.0,-0.0010000000000047748,0.0,0.0
ILE 362,R ILE 362,0.0,0.0,0.0,0.0,0.0,0.0,-0.14200000000001012,0.0,0.0,0.14199999999999946,0.0,0.0,0.0,0.0,0.0,-7.105427357601002e-15,0.0,0.0
GLU 363,R GLU 363,0.0,0.0,0.0,-0.0009999999999994458,0.0,0.0,0.13899999999999935,0.0,0.0,-0.1389999999999958,0.0,0.0,0.0,0.0,0.0,-0.000999999999990564,0.0,0.0
GLU 364,R GLU 364,0.0,0.0,0.0,0.0,0.0,0.0,0.20099999999999962,0.0,0.0,-0.20000000000001705,0.0,0.0,0.0,0.0,0.0,0.000999999999990564,0.0,0.0
ILE 365,R ILE 365,0.0,0.0,0.0,-0.001000000000000334,0.0,0.0,-0.0020000000000024443,0.0,0.0,0.002000000000000224,0.0,0.0,0.0,0.0,0.0,-0.0010000000000069953,0.0,0.0
ASP 366,R ASP 366,0.0,0.0,0.0,0.0,0.0,0.0,0.09799999999999898,0.0,0.0,-0.09799999999999898,0.0,0.0,0.0,0.0,0.0,0.0,0.0,0.0
ARG 367,R ARG 367,0.0,0.0,0.0,0.0,0.0,0.0,-0.15700000000000003,0.0,0.0,0.16199999999999193,0.0,0.0,0.0,0.0,0.0,0.004999999999967031,0.0,0.0
LEU 368,R LEU 368,0.0,0.0,0.0,0.0,0.0,0.0,-0.0040000000000048885,0.0,0.0,0.006000000000000005,0.0,0.0,0.0,0.0,0.0,0.001999999999995339,0.0,0.0
ARG 369,R ARG 369,0.0,0.0,0.0,0.0,0.0,0.0,-0.0799999999999983,0.0,0.0,0.07900000000000063,0.0,0.0,0.0,0.0,0.0,-0.0010000000000047748,0.0,0.0
LYS 370,R LYS 370,0.0,0.0,0.0,0.0,0.0,0.0,-0.10300000000000864,0.0,0.0,0.1039999999999992,0.0,0.0,0.0,0.0,0.0,0.000999999999990564,0.0,0.0
ARG 371,R ARG 371,0.0,0.0,0.0,-0.0010000000000012221,0.0,0.0,-0.1699999999999946,0.0,0.0,0.19199999999999307,0.0,0.0,0.0,0.0,0.0,0.021000000000015007,0.0,0.0
PHE 372,R PHE 372,0.0,0.0,0.0,0.0,0.0,0.0,-0.003999999999990678,0.0,0.0,0.0029999999999983373,0.0,0.0,0.0,0.0,0.0,-0.0009999999999923403,0.0,0.0
MET 373,R MET 373,0.0,0.0,0.0,0.0,0.0,0.0,-0.0030000000000001137,0.0,0.0,0.0030000000000001137,0.0,0.0,0.0,0.0,0.0,0.0,0.0,0.0
LYS 374,R LYS 374,0.0,0.0,0.0,0.0,0.0,0.0,-0.07799999999997453,0.0,0.0,0.07900000000000063,0.0,0.0,0.0,0.0,0.0,0.0010000000000260911,0.0,0.0
LEU 375,R LEU 375,0.0,0.0,0.0,0.0,0.0,0.0,0.037000000000002586,0.0,0.0,-0.036000000000001364,0.0,0.0,0.0,0.0,0.0,0.000999999999990564,0.0,0.0
ILE 376,R ILE 376,0.0,0.0,0.0,0.0,0.0,0.0,-0.04099999999999682,0.0,0.0,0.04999999999998295,0.0,0.0,0.0,0.0,0.0,0.00899999999998613,0.0,0.0
ASP 377,R ASP 377,0.0,0.0,0.0,0.0,0.0,0.0,-0.006999999999997897,0.0,0.0,0.006000000000000227,0.0,0.0,0.0,0.0,0.0,-0.000999999999990564,0.0,0.0
LYS 378,R LYS 378,0.0,0.0,0.0,-0.0009999999999994458,0.0,0.0,0.0660000000000025,0.0,0.0,-0.055999999999997385,0.0,0.0,0.0,0.0,0.0,0.009000000000014552,0.0,0.0
GLN 379,R GLN 379,0.0,0.0,0.0,-0.001000000000000334,0.0,0.0,-0.001999999999995339,0.0,0.0,0.0019999999999988916,0.0,0.0,0.0,0.0,0.0,-0.000999999999990564,0.0,0.0
GLU 380,R GLU 380,0.0,0.0,0.0,0.0,0.0,0.0,0.013999999999999346,0.0,0.0,-0.01300000000000523,0.0,0.0,0.0,0.0,0.0,0.000999999999990564,0.0,0.0
PHE 381,R PHE 381,0.0,0.0,0.0,-0.0010000000000012221,0.0,0.0,0.000999999999990564,0.0,0.0,-0.008000000000000007,0.0,0.0,0.0,0.0,0.0,-0.008000000000000007,0.0,0.0
LEU 382,R LEU 382,0.0,0.0,0.0,-0.0010000000000012221,0.0,0.0,0.0,0.0,0.0,0.0030000000000000027,0.0,0.0,0.0,0.0,0.0,0.001999999999995339,0.0,0.0
SER 383,R SER 383,0.0,0.0,0.0,0.0,0.0,0.0,-0.0009999999999976694,0.0,0.0,0.0019999999999997797,0.0,0.0,0.0,0.0,0.0,0.0010000000000012221,0.0,0.0
ILE 384,R ILE 384,0.0,0.0,0.0,-0.0009999999999994458,0.0,0.0,-0.012000000000000455,0.0,0.0,0.025000000000000022,0.0,0.0,0.0,0.0,0.0,0.011999999999995126,0.0,0.0
PRO 385,R PRO 385,0.0,0.0,0.0,-0.002000000000000224,0.0,0.0,0.006000000000000227,0.0,0.0,0.001000000000000334,0.0,0.0,0.0,0.0,0.0,0.005000000000006111,0.0,0.0
GLY 386,R GLY 386,0.0,0.0,0.0,-0.002000000000000224,0.0,0.0,-0.009999999999990905,0.0,0.0,0.02400000000000002,0.0,0.0,0.0,0.0,0.0,0.01200000000001289,0.0,0.0
ILE 387,R ILE 387,0.0,0.0,0.0,-0.0039999999999995595,0.0,0.0,-0.015000000000000568,0.0,0.0,0.032,0.0,0.0,0.0,0.0,0.0,0.013000000000008755,0.0,0.0
SER 388,R SER 388,0.0,0.0,0.0,-0.002000000000000668,0.0,0.0,-0.021000000000000796,0.0,0.0,0.03599999999999959,0.0,0.0,0.0,0.0,0.0,0.012999999999996348,0.0,0.0
SER 389,R SER 389,0.0,0.0,0.0,-0.008999999999999897,0.0,0.0,-0.030000000000001137,0.0,0.0,0.1070000000000011,0.0,0.0,0.0,0.0,0.0,0.06800000000000672,0.0,0.0
ASN 390,R ASN 390,0.0,0.0,0.0,-0.02099999999999902,0.0,0.0,-0.007000000000005002,0.0,0.0,0.0990000000000002,0.0,0.0,0.0,0.0,0.0,0.07099999999999795,0.0,0.0
PRO 391,R PRO 391,0.0,0.0,0.0,-0.0730000000000004,0.0,0.0,0.016999999999995907,0.0,0.0,0.09200000000000008,0.0,0.0,0.0,0.0,0.0,0.03599999999998715,0.0,0.0
LEU 392,R LEU 392,0.0,0.0,0.0,-0.0519999999999996,0.0,0.0,0.015999999999998238,0.0,0.0,0.013999999999999999,0.0,0.0,0.0,0.0,0.0,-0.021999999999998465,0.0,0.0
ALA 393,R ALA 393,0.0,0.0,0.0,-0.0039999999999995595,0.0,0.0,0.021000000000000796,0.0,0.0,0.004999999999999893,0.0,0.0,0.0,0.0,0.0,0.02200000000001001,0.0,0.0
THR 394,R THR 394,0.0,0.0,0.0,-0.0030000000000001137,0.0,0.0,0.015999999999998238,0.0,0.0,-0.0039999999999995595,0.0,0.0,0.0,0.0,0.0,0.008999999999996788,0.0,0.0
ARG 395,R ARG 395,0.0,0.0,0.0,-0.009000000000000341,0.0,0.0,0.045000000000001705,0.0,0.0,0.07399999999998386,0.0,0.0,0.0,0.0,0.0,0.10999999999998522,0.0,0.0
LEU 396,R LEU 396,0.0,0.0,0.0,-0.0039999999999995595,0.0,0.0,0.007999999999995566,0.0,0.0,0.017999999999999794,0.0,0.0,0.0,0.0,0.0,0.021999999999987807,0.0,0.0
MET 397,R MET 397,0.0,0.0,0.0,-0.0009999999999994458,0.0,0.0,0.014000000000010004,0.0,0.0,-0.008000000000000007,0.0,0.0,0.0,0.0,0.0,0.005000000000006111,0.0,0.0
ASP 398,R ASP 398,0.0,0.0,0.0,-0.0009999999999994458,0.0,0.0,-0.021000000000000796,0.0,0.0,0.026999999999986812,0.0,0.0,0.0,0.0,0.0,0.0049999999999954525,0.0,0.0
VAL 399,R VAL 399,0.0,0.0,0.0,-0.0009999999999994458,0.0,0.0,0.0010000000000047748,0.0,0.0,0.016999999999999904,0.0,0.0,0.0,0.0,0.0,0.01699999999999946,0.0,0.0
PHE 400,R PHE 400,0.0,0.0,0.0,-0.0009999999999994458,0.0,0.0,0.000999999999990564,0.0,0.0,-0.008000000000000007,0.0,0.0,0.0,0.0,0.0,-0.008000000000014218,0.0,0.0
ASP 401,R ASP 401,0.0,0.0,0.0,0.0,0.0,0.0,0.02499999999999858,0.0,0.0,-0.025999999999982037,0.0,0.0,0.0,0.0,0.0,-0.0009999999999763531,0.0,0.0
LYS 402,R LYS 402,0.0,0.0,0.0,0.0,0.0,0.0,-0.10300000000000864,0.0,0.0,0.10099999999999909,0.0,0.0,0.0,0.0,0.0,-0.0020000000000095497,0.0,0.0
ASP 403,R ASP 403,0.0,0.0,0.0,0.0,0.0,0.0,0.03700000000000614,0.0,0.0,-0.038000000000010914,0.0,0.0,0.0,0.0,0.0,-0.0010000000000047748,0.0,0.0
GLY 404,R GLY 404,0.0,0.0,0.0,0.0,0.0,0.0,-0.0040000000000048885,0.0,0.0,0.0040000000000000036,0.0,0.0,0.0,0.0,0.0,-5.329070518200751e-15,0.0,0.0
ASP 405,R ASP 405,0.0,0.0,0.0,-0.0009999999999994458,0.0,0.0,0.02200000000000557,0.0,0.0,-0.02199999999999136,0.0,0.0,0.0,0.0,0.0,-0.0010000000000047748,0.0,0.0
GLY 406,R GLY 406,0.0,0.0,0.0,0.0,0.0,0.0,-0.0030000000000001137,0.0,0.0,0.0040000000000000036,0.0,0.0,0.0,0.0,0.0,0.0010000000000012221,0.0,0.0
SER 407,R SER 407,0.0,0.0,0.0,0.0,0.0,0.0,-0.001999999999995339,0.0,0.0,0.004000000000001336,0.0,0.0,0.0,0.0,0.0,0.002000000000005997,0.0,0.0
ILE 408,R ILE 408,0.0,0.0,0.0,0.0,0.0,0.0,-0.001999999999995339,0.0,0.0,0.004000000000000448,0.0,0.0,0.0,0.0,0.0,0.002000000000005997,0.0,0.0
ASP 409,R ASP 409,0.0,0.0,0.0,0.0,0.0,0.0,0.05699999999998795,0.0,0.0,-0.0589999999999975,0.0,0.0,0.0,0.0,0.0,-0.0020000000000095497,0.0,0.0
PHE 410,R PHE 410,0.0,0.0,0.0,0.0,0.0,0.0,0.005000000000009663,0.0,0.0,-0.0050000000000003375,0.0,0.0,0.0,0.0,0.0,9.325873406851315e-15,0.0,0.0
GLU 411,R GLU 411,0.0,0.0,0.0,0.0,0.0,0.0,0.0940000000000012,0.0,0.0,-0.09299999999998931,0.0,0.0,0.0,0.0,0.0,0.0010000000000189857,0.0,0.0
GLU 412,R GLU 412,0.0,0.0,0.0,-0.0009999999999994458,0.0,0.0,0.07099999999999795,0.0,0.0,-0.0689999999999884,0.0,0.0,0.0,0.0,0.0,0.0010000000000047748,0.0,0.0
PHE 413,R PHE 413,0.0,0.0,0.0,-0.0009999999999976694,0.0,0.0,0.009000000000000341,0.0,0.0,-0.01100000000000012,0.0,0.0,0.0,0.0,0.0,-0.0029999999999903437,0.0,0.0
ILE 414,R ILE 414,0.0,0.0,0.0,-0.0009999999999994458,0.0,0.0,0.009000000000000341,0.0,0.0,-0.007000000000000117,0.0,0.0,0.0,0.0,0.0,0.0010000000000096598,0.0,0.0
THR 415,R THR 415,0.0,0.0,0.0,0.0,0.0,0.0,0.009000000000000341,0.0,0.0,-0.007000000000000561,0.0,0.0,0.0,0.0,0.0,0.0019999999999988916,0.0,0.0
GLY 416,R GLY 416,0.0,0.0,0.0,-0.0009999999999994458,0.0,0.0,0.015000000000000568,0.0,0.0,-0.007000000000000006,0.0,0.0,0.0,0.0,0.0,0.007000000000003226,0.0,0.0
LEU 417,R LEU 417,0.0,0.0,0.0,-0.0009999999999994458,0.0,0.0,0.015000000000000568,0.0,0.0,-0.009000000000000341,0.0,0.0,0.0,0.0,0.0,0.005000000000002558,0.0,0.0
SER 418,R SER 418,0.0,0.0,0.0,0.0,0.0,0.0,0.015000000000000568,0.0,0.0,-0.0129999999999999,0.0,0.0,0.0,0.0,0.0,0.002000000000000668,0.0,0.0
ALA 419,R ALA 419,0.0,0.0,0.0,0.0,0.0,0.0,0.01300000000000523,0.0,0.0,-0.004999999999999893,0.0,0.0,0.0,0.0,0.0,0.008000000000005336,0.0,0.0
PHE 420,R PHE 420,0.0,0.0,0.0,-0.0030000000000001137,0.0,0.0,0.34999999999999964,0.0,0.0,-0.36700000000001864,0.0,0.0,0.0,0.0,0.0,-0.020000000000010232,0.0,0.0
SER 421,R SER 421,0.0,0.0,0.0,0.0,0.0,0.0,-0.2750000000000057,0.0,0.0,0.2839999999999918,0.0,0.0,0.0,0.0,0.0,0.009000000000014552,0.0,0.0
ASP 422,R ASP 422,0.0,0.0,0.0,0.0,0.0,0.0,0.2829999999999995,0.0,0.0,-0.28000000000000114,0.0,0.0,0.0,0.0,0.0,0.0030000000000001137,0.0,0.0
ASN 423,R ASN 423,0.0,0.0,0.0,-0.0010000000000012221,0.0,0.0,0.022999999999996135,0.0,0.0,-0.004999999999999893,0.0,0.0,0.0,0.0,0.0,0.016999999999981696,0.0,0.0
LEU 424,R LEU 424,0.0,0.0,0.0,0.0,0.0,0.0,0.0040000000000048885,0.0,0.0,-0.0020000000000000018,0.0,0.0,0.0,0.0,0.0,0.002000000000005997,0.0,0.0
ASN 425,R ASN 425,0.0,0.0,0.0,-0.0009999999999994458,0.0,0.0,-0.000999999999990564,0.0,0.0,0.016000000000000014,0.0,0.0,0.0,0.0,0.0,0.014000000000024215,0.0,0.0
LYS 426,R LYS 426,0.0,0.0,0.0,-0.0030000000000001137,0.0,0.0,-0.4679999999999893,0.0,0.0,0.5169999999999959,0.0,0.0,0.0,0.0,0.0,0.04599999999999227,0.0,0.0
LEU 427,R LEU 427,0.0,0.0,0.0,-0.002000000000000668,0.0,0.0,-0.0010000000000047748,0.0,0.0,0.016999999999999904,0.0,0.0,0.0,0.0,0.0,0.013999999999999346,0.0,0.0
ARG 428,R ARG 428,0.0,0.0,0.0,-0.0010000000000012221,0.0,0.0,-0.16499999999999915,0.0,0.0,0.16900000000001114,0.0,0.0,0.0,0.0,0.0,0.0030000000000143245,0.0,0.0
PHE 429,R PHE 429,0.0,0.0,0.0,-0.0039999999999995595,0.0,0.0,-0.024999999999991473,0.0,0.0,0.020999999999999908,0.0,0.0,0.0,0.0,0.0,-0.007999999999996454,0.0,0.0
ALA 430,R ALA 430,0.0,0.0,0.0,-0.0039999999999995595,0.0,0.0,-0.025000000000005684,0.0,0.0,0.04300000000000015,0.0,0.0,0.0,0.0,0.0,0.014000000000003787,0.0,0.0
PHE 431,R PHE 431,0.0,0.0,0.0,-0.0030000000000001137,0.0,0.0,-0.013999999999995794,0.0,0.0,0.0040000000000000036,0.0,0.0,0.0,0.0,0.0,-0.012999999999982137,0.0,0.0
ASN 432,R ASN 432,0.0,0.0,0.0,-0.0019999999999988916,0.0,0.0,-0.0040000000000048885,0.0,0.0,0.027000000000000135,0.0,0.0,0.0,0.0,0.0,0.020999999999986585,0.0,0.0
ILE 433,R ILE 433,0.0,0.0,0.0,-0.0129999999999999,0.0,0.0,-0.03300000000000125,0.0,0.0,0.014999999999999902,0.0,0.0,0.0,0.0,0.0,-0.0310000000000068,0.0,0.0
TYR 434,R TYR 434,0.0,0.0,0.0,-0.036999999999999034,0.0,0.0,0.0010000000000047748,0.0,0.0,0.03399999999999981,0.0,0.0,0.0,0.0,0.0,-0.0020000000000024443,0.0,0.0
ASP 435,R ASP 435,0.0,0.0,0.0,-0.0009999999999994458,0.0,0.0,0.0660000000000025,0.0,0.0,-0.06700000000000728,0.0,0.0,0.0,0.0,0.0,-0.001999999999981128,0.0,0.0
ILE 436,R ILE 436,0.0,0.0,0.0,-0.0019999999999997797,0.0,0.0,0.007999999999995566,0.0,0.0,0.0040000000000000036,0.0,0.0,0.0,0.0,0.0,0.010000000000000231,0.0,0.0
ASP 437,R ASP 437,0.0,0.0,0.0,0.0,0.0,0.0,0.001999999999995339,0.0,0.0,-0.004000000000019099,0.0,0.0,0.0,0.0,0.0,-0.0020000000000379714,0.0,0.0
ARG 438,R ARG 438,0.0,0.0,0.0,0.0,0.0,0.0,-0.027999999999991587,0.0,0.0,0.033999999999991815,0.0,0.0,0.0,0.0,0.0,0.006000000000028649,0.0,0.0
ASP 439,R ASP 439,0.0,0.0,0.0,0.0,0.0,0.0,0.036000000000001364,0.0,0.0,-0.03899999999998727,0.0,0.0,0.0,0.0,0.0,-0.002999999999985903,0.0,0.0
GLY 440,R GLY 440,0.0,0.0,0.0,-0.0009999999999994458,0.0,0.0,0.0040000000000048885,0.0,0.0,0.0009999999999998899,0.0,0.0,0.0,0.0,0.0,0.004000000000015547,0.0,0.0
TYR 441,R TYR 441,0.0,0.0,0.0,-0.0009999999999994458,0.0,0.0,-0.0049999999999954525,0.0,0.0,0.015000000000000568,0.0,0.0,0.0,0.0,0.0,0.009000000000014552,0.0,0.0
ILE 442,R ILE 442,0.0,0.0,0.0,-0.0030000000000001137,0.0,0.0,0.001999999999995339,0.0,0.0,-0.002,0.0,0.0,0.0,0.0,0.0,-0.0030000000000045546,0.0,0.0
GLY 443,R GLY 443,0.0,0.0,0.0,-0.0009999999999994458,0.0,0.0,0.0030000000000001137,0.0,0.0,-0.009000000000000119,0.0,0.0,0.0,0.0,0.0,-0.006999999999997897,0.0,0.0
ASN 444,R ASN 444,0.0,0.0,0.0,-0.002000000000000668,0.0,0.0,-0.022999999999996135,0.0,0.0,0.008000000000000007,0.0,0.0,0.0,0.0,0.0,-0.016999999999995907,0.0,0.0
GLY 445,R GLY 445,0.0,0.0,0.0,-0.0019999999999997797,0.0,0.0,-0.014999999999986358,0.0,0.0,0.006999999999999895,0.0,0.0,0.0,0.0,0.0,-0.009999999999982023,0.0,0.0
GLU 446,R GLU 446,0.0,0.0,0.0,-0.0030000000000001137,0.0,0.0,-0.027000000000001023,0.0,0.0,-0.020999999999986585,0.0,0.0,0.0,0.0,0.0,-0.051000000000016144,0.0,0.0
LEU 447,R LEU 447,0.0,0.0,0.0,-0.016000000000000014,0.0,0.0,-0.028999999999996362,0.0,0.0,-0.06399999999999961,0.0,0.0,0.0,0.0,0.0,-0.10900000000000176,0.0,0.0
PHE 448,R PHE 448,0.0,0.0,0.0,-0.015999999999998238,0.0,0.0,-0.031999999999996476,0.0,0.0,0.017,0.0,0.0,0.0,0.0,0.0,-0.03100000000000147,0.0,0.0
ILE 449,R ILE 449,0.0,0.0,0.0,-0.009999999999999787,0.0,0.0,-0.0350000000000108,0.0,0.0,0.0129999999999999,0.0,0.0,0.0,0.0,0.0,-0.032000000000016016,0.0,0.0
VAL 450,R VAL 450,0.0,0.0,0.0,-0.04299999999999926,0.0,0.0,-0.054000000000002046,0.0,0.0,-0.038000000000000256,0.0,0.0,0.0,0.0,0.0,-0.13500000000000156,0.0,0.0
MET 451,R MET 451,0.0,0.0,0.0,-0.593,0.0,0.0,-0.07900000000000773,0.0,0.0,-0.10599999999999987,0.0,0.0,-0.0151344,0.0,0.0,-0.7931344000000111,0.0,0.0
LYS 452,R LYS 452,0.0,0.0,0.0,-0.06399999999999828,0.0,0.0,0.4369999999999834,0.0,0.0,-0.20999999999999375,0.0,0.0,0.0,0.0,0.0,0.1629999999999825,0.0,0.0
MET 453,R MET 453,0.0,0.0,0.0,-0.07199999999999918,0.0,0.0,-0.024999999999991473,0.0,0.0,0.08100000000000018,0.0,0.0,0.0,0.0,0.0,-0.015999999999980474,0.0,0.0
MET 454,R MET 454,0.0,0.0,0.0,-1.5250000000000004,0.0,0.0,-0.4650000000000034,0.0,0.0,1.331,0.0,0.0,-0.12067920000000001,0.0,0.0,-0.779679199999995,0.0,0.0
VAL 455,R VAL 455,0.0,0.0,0.0,-1.7090000000000014,0.0,0.0,-0.2890000000000015,0.0,0.0,0.16900000000000004,0.0,0.0,-0.1011672,0.0,0.0,-1.9301672000000032,0.0,0.0
GLY 456,R GLY 456,0.0,0.0,0.0,-0.10899999999999999,0.0,0.0,-0.006000000000000227,0.0,0.0,0.16500000000000004,0.0,0.0,0.0,0.0,0.0,0.05000000000000515,0.0,0.0
LYS 457,R LYS 457,0.0,0.0,0.0,-0.06799999999999962,0.0,0.0,0.7439999999999998,0.0,0.0,-0.625,0.0,0.0,0.0,0.0,0.0,0.05100000000000193,0.0,0.0
ASN 458,R ASN 458,0.0,0.0,0.0,-1.5950000000000006,0.0,0.0,0.03700000000000614,0.0,0.0,1.248,0.0,0.0,-0.1279944,0.0,0.0,-0.437994400000008,0.0,0.0
LEU 459,R LEU 459,0.0,0.0,0.0,-0.2680000000000007,0.0,0.0,-0.043000000000006366,0.0,0.0,0.052999999999999936,0.0,0.0,-0.002865600000000003,0.0,0.0,-0.2608656000000078,0.0,0.0
LYS 460,R LYS 460,0.0,0.0,0.0,-0.018000000000000682,0.0,0.0,0.49100000000001387,0.0,0.0,-0.3719999999999999,0.0,0.0,0.0,0.0,0.0,0.1010000000000133,0.0,0.0
ASP 461,R ASP 461,0.0,0.0,0.0,-0.008000000000000007,0.0,0.0,-0.42799999999999727,0.0,0.0,0.39700000000000557,0.0,0.0,0.0,0.0,0.0,-0.03899999999998727,0.0,0.0
GLU 462,R GLU 462,0.0,0.0,0.0,-0.005000000000000782,0.0,0.0,-0.3719999999999999,0.0,0.0,0.35200000000000387,0.0,0.0,0.0,0.0,0.0,-0.025000000000005684,0.0,0.0
GLU 463,R GLU 463,0.0,0.0,0.0,-0.02400000000000091,0.0,0.0,-0.75,0.0,0.0,0.7379999999999995,0.0,0.0,0.0,0.0,0.0,-0.036000000000001364,0.0,0.0
LEU 464,R LEU 464,0.0,0.0,0.0,-0.0649999999999995,0.0,0.0,0.036000000000001364,0.0,0.0,-0.1080000000000001,0.0,0.0,0.0,0.0,0.0,-0.137000000000004,0.0,0.0
GLN 465,R GLN 465,0.0,0.0,0.0,-0.006000000000000227,0.0,0.0,0.007999999999995566,0.0,0.0,-0.016000000000000014,0.0,0.0,0.0,0.0,0.0,-0.014000000000010004,0.0,0.0
GLN 466,R GLN 466,0.0,0.0,0.0,-0.005000000000000782,0.0,0.0,-0.003999999999990678,0.0,0.0,-0.057000000000000384,0.0,0.0,0.0,0.0,0.0,-0.0660000000000025,0.0,0.0
ILE 467,R ILE 467,0.0,0.0,0.0,-0.04499999999999993,0.0,0.0,0.03599999999998715,0.0,0.0,-0.17799999999999994,0.0,0.0,0.0,0.0,0.0,-0.18700000000000028,0.0,0.0
VAL 468,R VAL 468,0.0,0.0,0.0,-0.011000000000001009,0.0,0.0,0.027999999999998693,0.0,0.0,-0.07499999999999973,0.0,0.0,0.0,0.0,0.0,-0.05800000000000338,0.0,0.0
ASP 469,R ASP 469,0.0,0.0,0.0,-0.002000000000000668,0.0,0.0,-0.0909999999999993,0.0,0.0,0.06499999999999773,0.0,0.0,0.0,0.0,0.0,-0.027999999999991587,0.0,0.0
LYS 470,R LYS 470,0.0,0.0,0.0,-0.006000000000000227,0.0,0.0,0.15499999999997272,0.0,0.0,-0.08099999999998886,0.0,0.0,0.0,0.0,0.0,0.06800000000001205,0.0,0.0
THR 471,R THR 471,0.0,0.0,0.0,-0.008000000000000007,0.0,0.0,0.009000000000000341,0.0,0.0,-0.03699999999999992,0.0,0.0,0.0,0.0,0.0,-0.036000000000001364,0.0,0.0
LEU 472,R LEU 472,0.0,0.0,0.0,-0.0030000000000001137,0.0,0.0,0.01899999999999835,0.0,0.0,-0.014000000000000234,0.0,0.0,0.0,0.0,0.0,0.001999999999995339,0.0,0.0
MET 473,R MET 473,0.0,0.0,0.0,-0.0009999999999994458,0.0,0.0,0.006000000000000227,0.0,0.0,0.014000000000000234,0.0,0.0,0.0,0.0,0.0,0.019000000000009898,0.0,0.0
GLU 474,R GLU 474,0.0,0.0,0.0,-0.0030000000000001137,0.0,0.0,0.12100000000000222,0.0,0.0,-0.11299999999999955,0.0,0.0,0.0,0.0,0.0,0.0049999999999954525,0.0,0.0
ALA 475,R ALA 475,0.0,0.0,0.0,-0.0009999999999994458,0.0,0.0,0.0049999999999954525,0.0,0.0,0.0050000000000003375,0.0,0.0,0.0,0.0,0.0,0.009000000000005226,0.0,0.0
ASP 476,R ASP 476,0.0,0.0,0.0,0.0,0.0,0.0,0.06300000000000239,0.0,0.0,-0.06399999999999295,0.0,0.0,0.0,0.0,0.0,-0.0010000000000047748,0.0,0.0
LEU 477,R LEU 477,0.0,0.0,0.0,-0.001000000000000334,0.0,0.0,-0.006000000000000227,0.0,0.0,0.004999999999999893,0.0,0.0,0.0,0.0,0.0,-0.002000000000005997,0.0,0.0
ASP 478,R ASP 478,0.0,0.0,0.0,0.0,0.0,0.0,0.0730000000000075,0.0,0.0,-0.0730000000000075,0.0,0.0,0.0,0.0,0.0,2.842170943040401e-14,0.0,0.0
GLY 479,R GLY 479,0.0,0.0,0.0,0.0,0.0,0.0,-0.006000000000000227,0.0,0.0,0.006999999999999673,0.0,0.0,0.0,0.0,0.0,0.0009999999999994458,0.0,0.0
ASP 480,R ASP 480,0.0,0.0,0.0,0.0,0.0,0.0,0.045999999999999375,0.0,0.0,-0.04599999999999227,0.0,0.0,0.0,0.0,0.0,0.0,0.0,0.0
GLY 481,R GLY 481,0.0,0.0,0.0,0.0,0.0,0.0,-0.007000000000005002,0.0,0.0,0.009999999999999787,0.0,0.0,0.0,0.0,0.0,0.0029999999999947846,0.0,0.0
LYS 482,R LYS 482,0.0,0.0,0.0,-0.0009999999999994458,0.0,0.0,-0.03000000000002956,0.0,0.0,0.04599999999999227,0.0,0.0,0.0,0.0,0.0,0.014999999999957936,0.0,0.0
LEU 483,R LEU 483,0.0,0.0,0.0,-0.0019999999999988916,0.0,0.0,-0.0040000000000048885,0.0,0.0,-0.0009999999999998899,0.0,0.0,0.0,0.0,0.0,-0.007000000000008555,0.0,0.0
ASN 484,R ASN 484,0.0,0.0,0.0,-0.0009999999999994458,0.0,0.0,0.020000000000010232,0.0,0.0,-0.020000000000000018,0.0,0.0,0.0,0.0,0.0,-0.000999999999990564,0.0,0.0
PHE 485,R PHE 485,0.0,0.0,0.0,-0.0009999999999994458,0.0,0.0,0.012000000000000455,0.0,0.0,-0.01399999999999979,0.0,0.0,0.0,0.0,0.0,-0.0029999999999903437,0.0,0.0
GLU 486,R GLU 486,0.0,0.0,0.0,-0.0009999999999994458,0.0,0.0,0.21700000000000053,0.0,0.0,-0.21600000000000819,0.0,0.0,0.0,0.0,0.0,-1.4210854715202004e-14,0.0,0.0
GLU 487,R GLU 487,0.0,0.0,0.0,-0.0009999999999994458,0.0,0.0,0.13000000000000966,0.0,0.0,-0.12699999999998113,0.0,0.0,0.0,0.0,0.0,0.0020000000000379714,0.0,0.0
PHE 488,R PHE 488,0.0,0.0,0.0,-0.005000000000002558,0.0,0.0,0.018000000000000682,0.0,0.0,-0.04800000000000004,0.0,0.0,0.0,0.0,0.0,-0.035000000000009024,0.0,0.0
LYS 489,R LYS 489,0.0,0.0,0.0,-0.0009999999999994458,0.0,0.0,-0.22700000000000387,0.0,0.0,0.23999999999999488,0.0,0.0,0.0,0.0,0.0,0.011999999999986244,0.0,0.0
ASN 490,R ASN 490,0.0,0.0,0.0,-0.001000000000000334,0.0,0.0,0.007999999999995566,0.0,0.0,0.004000000000001336,0.0,0.0,0.0,0.0,0.0,0.010999999999981469,0.0,0.0
ALA 491,R ALA 491,0.0,0.0,0.0,-0.0019999999999997797,0.0,0.0,0.015999999999991132,0.0,0.0,0.005999999999999783,0.0,0.0,0.0,0.0,0.0,0.019999999999981366,0.0,0.0
VAL 492,R VAL 492,0.0,0.0,0.0,-0.006000000000000227,0.0,0.0,-0.0379999999999967,0.0,0.0,0.07999999999999918,0.0,0.0,0.0,0.0,0.0,0.036000000000001364,0.0,0.0
ASN 493,R ASN 493,0.0,0.0,0.0,-0.006000000000000227,0.0,0.0,0.018000000000000682,0.0,0.0,0.023999999999999133,0.0,0.0,0.0,0.0,0.0,0.036000000000001364,0.0,0.0
THR 494,R THR 494,0.0,0.0,0.0,-0.0019999999999997797,0.0,0.0,0.030999999999998806,0.0,0.0,-0.013999999999999346,0.0,0.0,0.0,0.0,0.0,0.015000000000000568,0.0,0.0
ASP 495,R ASP 495,0.0,0.0,0.0,-0.0030000000000001137,0.0,0.0,0.5330000000000013,0.0,0.0,-0.5159999999999911,0.0,0.0,0.0,0.0,0.0,0.014000000000010004,0.0,0.0
THR 496,R THR 496,0.0,0.0,0.0,-0.014000000000000234,0.0,0.0,0.018000000000000682,0.0,0.0,0.009999999999999787,0.0,0.0,0.0,0.0,0.0,0.014000000000002899,0.0,0.0
ILE 497,R ILE 497,0.0,0.0,0.0,-0.010999999999999233,0.0,0.0,0.041999999999994486,0.0,0.0,-0.04699999999999993,0.0,0.0,0.0,0.0,0.0,-0.01600000000000823,0.0,0.0
ALA 498,R ALA 498,0.0,0.0,0.0,-0.002000000000000668,0.0,0.0,-0.007000000000005002,0.0,0.0,0.024000000000000007,0.0,0.0,0.0,0.0,0.0,0.01499999999998547,0.0,0.0
ASN 499,R ASN 499,0.0,0.0,0.0,-0.009000000000000341,0.0,0.0,0.08599999999999852,0.0,0.0,-0.0129999999999999,0.0,0.0,0.0,0.0,0.0,0.06400000000000716,0.0,0.0
THR 500,R THR 500,0.0,0.0,0.0,-0.05799999999999983,0.0,0.0,-0.0660000000000025,0.0,0.0,0.12100000000000044,0.0,0.0,0.0,0.0,0.0,-0.0030000000000001137,0.0,0.0
LEU 501,R LEU 501,0.0,0.0,0.0,-0.010999999999999233,0.0,0.0,0.0030000000000001137,0.0,0.0,0.020000000000000018,0.0,0.0,0.0,0.0,0.0,0.012000000000000455,0.0,0.0
THR 502,R THR 502,0.0,0.0,0.0,-0.004999999999999893,0.0,0.0,0.43599999999999284,0.0,0.0,-0.42399999999997817,0.0,0.0,0.0,0.0,0.0,0.007000000000019213,0.0,0.0
GLU 503,R GLU 503,0.0,0.0,0.0,-0.0030000000000001137,0.0,0.0,0.3649999999999949,0.0,0.0,-0.2710000000000008,0.0,0.0,0.0,0.0,0.0,0.09099999999997976,0.0,0.0
LEU 504,R LEU 504,0.0,0.0,0.0,-0.0029999999999992255,0.0,0.0,0.01899999999999835,0.0,0.0,0.0129999999999999,0.0,0.0,0.0,0.0,0.0,0.02899999999999814,0.0,0.0
PRO 505,R PRO 505,0.0,0.0,0.0,-0.008000000000000895,0.0,0.0,-0.03900000000000148,0.0,0.0,0.07300000000000006,0.0,0.0,0.0,0.0,0.0,0.025999999999989143,0.0,0.0
GLN 506,R GLN 506,0.0,0.0,0.0,-0.0030000000000001137,0.0,0.0,0.030000000000001137,0.0,0.0,-0.014999999999998792,0.0,0.0,0.0,0.0,0.0,0.01200000000000756,0.0,0.0
ILE 507,R ILE 507,0.0,0.0,0.0,-0.004000000000000448,0.0,0.0,0.016000000000005343,0.0,0.0,-0.010000000000000009,0.0,0.0,0.0,0.0,0.0,0.0020000000000148788,0.0,0.0
GLU 508,R GLU 508,0.0,0.0,0.0,-0.0019999999999997797,0.0,0.0,-0.08199999999999985,0.0,0.0,0.08200000000002206,0.0,0.0,0.0,0.0,0.0,-0.001999999999966917,0.0,0.0
ILE 509,R ILE 509,0.0,0.0,0.0,-0.0019999999999997797,0.0,0.0,0.015999999999991132,0.0,0.0,-0.008000000000000007,0.0,0.0,0.0,0.0,0.0,0.0059999999999957865,0.0,0.0
VAL 510,R VAL 510,0.0,0.0,0.0,-0.001000000000000334,0.0,0.0,0.02400000000000091,0.0,0.0,-0.016000000000000014,0.0,0.0,0.0,0.0,0.0,0.006999999999997897,0.0,0.0
GLN 511,R GLN 511,0.0,0.0,0.0,-0.001000000000000334,0.0,0.0,-0.0309999999999917,0.0,0.0,0.03200000000000003,0.0,0.0,0.0,0.0,0.0,0.0,0.0,0.0
GLU 512,R GLU 512,0.0,0.0,0.0,0.0,0.0,0.0,-0.1609999999999996,0.0,0.0,0.16399999999998727,0.0,0.0,0.0,0.0,0.0,0.002999999999985903,0.0,0.0
GLY 513,R GLY 513,0.0,0.0,0.0,0.0,0.0,0.0,0.018000000000000682,0.0,0.0,-0.013999999999999346,0.0,0.0,0.0,0.0,0.0,0.004000000000001336,0.0,0.0
ASP 514,R ASP 514,0.0,0.0,0.0,-0.0009999999999994458,0.0,0.0,-0.2579999999999991,0.0,0.0,0.25,0.0,0.0,0.0,0.0,0.0,-0.00899999999998613,0.0,0.0
ASN 515,R ASN 515,0.0,0.0,0.0,-0.001000000000000334,0.0,0.0,0.0030000000000001137,0.0,0.0,0.0020000000000000018,0.0,0.0,0.0,0.0,0.0,0.0040000000000048885,0.0,0.0
THR 516,R THR 516,0.0,0.0,0.0,0.0,0.0,0.0,0.0020000000000024443,0.0,0.0,0.0019999999999997797,0.0,0.0,0.0,0.0,0.0,0.004000000000001336,0.0,0.0
THR 517,R THR 517,0.0,0.0,0.0,-0.001000000000000334,0.0,0.0,-0.006000000000000227,0.0,0.0,0.009999999999999787,0.0,0.0,0.0,0.0,0.0,0.002999999999996561,0.0,0.0
PHE 518,R PHE 518,0.0,0.0,0.0,-0.0019999999999988916,0.0,0.0,0.0030000000000001137,0.0,0.0,0.004999999999999893,0.0,0.0,0.0,0.0,0.0,0.006000000000004668,0.0,0.0
ALA 519,R ALA 519,0.0,0.0,0.0,-0.0019999999999988916,0.0,0.0,0.027999999999991587,0.0,0.0,-0.016999999999999904,0.0,0.0,0.0,0.0,0.0,0.0089999999999959,0.0,0.0
LYS 520,R LYS 520,0.0,0.0,0.0,-0.0029999999999992255,0.0,0.0,0.06700000000000728,0.0,0.0,-0.053000000000000824,0.0,0.0,0.0,0.0,0.0,0.011000000000006338,0.0,0.0
PRO 521,R PRO 521,0.0,0.0,0.0,-0.0029999999999992255,0.0,0.0,-0.008000000000002672,0.0,0.0,0.040999999999999925,0.0,0.0,0.0,0.0,0.0,0.029999999999996696,0.0,0.0
GLY 522,R GLY 522,0.0,0.0,0.0,-0.002000000000000224,0.0,0.0,-0.0030000000000001137,0.0,0.0,0.0259999999999998,0.0,0.0,0.0,0.0,0.0,0.02100000000000435,0.0,0.0
ASP 523,R ASP 523,0.0,0.0,0.0,-0.005000000000000782,0.0,0.0,-0.27200000000000557,0.0,0.0,0.24200000000000443,0.0,0.0,0.0,0.0,0.0,-0.0350000000000108,0.0,0.0
THR 524,R THR 524,0.0,0.0,0.0,-0.009000000000000341,0.0,0.0,0.06199999999999761,0.0,0.0,-0.09600000000000009,0.0,0.0,0.0,0.0,0.0,-0.043000000000002814,0.0,0.0
VAL 525,R VAL 525,0.0,0.0,0.0,-0.027999999999998693,0.0,0.0,-0.03499999999999659,0.0,0.0,-0.030999999999999917,0.0,0.0,0.0,0.0,0.0,-0.09399999999999054,0.0,0.0
THR 526,R THR 526,0.0,0.0,0.0,-0.017000000000000348,0.0,0.0,0.07600000000000051,0.0,0.0,-0.18100000000000005,0.0,0.0,0.0,0.0,0.0,-0.12199999999999633,0.0,0.0
ILE 527,R ILE 527,0.0,0.0,0.0,-0.08699999999999974,0.0,0.0,-0.12299999999999756,0.0,0.0,0.09799999999999986,0.0,0.0,0.0,0.0,0.0,-0.11199999999999388,0.0,0.0
HIE 528,R HIE 528,0.0,0.0,0.0,-0.038000000000000256,0.0,0.0,-0.060000000000002274,0.0,0.0,0.08900000000000041,0.0,0.0,0.0,0.0,0.0,-0.009000000000012776,0.0,0.0
TYR 529,R TYR 529,0.0,0.0,0.0,-2.298,0.0,0.0,-0.028000000000005798,0.0,0.0,0.792,0.0,0.0,-0.16272,0.0,0.0,-1.6967200000000062,0.0,0.0
ASP 530,R ASP 530,0.0,0.0,0.0,-0.051000000000000156,0.0,0.0,-0.8209999999999997,0.0,0.0,0.7800000000000011,0.0,0.0,0.0,0.0,0.0,-0.09200000000001296,0.0,0.0
GLY 531,R GLY 531,0.0,0.0,0.0,-0.11099999999999977,0.0,0.0,0.028999999999996362,0.0,0.0,-0.03699999999999992,0.0,0.0,0.0,0.0,0.0,-0.11900000000000777,0.0,0.0
LYS 532,R LYS 532,0.0,0.0,0.0,-0.04499999999999993,0.0,0.0,0.44199999999997885,0.0,0.0,-0.28600000000000136,0.0,0.0,0.0,0.0,0.0,0.11099999999999,0.0,0.0
LEU 533,R LEU 533,0.0,0.0,0.0,-0.03200000000000003,0.0,0.0,-0.0969999999999942,0.0,0.0,0.124,0.0,0.0,0.0,0.0,0.0,-0.0049999999999919,0.0,0.0
THR 534,R THR 534,0.0,0.0,0.0,-0.004999999999999893,0.0,0.0,-0.04800000000000182,0.0,0.0,0.08699999999999974,0.0,0.0,0.0,0.0,0.0,0.03399999999999537,0.0,0.0
ASN 535,R ASN 535,0.0,0.0,0.0,-0.0029999999999992255,0.0,0.0,-0.05200000000000671,0.0,0.0,0.07099999999999973,0.0,0.0,0.0,0.0,0.0,0.015999999999991132,0.0,0.0
GLY 536,R GLY 536,0.0,0.0,0.0,-0.0029999999999992255,0.0,0.0,-0.04800000000000182,0.0,0.0,0.06299999999999972,0.0,0.0,0.0,0.0,0.0,0.012000000000012001,0.0,0.0
LYS 537,R LYS 537,0.0,0.0,0.0,-0.013999999999999346,0.0,0.0,-0.21600000000000819,0.0,0.0,0.30700000000000216,0.0,0.0,0.0,0.0,0.0,0.07699999999999818,0.0,0.0
GLU 538,R GLU 538,0.0,0.0,0.0,-0.0389999999999997,0.0,0.0,-0.6680000000000001,0.0,0.0,0.4130000000000109,0.0,0.0,0.0,0.0,0.0,-0.29399999999999693,0.0,0.0
PHE 539,R PHE 539,0.0,0.0,0.0,-0.9169999999999998,0.0,0.0,0.3610000000000042,0.0,0.0,-0.23899999999999988,0.0,0.0,-0.049896,0.0,0.0,-0.8448959999999972,0.0,0.0
ASP 540,R ASP 540,0.0,0.0,0.0,-1.9079999999999995,0.0,0.0,-5.158999999999999,0.0,0.0,11.599999999999994,0.0,0.0,-0.11446559999999999,0.0,0.0,4.418534399999999,0.0,0.0
SER 541,R SER 541,0.0,0.0,0.0,-0.12299999999999933,0.0,0.0,-0.01799999999998647,0.0,0.0,-0.11900000000000022,0.0,0.0,0.0,0.0,0.0,-0.2599999999999909,0.0,0.0
SER 542,R SER 542,0.0,0.0,0.0,-0.17499999999999893,0.0,0.0,0.2810000000000059,0.0,0.0,-0.20500000000000007,0.0,0.0,0.0,0.0,0.0,-0.09899999999999132,0.0,0.0
ARG 543,R ARG 543,0.0,0.0,0.0,-0.021999999999998465,0.0,0.0,0.7740000000000009,0.0,0.0,-0.6469999999999985,0.0,0.0,0.0,0.0,0.0,0.10500000000001819,0.0,0.0
LYS 544,R LYS 544,0.0,0.0,0.0,-0.02800000000000047,0.0,0.0,0.789999999999992,0.0,0.0,-0.5319999999999965,0.0,0.0,0.0,0.0,0.0,0.22999999999998977,0.0,0.0
ARG 545,R ARG 545,0.0,0.0,0.0,-1.2860000000000014,0.0,0.0,3.2630000000000052,0.0,0.0,-3.1229999999999905,0.0,0.0,-0.11221919999999996,0.0,0.0,-1.2582191999999566,0.0,0.0
GLY 546,R GLY 546,0.0,0.0,0.0,-0.009000000000000341,0.0,0.0,0.06199999999999761,0.0,0.0,0.006999999999999895,0.0,0.0,0.0,0.0,0.0,0.059999999999996945,0.0,0.0
LYS 547,R LYS 547,0.0,0.0,0.0,-0.06099999999999994,0.0,0.0,0.7590000000000146,0.0,0.0,-0.5399999999999991,0.0,0.0,0.0,0.0,0.0,0.15800000000000836,0.0,0.0
PRO 548,R PRO 548,0.0,0.0,0.0,-0.04800000000000004,0.0,0.0,0.05300000000000438,0.0,0.0,-0.1280000000000001,0.0,0.0,0.0,0.0,0.0,-0.12299999999999756,0.0,0.0
PHE 549,R PHE 549,0.0,0.0,0.0,-2.6850000000000005,0.0,0.0,-0.07600000000000762,0.0,0.0,0.2999999999999998,0.0,0.0,-0.27749519999999994,0.0,0.0,-2.73849520000001,0.0,0.0
THR 550,R THR 550,0.0,0.0,0.0,-0.1769999999999996,0.0,0.0,-0.1039999999999992,0.0,0.0,0.3149999999999995,0.0,0.0,0.0,0.0,0.0,0.03400000000000247,0.0,0.0
CYS 551,R CYS 551,0.0,0.0,0.0,-0.21199999999999974,0.0,0.0,-0.05500000000000682,0.0,0.0,0.22699999999999987,0.0,0.0,0.0,0.0,0.0,-0.040000000000009805,0.0,0.0
THR 552,R THR 552,0.0,0.0,0.0,-0.03500000000000014,0.0,0.0,-0.029000000000003467,0.0,0.0,-0.008000000000000007,0.0,0.0,0.0,0.0,0.0,-0.07200000000000273,0.0,0.0
VAL 553,R VAL 553,0.0,0.0,0.0,-0.0259999999999998,0.0,0.0,-0.017000000000003013,0.0,0.0,-0.0030000000000001137,0.0,0.0,0.0,0.0,0.0,-0.04600000000000648,0.0,0.0
GLY 554,R GLY 554,0.0,0.0,0.0,-0.009000000000000341,0.0,0.0,-0.006000000000000227,0.0,0.0,0.11699999999999999,0.0,0.0,0.0,0.0,0.0,0.10199999999999942,0.0,0.0
VAL 555,R VAL 555,0.0,0.0,0.0,-0.02400000000000002,0.0,0.0,0.00999999999999801,0.0,0.0,0.10499999999999998,0.0,0.0,0.0,0.0,0.0,0.09099999999999575,0.0,0.0
GLY 556,R GLY 556,0.0,0.0,0.0,-0.09100000000000019,0.0,0.0,-0.18000000000000682,0.0,0.0,0.3949999999999996,0.0,0.0,0.0,0.0,0.0,0.12399999999999167,0.0,0.0
GLN 557,R GLN 557,0.0,0.0,0.0,-0.6619999999999999,0.0,0.0,-1.3400000000000034,0.0,0.0,2.3040000000000003,0.0,0.0,-0.11988719999999992,0.0,0.0,0.18211279999999874,0.0,0.0
VAL 558,R VAL 558,0.0,0.0,0.0,-2.3439999999999994,0.0,0.0,-1.6810000000000045,0.0,0.0,0.32400000000000073,0.0,0.0,-0.195984,0.0,0.0,-3.896984000000007,0.0,0.0
ILE 559,R ILE 559,0.0,0.0,0.0,-1.8580000000000005,0.0,0.0,-2.3149999999999977,0.0,0.0,0.8259999999999998,0.0,0.0,-0.1131192,0.0,0.0,-3.4601191999999887,0.0,0.0
LYS 560,R LYS 560,0.0,0.0,0.0,-0.0990000000000002,0.0,0.0,-1.5619999999999834,0.0,0.0,1.8610000000000042,0.0,0.0,0.0,0.0,0.0,0.20000000000003126,0.0,0.0
GLY 561,R GLY 561,0.0,0.0,0.0,-0.03500000000000014,0.0,0.0,-0.24399999999999977,0.0,0.0,0.29899999999999993,0.0,0.0,0.0,0.0,0.0,0.020000000000003126,0.0,0.0
TRP 562,R TRP 562,0.0,0.0,0.0,-1.7890000000000015,0.0,0.0,-0.9269999999999925,0.0,0.0,0.786,0.0,0.0,-0.0579024,0.0,0.0,-1.987902399999994,0.0,0.0
ASP 563,R ASP 563,0.0,0.0,0.0,-0.054999999999999716,0.0,0.0,0.24599999999999866,0.0,0.0,-0.30700000000000216,0.0,0.0,0.0,0.0,0.0,-0.11599999999999255,0.0,0.0
ILE 564,R ILE 564,0.0,0.0,0.0,-0.0129999999999999,0.0,0.0,-0.0759999999999934,0.0,0.0,0.08599999999999985,0.0,0.0,0.0,0.0,0.0,-0.0029999999999992255,0.0,0.0
SER 565,R SER 565,0.0,0.0,0.0,-0.011999999999999567,0.0,0.0,0.04200000000000159,0.0,0.0,-0.06999999999999995,0.0,0.0,0.0,0.0,0.0,-0.039999999999998814,0.0,0.0
LEU 566,R LEU 566,0.0,0.0,0.0,-0.028999999999999915,0.0,0.0,0.003999999999990678,0.0,0.0,0.0029999999999998916,0.0,0.0,0.0,0.0,0.0,-0.022000000000012676,0.0,0.0
THR 567,R THR 567,0.0,0.0,0.0,-0.005000000000000782,0.0,0.0,0.003999999999997783,0.0,0.0,0.0030000000000000027,0.0,0.0,0.0,0.0,0.0,0.0019999999999988916,0.0,0.0
ASN 568,R ASN 568,0.0,0.0,0.0,-0.0009999999999994458,0.0,0.0,0.01999999999999602,0.0,0.0,0.008000000000000007,0.0,0.0,0.0,0.0,0.0,0.027000000000001023,0.0,0.0
ASN 569,R ASN 569,0.0,0.0,0.0,-0.002000000000000668,0.0,0.0,0.030000000000001137,0.0,0.0,0.011999999999999567,0.0,0.0,0.0,0.0,0.0,0.04000000000000625,0.0,0.0
TYR 570,R TYR 570,0.0,0.0,0.0,-0.006000000000000227,0.0,0.0,0.03499999999999659,0.0,0.0,-0.03399999999999981,0.0,0.0,0.0,0.0,0.0,-0.005000000000002558,0.0,0.0
GLY 571,R GLY 571,0.0,0.0,0.0,0.0,0.0,0.0,-0.0020000000000095497,0.0,0.0,0.004999999999999893,0.0,0.0,0.0,0.0,0.0,0.0029999999999903437,0.0,0.0
LYS 572,R LYS 572,0.0,0.0,0.0,-0.001000000000000334,0.0,0.0,-0.14300000000000068,0.0,0.0,0.14900000000000002,0.0,0.0,0.0,0.0,0.0,0.0049999999999919,0.0,0.0
GLY 573,R GLY 573,0.0,0.0,0.0,-0.001000000000000334,0.0,0.0,0.0030000000000001137,0.0,0.0,-0.001000000000000334,0.0,0.0,0.0,0.0,0.0,0.0009999999999950049,0.0,0.0
GLY 574,R GLY 574,0.0,0.0,0.0,-0.0009999999999998899,0.0,0.0,0.16100000000000136,0.0,0.0,-0.15900000000000603,0.0,0.0,0.0,0.0,0.0,0.0010000000000047748,0.0,0.0
PRO 575,R PRO 575,0.0,0.0,0.0,-0.001000000000000334,0.0,0.0,-0.03999999999999204,0.0,0.0,0.09599999999999653,0.0,0.0,0.0,0.0,0.0,0.054999999999999716,0.0,0.0
LYS 576,R LYS 576,0.0,0.0,0.0,-0.0009999999999994458,0.0,0.0,0.13700000000000045,0.0,0.0,-0.11400000000000077,0.0,0.0,0.0,0.0,0.0,0.022000000000009123,0.0,0.0
ILE 577,R ILE 577,0.0,0.0,0.0,-0.005000000000000782,0.0,0.0,0.007000000000005002,0.0,0.0,-0.008999999999999897,0.0,0.0,0.0,0.0,0.0,-0.007000000000004558,0.0,0.0
SER 578,R SER 578,0.0,0.0,0.0,-0.0009999999999994458,0.0,0.0,-0.03999999999999915,0.0,0.0,0.032999999999999474,0.0,0.0,0.0,0.0,0.0,-0.007999999999990237,0.0,0.0
LYS 579,R LYS 579,0.0,0.0,0.0,-0.0009999999999994458,0.0,0.0,0.42799999999999727,0.0,0.0,-0.3859999999999957,0.0,0.0,0.0,0.0,0.0,0.04100000000001103,0.0,0.0
GLY 580,R GLY 580,0.0,0.0,0.0,-0.0009999999999994458,0.0,0.0,0.02199999999999136,0.0,0.0,-0.011999999999999567,0.0,0.0,0.0,0.0,0.0,0.009000000000000341,0.0,0.0
THR 581,R THR 581,0.0,0.0,0.0,-0.002000000000000668,0.0,0.0,-0.04299999999999926,0.0,0.0,0.020999999999999908,0.0,0.0,0.0,0.0,0.0,-0.02400000000000091,0.0,0.0
LYS 582,R LYS 582,0.0,0.0,0.0,-0.0030000000000001137,0.0,0.0,0.5089999999999861,0.0,0.0,-0.4789999999999992,0.0,0.0,0.0,0.0,0.0,0.026999999999986812,0.0,0.0
ALA 583,R ALA 583,0.0,0.0,0.0,-0.0039999999999995595,0.0,0.0,-0.06400000000000716,0.0,0.0,0.06,0.0,0.0,0.0,0.0,0.0,-0.00799999999999823,0.0,0.0
ILE 584,R ILE 584,0.0,0.0,0.0,-0.006000000000000227,0.0,0.0,0.02199999999999136,0.0,0.0,-0.062000000000000055,0.0,0.0,0.0,0.0,0.0,-0.046000000000009145,0.0,0.0
LEU 585,R LEU 585,0.0,0.0,0.0,-0.030999999999998806,0.0,0.0,0.06100000000000705,0.0,0.0,-0.062,0.0,0.0,0.0,0.0,0.0,-0.03199999999999292,0.0,0.0
THR 586,R THR 586,0.0,0.0,0.0,-0.008000000000000895,0.0,0.0,-0.045999999999999375,0.0,0.0,0.028000000000000025,0.0,0.0,0.0,0.0,0.0,-0.0259999999999998,0.0,0.0
ILE 587,R ILE 587,0.0,0.0,0.0,-0.07200000000000095,0.0,0.0,0.02400000000000091,0.0,0.0,-0.07800000000000007,0.0,0.0,0.0,0.0,0.0,-0.12600000000000122,0.0,0.0
PRO 588,R PRO 588,0.0,0.0,0.0,-0.0129999999999999,0.0,0.0,0.18599999999999994,0.0,0.0,-0.15299999999999958,0.0,0.0,0.0,0.0,0.0,0.020000000000008455,0.0,0.0
PRO 589,R PRO 589,0.0,0.0,0.0,-0.017999999999999794,0.0,0.0,0.22699999999999676,0.0,0.0,-0.19899999999999984,0.0,0.0,0.0,0.0,0.0,0.009999999999996234,0.0,0.0
ASN 590,R ASN 590,0.0,0.0,0.0,-0.020000000000000462,0.0,0.0,0.23000000000000398,0.0,0.0,-0.19199999999999928,0.0,0.0,0.0,0.0,0.0,0.018000000000000682,0.0,0.0
LEU 591,R LEU 591,0.0,0.0,0.0,-0.04800000000000004,0.0,0.0,0.19400000000000261,0.0,0.0,-0.24200000000000002,0.0,0.0,0.0,0.0,0.0,-0.09599999999999653,0.0,0.0
ALA 592,R ALA 592,0.0,0.0,0.0,-0.17999999999999972,0.0,0.0,0.27599999999999625,0.0,0.0,-0.19699999999999984,0.0,0.0,-0.010699199999999999,0.0,0.0,-0.11169920000001032,0.0,0.0
TYR 593,R TYR 593,0.0,0.0,0.0,-2.0250000000000004,0.0,0.0,0.6899999999999977,0.0,0.0,4.433,0.0,0.0,-0.42118560000000005,0.0,0.0,2.676814400000005,0.0,0.0
GLY 594,R GLY 594,0.0,0.0,0.0,-0.02300000000000013,0.0,0.0,0.11299999999999955,0.0,0.0,-0.08800000000000008,0.0,0.0,0.0,0.0,0.0,0.0020000000000033324,0.0,0.0
PRO 595,R PRO 595,0.0,0.0,0.0,-0.013999999999999346,0.0,0.0,-0.012999999999998124,0.0,0.0,0.06099999999999994,0.0,0.0,0.0,0.0,0.0,0.033999999999991815,0.0,0.0
ARG 596,R ARG 596,0.0,0.0,0.0,-0.5800000000000001,0.0,0.0,-4.064999999999998,0.0,0.0,4.131,0.0,0.0,-0.11245680000000002,0.0,0.0,-0.6264568000000565,0.0,0.0
GLY 597,R GLY 597,0.0,0.0,0.0,-0.11299999999999955,0.0,0.0,0.2049999999999983,0.0,0.0,-0.10099999999999998,0.0,0.0,0.0,0.0,0.0,-0.009000000000002117,0.0,0.0
ILE 598,R ILE 598,0.0,0.0,0.0,-2.295000000000001,0.0,0.0,0.011000000000002785,0.0,0.0,0.14799999999999996,0.0,0.0,-0.24590159999999997,0.0,0.0,-2.3819015999999973,0.0,0.0
PRO 599,R PRO 599,0.0,0.0,0.0,-0.08800000000000008,0.0,0.0,0.0449999999999946,0.0,0.0,0.12600000000000033,0.0,0.0,0.0,0.0,0.0,0.08299999999998775,0.0,0.0
PRO 600,R PRO 600,0.0,0.0,0.0,-0.052999999999999936,0.0,0.0,0.003999999999997783,0.0,0.0,-0.0030000000000001137,0.0,0.0,0.0,0.0,0.0,-0.05200000000001381,0.0,0.0
ILE 601,R ILE 601,0.0,0.0,0.0,-1.5980000000000008,0.0,0.0,-0.05499999999999261,0.0,0.0,-0.199,0.0,0.0,-0.10586879999999999,0.0,0.0,-1.957868799999992,0.0,0.0
ILE 602,R ILE 602,0.0,0.0,0.0,-0.8260000000000005,0.0,0.0,-0.036000000000001364,0.0,0.0,0.068,0.0,0.0,-0.0456624,0.0,0.0,-0.8396623999999946,0.0,0.0
GLY 603,R GLY 603,0.0,0.0,0.0,-0.020999999999999908,0.0,0.0,0.15099999999999625,0.0,0.0,-0.09299999999999997,0.0,0.0,0.0,0.0,0.0,0.03699999999999548,0.0,0.0
PRO 604,R PRO 604,0.0,0.0,0.0,-0.011999999999999567,0.0,0.0,-0.05100000000000193,0.0,0.0,0.09299999999999997,0.0,0.0,0.0,0.0,0.0,0.029999999999997584,0.0,0.0
ASN 605,R ASN 605,0.0,0.0,0.0,-0.009000000000000341,0.0,0.0,-0.05999999999998806,0.0,0.0,0.11599999999999966,0.0,0.0,0.0,0.0,0.0,0.047000000000011255,0.0,0.0
GLU 606,R GLU 606,0.0,0.0,0.0,-0.02800000000000047,0.0,0.0,1.0649999999999977,0.0,0.0,-1.0480000000000018,0.0,0.0,0.0,0.0,0.0,-0.011000000000024102,0.0,0.0
THR 607,R THR 607,0.0,0.0,0.0,-0.016000000000000014,0.0,0.0,-0.014000000000002899,0.0,0.0,-0.06399999999999917,0.0,0.0,0.0,0.0,0.0,-0.0940000000000012,0.0,0.0
LEU 608,R LEU 608,0.0,0.0,0.0,-0.3260000000000005,0.0,0.0,-0.05499999999999261,0.0,0.0,-0.06299999999999994,0.0,0.0,0.0,0.0,0.0,-0.4439999999999955,0.0,0.0
VAL 609,R VAL 609,0.0,0.0,0.0,-0.028999999999999915,0.0,0.0,-0.02300000000000324,0.0,0.0,-0.028999999999999998,0.0,0.0,0.0,0.0,0.0,-0.08099999999999952,0.0,0.0
PHE 610,R PHE 610,0.0,0.0,0.0,-1.3330000000000002,0.0,0.0,-0.1869999999999976,0.0,0.0,-0.07999999999999996,0.0,0.0,-0.1044144,0.0,0.0,-1.7044143999999948,0.0,0.0
GLU 611,R GLU 611,0.0,0.0,0.0,-0.019000000000000128,0.0,0.0,-0.5869999999999997,0.0,0.0,0.5740000000000123,0.0,0.0,0.0,0.0,0.0,-0.031999999999982265,0.0,0.0
VAL 612,R VAL 612,0.0,0.0,0.0,-0.045999999999999375,0.0,0.0,0.11200000000000188,0.0,0.0,-0.26,0.0,0.0,0.0,0.0,0.0,-0.1939999999999884,0.0,0.0
GLU 613,R GLU 613,0.0,0.0,0.0,-0.009999999999999787,0.0,0.0,-0.7110000000000001,0.0,0.0,0.7300000000000182,0.0,0.0,0.0,0.0,0.0,0.009000000000014552,0.0,0.0
LEU 614,R LEU 614,0.0,0.0,0.0,-0.008999999999998565,0.0,0.0,0.031999999999996476,0.0,0.0,-0.06499999999999995,0.0,0.0,0.0,0.0,0.0,-0.042000000000005144,0.0,0.0
LEU 615,R LEU 615,0.0,0.0,0.0,-0.007999999999999119,0.0,0.0,0.06900000000000261,0.0,0.0,-0.065,0.0,0.0,0.0,0.0,0.0,-0.004000000000001336,0.0,0.0
GLY 616,R GLY 616,0.0,0.0,0.0,-0.0030000000000001137,0.0,0.0,-0.04800000000000182,0.0,0.0,0.05099999999999971,0.0,0.0,0.0,0.0,0.0,-1.687538997430238e-14,0.0,0.0
VAL 617,R VAL 617,0.0,0.0,0.0,-0.0030000000000001137,0.0,0.0,0.00999999999999801,0.0,0.0,-0.0020000000000000018,0.0,0.0,0.0,0.0,0.0,0.004999999999999005,0.0,0.0
ASN 618,R ASN 618,0.0,0.0,0.0,-0.0030000000000001137,0.0,0.0,-0.4939999999999998,0.0,0.0,0.5130000000000052,0.0,0.0,0.0,0.0,0.0,0.016000000000019554,0.0,0.0
FK5 619,L FK5   1,0.0,0.0,0.0,-49.885000000000005,0.0,0.0,-17.108,0.0,0.0,25.483999999999998,0.0,0.0,-6.6573576,0.0,0.0,-48.166357600000005,0.0,0.0

Sidechain Energy Decomposition:
Residue,Location,Internal,,,van der Waals,,,Electrostatic,,,Polar Solvation,,,Non-Polar Solv.,,,TOTAL,,
,,Avg.,Std. Dev.,Std. Err. of Mean,Avg.,Std. Dev.,Std. Err. of Mean,Avg.,Std. Dev.,Std. Err. of Mean,Avg.,Std. Dev.,Std. Err. of Mean,Avg.,Std. Dev.,Std. Err. of Mean
THR   1,R THR   1,0.0,0.0,0.0,0.0,0.0,0.0,0.004999999999999005,0.0,0.0,-0.0009999999999994458,0.0,0.0,0.0,0.0,0.0,0.004000000000001336,0.0,0.0
VAL   2,R VAL   2,0.0,0.0,0.0,-0.0009999999999998899,0.0,0.0,0.0,0.0,0.0,0.0009999999999998899,0.0,0.0,0.0,0.0,0.0,1.7763568394002505e-15,0.0,0.0
GLU   3,R GLU   3,0.0,0.0,0.0,0.0,0.0,0.0,-0.07000000000000028,0.0,0.0,0.07200000000000273,0.0,0.0,0.0,0.0,0.0,0.0020000000000024443,0.0,0.0
ARG   4,R ARG   4,0.0,0.0,0.0,0.0,0.0,0.0,0.0990000000000002,0.0,0.0,-0.07399999999999807,0.0,0.0,0.0,0.0,0.0,0.024999999999977263,0.0,0.0
ALA   5,R ALA   5,0.0,0.0,0.0,0.0,0.0,0.0,0.006000000000000227,0.0,0.0,-0.006000000000000227,0.0,0.0,0.0,0.0,0.0,0.0,0.0,0.0
VAL   6,R VAL   6,0.0,0.0,0.0,-0.001000000000000334,0.0,0.0,0.006000000000000227,0.0,0.0,-0.008000000000000007,0.0,0.0,0.0,0.0,0.0,-0.00300000000000189,0.0,0.0
LYS   7,R LYS   7,0.0,0.0,0.0,0.0,0.0,0.0,0.06300000000000239,0.0,0.0,-0.07099999999999795,0.0,0.0,0.0,0.0,0.0,-0.007999999999995566,0.0,0.0
SER   8,R SER   8,0.0,0.0,0.0,0.0,0.0,0.0,0.0050000000000001155,0.0,0.0,-0.006999999999999673,0.0,0.0,0.0,0.0,0.0,-0.0019999999999997797,0.0,0.0
VAL   9,R VAL   9,0.0,0.0,0.0,-0.0009999999999994458,0.0,0.0,0.0039999999999995595,0.0,0.0,-0.008000000000000007,0.0,0.0,0.0,0.0,0.0,-0.004999999999997229,0.0,0.0
ASP  10,R ASP  10,0.0,0.0,0.0,0.0,0.0,0.0,-0.11499999999999488,0.0,0.0,0.11599999999998545,0.0,0.0,0.0,0.0,0.0,0.000999999999990564,0.0,0.0
PRO  11,R PRO  11,0.0,0.0,0.0,-0.0009999999999998899,0.0,0.0,0.01600000000000179,0.0,0.0,-0.015000000000000568,0.0,0.0,0.0,0.0,0.0,1.7763568394002505e-15,0.0,0.0
PRO  12,R PRO  12,0.0,0.0,0.0,-0.001000000000000334,0.0,0.0,0.012000000000000455,0.0,0.0,-0.0030000000000001137,0.0,0.0,0.0,0.0,0.0,0.007999999999999119,0.0,0.0
ALA  13,R ALA  13,0.0,0.0,0.0,0.0,0.0,0.0,0.0019999999999997797,0.0,0.0,-0.0009999999999994458,0.0,0.0,0.0,0.0,0.0,0.001000000000000334,0.0,0.0
THR  14,R THR  14,0.0,0.0,0.0,0.0,0.0,0.0,0.0019999999999988916,0.0,0.0,-0.0019999999999997797,0.0,0.0,0.0,0.0,0.0,0.0,0.0,0.0
PHE  15,R PHE  15,0.0,0.0,0.0,0.0,0.0,0.0,-0.001000000000000334,0.0,0.0,-0.010000000000000009,0.0,0.0,0.0,0.0,0.0,-0.011000000000000343,0.0,0.0
LYS  16,R LYS  16,0.0,0.0,0.0,-0.001000000000000334,0.0,0.0,-0.04999999999999716,0.0,0.0,0.04899999999999949,0.0,0.0,0.0,0.0,0.0,-0.0020000000000024443,0.0,0.0
PRO  17,R PRO  17,0.0,0.0,0.0,0.0,0.0,0.0,-0.0009999999999976694,0.0,0.0,0.0030000000000001137,0.0,0.0,0.0,0.0,0.0,0.0020000000000024443,0.0,0.0
LYS  18,R LYS  18,0.0,0.0,0.0,0.0,0.0,0.0,-0.010000000000005116,0.0,0.0,0.009000000000000341,0.0,0.0,0.0,0.0,0.0,-0.0010000000000047748,0.0,0.0
ASP  19,R ASP  19,0.0,0.0,0.0,0.0,0.0,0.0,0.027000000000001023,0.0,0.0,-0.027000000000001023,0.0,0.0,0.0,0.0,0.0,0.0,0.0,0.0
GLU  20,R GLU  20,0.0,0.0,0.0,0.0,0.0,0.0,0.015999999999998238,0.0,0.0,-0.015000000000000568,0.0,0.0,0.0,0.0,0.0,0.0009999999999976694,0.0,0.0
GLN  21,R GLN  21,0.0,0.0,0.0,0.0,0.0,0.0,0.0020000000000000018,0.0,0.0,-0.0019999999999997797,0.0,0.0,0.0,0.0,0.0,-7.105427357601002e-15,0.0,0.0
VAL  22,R VAL  22,0.0,0.0,0.0,0.0,0.0,0.0,-0.0010000000000012221,0.0,0.0,0.002000000000000224,0.0,0.0,0.0,0.0,0.0,0.000999999999995893,0.0,0.0
PHE  23,R PHE  23,0.0,0.0,0.0,0.0,0.0,0.0,0.0,0.0,0.0,0.0,0.0,0.0,0.0,0.0,0.0,0.0,0.0,0.0
TYR  24,R TYR  24,0.0,0.0,0.0,0.0,0.0,0.0,0.001000000000000334,0.0,0.0,0.0,0.0,0.0,0.0,0.0,0.0,0.0010000000000012221,0.0,0.0
PRO  25,R PRO  25,0.0,0.0,0.0,0.0,0.0,0.0,0.0010000000000012221,0.0,0.0,-0.0009999999999994458,0.0,0.0,0.0,0.0,0.0,1.7763568394002505e-15,0.0,0.0
ASN  26,R ASN  26,0.0,0.0,0.0,0.0,0.0,0.0,0.0,0.0,0.0,-0.0009999999999994458,0.0,0.0,0.0,0.0,0.0,-0.0010000000000047748,0.0,0.0
GLY  27,R GLY  27,0.0,0.0,0.0,0.0,0.0,0.0,0.0,0.0,0.0,0.0,0.0,0.0,0.0,0.0,0.0,0.0,0.0,0.0
LYS  28,R LYS  28,0.0,0.0,0.0,0.0,0.0,0.0,0.006000000000000227,0.0,0.0,-0.006000000000000227,0.0,0.0,0.0,0.0,0.0,0.0,0.0,0.0
PRO  29,R PRO  29,0.0,0.0,0.0,0.0,0.0,0.0,0.0,0.0,0.0,-0.0009999999999994458,0.0,0.0,0.0,0.0,0.0,-0.0009999999999994458,0.0,0.0
ASN  30,R ASN  30,0.0,0.0,0.0,0.0,0.0,0.0,-0.0030000000000001137,0.0,0.0,0.0029999999999998916,0.0,0.0,0.0,0.0,0.0,0.0,0.0,0.0
HIE  31,R HIE  31,0.0,0.0,0.0,0.0,0.0,0.0,-0.0040000000000000036,0.0,0.0,0.0030000000000001137,0.0,0.0,0.0,0.0,0.0,-0.0009999999999976694,0.0,0.0
GLN  32,R GLN  32,0.0,0.0,0.0,0.0,0.0,0.0,-0.0019999999999997797,0.0,0.0,0.0019999999999988916,0.0,0.0,0.0,0.0,0.0,-7.105427357601002e-15,0.0,0.0
PHE  33,R PHE  33,0.0,0.0,0.0,0.0,0.0,0.0,0.0,0.0,0.0,0.0,0.0,0.0,0.0,0.0,0.0,0.0,0.0,0.0
LEU  34,R LEU  34,0.0,0.0,0.0,0.0,0.0,0.0,0.0,0.0,0.0,0.001000000000000334,0.0,0.0,0.0,0.0,0.0,0.0009999999999976694,0.0,0.0
LYS  35,R LYS  35,0.0,0.0,0.0,0.0,0.0,0.0,0.06699999999999307,0.0,0.0,-0.06899999999999551,0.0,0.0,0.0,0.0,0.0,-0.0020000000000024443,0.0,0.0
GLN  36,R GLN  36,0.0,0.0,0.0,0.0,0.0,0.0,-0.004000000000000448,0.0,0.0,0.0039999999999995595,0.0,0.0,0.0,0.0,0.0,0.0,0.0,0.0
HIE  37,R HIE  37,0.0,0.0,0.0,0.0,0.0,0.0,-0.008000000000000007,0.0,0.0,0.007000000000000117,0.0,0.0,0.0,0.0,0.0,-0.0009999999999976694,0.0,0.0
PHE  38,R PHE  38,0.0,0.0,0.0,0.0,0.0,0.0,0.0,0.0,0.0,-0.0020000000000000018,0.0,0.0,0.0,0.0,0.0,-0.0020000000000000018,0.0,0.0
ILE  39,R ILE  39,0.0,0.0,0.0,0.0,0.0,0.0,0.0030000000000000027,0.0,0.0,-0.002000000000000224,0.0,0.0,0.0,0.0,0.0,0.0009999999999994458,0.0,0.0
HIE  40,R HIE  40,0.0,0.0,0.0,-0.001000000000000334,0.0,0.0,0.0020000000000000018,0.0,0.0,-0.0039999999999995595,0.0,0.0,0.0,0.0,0.0,-0.0030000000000001137,0.0,0.0
GLU  41,R GLU  41,0.0,0.0,0.0,-0.0019999999999997797,0.0,0.0,-0.13400000000000034,0.0,0.0,0.11599999999998545,0.0,0.0,0.0,0.0,0.0,-0.020000000000010232,0.0,0.0
GLY  42,R GLY  42,0.0,0.0,0.0,0.0,0.0,0.0,-0.0009999999999998899,0.0,0.0,0.0,0.0,0.0,0.0,0.0,0.0,-0.0009999999999998899,0.0,0.0
ARG  43,R ARG  43,0.0,0.0,0.0,-0.0010000000000012221,0.0,0.0,-0.017999999999999794,0.0,0.0,0.045000000000001705,0.0,0.0,0.0,0.0,0.0,0.02600000000003888,0.0,0.0
LEU  44,R LEU  44,0.0,0.0,0.0,0.0,0.0,0.0,0.0,0.0,0.0,0.002000000000000224,0.0,0.0,0.0,0.0,0.0,0.0019999999999988916,0.0,0.0
HIE  45,R HIE  45,0.0,0.0,0.0,0.0,0.0,0.0,-0.0030000000000001137,0.0,0.0,0.0030000000000001137,0.0,0.0,0.0,0.0,0.0,0.0,0.0,0.0
GLU  46,R GLU  46,0.0,0.0,0.0,0.0,0.0,0.0,0.10000000000000853,0.0,0.0,-0.10000000000002274,0.0,0.0,0.0,0.0,0.0,-1.4210854715202004e-14,0.0,0.0
HIE  47,R HIE  47,0.0,0.0,0.0,0.0,0.0,0.0,0.004999999999999893,0.0,0.0,-0.006000000000000227,0.0,0.0,0.0,0.0,0.0,-0.0009999999999994458,0.0,0.0
GLN  48,R GLN  48,0.0,0.0,0.0,0.0,0.0,0.0,-0.0019999999999988916,0.0,0.0,0.0020000000000000018,0.0,0.0,0.0,0.0,0.0,-1.4210854715202004e-14,0.0,0.0
ALA  49,R ALA  49,0.0,0.0,0.0,0.0,0.0,0.0,-0.001000000000000334,0.0,0.0,0.0009999999999994458,0.0,0.0,0.0,0.0,0.0,-8.881784197001252e-16,0.0,0.0
ILE  50,R ILE  50,0.0,0.0,0.0,0.0,0.0,0.0,-0.0020000000000000018,0.0,0.0,0.0030000000000001137,0.0,0.0,0.0,0.0,0.0,0.001000000000000334,0.0,0.0
GLN  51,R GLN  51,0.0,0.0,0.0,0.0,0.0,0.0,0.001000000000000112,0.0,0.0,-0.0009999999999994458,0.0,0.0,0.0,0.0,0.0,0.0,0.0,0.0
ILE  52,R ILE  52,0.0,0.0,0.0,0.0,0.0,0.0,0.0,0.0,0.0,0.001000000000000334,0.0,0.0,0.0,0.0,0.0,0.001000000000000334,0.0,0.0
LEU  53,R LEU  53,0.0,0.0,0.0,0.0,0.0,0.0,-0.0009999999999994458,0.0,0.0,0.0029999999999996696,0.0,0.0,0.0,0.0,0.0,0.0019999999999988916,0.0,0.0
LYS  54,R LYS  54,0.0,0.0,0.0,0.0,0.0,0.0,-0.05100000000000193,0.0,0.0,0.05100000000000193,0.0,0.0,0.0,0.0,0.0,1.4210854715202004e-14,0.0,0.0
GLN  55,R GLN  55,0.0,0.0,0.0,-0.001000000000000334,0.0,0.0,-0.0040000000000000036,0.0,0.0,0.0040000000000000036,0.0,0.0,0.0,0.0,0.0,-0.0010000000000047748,0.0,0.0
ALA  56,R ALA  56,0.0,0.0,0.0,0.0,0.0,0.0,0.0,0.0,0.0,0.0,0.0,0.0,0.0,0.0,0.0,0.0,0.0,0.0
THR  57,R THR  57,0.0,0.0,0.0,0.0,0.0,0.0,-0.0019999999999988916,0.0,0.0,0.0019999999999997797,0.0,0.0,0.0,0.0,0.0,0.0,0.0,0.0
HIE  58,R HIE  58,0.0,0.0,0.0,0.0,0.0,0.0,0.0019999999999997797,0.0,0.0,-0.002000000000000668,0.0,0.0,0.0,0.0,0.0,-1.7763568394002505e-15,0.0,0.0
LEU  59,R LEU  59,0.0,0.0,0.0,0.0,0.0,0.0,0.0,0.0,0.0,0.0,0.0,0.0,0.0,0.0,0.0,0.0,0.0,0.0
LEU  60,R LEU  60,0.0,0.0,0.0,0.0,0.0,0.0,0.0,0.0,0.0,0.0009999999999998899,0.0,0.0,0.0,0.0,0.0,0.0010000000000012221,0.0,0.0
SER  61,R SER  61,0.0,0.0,0.0,0.0,0.0,0.0,-0.0030000000000001137,0.0,0.0,0.002000000000000224,0.0,0.0,0.0,0.0,0.0,-0.0009999999999998899,0.0,0.0
LYS  62,R LYS  62,0.0,0.0,0.0,0.0,0.0,0.0,-0.01899999999999835,0.0,0.0,0.018999999999999906,0.0,0.0,0.0,0.0,0.0,0.0,0.0,0.0
GLU  63,R GLU  63,0.0,0.0,0.0,0.0,0.0,0.0,-0.009000000000000341,0.0,0.0,0.009000000000000341,0.0,0.0,0.0,0.0,0.0,0.0,0.0,0.0
PRO  64,R PRO  64,0.0,0.0,0.0,0.0,0.0,0.0,0.0,0.0,0.0,0.0,0.0,0.0,0.0,0.0,0.0,0.0,0.0,0.0
ASN  65,R ASN  65,0.0,0.0,0.0,0.0,0.0,0.0,0.0009999999999998899,0.0,0.0,-0.0010000000000000009,0.0,0.0,0.0,0.0,0.0,0.0,0.0,0.0
LEU  66,R LEU  66,0.0,0.0,0.0,0.0,0.0,0.0,0.0,0.0,0.0,0.0,0.0,0.0,0.0,0.0,0.0,0.0,0.0,0.0
LEU  67,R LEU  67,0.0,0.0,0.0,0.0,0.0,0.0,0.0,0.0,0.0,0.0,0.0,0.0,0.0,0.0,0.0,0.0,0.0,0.0
SER  68,R SER  68,0.0,0.0,0.0,0.0,0.0,0.0,0.0,0.0,0.0,0.0,0.0,0.0,0.0,0.0,0.0,0.0,0.0,0.0
VAL  69,R VAL  69,0.0,0.0,0.0,0.0,0.0,0.0,0.0,0.0,0.0,-0.0009999999999998899,0.0,0.0,0.0,0.0,0.0,-0.0009999999999994458,0.0,0.0
PRO  70,R PRO  70,0.0,0.0,0.0,0.0,0.0,0.0,0.005000000000000782,0.0,0.0,-0.004000000000001336,0.0,0.0,0.0,0.0,0.0,0.0009999999999994458,0.0,0.0
ALA  71,R ALA  71,0.0,0.0,0.0,0.0,0.0,0.0,0.0020000000000000018,0.0,0.0,-0.0009999999999998899,0.0,0.0,0.0,0.0,0.0,0.001000000000000334,0.0,0.0
PRO  72,R PRO  72,0.0,0.0,0.0,0.0,0.0,0.0,0.006999999999999673,0.0,0.0,-0.006999999999999673,0.0,0.0,0.0,0.0,0.0,0.0,0.0,0.0
VAL  73,R VAL  73,0.0,0.0,0.0,0.0,0.0,0.0,0.0,0.0,0.0,-0.0009999999999998899,0.0,0.0,0.0,0.0,0.0,-0.0010000000000012221,0.0,0.0
THR  74,R THR  74,0.0,0.0,0.0,0.0,0.0,0.0,0.002000000000000668,0.0,0.0,-0.0020000000000000018,0.0,0.0,0.0,0.0,0.0,0.0,0.0,0.0
ILE  75,R ILE  75,0.0,0.0,0.0,0.0,0.0,0.0,0.0019999999999997797,0.0,0.0,-0.001000000000000112,0.0,0.0,0.0,0.0,0.0,0.0009999999999996678,0.0,0.0
CYS  76,R CYS  76,0.0,0.0,0.0,0.0,0.0,0.0,0.0009999999999998899,0.0,0.0,0.0,0.0,0.0,0.0,0.0,0.0,0.0009999999999994458,0.0,0.0
GLY  77,R GLY  77,0.0,0.0,0.0,0.0,0.0,0.0,-0.0030000000000001137,0.0,0.0,0.0029999999999996696,0.0,0.0,0.0,0.0,0.0,-4.440892098500626e-16,0.0,0.0
ASP  78,R ASP  78,0.0,0.0,0.0,0.0,0.0,0.0,-0.09799999999999898,0.0,0.0,0.09799999999999898,0.0,0.0,0.0,0.0,0.0,0.0,0.0,0.0
VAL  79,R VAL  79,0.0,0.0,0.0,0.0,0.0,0.0,0.002000000000000668,0.0,0.0,0.0009999999999998899,0.0,0.0,0.0,0.0,0.0,0.0029999999999983373,0.0,0.0
HIE  80,R HIE  80,0.0,0.0,0.0,0.0,0.0,0.0,-0.0029999999999998916,0.0,0.0,0.0009999999999994458,0.0,0.0,0.0,0.0,0.0,-0.002000000000000668,0.0,0.0
GLY  81,R GLY  81,0.0,0.0,0.0,0.0,0.0,0.0,-0.0040000000000000036,0.0,0.0,0.0030000000000001137,0.0,0.0,0.0,0.0,0.0,-0.0009999999999998899,0.0,0.0
GLN  82,R GLN  82,0.0,0.0,0.0,-0.0009999999999994458,0.0,0.0,-0.005000000000000782,0.0,0.0,0.010999999999999677,0.0,0.0,0.0,0.0,0.0,0.005000000000002558,0.0,0.0
TYR  83,R TYR  83,0.0,0.0,0.0,-0.0009999999999994458,0.0,0.0,0.0030000000000001137,0.0,0.0,-0.0050000000000000044,0.0,0.0,0.0,0.0,0.0,-0.0030000000000001137,0.0,0.0
TYR  84,R TYR  84,0.0,0.0,0.0,-0.0010000000000012221,0.0,0.0,0.005000000000000782,0.0,0.0,-0.010999999999999954,0.0,0.0,0.0,0.0,0.0,-0.0070000000000014495,0.0,0.0
ASP  85,R ASP  85,0.0,0.0,0.0,0.0,0.0,0.0,-0.21800000000000352,0.0,0.0,0.22100000000000364,0.0,0.0,0.0,0.0,0.0,0.0030000000000001137,0.0,0.0
LEU  86,R LEU  86,0.0,0.0,0.0,0.0,0.0,0.0,0.0019999999999997797,0.0,0.0,0.0,0.0,0.0,0.0,0.0,0.0,0.0020000000000024443,0.0,0.0
MET  87,R MET  87,0.0,0.0,0.0,0.0,0.0,0.0,0.005999999999999783,0.0,0.0,-0.005999999999999783,0.0,0.0,0.0,0.0,0.0,0.0,0.0,0.0
LYS  88,R LYS  88,0.0,0.0,0.0,0.0,0.0,0.0,0.11999999999999034,0.0,0.0,-0.12099999999999866,0.0,0.0,0.0,0.0,0.0,-0.0010000000000083276,0.0,0.0
LEU  89,R LEU  89,0.0,0.0,0.0,0.0,0.0,0.0,0.0030000000000001137,0.0,0.0,-0.001000000000000334,0.0,0.0,0.0,0.0,0.0,0.002000000000000668,0.0,0.0
PHE  90,R PHE  90,0.0,0.0,0.0,0.0,0.0,0.0,0.0010000000000000009,0.0,0.0,-0.0010000000000000009,0.0,0.0,0.0,0.0,0.0,0.0,0.0,0.0
GLU  91,R GLU  91,0.0,0.0,0.0,0.0,0.0,0.0,-0.10800000000000054,0.0,0.0,0.10800000000000409,0.0,0.0,0.0,0.0,0.0,7.105427357601002e-15,0.0,0.0
VAL  92,R VAL  92,0.0,0.0,0.0,0.0,0.0,0.0,0.002000000000000668,0.0,0.0,-0.0030000000000001137,0.0,0.0,0.0,0.0,0.0,-0.0009999999999994458,0.0,0.0
GLY  93,R GLY  93,0.0,0.0,0.0,0.0,0.0,0.0,-0.0020000000000000018,0.0,0.0,0.0029999999999998916,0.0,0.0,0.0,0.0,0.0,0.0009999999999998899,0.0,0.0
GLY  94,R GLY  94,0.0,0.0,0.0,0.0,0.0,0.0,-0.0020000000000000018,0.0,0.0,0.0020000000000000018,0.0,0.0,0.0,0.0,0.0,0.0,0.0,0.0
ASP  95,R ASP  95,0.0,0.0,0.0,0.0,0.0,0.0,-0.04299999999999926,0.0,0.0,0.042999999999992156,0.0,0.0,0.0,0.0,0.0,0.0,0.0,0.0
PRO  96,R PRO  96,0.0,0.0,0.0,0.0,0.0,0.0,0.010999999999999233,0.0,0.0,-0.009999999999999787,0.0,0.0,0.0,0.0,0.0,0.0009999999999994458,0.0,0.0
ALA  97,R ALA  97,0.0,0.0,0.0,0.0,0.0,0.0,0.001000000000000334,0.0,0.0,-0.001000000000000334,0.0,0.0,0.0,0.0,0.0,0.0,0.0,0.0
SER  98,R SER  98,0.0,0.0,0.0,0.0,0.0,0.0,0.001000000000000334,0.0,0.0,-0.0009999999999994458,0.0,0.0,0.0,0.0,0.0,1.7763568394002505e-15,0.0,0.0
THR  99,R THR  99,0.0,0.0,0.0,0.0,0.0,0.0,0.0030000000000001137,0.0,0.0,-0.0019999999999997797,0.0,0.0,0.0,0.0,0.0,0.0009999999999976694,0.0,0.0
LYS 100,R LYS 100,0.0,0.0,0.0,0.0,0.0,0.0,0.025000000000005684,0.0,0.0,-0.023999999999997357,0.0,0.0,0.0,0.0,0.0,0.0010000000000083276,0.0,0.0
TYR 101,R TYR 101,0.0,0.0,0.0,0.0,0.0,0.0,0.0,0.0,0.0,-0.0010000000000000009,0.0,0.0,0.0,0.0,0.0,-0.0010000000000012221,0.0,0.0
LEU 102,R LEU 102,0.0,0.0,0.0,0.0,0.0,0.0,0.001000000000000334,0.0,0.0,0.0,0.0,0.0,0.0,0.0,0.0,0.0010000000000012221,0.0,0.0
PHE 103,R PHE 103,0.0,0.0,0.0,0.0,0.0,0.0,0.0009999999999998899,0.0,0.0,-0.0020000000000000018,0.0,0.0,0.0,0.0,0.0,-0.001000000000000334,0.0,0.0
LEU 104,R LEU 104,0.0,0.0,0.0,0.0,0.0,0.0,0.002000000000000668,0.0,0.0,-0.002000000000000224,0.0,0.0,0.0,0.0,0.0,0.0,0.0,0.0
GLY 105,R GLY 105,0.0,0.0,0.0,0.0,0.0,0.0,-0.0019999999999997797,0.0,0.0,0.001000000000000334,0.0,0.0,0.0,0.0,0.0,-0.0009999999999994458,0.0,0.0
ASP 106,R ASP 106,0.0,0.0,0.0,0.0,0.0,0.0,-0.06900000000000261,0.0,0.0,0.06900000000000261,0.0,0.0,0.0,0.0,0.0,0.0,0.0,0.0
TYR 107,R TYR 107,0.0,0.0,0.0,0.0,0.0,0.0,0.0039999999999995595,0.0,0.0,-0.004999999999999893,0.0,0.0,0.0,0.0,0.0,-0.0010000000000012221,0.0,0.0
VAL 108,R VAL 108,0.0,0.0,0.0,0.0,0.0,0.0,0.0,0.0,0.0,0.002000000000000224,0.0,0.0,0.0,0.0,0.0,0.0019999999999988916,0.0,0.0
ASP 109,R ASP 109,0.0,0.0,0.0,-0.0010000000000012221,0.0,0.0,-0.015000000000000568,0.0,0.0,0.013999999999995794,0.0,0.0,0.0,0.0,0.0,-0.0020000000000095497,0.0,0.0
ARG 110,R ARG 110,0.0,0.0,0.0,-0.0019999999999988916,0.0,0.0,0.132000000000005,0.0,0.0,-0.13100000000000023,0.0,0.0,0.0,0.0,0.0,-0.0010000000000047748,0.0,0.0
GLY 111,R GLY 111,0.0,0.0,0.0,-0.001000000000000112,0.0,0.0,-0.007000000000000117,0.0,0.0,0.004999999999999893,0.0,0.0,0.0,0.0,0.0,-0.0030000000000005578,0.0,0.0
SER 112,R SER 112,0.0,0.0,0.0,-0.0030000000000001137,0.0,0.0,0.018999999999999684,0.0,0.0,-0.009000000000000008,0.0,0.0,0.0,0.0,0.0,0.006999999999999562,0.0,0.0
PHE 113,R PHE 113,0.0,0.0,0.0,-0.0019999999999988916,0.0,0.0,0.004999999999999893,0.0,0.0,-0.020000000000000018,0.0,0.0,0.0,0.0,0.0,-0.016999999999999016,0.0,0.0
SER 114,R SER 114,0.0,0.0,0.0,-0.001000000000000334,0.0,0.0,-0.008000000000000007,0.0,0.0,0.007000000000000117,0.0,0.0,0.0,0.0,0.0,-0.002000000000000224,0.0,0.0
ILE 115,R ILE 115,0.0,0.0,0.0,0.0,0.0,0.0,-0.0010000000000000009,0.0,0.0,0.0009999999999998899,0.0,0.0,0.0,0.0,0.0,0.0,0.0,0.0
GLU 116,R GLU 116,0.0,0.0,0.0,0.0,0.0,0.0,-0.04899999999999238,0.0,0.0,0.04999999999998295,0.0,0.0,0.0,0.0,0.0,0.000999999999990564,0.0,0.0
CYS 117,R CYS 117,0.0,0.0,0.0,0.0,0.0,0.0,-0.0020000000000000018,0.0,0.0,0.0010000000000000009,0.0,0.0,0.0,0.0,0.0,-0.0009999999999994458,0.0,0.0
LEU 118,R LEU 118,0.0,0.0,0.0,0.0,0.0,0.0,-0.0009999999999998899,0.0,0.0,0.0019999999999997797,0.0,0.0,0.0,0.0,0.0,0.0009999999999976694,0.0,0.0
LEU 119,R LEU 119,0.0,0.0,0.0,0.0,0.0,0.0,0.0,0.0,0.0,0.002000000000000224,0.0,0.0,0.0,0.0,0.0,0.0019999999999988916,0.0,0.0
TYR 120,R TYR 120,0.0,0.0,0.0,0.0,0.0,0.0,0.0,0.0,0.0,0.0,0.0,0.0,0.0,0.0,0.0,0.0,0.0,0.0
LEU 121,R LEU 121,0.0,0.0,0.0,0.0,0.0,0.0,0.001000000000000334,0.0,0.0,0.0,0.0,0.0,0.0,0.0,0.0,0.0010000000000012221,0.0,0.0
TYR 122,R TYR 122,0.0,0.0,0.0,0.0,0.0,0.0,0.001000000000000334,0.0,0.0,-0.0009999999999998899,0.0,0.0,0.0,0.0,0.0,0.0,0.0,0.0
SER 123,R SER 123,0.0,0.0,0.0,0.0,0.0,0.0,-0.0009999999999994458,0.0,0.0,0.001000000000000112,0.0,0.0,0.0,0.0,0.0,6.661338147750939e-16,0.0,0.0
LEU 124,R LEU 124,0.0,0.0,0.0,0.0,0.0,0.0,0.002000000000000668,0.0,0.0,-0.0009999999999998899,0.0,0.0,0.0,0.0,0.0,0.0009999999999976694,0.0,0.0
LYS 125,R LYS 125,0.0,0.0,0.0,0.0,0.0,0.0,0.01099999999999568,0.0,0.0,-0.011000000000002785,0.0,0.0,0.0,0.0,0.0,-7.105427357601002e-15,0.0,0.0
ILE 126,R ILE 126,0.0,0.0,0.0,0.0,0.0,0.0,0.0,0.0,0.0,0.0,0.0,0.0,0.0,0.0,0.0,0.0,0.0,0.0
ASN 127,R ASN 127,0.0,0.0,0.0,0.0,0.0,0.0,0.0019999999999997797,0.0,0.0,-0.0019999999999997797,0.0,0.0,0.0,0.0,0.0,1.4210854715202004e-14,0.0,0.0
TYR 128,R TYR 128,0.0,0.0,0.0,0.0,0.0,0.0,0.0,0.0,0.0,0.0,0.0,0.0,0.0,0.0,0.0,0.0,0.0,0.0
PRO 129,R PRO 129,0.0,0.0,0.0,0.0,0.0,0.0,0.002000000000000668,0.0,0.0,-0.002000000000000668,0.0,0.0,0.0,0.0,0.0,0.0,0.0,0.0
ASP 130,R ASP 130,0.0,0.0,0.0,0.0,0.0,0.0,-0.009000000000000341,0.0,0.0,0.009000000000000341,0.0,0.0,0.0,0.0,0.0,0.0,0.0,0.0
THR 131,R THR 131,0.0,0.0,0.0,0.0,0.0,0.0,0.0010000000000012221,0.0,0.0,-0.0009999999999998899,0.0,0.0,0.0,0.0,0.0,3.552713678800501e-15,0.0,0.0
PHE 132,R PHE 132,0.0,0.0,0.0,0.0,0.0,0.0,0.0,0.0,0.0,-0.0010000000000000009,0.0,0.0,0.0,0.0,0.0,-0.001000000000000112,0.0,0.0
TRP 133,R TRP 133,0.0,0.0,0.0,0.0,0.0,0.0,-0.0009999999999994458,0.0,0.0,0.0009999999999994458,0.0,0.0,0.0,0.0,0.0,0.0,0.0,0.0
MET 134,R MET 134,0.0,0.0,0.0,0.0,0.0,0.0,0.0009999999999998899,0.0,0.0,-0.0019999999999997797,0.0,0.0,0.0,0.0,0.0,-0.0009999999999994458,0.0,0.0
LEU 135,R LEU 135,0.0,0.0,0.0,0.0,0.0,0.0,0.001000000000000334,0.0,0.0,-0.0009999999999998899,0.0,0.0,0.0,0.0,0.0,-3.552713678800501e-15,0.0,0.0
ARG 136,R ARG 136,0.0,0.0,0.0,0.0,0.0,0.0,-0.025000000000005684,0.0,0.0,0.02400000000000091,0.0,0.0,0.0,0.0,0.0,-0.0010000000000331966,0.0,0.0
GLY 137,R GLY 137,0.0,0.0,0.0,0.0,0.0,0.0,-0.001000000000000334,0.0,0.0,0.0009999999999998899,0.0,0.0,0.0,0.0,0.0,-4.440892098500626e-16,0.0,0.0
ASN 138,R ASN 138,0.0,0.0,0.0,-0.0010000000000012221,0.0,0.0,-0.005000000000000782,0.0,0.0,0.006000000000000227,0.0,0.0,0.0,0.0,0.0,2.842170943040401e-14,0.0,0.0
HIE 139,R HIE 139,0.0,0.0,0.0,-0.0009999999999994458,0.0,0.0,0.007999999999999119,0.0,0.0,-0.010999999999999233,0.0,0.0,0.0,0.0,0.0,-0.003999999999997783,0.0,0.0
GLU 140,R GLU 140,0.0,0.0,0.0,0.0,0.0,0.0,-0.04200000000000159,0.0,0.0,0.04099999999999682,0.0,0.0,0.0,0.0,0.0,-0.0010000000000047748,0.0,0.0
CYS 141,R CYS 141,0.0,0.0,0.0,0.0,0.0,0.0,0.0,0.0,0.0,0.0,0.0,0.0,0.0,0.0,0.0,0.0,0.0,0.0
ARG 142,R ARG 142,0.0,0.0,0.0,-0.0009999999999994458,0.0,0.0,-0.10099999999999909,0.0,0.0,0.09600000000000364,0.0,0.0,0.0,0.0,0.0,-0.0060000000000854925,0.0,0.0
HIE 143,R HIE 143,0.0,0.0,0.0,0.0,0.0,0.0,0.01100000000000012,0.0,0.0,-0.010999999999999233,0.0,0.0,0.0,0.0,0.0,0.0,0.0,0.0
LEU 144,R LEU 144,0.0,0.0,0.0,0.0,0.0,0.0,0.0019999999999997797,0.0,0.0,0.0,0.0,0.0,0.0,0.0,0.0,0.0019999999999988916,0.0,0.0
THR 145,R THR 145,0.0,0.0,0.0,0.0,0.0,0.0,0.005000000000000782,0.0,0.0,-0.0030000000000000027,0.0,0.0,0.0,0.0,0.0,0.0019999999999988916,0.0,0.0
GLU 146,R GLU 146,0.0,0.0,0.0,-0.001000000000000334,0.0,0.0,0.14099999999999824,0.0,0.0,-0.1349999999999909,0.0,0.0,0.0,0.0,0.0,0.005000000000009663,0.0,0.0
TYR 147,R TYR 147,0.0,0.0,0.0,-0.0030000000000001137,0.0,0.0,-0.019000000000000128,0.0,0.0,0.018999999999999906,0.0,0.0,0.0,0.0,0.0,-0.002999999999996561,0.0,0.0
PHE 148,R PHE 148,0.0,0.0,0.0,-0.0019999999999988916,0.0,0.0,0.0040000000000000036,0.0,0.0,-0.016000000000000014,0.0,0.0,0.0,0.0,0.0,-0.013999999999999346,0.0,0.0
THR 149,R THR 149,0.0,0.0,0.0,-0.0030000000000001137,0.0,0.0,0.017999999999998906,0.0,0.0,-0.028999999999999915,0.0,0.0,0.0,0.0,0.0,-0.013999999999999346,0.0,0.0
PHE 150,R PHE 150,0.0,0.0,0.0,-0.0009999999999994458,0.0,0.0,0.0010000000000000009,0.0,0.0,-0.009000000000000008,0.0,0.0,0.0,0.0,0.0,-0.008999999999999453,0.0,0.0
LYS 151,R LYS 151,0.0,0.0,0.0,-0.0010000000000012221,0.0,0.0,-0.1740000000000066,0.0,0.0,0.16899999999999693,0.0,0.0,0.0,0.0,0.0,-0.006000000000000227,0.0,0.0
ASN 152,R ASN 152,0.0,0.0,0.0,-0.0039999999999995595,0.0,0.0,0.02999999999999936,0.0,0.0,0.02100000000000035,0.0,0.0,0.0,0.0,0.0,0.047000000000011255,0.0,0.0
GLU 153,R GLU 153,0.0,0.0,0.0,-0.002000000000000668,0.0,0.0,-0.0730000000000075,0.0,0.0,0.08100000000001728,0.0,0.0,0.0,0.0,0.0,0.006000000000000227,0.0,0.0
CYS 154,R CYS 154,0.0,0.0,0.0,-0.0009999999999994458,0.0,0.0,-0.007000000000000006,0.0,0.0,0.0050000000000001155,0.0,0.0,0.0,0.0,0.0,-0.0029999999999992255,0.0,0.0
LEU 155,R LEU 155,0.0,0.0,0.0,-0.001000000000000334,0.0,0.0,-0.006999999999999673,0.0,0.0,0.009999999999999787,0.0,0.0,0.0,0.0,0.0,0.001999999999995339,0.0,0.0
HIE 156,R HIE 156,0.0,0.0,0.0,-0.0039999999999995595,0.0,0.0,0.0349999999999997,0.0,0.0,-0.021000000000000796,0.0,0.0,0.0,0.0,0.0,0.010000000000001563,0.0,0.0
LYS 157,R LYS 157,0.0,0.0,0.0,-0.0010000000000012221,0.0,0.0,0.0660000000000025,0.0,0.0,-0.03999999999999204,0.0,0.0,0.0,0.0,0.0,0.025000000000005684,0.0,0.0
TYR 158,R TYR 158,0.0,0.0,0.0,0.0,0.0,0.0,-0.004000000000000448,0.0,0.0,-0.0010000000000000009,0.0,0.0,0.0,0.0,0.0,-0.004999999999999005,0.0,0.0
SER 159,R SER 159,0.0,0.0,0.0,0.0,0.0,0.0,-0.008999999999999453,0.0,0.0,0.009000000000000119,0.0,0.0,0.0,0.0,0.0,6.661338147750939e-16,0.0,0.0
GLU 160,R GLU 160,0.0,0.0,0.0,-0.0009999999999994458,0.0,0.0,0.1839999999999975,0.0,0.0,-0.1810000000000116,0.0,0.0,0.0,0.0,0.0,0.001999999999981128,0.0,0.0
GLU 161,R GLU 161,0.0,0.0,0.0,0.0,0.0,0.0,0.08500000000000796,0.0,0.0,-0.08400000000000318,0.0,0.0,0.0,0.0,0.0,0.0010000000000047748,0.0,0.0
LEU 162,R LEU 162,0.0,0.0,0.0,0.0,0.0,0.0,-0.0009999999999998899,0.0,0.0,0.0040000000000000036,0.0,0.0,0.0,0.0,0.0,0.0030000000000036664,0.0,0.0
TYR 163,R TYR 163,0.0,0.0,0.0,-0.0010000000000012221,0.0,0.0,0.0030000000000001137,0.0,0.0,-0.008000000000000007,0.0,0.0,0.0,0.0,0.0,-0.005999999999996675,0.0,0.0
GLU 164,R GLU 164,0.0,0.0,0.0,0.0,0.0,0.0,0.10699999999999932,0.0,0.0,-0.10699999999999932,0.0,0.0,0.0,0.0,0.0,0.0,0.0,0.0
GLU 165,R GLU 165,0.0,0.0,0.0,0.0,0.0,0.0,0.05299999999999727,0.0,0.0,-0.05299999999999727,0.0,0.0,0.0,0.0,0.0,0.0,0.0,0.0
CYS 166,R CYS 166,0.0,0.0,0.0,-0.001000000000000334,0.0,0.0,0.0,0.0,0.0,-0.001000000000000112,0.0,0.0,0.0,0.0,0.0,-0.0019999999999997797,0.0,0.0
LEU 167,R LEU 167,0.0,0.0,0.0,0.0,0.0,0.0,-0.0030000000000001137,0.0,0.0,0.004999999999999893,0.0,0.0,0.0,0.0,0.0,0.0019999999999988916,0.0,0.0
VAL 168,R VAL 168,0.0,0.0,0.0,0.0,0.0,0.0,-0.0009999999999994458,0.0,0.0,0.0009999999999998899,0.0,0.0,0.0,0.0,0.0,0.0,0.0,0.0
SER 169,R SER 169,0.0,0.0,0.0,0.0,0.0,0.0,0.0,0.0,0.0,0.0,0.0,0.0,0.0,0.0,0.0,0.0,0.0,0.0
PHE 170,R PHE 170,0.0,0.0,0.0,0.0,0.0,0.0,-0.0010000000000000009,0.0,0.0,-0.0020000000000000018,0.0,0.0,0.0,0.0,0.0,-0.0030000000000000027,0.0,0.0
ASN 171,R ASN 171,0.0,0.0,0.0,0.0,0.0,0.0,-0.0040000000000000036,0.0,0.0,0.0040000000000000036,0.0,0.0,0.0,0.0,0.0,1.4210854715202004e-14,0.0,0.0
ALA 172,R ALA 172,0.0,0.0,0.0,0.0,0.0,0.0,-0.0009999999999998899,0.0,0.0,0.0,0.0,0.0,0.0,0.0,0.0,-0.0009999999999998899,0.0,0.0
LEU 173,R LEU 173,0.0,0.0,0.0,0.0,0.0,0.0,0.0009999999999994458,0.0,0.0,0.0,0.0,0.0,0.0,0.0,0.0,0.0009999999999976694,0.0,0.0
PRO 174,R PRO 174,0.0,0.0,0.0,0.0,0.0,0.0,0.0019999999999988916,0.0,0.0,-0.0009999999999994458,0.0,0.0,0.0,0.0,0.0,0.0009999999999994458,0.0,0.0
LEU 175,R LEU 175,0.0,0.0,0.0,0.0,0.0,0.0,-0.0009999999999994458,0.0,0.0,0.0,0.0,0.0,0.0,0.0,0.0,-0.0009999999999976694,0.0,0.0
ALA 176,R ALA 176,0.0,0.0,0.0,0.0,0.0,0.0,0.0,0.0,0.0,-0.0009999999999998899,0.0,0.0,0.0,0.0,0.0,-0.0009999999999998899,0.0,0.0
ALA 177,R ALA 177,0.0,0.0,0.0,0.0,0.0,0.0,0.0009999999999998899,0.0,0.0,-0.0009999999999998899,0.0,0.0,0.0,0.0,0.0,0.0,0.0,0.0
ILE 178,R ILE 178,0.0,0.0,0.0,0.0,0.0,0.0,0.001000000000000334,0.0,0.0,0.0,0.0,0.0,0.0,0.0,0.0,0.001000000000000334,0.0,0.0
MET 179,R MET 179,0.0,0.0,0.0,0.0,0.0,0.0,0.0020000000000000018,0.0,0.0,-0.0020000000000000018,0.0,0.0,0.0,0.0,0.0,0.0,0.0,0.0
ASN 180,R ASN 180,0.0,0.0,0.0,0.0,0.0,0.0,0.001000000000000334,0.0,0.0,-0.0009999999999998899,0.0,0.0,0.0,0.0,0.0,-1.4210854715202004e-14,0.0,0.0
GLU 181,R GLU 181,0.0,0.0,0.0,0.0,0.0,0.0,-0.013999999999999346,0.0,0.0,0.015000000000000568,0.0,0.0,0.0,0.0,0.0,0.0009999999999976694,0.0,0.0
GLN 182,R GLN 182,0.0,0.0,0.0,0.0,0.0,0.0,-0.0009999999999998899,0.0,0.0,0.0009999999999998899,0.0,0.0,0.0,0.0,0.0,-7.105427357601002e-15,0.0,0.0
PHE 183,R PHE 183,0.0,0.0,0.0,0.0,0.0,0.0,0.0010000000000000009,0.0,0.0,0.0,0.0,0.0,0.0,0.0,0.0,0.0010000000000000009,0.0,0.0
PHE 184,R PHE 184,0.0,0.0,0.0,0.0,0.0,0.0,0.0,0.0,0.0,0.0,0.0,0.0,0.0,0.0,0.0,0.0,0.0,0.0
CYS 185,R CYS 185,0.0,0.0,0.0,0.0,0.0,0.0,0.0,0.0,0.0,0.0,0.0,0.0,0.0,0.0,0.0,0.0,0.0,0.0
VAL 186,R VAL 186,0.0,0.0,0.0,0.0,0.0,0.0,0.0009999999999994458,0.0,0.0,0.0,0.0,0.0,0.0,0.0,0.0,0.0009999999999976694,0.0,0.0
HIE 187,R HIE 187,0.0,0.0,0.0,0.0,0.0,0.0,0.0019999999999988916,0.0,0.0,-0.0020000000000000018,0.0,0.0,0.0,0.0,0.0,-8.881784197001252e-16,0.0,0.0
GLY 188,R GLY 188,0.0,0.0,0.0,0.0,0.0,0.0,-0.001000000000000334,0.0,0.0,0.0009999999999998899,0.0,0.0,0.0,0.0,0.0,-4.440892098500626e-16,0.0,0.0
GLY 189,R GLY 189,0.0,0.0,0.0,0.0,0.0,0.0,-0.0009999999999998899,0.0,0.0,0.001000000000000334,0.0,0.0,0.0,0.0,0.0,8.881784197001252e-16,0.0,0.0
LEU 190,R LEU 190,0.0,0.0,0.0,0.0,0.0,0.0,0.0009999999999994458,0.0,0.0,-0.001000000000000112,0.0,0.0,0.0,0.0,0.0,-3.552713678800501e-15,0.0,0.0
SER 191,R SER 191,0.0,0.0,0.0,0.0,0.0,0.0,0.0,0.0,0.0,0.0,0.0,0.0,0.0,0.0,0.0,0.0,0.0,0.0
PRO 192,R PRO 192,0.0,0.0,0.0,0.0,0.0,0.0,0.0,0.0,0.0,-0.001000000000000334,0.0,0.0,0.0,0.0,0.0,-0.0010000000000012221,0.0,0.0
GLN 193,R GLN 193,0.0,0.0,0.0,0.0,0.0,0.0,-0.001000000000000112,0.0,0.0,0.0,0.0,0.0,0.0,0.0,0.0,-0.0009999999999976694,0.0,0.0
LEU 194,R LEU 194,0.0,0.0,0.0,0.0,0.0,0.0,0.001000000000000334,0.0,0.0,0.0,0.0,0.0,0.0,0.0,0.0,0.0010000000000012221,0.0,0.0
THR 195,R THR 195,0.0,0.0,0.0,0.0,0.0,0.0,0.0,0.0,0.0,0.0009999999999998899,0.0,0.0,0.0,0.0,0.0,0.0010000000000012221,0.0,0.0
SER 196,R SER 196,0.0,0.0,0.0,0.0,0.0,0.0,0.0,0.0,0.0,-0.001000000000000334,0.0,0.0,0.0,0.0,0.0,-0.001000000000000334,0.0,0.0
LEU 197,R LEU 197,0.0,0.0,0.0,0.0,0.0,0.0,0.001000000000000334,0.0,0.0,0.0,0.0,0.0,0.0,0.0,0.0,0.0009999999999976694,0.0,0.0
ASP 198,R ASP 198,0.0,0.0,0.0,-0.0009999999999998899,0.0,0.0,0.0,0.0,0.0,-0.0009999999999976694,0.0,0.0,0.0,0.0,0.0,-0.0020000000000024443,0.0,0.0
SER 199,R SER 199,0.0,0.0,0.0,0.0,0.0,0.0,0.0,0.0,0.0,-0.0009999999999998899,0.0,0.0,0.0,0.0,0.0,-0.0009999999999998899,0.0,0.0
LEU 200,R LEU 200,0.0,0.0,0.0,0.0,0.0,0.0,0.0,0.0,0.0,0.0,0.0,0.0,0.0,0.0,0.0,0.0,0.0,0.0
ARG 201,R ARG 201,0.0,0.0,0.0,0.0,0.0,0.0,0.006000000000000227,0.0,0.0,-0.006000000000000227,0.0,0.0,0.0,0.0,0.0,0.0,0.0,0.0
LYS 202,R LYS 202,0.0,0.0,0.0,0.0,0.0,0.0,-0.007999999999999119,0.0,0.0,0.008000000000002672,0.0,0.0,0.0,0.0,0.0,3.552713678800501e-15,0.0,0.0
LEU 203,R LEU 203,0.0,0.0,0.0,0.0,0.0,0.0,0.0,0.0,0.0,0.0,0.0,0.0,0.0,0.0,0.0,0.0,0.0,0.0
HIE 204,R HIE 204,0.0,0.0,0.0,0.0,0.0,0.0,-0.0030000000000001137,0.0,0.0,0.0019999999999997797,0.0,0.0,0.0,0.0,0.0,-0.0009999999999994458,0.0,0.0
ARG 205,R ARG 205,0.0,0.0,0.0,0.0,0.0,0.0,-0.0049999999999954525,0.0,0.0,0.005000000000002558,0.0,0.0,0.0,0.0,0.0,0.0,0.0,0.0
PHE 206,R PHE 206,0.0,0.0,0.0,0.0,0.0,0.0,-0.0010000000000000009,0.0,0.0,0.0,0.0,0.0,0.0,0.0,0.0,-0.0009999999999994458,0.0,0.0
ARG 207,R ARG 207,0.0,0.0,0.0,0.0,0.0,0.0,-0.03900000000000148,0.0,0.0,0.0389999999999997,0.0,0.0,0.0,0.0,0.0,-2.842170943040401e-14,0.0,0.0
GLU 208,R GLU 208,0.0,0.0,0.0,0.0,0.0,0.0,0.05399999999999494,0.0,0.0,-0.05499999999999261,0.0,0.0,0.0,0.0,0.0,-0.0009999999999976694,0.0,0.0
PRO 209,R PRO 209,0.0,0.0,0.0,0.0,0.0,0.0,-0.004999999999999005,0.0,0.0,0.006000000000000227,0.0,0.0,0.0,0.0,0.0,0.0010000000000012221,0.0,0.0
PRO 210,R PRO 210,0.0,0.0,0.0,0.0,0.0,0.0,-0.006000000000000227,0.0,0.0,0.006000000000000227,0.0,0.0,0.0,0.0,0.0,0.0,0.0,0.0
THR 211,R THR 211,0.0,0.0,0.0,0.0,0.0,0.0,-0.0009999999999994458,0.0,0.0,0.001000000000000334,0.0,0.0,0.0,0.0,0.0,0.0,0.0,0.0
LYS 212,R LYS 212,0.0,0.0,0.0,0.0,0.0,0.0,-0.03999999999999915,0.0,0.0,0.04099999999999682,0.0,0.0,0.0,0.0,0.0,0.0009999999999976694,0.0,0.0
GLY 213,R GLY 213,0.0,0.0,0.0,0.0,0.0,0.0,0.0010000000000000009,0.0,0.0,-0.0010000000000000009,0.0,0.0,0.0,0.0,0.0,1.1102230246251565e-16,0.0,0.0
LEU 214,R LEU 214,0.0,0.0,0.0,0.0,0.0,0.0,0.0,0.0,0.0,0.0,0.0,0.0,0.0,0.0,0.0,0.0,0.0,0.0
MET 215,R MET 215,0.0,0.0,0.0,0.0,0.0,0.0,0.0,0.0,0.0,-0.0009999999999998899,0.0,0.0,0.0,0.0,0.0,-0.0009999999999998899,0.0,0.0
CYS 216,R CYS 216,0.0,0.0,0.0,0.0,0.0,0.0,-0.0019999999999997797,0.0,0.0,0.002000000000000224,0.0,0.0,0.0,0.0,0.0,-8.881784197001252e-16,0.0,0.0
ASP 217,R ASP 217,0.0,0.0,0.0,0.0,0.0,0.0,0.0019999999999988916,0.0,0.0,-0.0009999999999976694,0.0,0.0,0.0,0.0,0.0,0.0010000000000047748,0.0,0.0
LEU 218,R LEU 218,0.0,0.0,0.0,0.0,0.0,0.0,0.0,0.0,0.0,0.0009999999999998899,0.0,0.0,0.0,0.0,0.0,0.0010000000000012221,0.0,0.0
LEU 219,R LEU 219,0.0,0.0,0.0,0.0,0.0,0.0,-0.0009999999999994458,0.0,0.0,0.0009999999999998899,0.0,0.0,0.0,0.0,0.0,0.0,0.0,0.0
TRP 220,R TRP 220,0.0,0.0,0.0,0.0,0.0,0.0,-0.004000000000001336,0.0,0.0,0.0030000000000001137,0.0,0.0,0.0,0.0,0.0,-0.0010000000000012221,0.0,0.0
ALA 221,R ALA 221,0.0,0.0,0.0,0.0,0.0,0.0,0.001000000000000334,0.0,0.0,-0.0009999999999998899,0.0,0.0,0.0,0.0,0.0,4.440892098500626e-16,0.0,0.0
ASP 222,R ASP 222,0.0,0.0,0.0,0.0,0.0,0.0,-0.06500000000000483,0.0,0.0,0.06499999999999773,0.0,0.0,0.0,0.0,0.0,-7.105427357601002e-15,0.0,0.0
PRO 223,R PRO 223,0.0,0.0,0.0,0.0,0.0,0.0,0.013999999999999346,0.0,0.0,-0.014000000000002899,0.0,0.0,0.0,0.0,0.0,-3.552713678800501e-15,0.0,0.0
ILE 224,R ILE 224,0.0,0.0,0.0,0.0,0.0,0.0,0.001000000000000112,0.0,0.0,-0.001000000000000334,0.0,0.0,0.0,0.0,0.0,0.0,0.0,0.0
GLU 225,R GLU 225,0.0,0.0,0.0,0.0,0.0,0.0,-0.09399999999999409,0.0,0.0,0.09400000000002251,0.0,0.0,0.0,0.0,0.0,2.842170943040401e-14,0.0,0.0
GLU 226,R GLU 226,0.0,0.0,0.0,0.0,0.0,0.0,-0.05299999999999727,0.0,0.0,0.05299999999999727,0.0,0.0,0.0,0.0,0.0,0.0,0.0,0.0
TYR 227,R TYR 227,0.0,0.0,0.0,0.0,0.0,0.0,0.0030000000000001137,0.0,0.0,-0.0020000000000000018,0.0,0.0,0.0,0.0,0.0,0.0010000000000012221,0.0,0.0
ASP 228,R ASP 228,0.0,0.0,0.0,0.0,0.0,0.0,-0.06799999999999784,0.0,0.0,0.06699999999999307,0.0,0.0,0.0,0.0,0.0,-0.0010000000000047748,0.0,0.0
ASP 229,R ASP 229,0.0,0.0,0.0,0.0,0.0,0.0,-0.06099999999999994,0.0,0.0,0.06100000000000705,0.0,0.0,0.0,0.0,0.0,0.0,0.0,0.0
ASP 230,R ASP 230,0.0,0.0,0.0,0.0,0.0,0.0,-0.030999999999998806,0.0,0.0,0.031999999999996476,0.0,0.0,0.0,0.0,0.0,0.0009999999999976694,0.0,0.0
ASN 231,R ASN 231,0.0,0.0,0.0,0.0,0.0,0.0,0.0,0.0,0.0,-0.001000000000000334,0.0,0.0,0.0,0.0,0.0,-0.0010000000000047748,0.0,0.0
LEU 232,R LEU 232,0.0,0.0,0.0,0.0,0.0,0.0,0.001000000000000334,0.0,0.0,-0.001000000000000112,0.0,0.0,0.0,0.0,0.0,0.0,0.0,0.0
ASP 233,R ASP 233,0.0,0.0,0.0,0.0,0.0,0.0,-0.01699999999999946,0.0,0.0,0.016999999999995907,0.0,0.0,0.0,0.0,0.0,-7.105427357601002e-15,0.0,0.0
GLN 234,R GLN 234,0.0,0.0,0.0,0.0,0.0,0.0,-0.0020000000000000018,0.0,0.0,0.001000000000000334,0.0,0.0,0.0,0.0,0.0,-0.0009999999999976694,0.0,0.0
GLU 235,R GLU 235,0.0,0.0,0.0,0.0,0.0,0.0,-0.010999999999999233,0.0,0.0,0.01099999999999568,0.0,0.0,0.0,0.0,0.0,0.0,0.0,0.0
TYR 236,R TYR 236,0.0,0.0,0.0,0.0,0.0,0.0,0.0019999999999997797,0.0,0.0,-0.0009999999999998899,0.0,0.0,0.0,0.0,0.0,0.0009999999999976694,0.0,0.0
VAL 237,R VAL 237,0.0,0.0,0.0,0.0,0.0,0.0,0.0009999999999994458,0.0,0.0,0.0,0.0,0.0,0.0,0.0,0.0,0.0009999999999994458,0.0,0.0
THR 238,R THR 238,0.0,0.0,0.0,0.0,0.0,0.0,-0.0009999999999994458,0.0,0.0,0.0,0.0,0.0,0.0,0.0,0.0,-0.0009999999999976694,0.0,0.0
ASN 239,R ASN 239,0.0,0.0,0.0,0.0,0.0,0.0,-0.0030000000000001137,0.0,0.0,0.0040000000000000036,0.0,0.0,0.0,0.0,0.0,0.000999999999990564,0.0,0.0
VAL 240,R VAL 240,0.0,0.0,0.0,0.0,0.0,0.0,0.0009999999999994458,0.0,0.0,0.0,0.0,0.0,0.0,0.0,0.0,0.0010000000000012221,0.0,0.0
VAL 241,R VAL 241,0.0,0.0,0.0,0.0,0.0,0.0,0.002000000000000668,0.0,0.0,-0.0019999999999997797,0.0,0.0,0.0,0.0,0.0,0.0,0.0,0.0
ARG 242,R ARG 242,0.0,0.0,0.0,-0.0009999999999994458,0.0,0.0,0.08699999999999974,0.0,0.0,-0.08599999999999852,0.0,0.0,0.0,0.0,0.0,2.842170943040401e-14,0.0,0.0
GLY 243,R GLY 243,0.0,0.0,0.0,0.0,0.0,0.0,0.0,0.0,0.0,0.0,0.0,0.0,0.0,0.0,0.0,0.0,0.0,0.0
CYS 244,R CYS 244,0.0,0.0,0.0,-0.0009999999999998899,0.0,0.0,-0.004000000000000448,0.0,0.0,0.004999999999999893,0.0,0.0,0.0,0.0,0.0,1.7763568394002505e-15,0.0,0.0
SER 245,R SER 245,0.0,0.0,0.0,0.0,0.0,0.0,0.0019999999999997797,0.0,0.0,-0.0020000000000000018,0.0,0.0,0.0,0.0,0.0,-2.220446049250313e-16,0.0,0.0
PHE 246,R PHE 246,0.0,0.0,0.0,0.0,0.0,0.0,0.0,0.0,0.0,0.0,0.0,0.0,0.0,0.0,0.0,0.0,0.0,0.0
ALA 247,R ALA 247,0.0,0.0,0.0,0.0,0.0,0.0,0.002000000000000224,0.0,0.0,-0.002000000000000224,0.0,0.0,0.0,0.0,0.0,0.0,0.0,0.0
PHE 248,R PHE 248,0.0,0.0,0.0,0.0,0.0,0.0,0.0010000000000000009,0.0,0.0,-0.0009999999999998899,0.0,0.0,0.0,0.0,0.0,0.0,0.0,0.0
THR 249,R THR 249,0.0,0.0,0.0,0.0,0.0,0.0,0.0010000000000012221,0.0,0.0,0.0,0.0,0.0,0.0,0.0,0.0,0.0009999999999976694,0.0,0.0
TYR 250,R TYR 250,0.0,0.0,0.0,0.0,0.0,0.0,0.0030000000000001137,0.0,0.0,-0.0020000000000000018,0.0,0.0,0.0,0.0,0.0,0.0010000000000012221,0.0,0.0
LYS 251,R LYS 251,0.0,0.0,0.0,0.0,0.0,0.0,0.012000000000000455,0.0,0.0,-0.012000000000000455,0.0,0.0,0.0,0.0,0.0,0.0,0.0,0.0
ALA 252,R ALA 252,0.0,0.0,0.0,0.0,0.0,0.0,0.0009999999999998899,0.0,0.0,-0.001000000000000112,0.0,0.0,0.0,0.0,0.0,0.0,0.0,0.0
ALA 253,R ALA 253,0.0,0.0,0.0,0.0,0.0,0.0,0.0009999999999998899,0.0,0.0,-0.0020000000000000018,0.0,0.0,0.0,0.0,0.0,-0.001000000000000112,0.0,0.0
CYS 254,R CYS 254,0.0,0.0,0.0,0.0,0.0,0.0,-0.0010000000000000009,0.0,0.0,0.001000000000000334,0.0,0.0,0.0,0.0,0.0,0.0,0.0,0.0
LYS 255,R LYS 255,0.0,0.0,0.0,0.0,0.0,0.0,0.006000000000000227,0.0,0.0,-0.006000000000000227,0.0,0.0,0.0,0.0,0.0,0.0,0.0,0.0
PHE 256,R PHE 256,0.0,0.0,0.0,0.0,0.0,0.0,0.0,0.0,0.0,-0.0009999999999998899,0.0,0.0,0.0,0.0,0.0,-0.0009999999999998899,0.0,0.0
LEU 257,R LEU 257,0.0,0.0,0.0,0.0,0.0,0.0,0.001000000000000334,0.0,0.0,-0.0009999999999998899,0.0,0.0,0.0,0.0,0.0,0.0,0.0,0.0
ASP 258,R ASP 258,0.0,0.0,0.0,0.0,0.0,0.0,-0.02100000000000002,0.0,0.0,0.021000000000000796,0.0,0.0,0.0,0.0,0.0,0.0,0.0,0.0
ARG 259,R ARG 259,0.0,0.0,0.0,0.0,0.0,0.0,0.007999999999995566,0.0,0.0,-0.00899999999999998,0.0,0.0,0.0,0.0,0.0,-0.0010000000000047748,0.0,0.0
THR 260,R THR 260,0.0,0.0,0.0,0.0,0.0,0.0,0.0,0.0,0.0,0.0,0.0,0.0,0.0,0.0,0.0,0.0,0.0,0.0
LYS 261,R LYS 261,0.0,0.0,0.0,0.0,0.0,0.0,0.009000000000000341,0.0,0.0,-0.009999999999999787,0.0,0.0,0.0,0.0,0.0,-0.0010000000000012221,0.0,0.0
LEU 262,R LEU 262,0.0,0.0,0.0,0.0,0.0,0.0,0.0,0.0,0.0,0.0,0.0,0.0,0.0,0.0,0.0,0.0,0.0,0.0
LEU 263,R LEU 263,0.0,0.0,0.0,0.0,0.0,0.0,0.001000000000000334,0.0,0.0,-0.0010000000000000009,0.0,0.0,0.0,0.0,0.0,0.0,0.0,0.0
SER 264,R SER 264,0.0,0.0,0.0,0.0,0.0,0.0,0.002000000000000668,0.0,0.0,-0.001000000000000334,0.0,0.0,0.0,0.0,0.0,0.001000000000000334,0.0,0.0
VAL 265,R VAL 265,0.0,0.0,0.0,0.0,0.0,0.0,0.0,0.0,0.0,0.0,0.0,0.0,0.0,0.0,0.0,0.0,0.0,0.0
ILE 266,R ILE 266,0.0,0.0,0.0,0.0,0.0,0.0,0.0020000000000000018,0.0,0.0,-0.0020000000000000018,0.0,0.0,0.0,0.0,0.0,0.0,0.0,0.0
ARG 267,R ARG 267,0.0,0.0,0.0,0.0,0.0,0.0,0.06300000000000239,0.0,0.0,-0.06400000000000716,0.0,0.0,0.0,0.0,0.0,-0.0010000000000047748,0.0,0.0
ALA 268,R ALA 268,0.0,0.0,0.0,0.0,0.0,0.0,0.0029999999999996696,0.0,0.0,-0.0029999999999996696,0.0,0.0,0.0,0.0,0.0,0.0,0.0,0.0
HIE 269,R HIE 269,0.0,0.0,0.0,0.0,0.0,0.0,-0.008999999999999453,0.0,0.0,0.009000000000000341,0.0,0.0,0.0,0.0,0.0,0.0,0.0,0.0
GLU 270,R GLU 270,0.0,0.0,0.0,0.0,0.0,0.0,-0.08800000000000097,0.0,0.0,0.08799999999999386,0.0,0.0,0.0,0.0,0.0,-7.105427357601002e-15,0.0,0.0
ALA 271,R ALA 271,0.0,0.0,0.0,-0.0009999999999998899,0.0,0.0,0.006999999999999673,0.0,0.0,-0.007000000000000117,0.0,0.0,0.0,0.0,0.0,-0.001000000000000334,0.0,0.0
GLN 272,R GLN 272,0.0,0.0,0.0,-0.0010000000000012221,0.0,0.0,0.001000000000000334,0.0,0.0,-0.0009999999999994458,0.0,0.0,0.0,0.0,0.0,-0.0009999999999976694,0.0,0.0
ASN 273,R ASN 273,0.0,0.0,0.0,0.0,0.0,0.0,0.01200000000000001,0.0,0.0,-0.012000000000000455,0.0,0.0,0.0,0.0,0.0,0.0,0.0,0.0
ALA 274,R ALA 274,0.0,0.0,0.0,0.0,0.0,0.0,0.004999999999999893,0.0,0.0,-0.004999999999999893,0.0,0.0,0.0,0.0,0.0,0.0,0.0,0.0
GLY 275,R GLY 275,0.0,0.0,0.0,0.0,0.0,0.0,-0.0040000000000000036,0.0,0.0,0.0040000000000000036,0.0,0.0,0.0,0.0,0.0,0.0,0.0,0.0
TYR 276,R TYR 276,0.0,0.0,0.0,0.0,0.0,0.0,0.004999999999999893,0.0,0.0,-0.004999999999999893,0.0,0.0,0.0,0.0,0.0,0.0,0.0,0.0
ARG 277,R ARG 277,0.0,0.0,0.0,0.0,0.0,0.0,0.08200000000000074,0.0,0.0,-0.08100000000000307,0.0,0.0,0.0,0.0,0.0,0.0010000000000047748,0.0,0.0
MET 278,R MET 278,0.0,0.0,0.0,0.0,0.0,0.0,0.0030000000000000027,0.0,0.0,-0.0020000000000000018,0.0,0.0,0.0,0.0,0.0,0.001000000000000334,0.0,0.0
TYR 279,R TYR 279,0.0,0.0,0.0,0.0,0.0,0.0,0.0030000000000001137,0.0,0.0,-0.002000000000000668,0.0,0.0,0.0,0.0,0.0,0.0009999999999976694,0.0,0.0
LYS 280,R LYS 280,0.0,0.0,0.0,0.0,0.0,0.0,0.03499999999999659,0.0,0.0,-0.03499999999999659,0.0,0.0,0.0,0.0,0.0,0.0,0.0,0.0
ARG 281,R ARG 281,0.0,0.0,0.0,0.0,0.0,0.0,0.03499999999999659,0.0,0.0,-0.03500000000000014,0.0,0.0,0.0,0.0,0.0,-2.842170943040401e-14,0.0,0.0
THR 282,R THR 282,0.0,0.0,0.0,0.0,0.0,0.0,-0.0009999999999994458,0.0,0.0,0.0,0.0,0.0,0.0,0.0,0.0,-0.0010000000000012221,0.0,0.0
LYS 283,R LYS 283,0.0,0.0,0.0,0.0,0.0,0.0,0.019999999999999574,0.0,0.0,-0.021000000000000796,0.0,0.0,0.0,0.0,0.0,-0.0010000000000012221,0.0,0.0
THR 284,R THR 284,0.0,0.0,0.0,0.0,0.0,0.0,0.0,0.0,0.0,0.0010000000000000009,0.0,0.0,0.0,0.0,0.0,0.0010000000000012221,0.0,0.0
MET 285,R MET 285,0.0,0.0,0.0,0.0,0.0,0.0,0.0009999999999998899,0.0,0.0,-0.0020000000000000018,0.0,0.0,0.0,0.0,0.0,-0.0009999999999998899,0.0,0.0
GLY 286,R GLY 286,0.0,0.0,0.0,0.0,0.0,0.0,-0.0010000000000000009,0.0,0.0,0.0020000000000000018,0.0,0.0,0.0,0.0,0.0,0.001000000000000112,0.0,0.0
PHE 287,R PHE 287,0.0,0.0,0.0,0.0,0.0,0.0,0.0009999999999999974,0.0,0.0,-0.0010000000000000009,0.0,0.0,0.0,0.0,0.0,0.0,0.0,0.0
PRO 288,R PRO 288,0.0,0.0,0.0,0.0,0.0,0.0,0.010999999999999233,0.0,0.0,-0.01100000000000012,0.0,0.0,0.0,0.0,0.0,-1.7763568394002505e-15,0.0,0.0
SER 289,R SER 289,0.0,0.0,0.0,0.0,0.0,0.0,-0.0009999999999998899,0.0,0.0,0.0,0.0,0.0,0.0,0.0,0.0,-0.0009999999999998899,0.0,0.0
LEU 290,R LEU 290,0.0,0.0,0.0,0.0,0.0,0.0,0.002000000000000224,0.0,0.0,-0.0019999999999997797,0.0,0.0,0.0,0.0,0.0,3.552713678800501e-15,0.0,0.0
LEU 291,R LEU 291,0.0,0.0,0.0,0.0,0.0,0.0,0.002000000000000224,0.0,0.0,-0.0020000000000000018,0.0,0.0,0.0,0.0,0.0,-1.7763568394002505e-15,0.0,0.0
THR 292,R THR 292,0.0,0.0,0.0,0.0,0.0,0.0,0.004999999999999005,0.0,0.0,-0.0050000000000003375,0.0,0.0,0.0,0.0,0.0,-7.105427357601002e-15,0.0,0.0
MET 293,R MET 293,0.0,0.0,0.0,0.0,0.0,0.0,0.0030000000000001137,0.0,0.0,-0.0030000000000001137,0.0,0.0,0.0,0.0,0.0,0.0,0.0,0.0
PHE 294,R PHE 294,0.0,0.0,0.0,0.0,0.0,0.0,0.0050000000000003375,0.0,0.0,-0.007000000000000006,0.0,0.0,0.0,0.0,0.0,-0.0019999999999988916,0.0,0.0
SER 295,R SER 295,0.0,0.0,0.0,0.0,0.0,0.0,0.0020000000000000018,0.0,0.0,-0.0020000000000000018,0.0,0.0,0.0,0.0,0.0,0.0,0.0,0.0
ALA 296,R ALA 296,0.0,0.0,0.0,0.0,0.0,0.0,0.007000000000000117,0.0,0.0,-0.007000000000000561,0.0,0.0,0.0,0.0,0.0,-4.440892098500626e-16,0.0,0.0
PRO 297,R PRO 297,0.0,0.0,0.0,0.0,0.0,0.0,0.038000000000000256,0.0,0.0,-0.038000000000000256,0.0,0.0,0.0,0.0,0.0,0.0,0.0,0.0
ASN 298,R ASN 298,0.0,0.0,0.0,-0.0009999999999994458,0.0,0.0,-0.008999999999999453,0.0,0.0,0.010999999999999677,0.0,0.0,0.0,0.0,0.0,0.000999999999990564,0.0,0.0
TYR 299,R TYR 299,0.0,0.0,0.0,-0.0009999999999994458,0.0,0.0,0.0019999999999988916,0.0,0.0,-0.005999999999999894,0.0,0.0,0.0,0.0,0.0,-0.004999999999999005,0.0,0.0
LEU 300,R LEU 300,0.0,0.0,0.0,-0.0019999999999997797,0.0,0.0,0.009999999999999787,0.0,0.0,-0.008999999999999897,0.0,0.0,0.0,0.0,0.0,-0.0009999999999976694,0.0,0.0
ASP 301,R ASP 301,0.0,0.0,0.0,-0.0029999999999992255,0.0,0.0,-0.4440000000000026,0.0,0.0,0.47800000000000864,0.0,0.0,0.0,0.0,0.0,0.03100000000000591,0.0,0.0
SER 302,R SER 302,0.0,0.0,0.0,-0.001000000000000334,0.0,0.0,0.06000000000000005,0.0,0.0,-0.052000000000000046,0.0,0.0,0.0,0.0,0.0,0.006999999999999673,0.0,0.0
TYR 303,R TYR 303,0.0,0.0,0.0,-0.0009999999999994458,0.0,0.0,0.0259999999999998,0.0,0.0,-0.02200000000000024,0.0,0.0,0.0,0.0,0.0,0.0030000000000036664,0.0,0.0
ASN 304,R ASN 304,0.0,0.0,0.0,-0.0009999999999998899,0.0,0.0,-0.0009999999999994458,0.0,0.0,0.0070000000000014495,0.0,0.0,0.0,0.0,0.0,0.005000000000009663,0.0,0.0
ASN 305,R ASN 305,0.0,0.0,0.0,0.0,0.0,0.0,-0.019999999999999574,0.0,0.0,0.020000000000000018,0.0,0.0,0.0,0.0,0.0,1.4210854715202004e-14,0.0,0.0
LYS 306,R LYS 306,0.0,0.0,0.0,-0.001000000000000334,0.0,0.0,0.1390000000000029,0.0,0.0,-0.14000000000000057,0.0,0.0,0.0,0.0,0.0,-0.001999999999995339,0.0,0.0
ALA 307,R ALA 307,0.0,0.0,0.0,0.0,0.0,0.0,0.005999999999999783,0.0,0.0,-0.004999999999999893,0.0,0.0,0.0,0.0,0.0,0.0009999999999998899,0.0,0.0
ALA 308,R ALA 308,0.0,0.0,0.0,0.0,0.0,0.0,0.0040000000000000036,0.0,0.0,-0.0040000000000000036,0.0,0.0,0.0,0.0,0.0,0.0,0.0,0.0
VAL 309,R VAL 309,0.0,0.0,0.0,0.0,0.0,0.0,0.0019999999999988916,0.0,0.0,-0.001000000000000112,0.0,0.0,0.0,0.0,0.0,0.0009999999999994458,0.0,0.0
LEU 310,R LEU 310,0.0,0.0,0.0,0.0,0.0,0.0,0.0019999999999997797,0.0,0.0,-0.0019999999999997797,0.0,0.0,0.0,0.0,0.0,-1.7763568394002505e-15,0.0,0.0
LYS 311,R LYS 311,0.0,0.0,0.0,0.0,0.0,0.0,0.05499999999999261,0.0,0.0,-0.054999999999999716,0.0,0.0,0.0,0.0,0.0,-7.105427357601002e-15,0.0,0.0
TYR 312,R TYR 312,0.0,0.0,0.0,0.0,0.0,0.0,0.0030000000000001137,0.0,0.0,-0.0019999999999997797,0.0,0.0,0.0,0.0,0.0,0.0010000000000012221,0.0,0.0
GLU 313,R GLU 313,0.0,0.0,0.0,0.0,0.0,0.0,-0.0519999999999996,0.0,0.0,0.05200000000000671,0.0,0.0,0.0,0.0,0.0,7.105427357601002e-15,0.0,0.0
ASN 314,R ASN 314,0.0,0.0,0.0,0.0,0.0,0.0,0.0030000000000001137,0.0,0.0,-0.002000000000000668,0.0,0.0,0.0,0.0,0.0,0.0010000000000047748,0.0,0.0
ASN 315,R ASN 315,0.0,0.0,0.0,0.0,0.0,0.0,0.001000000000000334,0.0,0.0,-0.0009999999999994458,0.0,0.0,0.0,0.0,0.0,2.842170943040401e-14,0.0,0.0
VAL 316,R VAL 316,0.0,0.0,0.0,0.0,0.0,0.0,0.0010000000000012221,0.0,0.0,-0.0010000000000000009,0.0,0.0,0.0,0.0,0.0,0.0,0.0,0.0
MET 317,R MET 317,0.0,0.0,0.0,0.0,0.0,0.0,0.0010000000000000009,0.0,0.0,-0.0010000000000000009,0.0,0.0,0.0,0.0,0.0,0.0,0.0,0.0
ASN 318,R ASN 318,0.0,0.0,0.0,0.0,0.0,0.0,-0.0010000000000000009,0.0,0.0,0.0,0.0,0.0,0.0,0.0,0.0,-0.0010000000000047748,0.0,0.0
ILE 319,R ILE 319,0.0,0.0,0.0,0.0,0.0,0.0,0.0029999999999998916,0.0,0.0,-0.0029999999999998916,0.0,0.0,0.0,0.0,0.0,0.0,0.0,0.0
ARG 320,R ARG 320,0.0,0.0,0.0,0.0,0.0,0.0,0.07200000000000273,0.0,0.0,-0.07200000000000006,0.0,0.0,0.0,0.0,0.0,0.0,0.0,0.0
GLN 321,R GLN 321,0.0,0.0,0.0,0.0,0.0,0.0,0.006000000000000227,0.0,0.0,-0.006000000000000005,0.0,0.0,0.0,0.0,0.0,0.0,0.0,0.0
PHE 322,R PHE 322,0.0,0.0,0.0,0.0,0.0,0.0,0.0029999999999998916,0.0,0.0,-0.0030000000000000027,0.0,0.0,0.0,0.0,0.0,0.0,0.0,0.0
ASN 323,R ASN 323,0.0,0.0,0.0,0.0,0.0,0.0,0.0019999999999997797,0.0,0.0,-0.0019999999999997797,0.0,0.0,0.0,0.0,0.0,1.4210854715202004e-14,0.0,0.0
ALA 324,R ALA 324,0.0,0.0,0.0,0.0,0.0,0.0,0.009999999999999787,0.0,0.0,-0.008999999999999897,0.0,0.0,0.0,0.0,0.0,0.0009999999999998899,0.0,0.0
SER 325,R SER 325,0.0,0.0,0.0,0.0,0.0,0.0,0.0030000000000001137,0.0,0.0,-0.0040000000000000036,0.0,0.0,0.0,0.0,0.0,-0.0009999999999998899,0.0,0.0
PRO 326,R PRO 326,0.0,0.0,0.0,-0.001000000000000112,0.0,0.0,0.04600000000000293,0.0,0.0,-0.04499999999999815,0.0,0.0,0.0,0.0,0.0,7.105427357601002e-15,0.0,0.0
HIE 327,R HIE 327,0.0,0.0,0.0,-0.0019999999999997797,0.0,0.0,0.01499999999999968,0.0,0.0,-0.010000000000000231,0.0,0.0,0.0,0.0,0.0,0.0029999999999983373,0.0,0.0
PRO 328,R PRO 328,0.0,0.0,0.0,-0.001000000000000334,0.0,0.0,0.038000000000000256,0.0,0.0,-0.029999999999997584,0.0,0.0,0.0,0.0,0.0,0.007000000000005002,0.0,0.0
TYR 329,R TYR 329,0.0,0.0,0.0,-0.1620000000000008,0.0,0.0,0.08999999999999986,0.0,0.0,0.41400000000000015,0.0,0.0,-0.0071279999999999955,0.0,0.0,0.3348720000000043,0.0,0.0
TRP 330,R TRP 330,0.0,0.0,0.0,-0.0129999999999999,0.0,0.0,0.004000000000001336,0.0,0.0,-0.0040000000000000036,0.0,0.0,0.0,0.0,0.0,-0.013000000000000345,0.0,0.0
LEU 331,R LEU 331,0.0,0.0,0.0,-0.2679999999999998,0.0,0.0,-0.03699999999999992,0.0,0.0,-0.0129999999999999,0.0,0.0,0.0,0.0,0.0,-0.3180000000000014,0.0,0.0
PRO 332,R PRO 332,0.0,0.0,0.0,-0.7080000000000002,0.0,0.0,0.24899999999999878,0.0,0.0,-0.41799999999999926,0.0,0.0,-0.03149279999999999,0.0,0.0,-0.9084927999999994,0.0,0.0
HIE 333,R HIE 333,0.0,0.0,0.0,-0.043999999999999595,0.0,0.0,-0.0129999999999999,0.0,0.0,0.038000000000000256,0.0,0.0,0.0,0.0,0.0,-0.019000000000001904,0.0,0.0
PHE 334,R PHE 334,0.0,0.0,0.0,-0.011000000000001009,0.0,0.0,-0.006000000000000005,0.0,0.0,0.0020000000000000018,0.0,0.0,0.0,0.0,0.0,-0.015000000000001013,0.0,0.0
MET 335,R MET 335,0.0,0.0,0.0,-0.38899999999999935,0.0,0.0,-0.06499999999999995,0.0,0.0,-0.009999999999999787,0.0,0.0,-0.012261600000000001,0.0,0.0,-0.4762615999999986,0.0,0.0
ASP 336,R ASP 336,0.0,0.0,0.0,-0.011999999999999567,0.0,0.0,0.36199999999999477,0.0,0.0,-0.4019999999999868,0.0,0.0,0.0,0.0,0.0,-0.0519999999999925,0.0,0.0
VAL 337,R VAL 337,0.0,0.0,0.0,-0.05600000000000005,0.0,0.0,0.0070000000000014495,0.0,0.0,-0.08000000000000007,0.0,0.0,0.0,0.0,0.0,-0.12899999999999956,0.0,0.0
PHE 338,R PHE 338,0.0,0.0,0.0,-0.021000000000000796,0.0,0.0,-0.0039999999999995595,0.0,0.0,0.008000000000000007,0.0,0.0,0.0,0.0,0.0,-0.017000000000000348,0.0,0.0
THR 339,R THR 339,0.0,0.0,0.0,-0.03500000000000014,0.0,0.0,-0.019000000000000128,0.0,0.0,-0.06399999999999961,0.0,0.0,0.0,0.0,0.0,-0.1180000000000021,0.0,0.0
TRP 340,R TRP 340,0.0,0.0,0.0,-3.391,0.0,0.0,-3.078000000000001,0.0,0.0,1.9230000000000005,0.0,0.0,-0.4082544,0.0,0.0,-4.954254399999999,0.0,0.0
SER 341,R SER 341,0.0,0.0,0.0,-0.6379999999999999,0.0,0.0,-0.0129999999999999,0.0,0.0,0.139,0.0,0.0,-0.0135,0.0,0.0,-0.5254999999999997,0.0,0.0
LEU 342,R LEU 342,0.0,0.0,0.0,-0.05399999999999938,0.0,0.0,-0.008000000000000007,0.0,0.0,-0.02400000000000002,0.0,0.0,0.0,0.0,0.0,-0.0860000000000003,0.0,0.0
PRO 343,R PRO 343,0.0,0.0,0.0,-0.7329999999999997,0.0,0.0,-0.36299999999999955,0.0,0.0,0.5569999999999986,0.0,0.0,-0.035049599999999986,0.0,0.0,-0.5740496000000004,0.0,0.0
PHE 344,R PHE 344,0.0,0.0,0.0,-3.5439999999999987,0.0,0.0,-0.358,0.0,0.0,0.09100000000000001,0.0,0.0,-0.36508319999999994,0.0,0.0,-4.176083199999998,0.0,0.0
VAL 345,R VAL 345,0.0,0.0,0.0,-0.10599999999999987,0.0,0.0,-0.010000000000001563,0.0,0.0,-0.055999999999999606,0.0,0.0,0.0,0.0,0.0,-0.17200000000000415,0.0,0.0
GLY 346,R GLY 346,0.0,0.0,0.0,-0.014000000000000012,0.0,0.0,0.027000000000000135,0.0,0.0,-0.038000000000000256,0.0,0.0,0.0,0.0,0.0,-0.025000000000000355,0.0,0.0
GLU 347,R GLU 347,0.0,0.0,0.0,-2.0230000000000006,0.0,0.0,-3.9839999999999947,0.0,0.0,8.34899999999999,0.0,0.0,-0.3271679999999999,0.0,0.0,2.014831999999984,0.0,0.0
LYS 348,R LYS 348,0.0,0.0,0.0,-0.22100000000000009,0.0,0.0,0.42600000000000193,0.0,0.0,-0.11499999999999488,0.0,0.0,0.0,0.0,0.0,0.09000000000000341,0.0,0.0
VAL 349,R VAL 349,0.0,0.0,0.0,-0.01100000000000012,0.0,0.0,-0.01100000000000012,0.0,0.0,-0.01200000000000001,0.0,0.0,0.0,0.0,0.0,-0.034000000000000696,0.0,0.0
THR 350,R THR 350,0.0,0.0,0.0,-0.016000000000000014,0.0,0.0,-0.020999999999997243,0.0,0.0,0.019000000000000128,0.0,0.0,0.0,0.0,0.0,-0.018000000000000682,0.0,0.0
ASP 351,R ASP 351,0.0,0.0,0.0,-0.034999999999999254,0.0,0.0,-0.2389999999999901,0.0,0.0,0.31099999999999284,0.0,0.0,0.0,0.0,0.0,0.03700000000000614,0.0,0.0
MET 352,R MET 352,0.0,0.0,0.0,-0.006000000000000227,0.0,0.0,-0.004999999999999893,0.0,0.0,0.0050000000000003375,0.0,0.0,0.0,0.0,0.0,-0.005999999999999783,0.0,0.0
LEU 353,R LEU 353,0.0,0.0,0.0,-0.0030000000000001137,0.0,0.0,-0.009000000000000341,0.0,0.0,0.019000000000000128,0.0,0.0,0.0,0.0,0.0,0.006999999999997897,0.0,0.0
VAL 354,R VAL 354,0.0,0.0,0.0,-0.0030000000000001137,0.0,0.0,-0.004999999999999005,0.0,0.0,0.010999999999999899,0.0,0.0,0.0,0.0,0.0,0.0030000000000001137,0.0,0.0
SER 355,R SER 355,0.0,0.0,0.0,-0.001000000000000334,0.0,0.0,0.007000000000000117,0.0,0.0,0.0020000000000000018,0.0,0.0,0.0,0.0,0.0,0.007999999999999785,0.0,0.0
ILE 356,R ILE 356,0.0,0.0,0.0,-0.001000000000000334,0.0,0.0,-0.0029999999999998916,0.0,0.0,0.007000000000000117,0.0,0.0,0.0,0.0,0.0,0.0030000000000001137,0.0,0.0
LEU 357,R LEU 357,0.0,0.0,0.0,0.0,0.0,0.0,-0.006000000000000227,0.0,0.0,0.008000000000000007,0.0,0.0,0.0,0.0,0.0,0.002000000000000668,0.0,0.0
ASN 358,R ASN 358,0.0,0.0,0.0,0.0,0.0,0.0,0.0129999999999999,0.0,0.0,-0.009000000000000341,0.0,0.0,0.0,0.0,0.0,0.0040000000000048885,0.0,0.0
VAL 359,R VAL 359,0.0,0.0,0.0,0.0,0.0,0.0,-0.002000000000000668,0.0,0.0,0.0030000000000001137,0.0,0.0,0.0,0.0,0.0,0.0010000000000012221,0.0,0.0
CYS 360,R CYS 360,0.0,0.0,0.0,0.0,0.0,0.0,-0.002999999999999999,0.0,0.0,0.0029999999999998916,0.0,0.0,0.0,0.0,0.0,0.0,0.0,0.0
THR 361,R THR 361,0.0,0.0,0.0,0.0,0.0,0.0,0.021999999999998465,0.0,0.0,-0.022999999999999687,0.0,0.0,0.0,0.0,0.0,-0.0010000000000012221,0.0,0.0
ILE 362,R ILE 362,0.0,0.0,0.0,-0.0010000000000000009,0.0,0.0,-0.016000000000000014,0.0,0.0,0.016000000000000014,0.0,0.0,0.0,0.0,0.0,-0.0009999999999994458,0.0,0.0
GLU 363,R GLU 363,0.0,0.0,0.0,0.0,0.0,0.0,0.12100000000000222,0.0,0.0,-0.11999999999999034,0.0,0.0,0.0,0.0,0.0,0.0010000000000118803,0.0,0.0
GLU 364,R GLU 364,0.0,0.0,0.0,0.0,0.0,0.0,0.17900000000000205,0.0,0.0,-0.17900000000000205,0.0,0.0,0.0,0.0,0.0,0.0,0.0,0.0
ILE 365,R ILE 365,0.0,0.0,0.0,-0.001000000000000334,0.0,0.0,-0.0040000000000000036,0.0,0.0,0.0030000000000001137,0.0,0.0,0.0,0.0,0.0,-0.002000000000000668,0.0,0.0
ASP 366,R ASP 366,0.0,0.0,0.0,0.0,0.0,0.0,0.08099999999999952,0.0,0.0,-0.0799999999999983,0.0,0.0,0.0,0.0,0.0,0.0010000000000047748,0.0,0.0
ARG 367,R ARG 367,0.0,0.0,0.0,-0.0009999999999994458,0.0,0.0,-0.125,0.0,0.0,0.12700000000000244,0.0,0.0,0.0,0.0,0.0,0.0009999999999479314,0.0,0.0
LEU 368,R LEU 368,0.0,0.0,0.0,0.0,0.0,0.0,-0.004000000000000448,0.0,0.0,0.004999999999999893,0.0,0.0,0.0,0.0,0.0,0.0009999999999976694,0.0,0.0
ARG 369,R ARG 369,0.0,0.0,0.0,0.0,0.0,0.0,-0.054000000000002046,0.0,0.0,0.053000000000000824,0.0,0.0,0.0,0.0,0.0,-0.0010000000000331966,0.0,0.0
LYS 370,R LYS 370,0.0,0.0,0.0,0.0,0.0,0.0,-0.07899999999999352,0.0,0.0,0.07800000000000118,0.0,0.0,0.0,0.0,0.0,-0.0009999999999941167,0.0,0.0
ARG 371,R ARG 371,0.0,0.0,0.0,-0.0009999999999994458,0.0,0.0,-0.14300000000000068,0.0,0.0,0.1599999999999966,0.0,0.0,0.0,0.0,0.0,0.016000000000019554,0.0,0.0
PHE 372,R PHE 372,0.0,0.0,0.0,-0.0009999999999994458,0.0,0.0,-0.0010000000000000009,0.0,0.0,0.0010000000000000009,0.0,0.0,0.0,0.0,0.0,-0.0009999999999994458,0.0,0.0
MET 373,R MET 373,0.0,0.0,0.0,0.0,0.0,0.0,-0.001000000000000112,0.0,0.0,0.0,0.0,0.0,0.0,0.0,0.0,-0.001000000000000334,0.0,0.0
LYS 374,R LYS 374,0.0,0.0,0.0,0.0,0.0,0.0,-0.060000000000002274,0.0,0.0,0.06099999999999994,0.0,0.0,0.0,0.0,0.0,0.0009999999999976694,0.0,0.0
LEU 375,R LEU 375,0.0,0.0,0.0,0.0,0.0,0.0,0.01100000000000012,0.0,0.0,-0.007999999999999119,0.0,0.0,0.0,0.0,0.0,0.0030000000000036664,0.0,0.0
ILE 376,R ILE 376,0.0,0.0,0.0,-0.001000000000000334,0.0,0.0,-0.005000000000000782,0.0,0.0,0.009000000000000341,0.0,0.0,0.0,0.0,0.0,0.0030000000000001137,0.0,0.0
ASP 377,R ASP 377,0.0,0.0,0.0,0.0,0.0,0.0,-0.01100000000000989,0.0,0.0,0.01099999999999568,0.0,0.0,0.0,0.0,0.0,-2.842170943040401e-14,0.0,0.0
LYS 378,R LYS 378,0.0,0.0,0.0,-0.001000000000000334,0.0,0.0,0.06399999999999295,0.0,0.0,-0.059000000000004604,0.0,0.0,0.0,0.0,0.0,0.003999999999983572,0.0,0.0
GLN 379,R GLN 379,0.0,0.0,0.0,0.0,0.0,0.0,0.0,0.0,0.0,-0.0009999999999994458,0.0,0.0,0.0,0.0,0.0,-0.0010000000000047748,0.0,0.0
GLU 380,R GLU 380,0.0,0.0,0.0,-0.0009999999999994458,0.0,0.0,0.01300000000000523,0.0,0.0,-0.01300000000000523,0.0,0.0,0.0,0.0,0.0,-0.000999999999990564,0.0,0.0
PHE 381,R PHE 381,0.0,0.0,0.0,-0.002000000000000668,0.0,0.0,0.0,0.0,0.0,-0.01200000000000001,0.0,0.0,0.0,0.0,0.0,-0.014000000000000679,0.0,0.0
LEU 382,R LEU 382,0.0,0.0,0.0,-0.001000000000000334,0.0,0.0,0.0030000000000001137,0.0,0.0,-0.0009999999999998899,0.0,0.0,0.0,0.0,0.0,0.0009999999999994458,0.0,0.0
SER 383,R SER 383,0.0,0.0,0.0,-0.001000000000000334,0.0,0.0,0.0,0.0,0.0,0.0,0.0,0.0,0.0,0.0,0.0,-0.001000000000000334,0.0,0.0
ILE 384,R ILE 384,0.0,0.0,0.0,-0.0009999999999998899,0.0,0.0,-0.0020000000000000018,0.0,0.0,0.004999999999999893,0.0,0.0,0.0,0.0,0.0,0.0019999999999997797,0.0,0.0
PRO 385,R PRO 385,0.0,0.0,0.0,0.0,0.0,0.0,-0.006999999999997897,0.0,0.0,0.008000000000000895,0.0,0.0,0.0,0.0,0.0,0.0010000000000029985,0.0,0.0
GLY 386,R GLY 386,0.0,0.0,0.0,0.0,0.0,0.0,-0.0009999999999998899,0.0,0.0,0.0,0.0,0.0,0.0,0.0,0.0,-0.0009999999999998899,0.0,0.0
ILE 387,R ILE 387,0.0,0.0,0.0,-0.002000000000000668,0.0,0.0,0.0,0.0,0.0,0.001000000000000334,0.0,0.0,0.0,0.0,0.0,-0.001000000000000334,0.0,0.0
SER 388,R SER 388,0.0,0.0,0.0,-0.001000000000000334,0.0,0.0,-0.004999999999999893,0.0,0.0,0.012000000000000455,0.0,0.0,0.0,0.0,0.0,0.006000000000000227,0.0,0.0
SER 389,R SER 389,0.0,0.0,0.0,-0.0040000000000000036,0.0,0.0,-0.006999999999999673,0.0,0.0,0.03500000000000014,0.0,0.0,0.0,0.0,0.0,0.02400000000000002,0.0,0.0
ASN 390,R ASN 390,0.0,0.0,0.0,-0.015000000000000568,0.0,0.0,-0.008999999999999897,0.0,0.0,0.03399999999999992,0.0,0.0,0.0,0.0,0.0,0.010000000000005116,0.0,0.0
PRO 391,R PRO 391,0.0,0.0,0.0,-0.05999999999999961,0.0,0.0,0.062000000000001165,0.0,0.0,-0.005000000000002558,0.0,0.0,0.0,0.0,0.0,-0.00300000000000189,0.0,0.0
LEU 392,R LEU 392,0.0,0.0,0.0,-0.04499999999999993,0.0,0.0,0.0019999999999997797,0.0,0.0,-0.02200000000000024,0.0,0.0,0.0,0.0,0.0,-0.06500000000000128,0.0,0.0
ALA 393,R ALA 393,0.0,0.0,0.0,-0.0019999999999997797,0.0,0.0,0.004000000000000448,0.0,0.0,-0.002000000000000224,0.0,0.0,0.0,0.0,0.0,4.440892098500626e-16,0.0,0.0
THR 394,R THR 394,0.0,0.0,0.0,-0.001000000000000334,0.0,0.0,0.002000000000000668,0.0,0.0,-0.008000000000000007,0.0,0.0,0.0,0.0,0.0,-0.0070000000000014495,0.0,0.0
ARG 395,R ARG 395,0.0,0.0,0.0,-0.006999999999999673,0.0,0.0,0.028000000000000025,0.0,0.0,0.022999999999996135,0.0,0.0,0.0,0.0,0.0,0.04400000000001114,0.0,0.0
LEU 396,R LEU 396,0.0,0.0,0.0,-0.0030000000000001137,0.0,0.0,-0.0040000000000000036,0.0,0.0,0.01100000000000012,0.0,0.0,0.0,0.0,0.0,0.003999999999997783,0.0,0.0
MET 397,R MET 397,0.0,0.0,0.0,-0.0009999999999994458,0.0,0.0,0.0030000000000001137,0.0,0.0,-0.004000000000000448,0.0,0.0,0.0,0.0,0.0,-0.0019999999999997797,0.0,0.0
ASP 398,R ASP 398,0.0,0.0,0.0,-0.0009999999999994458,0.0,0.0,-0.03100000000000591,0.0,0.0,0.03799999999998249,0.0,0.0,0.0,0.0,0.0,0.0059999999999860165,0.0,0.0
VAL 399,R VAL 399,0.0,0.0,0.0,-0.0009999999999994458,0.0,0.0,-0.0039999999999995595,0.0,0.0,0.01100000000000012,0.0,0.0,0.0,0.0,0.0,0.005999999999998451,0.0,0.0
PHE 400,R PHE 400,0.0,0.0,0.0,-0.0009999999999994458,0.0,0.0,-0.0030000000000001137,0.0,0.0,-0.0040000000000000036,0.0,0.0,0.0,0.0,0.0,-0.007999999999999563,0.0,0.0
ASP 401,R ASP 401,0.0,0.0,0.0,0.0,0.0,0.0,0.013999999999995794,0.0,0.0,-0.013999999999981583,0.0,0.0,0.0,0.0,0.0,0.0,0.0,0.0
LYS 402,R LYS 402,0.0,0.0,0.0,0.0,0.0,0.0,-0.08899999999999864,0.0,0.0,0.08600000000000563,0.0,0.0,0.0,0.0,0.0,-0.0029999999999930083,0.0,0.0
ASP 403,R ASP 403,0.0,0.0,0.0,0.0,0.0,0.0,0.03200000000001069,0.0,0.0,-0.031999999999982265,0.0,0.0,0.0,0.0,0.0,2.842170943040401e-14,0.0,0.0
GLY 404,R GLY 404,0.0,0.0,0.0,-0.0010000000000000009,0.0,0.0,0.0009999999999994458,0.0,0.0,0.0,0.0,0.0,0.0,0.0,0.0,0.0,0.0,0.0
ASP 405,R ASP 405,0.0,0.0,0.0,0.0,0.0,0.0,0.022999999999996135,0.0,0.0,-0.022999999999996135,0.0,0.0,0.0,0.0,0.0,0.0,0.0,0.0
GLY 406,R GLY 406,0.0,0.0,0.0,0.0,0.0,0.0,0.0,0.0,0.0,0.0,0.0,0.0,0.0,0.0,0.0,0.0,0.0,0.0
SER 407,R SER 407,0.0,0.0,0.0,-0.001000000000000334,0.0,0.0,-0.0030000000000001137,0.0,0.0,0.0020000000000000018,0.0,0.0,0.0,0.0,0.0,-0.002000000000000668,0.0,0.0
ILE 408,R ILE 408,0.0,0.0,0.0,0.0,0.0,0.0,-0.0020000000000000018,0.0,0.0,0.0030000000000001137,0.0,0.0,0.0,0.0,0.0,0.0009999999999998899,0.0,0.0
ASP 409,R ASP 409,0.0,0.0,0.0,0.0,0.0,0.0,0.04200000000000159,0.0,0.0,-0.04099999999999682,0.0,0.0,0.0,0.0,0.0,0.0010000000000047748,0.0,0.0
PHE 410,R PHE 410,0.0,0.0,0.0,0.0,0.0,0.0,-0.0010000000000000009,0.0,0.0,0.0010000000000000009,0.0,0.0,0.0,0.0,0.0,0.0,0.0,0.0
GLU 411,R GLU 411,0.0,0.0,0.0,0.0,0.0,0.0,0.07299999999999329,0.0,0.0,-0.07200000000000273,0.0,0.0,0.0,0.0,0.0,0.000999999999990564,0.0,0.0
GLU 412,R GLU 412,0.0,0.0,0.0,0.0,0.0,0.0,0.049000000000006594,0.0,0.0,-0.04800000000000182,0.0,0.0,0.0,0.0,0.0,0.0010000000000331966,0.0,0.0
PHE 413,R PHE 413,0.0,0.0,0.0,0.0,0.0,0.0,-0.0010000000000000009,0.0,0.0,-0.0030000000000000027,0.0,0.0,0.0,0.0,0.0,-0.0040000000000000036,0.0,0.0
ILE 414,R ILE 414,0.0,0.0,0.0,0.0,0.0,0.0,-0.0040000000000000036,0.0,0.0,0.0030000000000001137,0.0,0.0,0.0,0.0,0.0,-0.001000000000000334,0.0,0.0
THR 415,R THR 415,0.0,0.0,0.0,0.0,0.0,0.0,-0.0019999999999988916,0.0,0.0,0.001000000000000334,0.0,0.0,0.0,0.0,0.0,-0.0009999999999976694,0.0,0.0
GLY 416,R GLY 416,0.0,0.0,0.0,0.0,0.0,0.0,0.004999999999999893,0.0,0.0,-0.004999999999999893,0.0,0.0,0.0,0.0,0.0,0.0,0.0,0.0
LEU 417,R LEU 417,0.0,0.0,0.0,0.0,0.0,0.0,-0.002000000000000668,0.0,0.0,0.008000000000000007,0.0,0.0,0.0,0.0,0.0,0.00600000000000378,0.0,0.0
SER 418,R SER 418,0.0,0.0,0.0,0.0,0.0,0.0,0.0009999999999994458,0.0,0.0,-0.001000000000000334,0.0,0.0,0.0,0.0,0.0,-8.881784197001252e-16,0.0,0.0
ALA 419,R ALA 419,0.0,0.0,0.0,-0.0009999999999998899,0.0,0.0,-0.008999999999999453,0.0,0.0,0.008000000000000007,0.0,0.0,0.0,0.0,0.0,-0.0019999999999993356,0.0,0.0
PHE 420,R PHE 420,0.0,0.0,0.0,-0.0030000000000001137,0.0,0.0,0.052999999999999936,0.0,0.0,-0.07499999999999929,0.0,0.0,0.0,0.0,0.0,-0.02500000000000213,0.0,0.0
SER 421,R SER 421,0.0,0.0,0.0,0.0,0.0,0.0,-0.038999999999999924,0.0,0.0,0.04100000000000037,0.0,0.0,0.0,0.0,0.0,0.0019999999999988916,0.0,0.0
ASP 422,R ASP 422,0.0,0.0,0.0,-0.0009999999999998899,0.0,0.0,0.2220000000000013,0.0,0.0,-0.2219999999999942,0.0,0.0,0.0,0.0,0.0,-0.0009999999999976694,0.0,0.0
ASN 423,R ASN 423,0.0,0.0,0.0,-0.0009999999999994458,0.0,0.0,0.010999999999999899,0.0,0.0,0.0040000000000000036,0.0,0.0,0.0,0.0,0.0,0.014000000000010004,0.0,0.0
LEU 424,R LEU 424,0.0,0.0,0.0,0.0,0.0,0.0,-0.0040000000000000036,0.0,0.0,0.0030000000000001137,0.0,0.0,0.0,0.0,0.0,-0.0009999999999976694,0.0,0.0
ASN 425,R ASN 425,0.0,0.0,0.0,-0.0009999999999994458,0.0,0.0,0.0030000000000001137,0.0,0.0,-0.001000000000000334,0.0,0.0,0.0,0.0,0.0,0.000999999999990564,0.0,0.0
LYS 426,R LYS 426,0.0,0.0,0.0,-0.002000000000000668,0.0,0.0,-0.38800000000000523,0.0,0.0,0.3919999999999959,0.0,0.0,0.0,0.0,0.0,0.001999999999981128,0.0,0.0
LEU 427,R LEU 427,0.0,0.0,0.0,-0.0009999999999994458,0.0,0.0,-0.008000000000000007,0.0,0.0,0.016000000000000014,0.0,0.0,0.0,0.0,0.0,0.007000000000003226,0.0,0.0
ARG 428,R ARG 428,0.0,0.0,0.0,0.0,0.0,0.0,-0.0969999999999942,0.0,0.0,0.07399999999999807,0.0,0.0,0.0,0.0,0.0,-0.023000000000024556,0.0,0.0
PHE 429,R PHE 429,0.0,0.0,0.0,-0.0039999999999995595,0.0,0.0,-0.008000000000000007,0.0,0.0,-0.02099999999999999,0.0,0.0,0.0,0.0,0.0,-0.032999999999999474,0.0,0.0
ALA 430,R ALA 430,0.0,0.0,0.0,-0.002000000000000224,0.0,0.0,-0.01499999999999968,0.0,0.0,0.016000000000000014,0.0,0.0,0.0,0.0,0.0,-0.0009999999999998899,0.0,0.0
PHE 431,R PHE 431,0.0,0.0,0.0,-0.002000000000000668,0.0,0.0,-0.0040000000000000036,0.0,0.0,-0.009000000000000119,0.0,0.0,0.0,0.0,0.0,-0.01500000000000079,0.0,0.0
ASN 432,R ASN 432,0.0,0.0,0.0,-0.001000000000000334,0.0,0.0,0.010999999999999233,0.0,0.0,-0.0029999999999992255,0.0,0.0,0.0,0.0,0.0,0.007000000000005002,0.0,0.0
ILE 433,R ILE 433,0.0,0.0,0.0,-0.010000000000000675,0.0,0.0,-0.005999999999999894,0.0,0.0,-0.0019999999999997797,0.0,0.0,0.0,0.0,0.0,-0.018000000000000682,0.0,0.0
TYR 434,R TYR 434,0.0,0.0,0.0,-0.03500000000000014,0.0,0.0,0.019999999999999574,0.0,0.0,0.007000000000000117,0.0,0.0,0.0,0.0,0.0,-0.008000000000002672,0.0,0.0
ASP 435,R ASP 435,0.0,0.0,0.0,0.0,0.0,0.0,0.05499999999999261,0.0,0.0,-0.058000000000021146,0.0,0.0,0.0,0.0,0.0,-0.0030000000000427463,0.0,0.0
ILE 436,R ILE 436,0.0,0.0,0.0,-0.0019999999999997797,0.0,0.0,0.0020000000000000018,0.0,0.0,-0.001000000000000334,0.0,0.0,0.0,0.0,0.0,-0.001000000000000334,0.0,0.0
ASP 437,R ASP 437,0.0,0.0,0.0,0.0,0.0,0.0,-0.000999999999990564,0.0,0.0,0.001999999999981128,0.0,0.0,0.0,0.0,0.0,0.0009999999999763531,0.0,0.0
ARG 438,R ARG 438,0.0,0.0,0.0,-0.001000000000000334,0.0,0.0,-0.018000000000000682,0.0,0.0,0.019000000000005457,0.0,0.0,0.0,0.0,0.0,5.684341886080802e-14,0.0,0.0
ASP 439,R ASP 439,0.0,0.0,0.0,0.0,0.0,0.0,0.024999999999991473,0.0,0.0,-0.02600000000001046,0.0,0.0,0.0,0.0,0.0,-0.0010000000000331966,0.0,0.0
GLY 440,R GLY 440,0.0,0.0,0.0,0.0,0.0,0.0,0.0019999999999997797,0.0,0.0,-0.0030000000000001137,0.0,0.0,0.0,0.0,0.0,-0.001000000000000334,0.0,0.0
TYR 441,R TYR 441,0.0,0.0,0.0,-0.0009999999999994458,0.0,0.0,-0.002000000000000668,0.0,0.0,0.0,0.0,0.0,0.0,0.0,0.0,-0.0030000000000001137,0.0,0.0
ILE 442,R ILE 442,0.0,0.0,0.0,-0.0029999999999983373,0.0,0.0,-0.0040000000000000036,0.0,0.0,-0.001000000000000334,0.0,0.0,0.0,0.0,0.0,-0.007999999999999119,0.0,0.0
GLY 443,R GLY 443,0.0,0.0,0.0,0.0,0.0,0.0,-0.0009999999999998899,0.0,0.0,-0.0019999999999997797,0.0,0.0,0.0,0.0,0.0,-0.0029999999999992255,0.0,0.0
ASN 444,R ASN 444,0.0,0.0,0.0,-0.001000000000000334,0.0,0.0,-0.015000000000000568,0.0,0.0,0.01200000000000001,0.0,0.0,0.0,0.0,0.0,-0.003999999999990678,0.0,0.0
GLY 445,R GLY 445,0.0,0.0,0.0,0.0,0.0,0.0,-0.002000000000000224,0.0,0.0,0.0,0.0,0.0,0.0,0.0,0.0,-0.002000000000000224,0.0,0.0
GLU 446,R GLU 446,0.0,0.0,0.0,-0.0009999999999994458,0.0,0.0,0.005000000000009663,0.0,0.0,-0.01099999999999568,0.0,0.0,0.0,0.0,0.0,-0.0069999999999765805,0.0,0.0
LEU 447,R LEU 447,0.0,0.0,0.0,-0.009999999999999787,0.0,0.0,-0.0030000000000001137,0.0,0.0,-0.04499999999999993,0.0,0.0,0.0,0.0,0.0,-0.05800000000000338,0.0,0.0
PHE 448,R PHE 448,0.0,0.0,0.0,-0.009000000000000341,0.0,0.0,0.0030000000000000027,0.0,0.0,0.0,0.0,0.0,0.0,0.0,0.0,-0.0060000000000006715,0.0,0.0
ILE 449,R ILE 449,0.0,0.0,0.0,-0.0039999999999995595,0.0,0.0,0.0020000000000000018,0.0,0.0,-0.0040000000000000036,0.0,0.0,0.0,0.0,0.0,-0.006000000000000227,0.0,0.0
VAL 450,R VAL 450,0.0,0.0,0.0,-0.017000000000000348,0.0,0.0,-0.0009999999999994458,0.0,0.0,-0.0259999999999998,0.0,0.0,0.0,0.0,0.0,-0.04400000000000048,0.0,0.0
MET 451,R MET 451,0.0,0.0,0.0,-0.44599999999999973,0.0,0.0,-0.010999999999999677,0.0,0.0,-0.09099999999999975,0.0,0.0,-0.0151344,0.0,0.0,-0.5631343999999991,0.0,0.0
LYS 452,R LYS 452,0.0,0.0,0.0,-0.028999999999999915,0.0,0.0,0.36700000000000443,0.0,0.0,-0.18599999999999994,0.0,0.0,0.0,0.0,0.0,0.15200000000000813,0.0,0.0
MET 453,R MET 453,0.0,0.0,0.0,-0.0259999999999998,0.0,0.0,0.014000000000000012,0.0,0.0,-0.0050000000000000044,0.0,0.0,0.0,0.0,0.0,-0.016999999999999904,0.0,0.0
MET 454,R MET 454,0.0,0.0,0.0,-0.8590000000000009,0.0,0.0,-0.007000000000000117,0.0,0.0,0.04200000000000026,0.0,0.0,-0.035611199999999996,0.0,0.0,-0.8596112000000007,0.0,0.0
VAL 455,R VAL 455,0.0,0.0,0.0,-1.1259999999999994,0.0,0.0,-0.006000000000000227,0.0,0.0,-0.014000000000000234,0.0,0.0,-0.055296,0.0,0.0,-1.2012959999999975,0.0,0.0
GLY 456,R GLY 456,0.0,0.0,0.0,-0.02200000000000002,0.0,0.0,-0.02400000000000002,0.0,0.0,0.010000000000000231,0.0,0.0,0.0,0.0,0.0,-0.035999999999999144,0.0,0.0
LYS 457,R LYS 457,0.0,0.0,0.0,-0.0259999999999998,0.0,0.0,0.4749999999999943,0.0,0.0,-0.5010000000000003,0.0,0.0,0.0,0.0,0.0,-0.05200000000000671,0.0,0.0
ASN 458,R ASN 458,0.0,0.0,0.0,-1.4029999999999996,0.0,0.0,0.063,0.0,0.0,1.02,0.0,0.0,-0.1279944,0.0,0.0,-0.4479943999999989,0.0,0.0
LEU 459,R LEU 459,0.0,0.0,0.0,-0.21300000000000008,0.0,0.0,0.006000000000000227,0.0,0.0,-0.0050000000000003375,0.0,0.0,-0.0028655999999999994,0.0,0.0,-0.21486559999999955,0.0,0.0
LYS 460,R LYS 460,0.0,0.0,0.0,-0.008999999999999453,0.0,0.0,0.3610000000000042,0.0,0.0,-0.30399999999999494,0.0,0.0,0.0,0.0,0.0,0.048000000000008924,0.0,0.0
ASP 461,R ASP 461,0.0,0.0,0.0,-0.0040000000000000036,0.0,0.0,-0.3569999999999993,0.0,0.0,0.35599999999999454,0.0,0.0,0.0,0.0,0.0,-0.005000000000009663,0.0,0.0
GLU 462,R GLU 462,0.0,0.0,0.0,-0.0019999999999997797,0.0,0.0,-0.33300000000000196,0.0,0.0,0.33799999999999386,0.0,0.0,0.0,0.0,0.0,0.002999999999985903,0.0,0.0
GLU 463,R GLU 463,0.0,0.0,0.0,-0.017000000000000348,0.0,0.0,-0.7179999999999964,0.0,0.0,0.7670000000000101,0.0,0.0,0.0,0.0,0.0,0.03200000000001779,0.0,0.0
LEU 464,R LEU 464,0.0,0.0,0.0,-0.054999999999999716,0.0,0.0,0.0129999999999999,0.0,0.0,-0.040999999999999925,0.0,0.0,0.0,0.0,0.0,-0.08300000000000196,0.0,0.0
GLN 465,R GLN 465,0.0,0.0,0.0,-0.0030000000000001137,0.0,0.0,-0.0070000000000014495,0.0,0.0,0.008000000000000007,0.0,0.0,0.0,0.0,0.0,-0.0020000000000095497,0.0,0.0
GLN 466,R GLN 466,0.0,0.0,0.0,-0.0039999999999995595,0.0,0.0,-0.02400000000000002,0.0,0.0,0.027999999999999997,0.0,0.0,0.0,0.0,0.0,0.0,0.0,0.0
ILE 467,R ILE 467,0.0,0.0,0.0,-0.04099999999999948,0.0,0.0,0.0050000000000003375,0.0,0.0,-0.03799999999999981,0.0,0.0,0.0,0.0,0.0,-0.07399999999999896,0.0,0.0
VAL 468,R VAL 468,0.0,0.0,0.0,-0.009000000000000341,0.0,0.0,0.004999999999999005,0.0,0.0,-0.050000000000000266,0.0,0.0,0.0,0.0,0.0,-0.05400000000000027,0.0,0.0
ASP 469,R ASP 469,0.0,0.0,0.0,-0.0019999999999997797,0.0,0.0,-0.09899999999999665,0.0,0.0,0.05100000000000193,0.0,0.0,0.0,0.0,0.0,-0.04999999999999005,0.0,0.0
LYS 470,R LYS 470,0.0,0.0,0.0,-0.004999999999999005,0.0,0.0,0.14599999999998658,0.0,0.0,-0.06299999999998818,0.0,0.0,0.0,0.0,0.0,0.07800000000000296,0.0,0.0
THR 471,R THR 471,0.0,0.0,0.0,-0.006000000000000227,0.0,0.0,-0.006000000000000227,0.0,0.0,-0.013000000000000012,0.0,0.0,0.0,0.0,0.0,-0.025000000000000355,0.0,0.0
LEU 472,R LEU 472,0.0,0.0,0.0,-0.0019999999999997797,0.0,0.0,0.0019999999999997797,0.0,0.0,-0.019000000000000128,0.0,0.0,0.0,0.0,0.0,-0.019000000000005457,0.0,0.0
MET 473,R MET 473,0.0,0.0,0.0,0.0,0.0,0.0,-0.0009999999999998899,0.0,0.0,0.0019999999999997797,0.0,0.0,0.0,0.0,0.0,0.0009999999999998899,0.0,0.0
GLU 474,R GLU 474,0.0,0.0,0.0,-0.002000000000000668,0.0,0.0,0.09900000000000375,0.0,0.0,-0.10099999999999909,0.0,0.0,0.0,0.0,0.0,-0.003999999999990678,0.0,0.0
ALA 475,R ALA 475,0.0,0.0,0.0,-0.0009999999999998899,0.0,0.0,-0.005999999999998451,0.0,0.0,0.006999999999999673,0.0,0.0,0.0,0.0,0.0,1.7763568394002505e-15,0.0,0.0
ASP 476,R ASP 476,0.0,0.0,0.0,0.0,0.0,0.0,0.04399999999999693,0.0,0.0,-0.044999999999987494,0.0,0.0,0.0,0.0,0.0,-0.0010000000000047748,0.0,0.0
LEU 477,R LEU 477,0.0,0.0,0.0,0.0,0.0,0.0,-0.0040000000000000036,0.0,0.0,0.005999999999999783,0.0,0.0,0.0,0.0,0.0,0.0019999999999988916,0.0,0.0
ASP 478,R ASP 478,0.0,0.0,0.0,-0.0009999999999998899,0.0,0.0,0.06399999999999295,0.0,0.0,-0.06399999999999295,0.0,0.0,0.0,0.0,0.0,-0.0010000000000047748,0.0,0.0
GLY 479,R GLY 479,0.0,0.0,0.0,0.0,0.0,0.0,0.001000000000000334,0.0,0.0,-0.0009999999999994458,0.0,0.0,0.0,0.0,0.0,0.0,0.0,0.0
ASP 480,R ASP 480,0.0,0.0,0.0,0.0,0.0,0.0,0.045000000000001705,0.0,0.0,-0.046999999999997044,0.0,0.0,0.0,0.0,0.0,-0.001999999999995339,0.0,0.0
GLY 481,R GLY 481,0.0,0.0,0.0,0.0,0.0,0.0,0.0009999999999994458,0.0,0.0,0.0,0.0,0.0,0.0,0.0,0.0,0.0009999999999994458,0.0,0.0
LYS 482,R LYS 482,0.0,0.0,0.0,0.0,0.0,0.0,-0.019000000000005457,0.0,0.0,0.01300000000000523,0.0,0.0,0.0,0.0,0.0,-0.006000000000000227,0.0,0.0
LEU 483,R LEU 483,0.0,0.0,0.0,-0.0019999999999997797,0.0,0.0,-0.0030000000000001137,0.0,0.0,-0.0040000000000000036,0.0,0.0,0.0,0.0,0.0,-0.009000000000000341,0.0,0.0
ASN 484,R ASN 484,0.0,0.0,0.0,0.0,0.0,0.0,0.011999999999999567,0.0,0.0,-0.010000000000000231,0.0,0.0,0.0,0.0,0.0,0.001999999999995339,0.0,0.0
PHE 485,R PHE 485,0.0,0.0,0.0,-0.0010000000000012221,0.0,0.0,-0.004999999999999893,0.0,0.0,0.0,0.0,0.0,0.0,0.0,0.0,-0.0060000000000011156,0.0,0.0
GLU 486,R GLU 486,0.0,0.0,0.0,0.0,0.0,0.0,0.17399999999999238,0.0,0.0,-0.17300000000000182,0.0,0.0,0.0,0.0,0.0,0.000999999999990564,0.0,0.0
GLU 487,R GLU 487,0.0,0.0,0.0,-0.0009999999999994458,0.0,0.0,0.08700000000001751,0.0,0.0,-0.08400000000000318,0.0,0.0,0.0,0.0,0.0,0.0020000000000095497,0.0,0.0
PHE 488,R PHE 488,0.0,0.0,0.0,-0.004999999999999005,0.0,0.0,-0.006000000000000005,0.0,0.0,-0.027999999999999997,0.0,0.0,0.0,0.0,0.0,-0.038999999999999035,0.0,0.0
LYS 489,R LYS 489,0.0,0.0,0.0,-0.001000000000000334,0.0,0.0,-0.18000000000000682,0.0,0.0,0.16400000000000148,0.0,0.0,0.0,0.0,0.0,-0.017000000000010118,0.0,0.0
ASN 490,R ASN 490,0.0,0.0,0.0,0.0,0.0,0.0,-0.008000000000000007,0.0,0.0,0.011000000000001009,0.0,0.0,0.0,0.0,0.0,0.0030000000000001137,0.0,0.0
ALA 491,R ALA 491,0.0,0.0,0.0,-0.0009999999999998899,0.0,0.0,-0.009000000000000341,0.0,0.0,0.009999999999999787,0.0,0.0,0.0,0.0,0.0,-4.440892098500626e-16,0.0,0.0
VAL 492,R VAL 492,0.0,0.0,0.0,-0.004000000000000448,0.0,0.0,-0.009999999999999787,0.0,0.0,0.002000000000000224,0.0,0.0,0.0,0.0,0.0,-0.012000000000000455,0.0,0.0
ASN 493,R ASN 493,0.0,0.0,0.0,-0.0040000000000000036,0.0,0.0,-0.02200000000000002,0.0,0.0,0.04800000000000004,0.0,0.0,0.0,0.0,0.0,0.02200000000000557,0.0,0.0
THR 494,R THR 494,0.0,0.0,0.0,-0.0009999999999998899,0.0,0.0,0.00999999999999801,0.0,0.0,0.0030000000000001137,0.0,0.0,0.0,0.0,0.0,0.012000000000000455,0.0,0.0
ASP 495,R ASP 495,0.0,0.0,0.0,-0.002000000000000224,0.0,0.0,0.4030000000000058,0.0,0.0,-0.3849999999999909,0.0,0.0,0.0,0.0,0.0,0.016000000000019554,0.0,0.0
THR 496,R THR 496,0.0,0.0,0.0,-0.008000000000000007,0.0,0.0,-0.05699999999999861,0.0,0.0,0.05000000000000071,0.0,0.0,0.0,0.0,0.0,-0.015000000000000568,0.0,0.0
ILE 497,R ILE 497,0.0,0.0,0.0,-0.006999999999999673,0.0,0.0,-0.01200000000000001,0.0,0.0,0.0029999999999996696,0.0,0.0,0.0,0.0,0.0,-0.016000000000000014,0.0,0.0
ALA 498,R ALA 498,0.0,0.0,0.0,-0.0009999999999998899,0.0,0.0,-0.017999999999999794,0.0,0.0,0.020000000000000018,0.0,0.0,0.0,0.0,0.0,0.001000000000000334,0.0,0.0
ASN 499,R ASN 499,0.0,0.0,0.0,-0.006000000000000227,0.0,0.0,0.10699999999999998,0.0,0.0,-0.07899999999999974,0.0,0.0,0.0,0.0,0.0,0.02200000000000557,0.0,0.0
THR 500,R THR 500,0.0,0.0,0.0,-0.04899999999999949,0.0,0.0,-0.04100000000000037,0.0,0.0,0.04399999999999993,0.0,0.0,0.0,0.0,0.0,-0.04599999999999582,0.0,0.0
LEU 501,R LEU 501,0.0,0.0,0.0,-0.009000000000000341,0.0,0.0,-0.009999999999999787,0.0,0.0,0.004999999999999893,0.0,0.0,0.0,0.0,0.0,-0.014000000000002899,0.0,0.0
THR 502,R THR 502,0.0,0.0,0.0,-0.0019999999999997797,0.0,0.0,0.09799999999999898,0.0,0.0,-0.09499999999999886,0.0,0.0,0.0,0.0,0.0,0.0009999999999976694,0.0,0.0
GLU 503,R GLU 503,0.0,0.0,0.0,-0.0030000000000001137,0.0,0.0,0.7190000000000012,0.0,0.0,-0.6950000000000074,0.0,0.0,0.0,0.0,0.0,0.02099999999999369,0.0,0.0
LEU 504,R LEU 504,0.0,0.0,0.0,-0.0009999999999994458,0.0,0.0,0.0,0.0,0.0,-0.0009999999999998899,0.0,0.0,0.0,0.0,0.0,-0.0019999999999988916,0.0,0.0
PRO 505,R PRO 505,0.0,0.0,0.0,-0.006000000000000227,0.0,0.0,-0.08800000000000097,0.0,0.0,0.11500000000000021,0.0,0.0,0.0,0.0,0.0,0.02099999999999902,0.0,0.0
GLN 506,R GLN 506,0.0,0.0,0.0,-0.0019999999999997797,0.0,0.0,0.030000000000000027,0.0,0.0,-0.019999999999999574,0.0,0.0,0.0,0.0,0.0,0.007999999999995566,0.0,0.0
ILE 507,R ILE 507,0.0,0.0,0.0,-0.0030000000000001137,0.0,0.0,0.001000000000000334,0.0,0.0,-0.0040000000000000036,0.0,0.0,0.0,0.0,0.0,-0.006000000000000227,0.0,0.0
GLU 508,R GLU 508,0.0,0.0,0.0,-0.001000000000000334,0.0,0.0,-0.042999999999992156,0.0,0.0,0.054000000000002046,0.0,0.0,0.0,0.0,0.0,0.010000000000019327,0.0,0.0
ILE 509,R ILE 509,0.0,0.0,0.0,-0.001000000000000334,0.0,0.0,0.0029999999999998916,0.0,0.0,-0.0029999999999998916,0.0,0.0,0.0,0.0,0.0,-0.001000000000000334,0.0,0.0
VAL 510,R VAL 510,0.0,0.0,0.0,-0.0009999999999994458,0.0,0.0,0.007999999999999119,0.0,0.0,-0.009999999999999787,0.0,0.0,0.0,0.0,0.0,-0.0029999999999983373,0.0,0.0
GLN 511,R GLN 511,0.0,0.0,0.0,0.0,0.0,0.0,-0.0040000000000000036,0.0,0.0,0.007000000000000561,0.0,0.0,0.0,0.0,0.0,0.0030000000000001137,0.0,0.0
GLU 512,R GLU 512,0.0,0.0,0.0,-0.0009999999999998899,0.0,0.0,-0.11399999999999721,0.0,0.0,0.11599999999999966,0.0,0.0,0.0,0.0,0.0,0.0010000000000047748,0.0,0.0
GLY 513,R GLY 513,0.0,0.0,0.0,0.0,0.0,0.0,-0.007000000000000117,0.0,0.0,0.007000000000000117,0.0,0.0,0.0,0.0,0.0,4.440892098500626e-16,0.0,0.0
ASP 514,R ASP 514,0.0,0.0,0.0,0.0,0.0,0.0,-0.22999999999999687,0.0,0.0,0.22399999999998954,0.0,0.0,0.0,0.0,0.0,-0.006000000000007333,0.0,0.0
ASN 515,R ASN 515,0.0,0.0,0.0,0.0,0.0,0.0,-0.01200000000000001,0.0,0.0,0.01200000000000001,0.0,0.0,0.0,0.0,0.0,0.0,0.0,0.0
THR 516,R THR 516,0.0,0.0,0.0,0.0,0.0,0.0,-0.006000000000000227,0.0,0.0,0.004999999999999893,0.0,0.0,0.0,0.0,0.0,-0.0009999999999976694,0.0,0.0
THR 517,R THR 517,0.0,0.0,0.0,0.0,0.0,0.0,0.01699999999999946,0.0,0.0,-0.01100000000000012,0.0,0.0,0.0,0.0,0.0,0.005999999999996675,0.0,0.0
PHE 518,R PHE 518,0.0,0.0,0.0,-0.002000000000000668,0.0,0.0,-0.0010000000000000009,0.0,0.0,-0.007000000000000117,0.0,0.0,0.0,0.0,0.0,-0.010000000000000675,0.0,0.0
ALA 519,R ALA 519,0.0,0.0,0.0,-0.0009999999999998899,0.0,0.0,0.0129999999999999,0.0,0.0,-0.010999999999999677,0.0,0.0,0.0,0.0,0.0,0.001000000000000334,0.0,0.0
LYS 520,R LYS 520,0.0,0.0,0.0,-0.0009999999999998899,0.0,0.0,0.06099999999999994,0.0,0.0,-0.07600000000000051,0.0,0.0,0.0,0.0,0.0,-0.015999999999998238,0.0,0.0
PRO 521,R PRO 521,0.0,0.0,0.0,-0.0019999999999997797,0.0,0.0,0.006000000000000227,0.0,0.0,0.004999999999999005,0.0,0.0,0.0,0.0,0.0,0.008999999999998565,0.0,0.0
GLY 522,R GLY 522,0.0,0.0,0.0,0.0,0.0,0.0,-0.004999999999999893,0.0,0.0,0.0019999999999997797,0.0,0.0,0.0,0.0,0.0,-0.0030000000000001137,0.0,0.0
ASP 523,R ASP 523,0.0,0.0,0.0,-0.002000000000000668,0.0,0.0,-0.20299999999999585,0.0,0.0,0.2079999999999984,0.0,0.0,0.0,0.0,0.0,0.0030000000000001137,0.0,0.0
THR 524,R THR 524,0.0,0.0,0.0,-0.006000000000000227,0.0,0.0,0.01799999999999713,0.0,0.0,-0.014000000000000234,0.0,0.0,0.0,0.0,0.0,-0.0020000000000024443,0.0,0.0
VAL 525,R VAL 525,0.0,0.0,0.0,-0.018000000000000682,0.0,0.0,0.019000000000000128,0.0,0.0,-0.06800000000000006,0.0,0.0,0.0,0.0,0.0,-0.06700000000000017,0.0,0.0
THR 526,R THR 526,0.0,0.0,0.0,-0.009000000000000341,0.0,0.0,-0.0070000000000014495,0.0,0.0,0.0030000000000001137,0.0,0.0,0.0,0.0,0.0,-0.013000000000001677,0.0,0.0
ILE 527,R ILE 527,0.0,0.0,0.0,-0.06300000000000061,0.0,0.0,0.062000000000000055,0.0,0.0,-0.07900000000000018,0.0,0.0,0.0,0.0,0.0,-0.08000000000000074,0.0,0.0
HIE 528,R HIE 528,0.0,0.0,0.0,-0.02200000000000024,0.0,0.0,-0.20600000000000002,0.0,0.0,0.3049999999999997,0.0,0.0,0.0,0.0,0.0,0.07700000000000173,0.0,0.0
TYR 529,R TYR 529,0.0,0.0,0.0,-2.2650000000000006,0.0,0.0,0.053000000000000824,0.0,0.0,0.7789999999999999,0.0,0.0,-0.1627128,0.0,0.0,-1.5957128000000012,0.0,0.0
ASP 530,R ASP 530,0.0,0.0,0.0,-0.02200000000000024,0.0,0.0,-0.6859999999999999,0.0,0.0,0.703000000000003,0.0,0.0,0.0,0.0,0.0,-0.005000000000009663,0.0,0.0
GLY 531,R GLY 531,0.0,0.0,0.0,-0.03300000000000014,0.0,0.0,-0.03699999999999992,0.0,0.0,0.05099999999999971,0.0,0.0,0.0,0.0,0.0,-0.019000000000000128,0.0,0.0
LYS 532,R LYS 532,0.0,0.0,0.0,-0.019999999999999574,0.0,0.0,0.4550000000000125,0.0,0.0,-0.18200000000000216,0.0,0.0,0.0,0.0,0.0,0.2530000000000143,0.0,0.0
LEU 533,R LEU 533,0.0,0.0,0.0,-0.025000000000000355,0.0,0.0,-0.01499999999999968,0.0,0.0,-0.022999999999999687,0.0,0.0,0.0,0.0,0.0,-0.06300000000000239,0.0,0.0
THR 534,R THR 534,0.0,0.0,0.0,-0.0030000000000001137,0.0,0.0,-0.00999999999999801,0.0,0.0,0.015000000000000568,0.0,0.0,0.0,0.0,0.0,0.0020000000000024443,0.0,0.0
ASN 535,R ASN 535,0.0,0.0,0.0,-0.002000000000000224,0.0,0.0,-0.028000000000000025,0.0,0.0,0.03000000000000025,0.0,0.0,0.0,0.0,0.0,0.0,0.0,0.0
GLY 536,R GLY 536,0.0,0.0,0.0,0.0,0.0,0.0,0.0009999999999998899,0.0,0.0,-0.0030000000000001137,0.0,0.0,0.0,0.0,0.0,-0.002000000000000224,0.0,0.0
LYS 537,R LYS 537,0.0,0.0,0.0,-0.008999999999999453,0.0,0.0,-0.257000000000005,0.0,0.0,0.3739999999999952,0.0,0.0,0.0,0.0,0.0,0.10800000000000409,0.0,0.0
GLU 538,R GLU 538,0.0,0.0,0.0,-0.025000000000000355,0.0,0.0,-0.7450000000000045,0.0,0.0,0.7249999999999943,0.0,0.0,0.0,0.0,0.0,-0.045000000000001705,0.0,0.0
PHE 539,R PHE 539,0.0,0.0,0.0,-0.7900000000000009,0.0,0.0,0.20799999999999996,0.0,0.0,0.11700000000000002,0.0,0.0,-0.0498888,0.0,0.0,-0.514888800000001,0.0,0.0
ASP 540,R ASP 540,0.0,0.0,0.0,-1.7530000000000001,0.0,0.0,-5.009000000000004,0.0,0.0,11.153999999999996,0.0,0.0,-0.11446559999999999,0.0,0.0,4.277534399999986,0.0,0.0
SER 541,R SER 541,0.0,0.0,0.0,-0.03900000000000059,0.0,0.0,-0.04999999999999982,0.0,0.0,0.052999999999999936,0.0,0.0,0.0,0.0,0.0,-0.036000000000001364,0.0,0.0
SER 542,R SER 542,0.0,0.0,0.0,-0.11899999999999977,0.0,0.0,0.22699999999999998,0.0,0.0,-0.07600000000000007,0.0,0.0,0.0,0.0,0.0,0.03200000000000003,0.0,0.0
ARG 543,R ARG 543,0.0,0.0,0.0,-0.01100000000000012,0.0,0.0,0.3889999999999958,0.0,0.0,-0.2879999999999967,0.0,0.0,0.0,0.0,0.0,0.08999999999997499,0.0,0.0
LYS 544,R LYS 544,0.0,0.0,0.0,-0.01899999999999924,0.0,0.0,0.4310000000000116,0.0,0.0,-0.19400000000000261,0.0,0.0,0.0,0.0,0.0,0.21800000000001774,0.0,0.0
ARG 545,R ARG 545,0.0,0.0,0.0,-1.2720000000000002,0.0,0.0,2.878,0.0,0.0,-2.847999999999999,0.0,0.0,-0.112212,0.0,0.0,-1.3542119999999613,0.0,0.0
GLY 546,R GLY 546,0.0,0.0,0.0,-0.0020000000000000018,0.0,0.0,-0.0259999999999998,0.0,0.0,0.020999999999999908,0.0,0.0,0.0,0.0,0.0,-0.007000000000000117,0.0,0.0
LYS 547,R LYS 547,0.0,0.0,0.0,-0.036000000000000476,0.0,0.0,0.5969999999999942,0.0,0.0,-0.3810000000000002,0.0,0.0,0.0,0.0,0.0,0.1799999999999926,0.0,0.0
PRO 548,R PRO 548,0.0,0.0,0.0,-0.017999999999999794,0.0,0.0,0.1930000000000014,0.0,0.0,-0.1590000000000007,0.0,0.0,0.0,0.0,0.0,0.01600000000000179,0.0,0.0
PHE 549,R PHE 549,0.0,0.0,0.0,-2.6029999999999998,0.0,0.0,-0.254,0.0,0.0,0.6100000000000001,0.0,0.0,-0.27653040000000007,0.0,0.0,-2.5235303999999994,0.0,0.0
THR 550,R THR 550,0.0,0.0,0.0,-0.05699999999999994,0.0,0.0,0.022999999999999687,0.0,0.0,-0.016000000000000014,0.0,0.0,0.0,0.0,0.0,-0.05000000000000426,0.0,0.0
CYS 551,R CYS 551,0.0,0.0,0.0,-0.1719999999999997,0.0,0.0,0.025000000000000133,0.0,0.0,0.06499999999999995,0.0,0.0,0.0,0.0,0.0,-0.08199999999999985,0.0,0.0
THR 552,R THR 552,0.0,0.0,0.0,-0.014000000000000234,0.0,0.0,-0.03399999999999892,0.0,0.0,0.04300000000000015,0.0,0.0,0.0,0.0,0.0,-0.0049999999999954525,0.0,0.0
VAL 553,R VAL 553,0.0,0.0,0.0,-0.01699999999999946,0.0,0.0,0.007999999999999119,0.0,0.0,-0.04599999999999982,0.0,0.0,0.0,0.0,0.0,-0.05500000000000327,0.0,0.0
GLY 554,R GLY 554,0.0,0.0,0.0,-0.0020000000000000018,0.0,0.0,0.001000000000000112,0.0,0.0,-0.008000000000000007,0.0,0.0,0.0,0.0,0.0,-0.008999999999999897,0.0,0.0
VAL 555,R VAL 555,0.0,0.0,0.0,-0.0129999999999999,0.0,0.0,0.009000000000000341,0.0,0.0,-0.01200000000000001,0.0,0.0,0.0,0.0,0.0,-0.015999999999998238,0.0,0.0
GLY 556,R GLY 556,0.0,0.0,0.0,-0.013000000000000012,0.0,0.0,0.0030000000000001137,0.0,0.0,-0.015000000000000124,0.0,0.0,0.0,0.0,0.0,-0.02499999999999991,0.0,0.0
GLN 557,R GLN 557,0.0,0.0,0.0,-0.1719999999999997,0.0,0.0,-0.07200000000000006,0.0,0.0,0.16300000000000026,0.0,0.0,0.0,0.0,0.0,-0.08099999999999596,0.0,0.0
VAL 558,R VAL 558,0.0,0.0,0.0,-1.7699999999999996,0.0,0.0,-0.041999999999999815,0.0,0.0,-0.07300000000000018,0.0,0.0,-0.1144656,0.0,0.0,-1.9994656000000024,0.0,0.0
ILE 559,R ILE 559,0.0,0.0,0.0,-1.569,0.0,0.0,-0.30200000000000005,0.0,0.0,0.11100000000000021,0.0,0.0,-0.0931824,0.0,0.0,-1.8531823999999992,0.0,0.0
LYS 560,R LYS 560,0.0,0.0,0.0,-0.054999999999999716,0.0,0.0,-1.024000000000001,0.0,0.0,1.1749999999999972,0.0,0.0,0.0,0.0,0.0,0.09600000000000364,0.0,0.0
GLY 561,R GLY 561,0.0,0.0,0.0,-0.008000000000000007,0.0,0.0,0.030000000000000027,0.0,0.0,-0.03699999999999992,0.0,0.0,0.0,0.0,0.0,-0.015000000000000124,0.0,0.0
TRP 562,R TRP 562,0.0,0.0,0.0,-1.7460000000000004,0.0,0.0,-0.7489999999999988,0.0,0.0,0.5740000000000003,0.0,0.0,-0.0579024,0.0,0.0,-1.9789023999999964,0.0,0.0
ASP 563,R ASP 563,0.0,0.0,0.0,-0.03799999999999937,0.0,0.0,0.3330000000000055,0.0,0.0,-0.472999999999999,0.0,0.0,0.0,0.0,0.0,-0.17799999999999727,0.0,0.0
ILE 564,R ILE 564,0.0,0.0,0.0,-0.008000000000000007,0.0,0.0,-0.02200000000000024,0.0,0.0,0.015000000000000124,0.0,0.0,0.0,0.0,0.0,-0.015000000000000124,0.0,0.0
SER 565,R SER 565,0.0,0.0,0.0,-0.007000000000000561,0.0,0.0,0.05300000000000005,0.0,0.0,-0.067,0.0,0.0,0.0,0.0,0.0,-0.021000000000000574,0.0,0.0
LEU 566,R LEU 566,0.0,0.0,0.0,-0.025000000000000355,0.0,0.0,0.021000000000000796,0.0,0.0,-0.04700000000000015,0.0,0.0,0.0,0.0,0.0,-0.05099999999999838,0.0,0.0
THR 567,R THR 567,0.0,0.0,0.0,-0.0029999999999992255,0.0,0.0,0.0129999999999999,0.0,0.0,-0.040000000000000036,0.0,0.0,0.0,0.0,0.0,-0.029999999999997584,0.0,0.0
ASN 568,R ASN 568,0.0,0.0,0.0,-0.001000000000000334,0.0,0.0,0.02499999999999991,0.0,0.0,-0.022999999999999687,0.0,0.0,0.0,0.0,0.0,0.0010000000000189857,0.0,0.0
ASN 569,R ASN 569,0.0,0.0,0.0,-0.0019999999999997797,0.0,0.0,0.03699999999999992,0.0,0.0,-0.027000000000000135,0.0,0.0,0.0,0.0,0.0,0.007999999999995566,0.0,0.0
TYR 570,R TYR 570,0.0,0.0,0.0,-0.006000000000000227,0.0,0.0,0.02200000000000024,0.0,0.0,-0.029999999999999805,0.0,0.0,0.0,0.0,0.0,-0.013999999999995794,0.0,0.0
GLY 571,R GLY 571,0.0,0.0,0.0,0.0,0.0,0.0,0.0009999999999998899,0.0,0.0,-0.001000000000000112,0.0,0.0,0.0,0.0,0.0,-2.220446049250313e-16,0.0,0.0
LYS 572,R LYS 572,0.0,0.0,0.0,0.0,0.0,0.0,-0.134999999999998,0.0,0.0,0.1299999999999999,0.0,0.0,0.0,0.0,0.0,-0.004999999999999005,0.0,0.0
GLY 573,R GLY 573,0.0,0.0,0.0,-0.0010000000000000009,0.0,0.0,0.0030000000000001137,0.0,0.0,-0.0030000000000001137,0.0,0.0,0.0,0.0,0.0,-0.001000000000000334,0.0,0.0
GLY 574,R GLY 574,0.0,0.0,0.0,0.0,0.0,0.0,0.038000000000000256,0.0,0.0,-0.03999999999999915,0.0,0.0,0.0,0.0,0.0,-0.0019999999999988916,0.0,0.0
PRO 575,R PRO 575,0.0,0.0,0.0,-0.0009999999999998899,0.0,0.0,-0.016000000000005343,0.0,0.0,0.029999999999997584,0.0,0.0,0.0,0.0,0.0,0.012999999999991019,0.0,0.0
LYS 576,R LYS 576,0.0,0.0,0.0,0.0,0.0,0.0,0.10699999999999932,0.0,0.0,-0.11400000000000077,0.0,0.0,0.0,0.0,0.0,-0.006999999999997897,0.0,0.0
ILE 577,R ILE 577,0.0,0.0,0.0,-0.004000000000000448,0.0,0.0,0.012,0.0,0.0,-0.016000000000000014,0.0,0.0,0.0,0.0,0.0,-0.008000000000000451,0.0,0.0
SER 578,R SER 578,0.0,0.0,0.0,0.0,0.0,0.0,-0.005000000000000782,0.0,0.0,0.0050000000000000044,0.0,0.0,0.0,0.0,0.0,0.0,0.0,0.0
LYS 579,R LYS 579,0.0,0.0,0.0,-0.0009999999999994458,0.0,0.0,0.30700000000000216,0.0,0.0,-0.29299999999999926,0.0,0.0,0.0,0.0,0.0,0.01300000000000523,0.0,0.0
GLY 580,R GLY 580,0.0,0.0,0.0,0.0,0.0,0.0,-0.01100000000000012,0.0,0.0,0.009999999999999787,0.0,0.0,0.0,0.0,0.0,-0.001000000000000334,0.0,0.0
THR 581,R THR 581,0.0,0.0,0.0,-0.001000000000000334,0.0,0.0,0.007999999999999119,0.0,0.0,-0.016999999999999904,0.0,0.0,0.0,0.0,0.0,-0.010000000000001563,0.0,0.0
LYS 582,R LYS 582,0.0,0.0,0.0,-0.0030000000000001137,0.0,0.0,0.3650000000000091,0.0,0.0,-0.3120000000000047,0.0,0.0,0.0,0.0,0.0,0.05000000000000426,0.0,0.0
ALA 583,R ALA 583,0.0,0.0,0.0,-0.0019999999999997797,0.0,0.0,0.010999999999999899,0.0,0.0,-0.01200000000000001,0.0,0.0,0.0,0.0,0.0,-0.0029999999999996696,0.0,0.0
ILE 584,R ILE 584,0.0,0.0,0.0,-0.004000000000000448,0.0,0.0,0.0030000000000000027,0.0,0.0,-0.002000000000000224,0.0,0.0,0.0,0.0,0.0,-0.0030000000000005578,0.0,0.0
LEU 585,R LEU 585,0.0,0.0,0.0,-0.022999999999999687,0.0,0.0,0.017000000000000348,0.0,0.0,-0.053999999999999826,0.0,0.0,0.0,0.0,0.0,-0.05999999999999872,0.0,0.0
THR 586,R THR 586,0.0,0.0,0.0,-0.0039999999999995595,0.0,0.0,-0.022999999999999687,0.0,0.0,0.02200000000000024,0.0,0.0,0.0,0.0,0.0,-0.004999999999999005,0.0,0.0
ILE 587,R ILE 587,0.0,0.0,0.0,-0.06299999999999972,0.0,0.0,-0.051000000000000004,0.0,0.0,0.009999999999999787,0.0,0.0,0.0,0.0,0.0,-0.10400000000000009,0.0,0.0
PRO 588,R PRO 588,0.0,0.0,0.0,-0.004999999999999893,0.0,0.0,-0.1509999999999998,0.0,0.0,0.17600000000000016,0.0,0.0,0.0,0.0,0.0,0.02000000000000135,0.0,0.0
PRO 589,R PRO 589,0.0,0.0,0.0,-0.007000000000000561,0.0,0.0,-0.18700000000000117,0.0,0.0,0.20700000000000074,0.0,0.0,0.0,0.0,0.0,0.0129999999999999,0.0,0.0
ASN 590,R ASN 590,0.0,0.0,0.0,-0.008000000000000007,0.0,0.0,0.10000000000000053,0.0,0.0,-0.07500000000000018,0.0,0.0,0.0,0.0,0.0,0.016999999999995907,0.0,0.0
LEU 591,R LEU 591,0.0,0.0,0.0,-0.017000000000000348,0.0,0.0,0.004999999999999893,0.0,0.0,0.010000000000000231,0.0,0.0,0.0,0.0,0.0,-0.0019999999999988916,0.0,0.0
ALA 592,R ALA 592,0.0,0.0,0.0,-0.05699999999999994,0.0,0.0,-0.0990000000000002,0.0,0.0,0.08400000000000007,0.0,0.0,0.0,0.0,0.0,-0.07200000000000006,0.0,0.0
TYR 593,R TYR 593,0.0,0.0,0.0,-1.939,0.0,0.0,0.5920000000000005,0.0,0.0,4.343,0.0,0.0,-0.4135392,0.0,0.0,2.5824608,0.0,0.0
GLY 594,R GLY 594,0.0,0.0,0.0,-0.0050000000000000044,0.0,0.0,0.04699999999999993,0.0,0.0,-0.052000000000000046,0.0,0.0,0.0,0.0,0.0,-0.010000000000000231,0.0,0.0
PRO 595,R PRO 595,0.0,0.0,0.0,-0.008000000000000007,0.0,0.0,-0.21599999999999753,0.0,0.0,0.22600000000000087,0.0,0.0,0.0,0.0,0.0,0.0020000000000042206,0.0,0.0
ARG 596,R ARG 596,0.0,0.0,0.0,-0.5599999999999996,0.0,0.0,-3.546999999999997,0.0,0.0,3.5719999999999885,0.0,0.0,-0.11245679999999997,0.0,0.0,-0.6474568000000147,0.0,0.0
GLY 597,R GLY 597,0.0,0.0,0.0,-0.015999999999999792,0.0,0.0,0.05500000000000016,0.0,0.0,-0.05699999999999994,0.0,0.0,0.0,0.0,0.0,-0.01799999999999935,0.0,0.0
ILE 598,R ILE 598,0.0,0.0,0.0,-2.146,0.0,0.0,-0.02200000000000002,0.0,0.0,0.08099999999999996,0.0,0.0,-0.24590159999999997,0.0,0.0,-2.3329016000000005,0.0,0.0
PRO 599,R PRO 599,0.0,0.0,0.0,-0.041999999999999815,0.0,0.0,-0.2710000000000008,0.0,0.0,0.3309999999999995,0.0,0.0,0.0,0.0,0.0,0.017999999999998906,0.0,0.0
PRO 600,R PRO 600,0.0,0.0,0.0,-0.02799999999999958,0.0,0.0,-0.13599999999999923,0.0,0.0,0.1559999999999988,0.0,0.0,0.0,0.0,0.0,-0.007999999999999119,0.0,0.0
ILE 601,R ILE 601,0.0,0.0,0.0,-1.4829999999999997,0.0,0.0,-0.03499999999999992,0.0,0.0,-0.0030000000000001137,0.0,0.0,-0.10586159999999999,0.0,0.0,-1.6268615999999998,0.0,0.0
ILE 602,R ILE 602,0.0,0.0,0.0,-0.7409999999999997,0.0,0.0,-0.09200000000000008,0.0,0.0,0.03100000000000014,0.0,0.0,-0.0456552,0.0,0.0,-0.8476551999999997,0.0,0.0
GLY 603,R GLY 603,0.0,0.0,0.0,-0.0040000000000000036,0.0,0.0,0.03100000000000014,0.0,0.0,-0.037000000000000366,0.0,0.0,0.0,0.0,0.0,-0.010000000000000231,0.0,0.0
PRO 604,R PRO 604,0.0,0.0,0.0,-0.006999999999999673,0.0,0.0,-0.1769999999999996,0.0,0.0,0.19499999999999673,0.0,0.0,0.0,0.0,0.0,0.010999999999997456,0.0,0.0
ASN 605,R ASN 605,0.0,0.0,0.0,-0.004999999999999893,0.0,0.0,0.04800000000000004,0.0,0.0,-0.02799999999999958,0.0,0.0,0.0,0.0,0.0,0.015000000000000568,0.0,0.0
GLU 606,R GLU 606,0.0,0.0,0.0,-0.017999999999999794,0.0,0.0,0.6669999999999945,0.0,0.0,-0.6610000000000014,0.0,0.0,0.0,0.0,0.0,-0.012000000000000455,0.0,0.0
THR 607,R THR 607,0.0,0.0,0.0,-0.006000000000000227,0.0,0.0,0.041999999999999815,0.0,0.0,-0.04800000000000004,0.0,0.0,0.0,0.0,0.0,-0.012000000000000455,0.0,0.0
LEU 608,R LEU 608,0.0,0.0,0.0,-0.30600000000000005,0.0,0.0,-0.08400000000000052,0.0,0.0,-0.0129999999999999,0.0,0.0,0.0,0.0,0.0,-0.4029999999999987,0.0,0.0
VAL 609,R VAL 609,0.0,0.0,0.0,-0.010999999999999233,0.0,0.0,0.0,0.0,0.0,0.001000000000000112,0.0,0.0,0.0,0.0,0.0,-0.009999999999994458,0.0,0.0
PHE 610,R PHE 610,0.0,0.0,0.0,-1.3130000000000006,0.0,0.0,-0.2839999999999998,0.0,0.0,0.064,0.0,0.0,-0.1044144,0.0,0.0,-1.6374144000000004,0.0,0.0
GLU 611,R GLU 611,0.0,0.0,0.0,-0.009000000000000341,0.0,0.0,-0.3819999999999979,0.0,0.0,0.36299999999999955,0.0,0.0,0.0,0.0,0.0,-0.027999999999998693,0.0,0.0
VAL 612,R VAL 612,0.0,0.0,0.0,-0.03699999999999992,0.0,0.0,0.026000000000001577,0.0,0.0,-0.06800000000000006,0.0,0.0,0.0,0.0,0.0,-0.07899999999999885,0.0,0.0
GLU 613,R GLU 613,0.0,0.0,0.0,-0.004000000000000448,0.0,0.0,-0.49499999999999744,0.0,0.0,0.48699999999999477,0.0,0.0,0.0,0.0,0.0,-0.012000000000000455,0.0,0.0
LEU 614,R LEU 614,0.0,0.0,0.0,-0.005999999999999339,0.0,0.0,0.004999999999999893,0.0,0.0,-0.018000000000000238,0.0,0.0,0.0,0.0,0.0,-0.01899999999999835,0.0,0.0
LEU 615,R LEU 615,0.0,0.0,0.0,-0.006000000000000227,0.0,0.0,0.03000000000000025,0.0,0.0,-0.05899999999999994,0.0,0.0,0.0,0.0,0.0,-0.03500000000000014,0.0,0.0
GLY 616,R GLY 616,0.0,0.0,0.0,-0.001000000000000112,0.0,0.0,-0.015000000000000124,0.0,0.0,0.013000000000000345,0.0,0.0,0.0,0.0,0.0,-0.0030000000000001137,0.0,0.0
VAL 617,R VAL 617,0.0,0.0,0.0,-0.002000000000000668,0.0,0.0,0.0030000000000001137,0.0,0.0,-0.007000000000000117,0.0,0.0,0.0,0.0,0.0,-0.005999999999998451,0.0,0.0
ASN 618,R ASN 618,0.0,0.0,0.0,-0.001000000000000334,0.0,0.0,-0.12399999999999878,0.0,0.0,0.12300000000000111,0.0,0.0,0.0,0.0,0.0,-0.001999999999995339,0.0,0.0
FK5 619,L FK5   1,0.0,0.0,0.0,-49.885000000000005,0.0,0.0,-17.108,0.0,0.0,25.483999999999998,0.0,0.0,-6.6573576,0.0,0.0,-48.166357600000005,0.0,0.0

Backbone Energy Decomposition:
Residue,Location,Internal,,,van der Waals,,,Electrostatic,,,Polar Solvation,,,Non-Polar Solv.,,,TOTAL,,
,,Avg.,Std. Dev.,Std. Err. of Mean,Avg.,Std. Dev.,Std. Err. of Mean,Avg.,Std. Dev.,Std. Err. of Mean,Avg.,Std. Dev.,Std. Err. of Mean,Avg.,Std. Dev.,Std. Err. of Mean
THR   1,R THR   1,0.0,0.0,0.0,0.0,0.0,0.0,0.06399999999999295,0.0,0.0,-0.03200000000001069,0.0,0.0,0.0,0.0,0.0,0.031999999999982265,0.0,0.0
VAL   2,R VAL   2,0.0,0.0,0.0,0.0,0.0,0.0,-0.0009999999999976694,0.0,0.0,0.004999999999999893,0.0,0.0,0.0,0.0,0.0,0.004000000000002224,0.0,0.0
GLU   3,R GLU   3,0.0,0.0,0.0,0.0,0.0,0.0,-0.014000000000002899,0.0,0.0,0.012000000000000455,0.0,0.0,0.0,0.0,0.0,-0.0020000000000024443,0.0,0.0
ARG   4,R ARG   4,0.0,0.0,0.0,-0.0009999999999998899,0.0,0.0,0.027999999999991587,0.0,0.0,0.006000000000000227,0.0,0.0,0.0,0.0,0.0,0.03300000000000125,0.0,0.0
ALA   5,R ALA   5,0.0,0.0,0.0,-0.001000000000000334,0.0,0.0,-0.0030000000000001137,0.0,0.0,0.017000000000000348,0.0,0.0,0.0,0.0,0.0,0.01299999999999546,0.0,0.0
VAL   6,R VAL   6,0.0,0.0,0.0,-0.0009999999999998899,0.0,0.0,-0.001999999999995339,0.0,0.0,0.006000000000000227,0.0,0.0,0.0,0.0,0.0,0.0030000000000001137,0.0,0.0
LYS   7,R LYS   7,0.0,0.0,0.0,-0.0009999999999998899,0.0,0.0,0.03900000000000148,0.0,0.0,-0.030999999999998806,0.0,0.0,0.0,0.0,0.0,0.006999999999997897,0.0,0.0
SER   8,R SER   8,0.0,0.0,0.0,0.0,0.0,0.0,-0.0010000000000047748,0.0,0.0,0.004999999999999005,0.0,0.0,0.0,0.0,0.0,0.00399999999999423,0.0,0.0
VAL   9,R VAL   9,0.0,0.0,0.0,-0.0009999999999998899,0.0,0.0,0.006000000000000227,0.0,0.0,0.0010000000000000009,0.0,0.0,0.0,0.0,0.0,0.00600000000000378,0.0,0.0
ASP  10,R ASP  10,0.0,0.0,0.0,0.0,0.0,0.0,-0.03300000000000125,0.0,0.0,0.0329999999999977,0.0,0.0,0.0,0.0,0.0,-3.552713678800501e-15,0.0,0.0
PRO  11,R PRO  11,0.0,0.0,0.0,-0.0009999999999998899,0.0,0.0,-0.021999999999998465,0.0,0.0,0.027999999999998693,0.0,0.0,0.0,0.0,0.0,0.005000000000002558,0.0,0.0
PRO  12,R PRO  12,0.0,0.0,0.0,0.0,0.0,0.0,-0.010000000000001563,0.0,0.0,0.009000000000000341,0.0,0.0,0.0,0.0,0.0,-0.0010000000000012221,0.0,0.0
ALA  13,R ALA  13,0.0,0.0,0.0,0.0,0.0,0.0,0.0010000000000047748,0.0,0.0,-0.0009999999999994458,0.0,0.0,0.0,0.0,0.0,5.329070518200751e-15,0.0,0.0
THR  14,R THR  14,0.0,0.0,0.0,0.0,0.0,0.0,-0.005000000000002558,0.0,0.0,0.009999999999999787,0.0,0.0,0.0,0.0,0.0,0.004999999999997229,0.0,0.0
PHE  15,R PHE  15,0.0,0.0,0.0,0.0,0.0,0.0,0.003999999999997783,0.0,0.0,-0.004999999999999893,0.0,0.0,0.0,0.0,0.0,-0.0010000000000021103,0.0,0.0
LYS  16,R LYS  16,0.0,0.0,0.0,0.0,0.0,0.0,-0.003999999999990678,0.0,0.0,0.004999999999999005,0.0,0.0,0.0,0.0,0.0,0.0010000000000083276,0.0,0.0
PRO  17,R PRO  17,0.0,0.0,0.0,0.0,0.0,0.0,0.006000000000000227,0.0,0.0,-0.008999999999996788,0.0,0.0,0.0,0.0,0.0,-0.002999999999996561,0.0,0.0
LYS  18,R LYS  18,0.0,0.0,0.0,0.0,0.0,0.0,-0.006000000000000227,0.0,0.0,0.006999999999997897,0.0,0.0,0.0,0.0,0.0,0.0009999999999976694,0.0,0.0
ASP  19,R ASP  19,0.0,0.0,0.0,0.0,0.0,0.0,0.0,0.0,0.0,0.0,0.0,0.0,0.0,0.0,0.0,0.0,0.0,0.0
GLU  20,R GLU  20,0.0,0.0,0.0,0.0,0.0,0.0,-0.0009999999999976694,0.0,0.0,0.0010000000000012221,0.0,0.0,0.0,0.0,0.0,3.552713678800501e-15,0.0,0.0
GLN  21,R GLN  21,0.0,0.0,0.0,0.0,0.0,0.0,-0.0030000000000001137,0.0,0.0,0.0030000000000001137,0.0,0.0,0.0,0.0,0.0,0.0,0.0,0.0
VAL  22,R VAL  22,0.0,0.0,0.0,0.0,0.0,0.0,-0.001999999999995339,0.0,0.0,0.0020000000000000018,0.0,0.0,0.0,0.0,0.0,4.440892098500626e-15,0.0,0.0
PHE  23,R PHE  23,0.0,0.0,0.0,0.0,0.0,0.0,0.0,0.0,0.0,0.0,0.0,0.0,0.0,0.0,0.0,0.0,0.0,0.0
TYR  24,R TYR  24,0.0,0.0,0.0,0.0,0.0,0.0,0.001999999999995339,0.0,0.0,-0.002000000000000668,0.0,0.0,0.0,0.0,0.0,-5.329070518200751e-15,0.0,0.0
PRO  25,R PRO  25,0.0,0.0,0.0,0.0,0.0,0.0,0.0010000000000047748,0.0,0.0,-0.0009999999999976694,0.0,0.0,0.0,0.0,0.0,7.105427357601002e-15,0.0,0.0
ASN  26,R ASN  26,0.0,0.0,0.0,0.0,0.0,0.0,0.0010000000000047748,0.0,0.0,-0.001000000000000334,0.0,0.0,0.0,0.0,0.0,4.440892098500626e-15,0.0,0.0
GLY  27,R GLY  27,0.0,0.0,0.0,0.0,0.0,0.0,0.0010000000000047748,0.0,0.0,-0.0010000000000000009,0.0,0.0,0.0,0.0,0.0,4.884981308350689e-15,0.0,0.0
LYS  28,R LYS  28,0.0,0.0,0.0,0.0,0.0,0.0,0.0,0.0,0.0,0.0,0.0,0.0,0.0,0.0,0.0,0.0,0.0,0.0
PRO  29,R PRO  29,0.0,0.0,0.0,0.0,0.0,0.0,-0.0030000000000001137,0.0,0.0,0.002000000000000668,0.0,0.0,0.0,0.0,0.0,-0.0009999999999994458,0.0,0.0
ASN  30,R ASN  30,0.0,0.0,0.0,0.0,0.0,0.0,-0.0010000000000047748,0.0,0.0,0.002000000000000224,0.0,0.0,0.0,0.0,0.0,0.000999999999995449,0.0,0.0
HIE  31,R HIE  31,0.0,0.0,0.0,0.0,0.0,0.0,-0.0020000000000095497,0.0,0.0,0.0020000000000000018,0.0,0.0,0.0,0.0,0.0,-9.769962616701378e-15,0.0,0.0
GLN  32,R GLN  32,0.0,0.0,0.0,0.0,0.0,0.0,-0.005000000000009663,0.0,0.0,0.004000000000000448,0.0,0.0,0.0,0.0,0.0,-0.0010000000000092157,0.0,0.0
PHE  33,R PHE  33,0.0,0.0,0.0,0.0,0.0,0.0,-0.003999999999990678,0.0,0.0,0.004999999999999893,0.0,0.0,0.0,0.0,0.0,0.0010000000000092157,0.0,0.0
LEU  34,R LEU  34,0.0,0.0,0.0,0.0,0.0,0.0,-0.003999999999990678,0.0,0.0,0.004999999999999893,0.0,0.0,0.0,0.0,0.0,0.0010000000000092157,0.0,0.0
LYS  35,R LYS  35,0.0,0.0,0.0,0.0,0.0,0.0,0.009999999999990905,0.0,0.0,-0.007999999999999119,0.0,0.0,0.0,0.0,0.0,0.001999999999991786,0.0,0.0
GLN  36,R GLN  36,0.0,0.0,0.0,0.0,0.0,0.0,-0.006999999999990791,0.0,0.0,0.006999999999999673,0.0,0.0,0.0,0.0,0.0,8.881784197001252e-15,0.0,0.0
HIE  37,R HIE  37,0.0,0.0,0.0,-0.001000000000000334,0.0,0.0,-0.000999999999990564,0.0,0.0,0.0040000000000000036,0.0,0.0,0.0,0.0,0.0,0.0020000000000042206,0.0,0.0
PHE  38,R PHE  38,0.0,0.0,0.0,0.0,0.0,0.0,-0.007000000000005002,0.0,0.0,0.011999999999999567,0.0,0.0,0.0,0.0,0.0,0.004999999999994564,0.0,0.0
ILE  39,R ILE  39,0.0,0.0,0.0,0.0,0.0,0.0,-0.011000000000002785,0.0,0.0,0.01499999999999968,0.0,0.0,0.0,0.0,0.0,0.003999999999996895,0.0,0.0
HIE  40,R HIE  40,0.0,0.0,0.0,0.0,0.0,0.0,0.006000000000000227,0.0,0.0,-0.004999999999999893,0.0,0.0,0.0,0.0,0.0,0.0010000000000012221,0.0,0.0
GLU  41,R GLU  41,0.0,0.0,0.0,0.0,0.0,0.0,-0.0040000000000048885,0.0,0.0,0.0010000000000012221,0.0,0.0,0.0,0.0,0.0,-0.0030000000000036664,0.0,0.0
GLY  42,R GLY  42,0.0,0.0,0.0,0.0,0.0,0.0,-0.0030000000000001137,0.0,0.0,0.008000000000000007,0.0,0.0,0.0,0.0,0.0,0.004999999999999893,0.0,0.0
ARG  43,R ARG  43,0.0,0.0,0.0,0.0,0.0,0.0,-0.003999999999990678,0.0,0.0,0.01300000000000523,0.0,0.0,0.0,0.0,0.0,0.009000000000014552,0.0,0.0
LEU  44,R LEU  44,0.0,0.0,0.0,0.0,0.0,0.0,0.0040000000000048885,0.0,0.0,-0.0039999999999995595,0.0,0.0,0.0,0.0,0.0,5.329070518200751e-15,0.0,0.0
HIE  45,R HIE  45,0.0,0.0,0.0,0.0,0.0,0.0,-0.006999999999990791,0.0,0.0,0.007000000000000117,0.0,0.0,0.0,0.0,0.0,8.881784197001252e-15,0.0,0.0
GLU  46,R GLU  46,0.0,0.0,0.0,0.0,0.0,0.0,0.007000000000005002,0.0,0.0,-0.006999999999997897,0.0,0.0,0.0,0.0,0.0,7.105427357601002e-15,0.0,0.0
HIE  47,R HIE  47,0.0,0.0,0.0,0.0,0.0,0.0,-0.0030000000000001137,0.0,0.0,0.0030000000000001137,0.0,0.0,0.0,0.0,0.0,0.0,0.0,0.0
GLN  48,R GLN  48,0.0,0.0,0.0,0.0,0.0,0.0,-0.0010000000000047748,0.0,0.0,0.0020000000000000018,0.0,0.0,0.0,0.0,0.0,0.000999999999995893,0.0,0.0
ALA  49,R ALA  49,0.0,0.0,0.0,0.0,0.0,0.0,-0.0030000000000001137,0.0,0.0,0.0030000000000001137,0.0,0.0,0.0,0.0,0.0,0.0,0.0,0.0
ILE  50,R ILE  50,0.0,0.0,0.0,0.0,0.0,0.0,0.0,0.0,0.0,0.0,0.0,0.0,0.0,0.0,0.0,0.0,0.0,0.0
GLN  51,R GLN  51,0.0,0.0,0.0,0.0,0.0,0.0,0.0,0.0,0.0,0.0,0.0,0.0,0.0,0.0,0.0,0.0,0.0,0.0
ILE  52,R ILE  52,0.0,0.0,0.0,0.0,0.0,0.0,-0.000999999999990564,0.0,0.0,0.0020000000000000018,0.0,0.0,0.0,0.0,0.0,0.0010000000000092157,0.0,0.0
LEU  53,R LEU  53,0.0,0.0,0.0,0.0,0.0,0.0,-0.001999999999995339,0.0,0.0,0.0010000000000000009,0.0,0.0,0.0,0.0,0.0,-0.000999999999995227,0.0,0.0
LYS  54,R LYS  54,0.0,0.0,0.0,0.0,0.0,0.0,-0.007000000000005002,0.0,0.0,0.0070000000000014495,0.0,0.0,0.0,0.0,0.0,-3.552713678800501e-15,0.0,0.0
GLN  55,R GLN  55,0.0,0.0,0.0,0.0,0.0,0.0,0.0,0.0,0.0,0.0010000000000000009,0.0,0.0,0.0,0.0,0.0,0.0010000000000012221,0.0,0.0
ALA  56,R ALA  56,0.0,0.0,0.0,0.0,0.0,0.0,-0.0010000000000047748,0.0,0.0,0.0009999999999999731,0.0,0.0,0.0,0.0,0.0,-4.440892098500626e-15,0.0,0.0
THR  57,R THR  57,0.0,0.0,0.0,0.0,0.0,0.0,-0.000999999999990564,0.0,0.0,0.0009999999999998899,0.0,0.0,0.0,0.0,0.0,8.881784197001252e-15,0.0,0.0
HIE  58,R HIE  58,0.0,0.0,0.0,0.0,0.0,0.0,-0.0010000000000047748,0.0,0.0,0.0009999999999998899,0.0,0.0,0.0,0.0,0.0,-4.884981308350689e-15,0.0,0.0
LEU  59,R LEU  59,0.0,0.0,0.0,0.0,0.0,0.0,0.0,0.0,0.0,0.0,0.0,0.0,0.0,0.0,0.0,0.0,0.0,0.0
LEU  60,R LEU  60,0.0,0.0,0.0,0.0,0.0,0.0,-0.0010000000000047748,0.0,0.0,0.0010000000000000009,0.0,0.0,0.0,0.0,0.0,-4.440892098500626e-15,0.0,0.0
SER  61,R SER  61,0.0,0.0,0.0,0.0,0.0,0.0,0.000999999999990564,0.0,0.0,-0.0009999999999998899,0.0,0.0,0.0,0.0,0.0,-9.325873406851315e-15,0.0,0.0
LYS  62,R LYS  62,0.0,0.0,0.0,0.0,0.0,0.0,-0.001999999999995339,0.0,0.0,0.002000000000000668,0.0,0.0,0.0,0.0,0.0,5.329070518200751e-15,0.0,0.0
GLU  63,R GLU  63,0.0,0.0,0.0,0.0,0.0,0.0,0.0030000000000001137,0.0,0.0,-0.0030000000000001137,0.0,0.0,0.0,0.0,0.0,0.0,0.0,0.0
PRO  64,R PRO  64,0.0,0.0,0.0,0.0,0.0,0.0,-0.0010000000000012221,0.0,0.0,0.0019999999999988916,0.0,0.0,0.0,0.0,0.0,0.0009999999999976694,0.0,0.0
ASN  65,R ASN  65,0.0,0.0,0.0,0.0,0.0,0.0,-0.0010000000000047748,0.0,0.0,0.0019999999999997797,0.0,0.0,0.0,0.0,0.0,0.0009999999999950049,0.0,0.0
LEU  66,R LEU  66,0.0,0.0,0.0,0.0,0.0,0.0,0.0010000000000047748,0.0,0.0,-0.0009999999999998899,0.0,0.0,0.0,0.0,0.0,4.884981308350689e-15,0.0,0.0
LEU  67,R LEU  67,0.0,0.0,0.0,0.0,0.0,0.0,0.0,0.0,0.0,0.0,0.0,0.0,0.0,0.0,0.0,0.0,0.0,0.0
SER  68,R SER  68,0.0,0.0,0.0,0.0,0.0,0.0,0.0,0.0,0.0,0.0,0.0,0.0,0.0,0.0,0.0,0.0,0.0,0.0
VAL  69,R VAL  69,0.0,0.0,0.0,0.0,0.0,0.0,-0.0010000000000047748,0.0,0.0,0.0010000000000000009,0.0,0.0,0.0,0.0,0.0,-4.440892098500626e-15,0.0,0.0
PRO  70,R PRO  70,0.0,0.0,0.0,0.0,0.0,0.0,-0.005000000000002558,0.0,0.0,0.006000000000000227,0.0,0.0,0.0,0.0,0.0,0.0009999999999976694,0.0,0.0
ALA  71,R ALA  71,0.0,0.0,0.0,0.0,0.0,0.0,0.0010000000000047748,0.0,0.0,0.0,0.0,0.0,0.0,0.0,0.0,0.0010000000000047748,0.0,0.0
PRO  72,R PRO  72,0.0,0.0,0.0,0.0,0.0,0.0,-0.005000000000002558,0.0,0.0,0.004999999999999893,0.0,0.0,0.0,0.0,0.0,-2.6645352591003757e-15,0.0,0.0
VAL  73,R VAL  73,0.0,0.0,0.0,0.0,0.0,0.0,-0.0010000000000047748,0.0,0.0,0.0010000000000000009,0.0,0.0,0.0,0.0,0.0,-4.440892098500626e-15,0.0,0.0
THR  74,R THR  74,0.0,0.0,0.0,0.0,0.0,0.0,0.0,0.0,0.0,0.0010000000000000009,0.0,0.0,0.0,0.0,0.0,0.0009999999999994458,0.0,0.0
ILE  75,R ILE  75,0.0,0.0,0.0,0.0,0.0,0.0,-0.005000000000002558,0.0,0.0,0.006000000000000005,0.0,0.0,0.0,0.0,0.0,0.0009999999999967812,0.0,0.0
CYS  76,R CYS  76,0.0,0.0,0.0,0.0,0.0,0.0,0.0049999999999954525,0.0,0.0,-0.0040000000000000036,0.0,0.0,0.0,0.0,0.0,0.000999999999995449,0.0,0.0
GLY  77,R GLY  77,0.0,0.0,0.0,0.0,0.0,0.0,0.007999999999995566,0.0,0.0,-0.007000000000000117,0.0,0.0,0.0,0.0,0.0,0.0009999999999950049,0.0,0.0
ASP  78,R ASP  78,0.0,0.0,0.0,0.0,0.0,0.0,-0.030000000000001137,0.0,0.0,0.03300000000000125,0.0,0.0,0.0,0.0,0.0,0.0030000000000001137,0.0,0.0
VAL  79,R VAL  79,0.0,0.0,0.0,0.0,0.0,0.0,-0.015999999999998238,0.0,0.0,0.020999999999999908,0.0,0.0,0.0,0.0,0.0,0.00500000000000167,0.0,0.0
HIE  80,R HIE  80,0.0,0.0,0.0,-0.001000000000000334,0.0,0.0,-0.018000000000000682,0.0,0.0,0.022999999999999687,0.0,0.0,0.0,0.0,0.0,0.004000000000008441,0.0,0.0
GLY  81,R GLY  81,0.0,0.0,0.0,0.0,0.0,0.0,-0.0049999999999954525,0.0,0.0,0.008000000000000007,0.0,0.0,0.0,0.0,0.0,0.0030000000000054428,0.0,0.0
GLN  82,R GLN  82,0.0,0.0,0.0,0.0,0.0,0.0,0.0,0.0,0.0,0.004999999999999893,0.0,0.0,0.0,0.0,0.0,0.004999999999999893,0.0,0.0
TYR  83,R TYR  83,0.0,0.0,0.0,0.0,0.0,0.0,0.001999999999995339,0.0,0.0,0.0020000000000000018,0.0,0.0,0.0,0.0,0.0,0.003999999999995563,0.0,0.0
TYR  84,R TYR  84,0.0,0.0,0.0,0.0,0.0,0.0,0.0030000000000001137,0.0,0.0,-0.0030000000000000027,0.0,0.0,0.0,0.0,0.0,0.0,0.0,0.0
ASP  85,R ASP  85,0.0,0.0,0.0,0.0,0.0,0.0,-0.026999999999993918,0.0,0.0,0.026000000000003354,0.0,0.0,0.0,0.0,0.0,-0.000999999999990564,0.0,0.0
LEU  86,R LEU  86,0.0,0.0,0.0,0.0,0.0,0.0,0.0020000000000095497,0.0,0.0,0.001000000000000334,0.0,0.0,0.0,0.0,0.0,0.0030000000000098836,0.0,0.0
MET  87,R MET  87,0.0,0.0,0.0,0.0,0.0,0.0,0.0030000000000001137,0.0,0.0,-0.004999999999999949,0.0,0.0,0.0,0.0,0.0,-0.0020000000000000018,0.0,0.0
LYS  88,R LYS  88,0.0,0.0,0.0,0.0,0.0,0.0,0.034000000000006025,0.0,0.0,-0.03300000000000125,0.0,0.0,0.0,0.0,0.0,0.0010000000000047748,0.0,0.0
LEU  89,R LEU  89,0.0,0.0,0.0,0.0,0.0,0.0,0.0,0.0,0.0,0.0,0.0,0.0,0.0,0.0,0.0,0.0,0.0,0.0
PHE  90,R PHE  90,0.0,0.0,0.0,0.0,0.0,0.0,0.001999999999995339,0.0,0.0,-0.002000000000000224,0.0,0.0,0.0,0.0,0.0,-5.329070518200751e-15,0.0,0.0
GLU  91,R GLU  91,0.0,0.0,0.0,0.0,0.0,0.0,-0.01099999999999568,0.0,0.0,0.010999999999999233,0.0,0.0,0.0,0.0,0.0,3.552713678800501e-15,0.0,0.0
VAL  92,R VAL  92,0.0,0.0,0.0,0.0,0.0,0.0,0.0010000000000047748,0.0,0.0,-0.001000000000000112,0.0,0.0,0.0,0.0,0.0,4.440892098500626e-15,0.0,0.0
GLY  93,R GLY  93,0.0,0.0,0.0,0.0,0.0,0.0,0.0049999999999954525,0.0,0.0,-0.004999999999999893,0.0,0.0,0.0,0.0,0.0,-5.329070518200751e-15,0.0,0.0
GLY  94,R GLY  94,0.0,0.0,0.0,0.0,0.0,0.0,0.0010000000000047748,0.0,0.0,-0.0010000000000000009,0.0,0.0,0.0,0.0,0.0,5.329070518200751e-15,0.0,0.0
ASP  95,R ASP  95,0.0,0.0,0.0,0.0,0.0,0.0,-0.010000000000005116,0.0,0.0,0.009999999999999787,0.0,0.0,0.0,0.0,0.0,-5.329070518200751e-15,0.0,0.0
PRO  96,R PRO  96,0.0,0.0,0.0,0.0,0.0,0.0,-0.007999999999995566,0.0,0.0,0.008000000000000895,0.0,0.0,0.0,0.0,0.0,5.329070518200751e-15,0.0,0.0
ALA  97,R ALA  97,0.0,0.0,0.0,0.0,0.0,0.0,0.0010000000000047748,0.0,0.0,0.0,0.0,0.0,0.0,0.0,0.0,0.0010000000000047748,0.0,0.0
SER  98,R SER  98,0.0,0.0,0.0,0.0,0.0,0.0,0.0,0.0,0.0,0.0,0.0,0.0,0.0,0.0,0.0,0.0,0.0,0.0
THR  99,R THR  99,0.0,0.0,0.0,0.0,0.0,0.0,0.0,0.0,0.0,0.0009999999999998899,0.0,0.0,0.0,0.0,0.0,0.0009999999999998899,0.0,0.0
LYS 100,R LYS 100,0.0,0.0,0.0,0.0,0.0,0.0,0.007000000000005002,0.0,0.0,-0.006000000000000227,0.0,0.0,0.0,0.0,0.0,0.0010000000000047748,0.0,0.0
TYR 101,R TYR 101,0.0,0.0,0.0,0.0,0.0,0.0,0.0010000000000047748,0.0,0.0,-0.0020000000000000018,0.0,0.0,0.0,0.0,0.0,-0.0009999999999950049,0.0,0.0
LEU 102,R LEU 102,0.0,0.0,0.0,0.0,0.0,0.0,-0.0030000000000001137,0.0,0.0,0.0030000000000000027,0.0,0.0,0.0,0.0,0.0,-4.440892098500626e-16,0.0,0.0
PHE 103,R PHE 103,0.0,0.0,0.0,0.0,0.0,0.0,0.003999999999990678,0.0,0.0,-0.0030000000000000027,0.0,0.0,0.0,0.0,0.0,0.000999999999990564,0.0,0.0
LEU 104,R LEU 104,0.0,0.0,0.0,0.0,0.0,0.0,0.001999999999995339,0.0,0.0,-0.0030000000000001137,0.0,0.0,0.0,0.0,0.0,-0.0010000000000047748,0.0,0.0
GLY 105,R GLY 105,0.0,0.0,0.0,0.0,0.0,0.0,-0.0040000000000048885,0.0,0.0,0.004999999999999893,0.0,0.0,0.0,0.0,0.0,0.000999999999995893,0.0,0.0
ASP 106,R ASP 106,0.0,0.0,0.0,0.0,0.0,0.0,-0.02599999999999625,0.0,0.0,0.027000000000001023,0.0,0.0,0.0,0.0,0.0,0.0010000000000047748,0.0,0.0
TYR 107,R TYR 107,0.0,0.0,0.0,0.0,0.0,0.0,-0.009000000000000341,0.0,0.0,0.010999999999999677,0.0,0.0,0.0,0.0,0.0,0.0019999999999988916,0.0,0.0
VAL 108,R VAL 108,0.0,0.0,0.0,0.0,0.0,0.0,-0.006000000000000227,0.0,0.0,0.017999999999999794,0.0,0.0,0.0,0.0,0.0,0.011999999999999567,0.0,0.0
ASP 109,R ASP 109,0.0,0.0,0.0,0.0,0.0,0.0,-0.030000000000001137,0.0,0.0,0.0470000000000006,0.0,0.0,0.0,0.0,0.0,0.01699999999999946,0.0,0.0
ARG 110,R ARG 110,0.0,0.0,0.0,-0.0009999999999998899,0.0,0.0,0.02400000000000091,0.0,0.0,0.030000000000001137,0.0,0.0,0.0,0.0,0.0,0.05299999999999727,0.0,0.0
GLY 111,R GLY 111,0.0,0.0,0.0,-0.0009999999999994458,0.0,0.0,0.025000000000005684,0.0,0.0,-0.009999999999999787,0.0,0.0,0.0,0.0,0.0,0.013999999999999346,0.0,0.0
SER 112,R SER 112,0.0,0.0,0.0,-0.001000000000000334,0.0,0.0,0.00999999999999801,0.0,0.0,-0.008999999999999453,0.0,0.0,0.0,0.0,0.0,8.881784197001252e-16,0.0,0.0
PHE 113,R PHE 113,0.0,0.0,0.0,0.0,0.0,0.0,0.0,0.0,0.0,0.007000000000000006,0.0,0.0,0.0,0.0,0.0,0.007000000000000561,0.0,0.0
SER 114,R SER 114,0.0,0.0,0.0,0.0,0.0,0.0,-0.000999999999990564,0.0,0.0,0.008000000000000007,0.0,0.0,0.0,0.0,0.0,0.007000000000010331,0.0,0.0
ILE 115,R ILE 115,0.0,0.0,0.0,0.0,0.0,0.0,0.000999999999990564,0.0,0.0,0.0030000000000000027,0.0,0.0,0.0,0.0,0.0,0.003999999999990678,0.0,0.0
GLU 116,R GLU 116,0.0,0.0,0.0,0.0,0.0,0.0,-0.0049999999999954525,0.0,0.0,0.004999999999999005,0.0,0.0,0.0,0.0,0.0,3.552713678800501e-15,0.0,0.0
CYS 117,R CYS 117,0.0,0.0,0.0,0.0,0.0,0.0,0.0030000000000001137,0.0,0.0,-0.0009999999999998899,0.0,0.0,0.0,0.0,0.0,0.002000000000000224,0.0,0.0
LEU 118,R LEU 118,0.0,0.0,0.0,0.0,0.0,0.0,-0.000999999999990564,0.0,0.0,0.0030000000000001137,0.0,0.0,0.0,0.0,0.0,0.0020000000000095497,0.0,0.0
LEU 119,R LEU 119,0.0,0.0,0.0,0.0,0.0,0.0,0.0020000000000095497,0.0,0.0,0.0,0.0,0.0,0.0,0.0,0.0,0.0020000000000095497,0.0,0.0
TYR 120,R TYR 120,0.0,0.0,0.0,0.0,0.0,0.0,0.001999999999995339,0.0,0.0,-0.0010000000000000009,0.0,0.0,0.0,0.0,0.0,0.0009999999999950049,0.0,0.0
LEU 121,R LEU 121,0.0,0.0,0.0,0.0,0.0,0.0,0.000999999999990564,0.0,0.0,0.0,0.0,0.0,0.0,0.0,0.0,0.000999999999990564,0.0,0.0
TYR 122,R TYR 122,0.0,0.0,0.0,0.0,0.0,0.0,0.0,0.0,0.0,0.0,0.0,0.0,0.0,0.0,0.0,0.0,0.0,0.0
SER 123,R SER 123,0.0,0.0,0.0,-0.001000000000000334,0.0,0.0,0.000999999999990564,0.0,0.0,-0.0010000000000000009,0.0,0.0,0.0,0.0,0.0,-0.0010000000000136566,0.0,0.0
LEU 124,R LEU 124,0.0,0.0,0.0,0.0,0.0,0.0,0.000999999999990564,0.0,0.0,-0.0010000000000000009,0.0,0.0,0.0,0.0,0.0,-9.325873406851315e-15,0.0,0.0
LYS 125,R LYS 125,0.0,0.0,0.0,0.0,0.0,0.0,0.0049999999999954525,0.0,0.0,-0.005000000000002558,0.0,0.0,0.0,0.0,0.0,-7.105427357601002e-15,0.0,0.0
ILE 126,R ILE 126,0.0,0.0,0.0,0.0,0.0,0.0,0.000999999999990564,0.0,0.0,-0.0009999999999998899,0.0,0.0,0.0,0.0,0.0,-9.769962616701378e-15,0.0,0.0
ASN 127,R ASN 127,0.0,0.0,0.0,0.0,0.0,0.0,0.0010000000000047748,0.0,0.0,-0.0009999999999998899,0.0,0.0,0.0,0.0,0.0,5.329070518200751e-15,0.0,0.0
TYR 128,R TYR 128,0.0,0.0,0.0,0.0,0.0,0.0,-0.001999999999995339,0.0,0.0,0.0019999999999997797,0.0,0.0,0.0,0.0,0.0,4.440892098500626e-15,0.0,0.0
PRO 129,R PRO 129,0.0,0.0,0.0,0.0,0.0,0.0,-0.0030000000000001137,0.0,0.0,0.0039999999999995595,0.0,0.0,0.0,0.0,0.0,0.0009999999999994458,0.0,0.0
ASP 130,R ASP 130,0.0,0.0,0.0,0.0,0.0,0.0,-0.0030000000000001137,0.0,0.0,0.0039999999999995595,0.0,0.0,0.0,0.0,0.0,0.0009999999999994458,0.0,0.0
THR 131,R THR 131,0.0,0.0,0.0,0.0,0.0,0.0,-0.0020000000000024443,0.0,0.0,0.001999999999999974,0.0,0.0,0.0,0.0,0.0,-1.7763568394002505e-15,0.0,0.0
PHE 132,R PHE 132,0.0,0.0,0.0,0.0,0.0,0.0,0.0020000000000095497,0.0,0.0,-0.0020000000000000018,0.0,0.0,0.0,0.0,0.0,9.325873406851315e-15,0.0,0.0
TRP 133,R TRP 133,0.0,0.0,0.0,0.0,0.0,0.0,-0.0030000000000001137,0.0,0.0,0.0030000000000001137,0.0,0.0,0.0,0.0,0.0,0.0,0.0,0.0
MET 134,R MET 134,0.0,0.0,0.0,0.0,0.0,0.0,0.0030000000000001137,0.0,0.0,-0.001999999999999988,0.0,0.0,0.0,0.0,0.0,0.001000000000000112,0.0,0.0
LEU 135,R LEU 135,0.0,0.0,0.0,0.0,0.0,0.0,-0.003999999999990678,0.0,0.0,0.0029999999999996696,0.0,0.0,0.0,0.0,0.0,-0.000999999999990564,0.0,0.0
ARG 136,R ARG 136,0.0,0.0,0.0,0.0,0.0,0.0,0.0030000000000001137,0.0,0.0,-0.0020000000000024443,0.0,0.0,0.0,0.0,0.0,0.0009999999999976694,0.0,0.0
GLY 137,R GLY 137,0.0,0.0,0.0,0.0,0.0,0.0,0.008000000000009777,0.0,0.0,-0.006999999999999673,0.0,0.0,0.0,0.0,0.0,0.0010000000000118803,0.0,0.0
ASN 138,R ASN 138,0.0,0.0,0.0,0.0,0.0,0.0,0.008000000000009777,0.0,0.0,-0.0050000000000000044,0.0,0.0,0.0,0.0,0.0,0.0030000000000096616,0.0,0.0
HIE 139,R HIE 139,0.0,0.0,0.0,-0.0009999999999994458,0.0,0.0,0.006000000000000227,0.0,0.0,-0.0040000000000000036,0.0,0.0,0.0,0.0,0.0,0.000999999999995893,0.0,0.0
GLU 140,R GLU 140,0.0,0.0,0.0,0.0,0.0,0.0,0.0,0.0,0.0,-0.0010000000000012221,0.0,0.0,0.0,0.0,0.0,-0.0010000000000012221,0.0,0.0
CYS 141,R CYS 141,0.0,0.0,0.0,0.0,0.0,0.0,-0.0040000000000048885,0.0,0.0,0.006000000000000227,0.0,0.0,0.0,0.0,0.0,0.001999999999995339,0.0,0.0
ARG 142,R ARG 142,0.0,0.0,0.0,0.0,0.0,0.0,-0.015000000000000568,0.0,0.0,0.01899999999999835,0.0,0.0,0.0,0.0,0.0,0.003999999999997783,0.0,0.0
HIE 143,R HIE 143,0.0,0.0,0.0,0.0,0.0,0.0,0.0049999999999954525,0.0,0.0,-0.0009999999999998899,0.0,0.0,0.0,0.0,0.0,0.003999999999996007,0.0,0.0
LEU 144,R LEU 144,0.0,0.0,0.0,0.0,0.0,0.0,-0.0010000000000047748,0.0,0.0,0.0019999999999997797,0.0,0.0,0.0,0.0,0.0,0.0009999999999950049,0.0,0.0
THR 145,R THR 145,0.0,0.0,0.0,0.0,0.0,0.0,0.0030000000000001137,0.0,0.0,0.001000000000000334,0.0,0.0,0.0,0.0,0.0,0.0039999999999995595,0.0,0.0
GLU 146,R GLU 146,0.0,0.0,0.0,-0.0009999999999998899,0.0,0.0,0.036000000000001364,0.0,0.0,-0.038999999999997925,0.0,0.0,0.0,0.0,0.0,-0.004000000000001336,0.0,0.0
TYR 147,R TYR 147,0.0,0.0,0.0,-0.001000000000000334,0.0,0.0,0.0010000000000047748,0.0,0.0,0.007000000000000117,0.0,0.0,0.0,0.0,0.0,0.006999999999999673,0.0,0.0
PHE 148,R PHE 148,0.0,0.0,0.0,-0.002000000000000668,0.0,0.0,0.0379999999999967,0.0,0.0,-0.020999999999999908,0.0,0.0,0.0,0.0,0.0,0.015000000000001457,0.0,0.0
THR 149,R THR 149,0.0,0.0,0.0,-0.001000000000000334,0.0,0.0,0.014000000000002899,0.0,0.0,-0.009999999999999787,0.0,0.0,0.0,0.0,0.0,0.0029999999999983373,0.0,0.0
PHE 150,R PHE 150,0.0,0.0,0.0,-0.001000000000000334,0.0,0.0,0.003999999999990678,0.0,0.0,0.001000000000000334,0.0,0.0,0.0,0.0,0.0,0.003999999999986237,0.0,0.0
LYS 151,R LYS 151,0.0,0.0,0.0,0.0,0.0,0.0,-0.02199999999999136,0.0,0.0,0.0470000000000006,0.0,0.0,0.0,0.0,0.0,0.025000000000009237,0.0,0.0
ASN 152,R ASN 152,0.0,0.0,0.0,-0.001000000000000334,0.0,0.0,0.013999999999995794,0.0,0.0,0.0,0.0,0.0,0.0,0.0,0.0,0.012999999999991019,0.0,0.0
GLU 153,R GLU 153,0.0,0.0,0.0,-0.0009999999999994458,0.0,0.0,0.022999999999996135,0.0,0.0,-0.021000000000000796,0.0,0.0,0.0,0.0,0.0,0.000999999999990564,0.0,0.0
CYS 154,R CYS 154,0.0,0.0,0.0,0.0,0.0,0.0,0.0,0.0,0.0,0.0129999999999999,0.0,0.0,0.0,0.0,0.0,0.0129999999999999,0.0,0.0
LEU 155,R LEU 155,0.0,0.0,0.0,-0.0009999999999998899,0.0,0.0,0.006999999999990791,0.0,0.0,0.006999999999999673,0.0,0.0,0.0,0.0,0.0,0.0129999999999999,0.0,0.0
HIE 156,R HIE 156,0.0,0.0,0.0,-0.0009999999999998899,0.0,0.0,0.0,0.0,0.0,0.016999999999999904,0.0,0.0,0.0,0.0,0.0,0.015999999999995573,0.0,0.0
LYS 157,R LYS 157,0.0,0.0,0.0,-0.0009999999999998899,0.0,0.0,-0.022999999999996135,0.0,0.0,0.04099999999999682,0.0,0.0,0.0,0.0,0.0,0.016999999999995907,0.0,0.0
TYR 158,R TYR 158,0.0,0.0,0.0,0.0,0.0,0.0,0.01099999999999568,0.0,0.0,-0.007999999999999119,0.0,0.0,0.0,0.0,0.0,0.002999999999996561,0.0,0.0
SER 159,R SER 159,0.0,0.0,0.0,0.0,0.0,0.0,-0.005999999999993122,0.0,0.0,0.008999999999999453,0.0,0.0,0.0,0.0,0.0,0.003000000000006331,0.0,0.0
GLU 160,R GLU 160,0.0,0.0,0.0,0.0,0.0,0.0,0.015999999999998238,0.0,0.0,-0.018000000000000682,0.0,0.0,0.0,0.0,0.0,-0.0020000000000024443,0.0,0.0
GLU 161,R GLU 161,0.0,0.0,0.0,0.0,0.0,0.0,0.015000000000000568,0.0,0.0,-0.013999999999999346,0.0,0.0,0.0,0.0,0.0,0.0010000000000012221,0.0,0.0
LEU 162,R LEU 162,0.0,0.0,0.0,0.0,0.0,0.0,-0.0040000000000048885,0.0,0.0,0.009000000000000008,0.0,0.0,0.0,0.0,0.0,0.0049999999999950084,0.0,0.0
TYR 163,R TYR 163,0.0,0.0,0.0,0.0,0.0,0.0,-0.005000000000009663,0.0,0.0,0.006999999999999895,0.0,0.0,0.0,0.0,0.0,0.0019999999999900098,0.0,0.0
GLU 164,R GLU 164,0.0,0.0,0.0,0.0,0.0,0.0,0.009000000000000341,0.0,0.0,-0.012999999999998124,0.0,0.0,0.0,0.0,0.0,-0.003999999999997783,0.0,0.0
GLU 165,R GLU 165,0.0,0.0,0.0,0.0,0.0,0.0,0.006000000000000227,0.0,0.0,-0.004999999999999005,0.0,0.0,0.0,0.0,0.0,0.0010000000000012221,0.0,0.0
CYS 166,R CYS 166,0.0,0.0,0.0,0.0,0.0,0.0,-0.006000000000000227,0.0,0.0,0.007000000000000117,0.0,0.0,0.0,0.0,0.0,0.0009999999999998899,0.0,0.0
LEU 167,R LEU 167,0.0,0.0,0.0,0.0,0.0,0.0,-0.0030000000000001137,0.0,0.0,0.002999999999999989,0.0,0.0,0.0,0.0,0.0,0.0,0.0,0.0
VAL 168,R VAL 168,0.0,0.0,0.0,0.0,0.0,0.0,-0.000999999999990564,0.0,0.0,0.0009999999999998899,0.0,0.0,0.0,0.0,0.0,9.769962616701378e-15,0.0,0.0
SER 169,R SER 169,0.0,0.0,0.0,0.0,0.0,0.0,-0.0020000000000024443,0.0,0.0,0.0030000000000000027,0.0,0.0,0.0,0.0,0.0,0.0009999999999976694,0.0,0.0
PHE 170,R PHE 170,0.0,0.0,0.0,0.0,0.0,0.0,-0.0040000000000048885,0.0,0.0,0.0030000000000001137,0.0,0.0,0.0,0.0,0.0,-0.0010000000000047748,0.0,0.0
ASN 171,R ASN 171,0.0,0.0,0.0,0.0,0.0,0.0,-0.000999999999990564,0.0,0.0,0.0009999999999998899,0.0,0.0,0.0,0.0,0.0,9.325873406851315e-15,0.0,0.0
ALA 172,R ALA 172,0.0,0.0,0.0,0.0,0.0,0.0,0.0,0.0,0.0,0.0,0.0,0.0,0.0,0.0,0.0,0.0,0.0,0.0
LEU 173,R LEU 173,0.0,0.0,0.0,0.0,0.0,0.0,0.0020000000000095497,0.0,0.0,-0.001000000000000334,0.0,0.0,0.0,0.0,0.0,0.0010000000000083276,0.0,0.0
PRO 174,R PRO 174,0.0,0.0,0.0,0.0,0.0,0.0,-0.0030000000000001137,0.0,0.0,0.0030000000000001137,0.0,0.0,0.0,0.0,0.0,0.0,0.0,0.0
LEU 175,R LEU 175,0.0,0.0,0.0,0.0,0.0,0.0,-0.0030000000000001137,0.0,0.0,0.0030000000000001137,0.0,0.0,0.0,0.0,0.0,0.0,0.0,0.0
ALA 176,R ALA 176,0.0,0.0,0.0,0.0,0.0,0.0,0.001999999999995339,0.0,0.0,-0.0020000000000000018,0.0,0.0,0.0,0.0,0.0,-4.440892098500626e-15,0.0,0.0
ALA 177,R ALA 177,0.0,0.0,0.0,0.0,0.0,0.0,-0.001999999999995339,0.0,0.0,0.0020000000000000018,0.0,0.0,0.0,0.0,0.0,4.6629367034256575e-15,0.0,0.0
ILE 178,R ILE 178,0.0,0.0,0.0,0.0,0.0,0.0,0.0,0.0,0.0,0.0,0.0,0.0,0.0,0.0,0.0,0.0,0.0,0.0
MET 179,R MET 179,0.0,0.0,0.0,0.0,0.0,0.0,-0.0010000000000047748,0.0,0.0,0.0010000000000000009,0.0,0.0,0.0,0.0,0.0,-4.440892098500626e-15,0.0,0.0
ASN 180,R ASN 180,0.0,0.0,0.0,0.0,0.0,0.0,-0.0010000000000047748,0.0,0.0,0.0009999999999998899,0.0,0.0,0.0,0.0,0.0,-4.440892098500626e-15,0.0,0.0
GLU 181,R GLU 181,0.0,0.0,0.0,0.0,0.0,0.0,-0.0030000000000001137,0.0,0.0,0.004000000000001336,0.0,0.0,0.0,0.0,0.0,0.0010000000000012221,0.0,0.0
GLN 182,R GLN 182,0.0,0.0,0.0,0.0,0.0,0.0,-0.001999999999995339,0.0,0.0,0.0020000000000000018,0.0,0.0,0.0,0.0,0.0,4.440892098500626e-15,0.0,0.0
PHE 183,R PHE 183,0.0,0.0,0.0,0.0,0.0,0.0,0.0,0.0,0.0,-0.0010000000000000009,0.0,0.0,0.0,0.0,0.0,-0.001000000000000334,0.0,0.0
PHE 184,R PHE 184,0.0,0.0,0.0,0.0,0.0,0.0,-0.001999999999995339,0.0,0.0,0.0030000000000001137,0.0,0.0,0.0,0.0,0.0,0.0010000000000047748,0.0,0.0
CYS 185,R CYS 185,0.0,0.0,0.0,0.0,0.0,0.0,0.0030000000000001137,0.0,0.0,-0.0030000000000001137,0.0,0.0,0.0,0.0,0.0,0.0,0.0,0.0
VAL 186,R VAL 186,0.0,0.0,0.0,0.0,0.0,0.0,-0.0040000000000048885,0.0,0.0,0.0040000000000000036,0.0,0.0,0.0,0.0,0.0,-4.884981308350689e-15,0.0,0.0
HIE 187,R HIE 187,0.0,0.0,0.0,0.0,0.0,0.0,-0.0040000000000048885,0.0,0.0,0.0040000000000000036,0.0,0.0,0.0,0.0,0.0,-4.440892098500626e-15,0.0,0.0
GLY 188,R GLY 188,0.0,0.0,0.0,0.0,0.0,0.0,-0.0040000000000048885,0.0,0.0,0.0040000000000000036,0.0,0.0,0.0,0.0,0.0,-5.329070518200751e-15,0.0,0.0
GLY 189,R GLY 189,0.0,0.0,0.0,0.0,0.0,0.0,0.001999999999995339,0.0,0.0,-0.0020000000000000018,0.0,0.0,0.0,0.0,0.0,-4.440892098500626e-15,0.0,0.0
LEU 190,R LEU 190,0.0,0.0,0.0,0.0,0.0,0.0,-0.000999999999990564,0.0,0.0,0.002000000000000668,0.0,0.0,0.0,0.0,0.0,0.001000000000010104,0.0,0.0
SER 191,R SER 191,0.0,0.0,0.0,0.0,0.0,0.0,-0.001999999999995339,0.0,0.0,0.0010000000000000009,0.0,0.0,0.0,0.0,0.0,-0.000999999999995449,0.0,0.0
PRO 192,R PRO 192,0.0,0.0,0.0,0.0,0.0,0.0,0.0,0.0,0.0,0.0010000000000012221,0.0,0.0,0.0,0.0,0.0,0.0010000000000012221,0.0,0.0
GLN 193,R GLN 193,0.0,0.0,0.0,0.0,0.0,0.0,0.0010000000000047748,0.0,0.0,-0.0009999999999998899,0.0,0.0,0.0,0.0,0.0,4.884981308350689e-15,0.0,0.0
LEU 194,R LEU 194,0.0,0.0,0.0,0.0,0.0,0.0,-0.0010000000000047748,0.0,0.0,0.0020000000000000018,0.0,0.0,0.0,0.0,0.0,0.0009999999999950049,0.0,0.0
THR 195,R THR 195,0.0,0.0,0.0,-0.0009999999999998899,0.0,0.0,-0.0010000000000047748,0.0,0.0,0.0009999999999998899,0.0,0.0,0.0,0.0,0.0,-0.0010000000000029985,0.0,0.0
SER 196,R SER 196,0.0,0.0,0.0,0.0,0.0,0.0,0.0010000000000047748,0.0,0.0,0.0,0.0,0.0,0.0,0.0,0.0,0.0010000000000047748,0.0,0.0
LEU 197,R LEU 197,0.0,0.0,0.0,0.0,0.0,0.0,0.0010000000000047748,0.0,0.0,0.0,0.0,0.0,0.0,0.0,0.0,0.0010000000000047748,0.0,0.0
ASP 198,R ASP 198,0.0,0.0,0.0,0.0,0.0,0.0,0.001999999999995339,0.0,0.0,-0.0009999999999994458,0.0,0.0,0.0,0.0,0.0,0.000999999999995893,0.0,0.0
SER 199,R SER 199,0.0,0.0,0.0,0.0,0.0,0.0,0.001999999999995339,0.0,0.0,-0.0020000000000000018,0.0,0.0,0.0,0.0,0.0,-4.440892098500626e-15,0.0,0.0
LEU 200,R LEU 200,0.0,0.0,0.0,0.0,0.0,0.0,0.001999999999995339,0.0,0.0,-0.0020000000000000018,0.0,0.0,0.0,0.0,0.0,-4.440892098500626e-15,0.0,0.0
ARG 201,R ARG 201,0.0,0.0,0.0,0.0,0.0,0.0,-0.0010000000000047748,0.0,0.0,0.0,0.0,0.0,0.0,0.0,0.0,-0.0010000000000047748,0.0,0.0
LYS 202,R LYS 202,0.0,0.0,0.0,0.0,0.0,0.0,-0.001999999999995339,0.0,0.0,0.0009999999999998899,0.0,0.0,0.0,0.0,0.0,-0.000999999999995893,0.0,0.0
LEU 203,R LEU 203,0.0,0.0,0.0,0.0,0.0,0.0,0.0,0.0,0.0,0.0,0.0,0.0,0.0,0.0,0.0,0.0,0.0,0.0
HIE 204,R HIE 204,0.0,0.0,0.0,0.0,0.0,0.0,0.0,0.0,0.0,0.0,0.0,0.0,0.0,0.0,0.0,0.0,0.0,0.0
ARG 205,R ARG 205,0.0,0.0,0.0,0.0,0.0,0.0,-0.006000000000000227,0.0,0.0,0.005000000000000782,0.0,0.0,0.0,0.0,0.0,-0.0009999999999994458,0.0,0.0
PHE 206,R PHE 206,0.0,0.0,0.0,0.0,0.0,0.0,0.0030000000000001137,0.0,0.0,-0.0020000000000000018,0.0,0.0,0.0,0.0,0.0,0.001000000000000112,0.0,0.0
ARG 207,R ARG 207,0.0,0.0,0.0,0.0,0.0,0.0,-0.016000000000005343,0.0,0.0,0.016000000000000014,0.0,0.0,0.0,0.0,0.0,-5.329070518200751e-15,0.0,0.0
GLU 208,R GLU 208,0.0,0.0,0.0,0.0,0.0,0.0,0.009000000000000341,0.0,0.0,-0.009000000000000341,0.0,0.0,0.0,0.0,0.0,0.0,0.0,0.0
PRO 209,R PRO 209,0.0,0.0,0.0,0.0,0.0,0.0,0.012000000000000455,0.0,0.0,-0.011999999999996902,0.0,0.0,0.0,0.0,0.0,3.552713678800501e-15,0.0,0.0
PRO 210,R PRO 210,0.0,0.0,0.0,0.0,0.0,0.0,0.0020000000000024443,0.0,0.0,-0.0030000000000001137,0.0,0.0,0.0,0.0,0.0,-0.0009999999999976694,0.0,0.0
THR 211,R THR 211,0.0,0.0,0.0,0.0,0.0,0.0,-0.0030000000000001137,0.0,0.0,0.0030000000000001137,0.0,0.0,0.0,0.0,0.0,0.0,0.0,0.0
LYS 212,R LYS 212,0.0,0.0,0.0,0.0,0.0,0.0,-0.0030000000000001137,0.0,0.0,0.0030000000000001137,0.0,0.0,0.0,0.0,0.0,0.0,0.0,0.0
GLY 213,R GLY 213,0.0,0.0,0.0,0.0,0.0,0.0,-0.001999999999995339,0.0,0.0,0.001000000000000334,0.0,0.0,0.0,0.0,0.0,-0.0009999999999941167,0.0,0.0
LEU 214,R LEU 214,0.0,0.0,0.0,0.0,0.0,0.0,-0.0030000000000001137,0.0,0.0,0.0030000000000001137,0.0,0.0,0.0,0.0,0.0,0.0,0.0,0.0
MET 215,R MET 215,0.0,0.0,0.0,0.0,0.0,0.0,-0.001999999999995339,0.0,0.0,0.0030000000000001137,0.0,0.0,0.0,0.0,0.0,0.0010000000000047748,0.0,0.0
CYS 216,R CYS 216,0.0,0.0,0.0,0.0,0.0,0.0,-0.0040000000000048885,0.0,0.0,0.0039999999999995595,0.0,0.0,0.0,0.0,0.0,-7.105427357601002e-15,0.0,0.0
ASP 217,R ASP 217,0.0,0.0,0.0,0.0,0.0,0.0,-0.005000000000002558,0.0,0.0,0.004999999999999005,0.0,0.0,0.0,0.0,0.0,-3.552713678800501e-15,0.0,0.0
LEU 218,R LEU 218,0.0,0.0,0.0,0.0,0.0,0.0,-0.0030000000000001137,0.0,0.0,0.0039999999999995595,0.0,0.0,0.0,0.0,0.0,0.0009999999999994458,0.0,0.0
LEU 219,R LEU 219,0.0,0.0,0.0,0.0,0.0,0.0,-0.0049999999999954525,0.0,0.0,0.006000000000000227,0.0,0.0,0.0,0.0,0.0,0.0010000000000047748,0.0,0.0
TRP 220,R TRP 220,0.0,0.0,0.0,0.0,0.0,0.0,-0.0030000000000001137,0.0,0.0,0.0029999999999998916,0.0,0.0,0.0,0.0,0.0,-8.881784197001252e-16,0.0,0.0
ALA 221,R ALA 221,0.0,0.0,0.0,0.0,0.0,0.0,-0.0049999999999954525,0.0,0.0,0.0039999999999995595,0.0,0.0,0.0,0.0,0.0,-0.000999999999995893,0.0,0.0
ASP 222,R ASP 222,0.0,0.0,0.0,-0.001000000000000334,0.0,0.0,-0.005000000000009663,0.0,0.0,0.004999999999999005,0.0,0.0,0.0,0.0,0.0,-0.001000000000015433,0.0,0.0
PRO 223,R PRO 223,0.0,0.0,0.0,0.0,0.0,0.0,-0.016000000000005343,0.0,0.0,0.015000000000000568,0.0,0.0,0.0,0.0,0.0,-0.0010000000000047748,0.0,0.0
ILE 224,R ILE 224,0.0,0.0,0.0,0.0,0.0,0.0,-0.0040000000000048885,0.0,0.0,0.0040000000000000036,0.0,0.0,0.0,0.0,0.0,-5.329070518200751e-15,0.0,0.0
GLU 225,R GLU 225,0.0,0.0,0.0,0.0,0.0,0.0,-0.015000000000000568,0.0,0.0,0.015000000000000568,0.0,0.0,0.0,0.0,0.0,0.0,0.0,0.0
GLU 226,R GLU 226,0.0,0.0,0.0,0.0,0.0,0.0,-0.009000000000000341,0.0,0.0,0.010000000000001563,0.0,0.0,0.0,0.0,0.0,0.0010000000000012221,0.0,0.0
TYR 227,R TYR 227,0.0,0.0,0.0,0.0,0.0,0.0,0.001999999999995339,0.0,0.0,-0.0009999999999998899,0.0,0.0,0.0,0.0,0.0,0.000999999999995893,0.0,0.0
ASP 228,R ASP 228,0.0,0.0,0.0,0.0,0.0,0.0,-0.00999999999999801,0.0,0.0,0.010000000000001563,0.0,0.0,0.0,0.0,0.0,3.552713678800501e-15,0.0,0.0
ASP 229,R ASP 229,0.0,0.0,0.0,0.0,0.0,0.0,-0.008999999999993236,0.0,0.0,0.009000000000000341,0.0,0.0,0.0,0.0,0.0,7.105427357601002e-15,0.0,0.0
ASP 230,R ASP 230,0.0,0.0,0.0,0.0,0.0,0.0,-0.006999999999990791,0.0,0.0,0.0070000000000014495,0.0,0.0,0.0,0.0,0.0,1.0658141036401503e-14,0.0,0.0
ASN 231,R ASN 231,0.0,0.0,0.0,0.0,0.0,0.0,0.001999999999995339,0.0,0.0,-0.0019999999999997797,0.0,0.0,0.0,0.0,0.0,-4.440892098500626e-15,0.0,0.0
LEU 232,R LEU 232,0.0,0.0,0.0,0.0,0.0,0.0,-0.001999999999995339,0.0,0.0,0.001000000000000334,0.0,0.0,0.0,0.0,0.0,-0.0009999999999950049,0.0,0.0
ASP 233,R ASP 233,0.0,0.0,0.0,0.0,0.0,0.0,-0.0030000000000001137,0.0,0.0,0.0030000000000001137,0.0,0.0,0.0,0.0,0.0,0.0,0.0,0.0
GLN 234,R GLN 234,0.0,0.0,0.0,0.0,0.0,0.0,-0.0030000000000001137,0.0,0.0,0.0030000000000001137,0.0,0.0,0.0,0.0,0.0,0.0,0.0,0.0
GLU 235,R GLU 235,0.0,0.0,0.0,0.0,0.0,0.0,-0.0049999999999954525,0.0,0.0,0.004999999999999005,0.0,0.0,0.0,0.0,0.0,3.552713678800501e-15,0.0,0.0
TYR 236,R TYR 236,0.0,0.0,0.0,0.0,0.0,0.0,0.0020000000000095497,0.0,0.0,-0.0020000000000000018,0.0,0.0,0.0,0.0,0.0,9.769962616701378e-15,0.0,0.0
VAL 237,R VAL 237,0.0,0.0,0.0,0.0,0.0,0.0,-0.001999999999995339,0.0,0.0,0.002000000000000668,0.0,0.0,0.0,0.0,0.0,5.329070518200751e-15,0.0,0.0
THR 238,R THR 238,0.0,0.0,0.0,0.0,0.0,0.0,-0.003999999999997783,0.0,0.0,0.004000000000000448,0.0,0.0,0.0,0.0,0.0,2.6645352591003757e-15,0.0,0.0
ASN 239,R ASN 239,0.0,0.0,0.0,-0.001000000000000334,0.0,0.0,0.0030000000000001137,0.0,0.0,-0.0030000000000000027,0.0,0.0,0.0,0.0,0.0,-0.0010000000000045528,0.0,0.0
VAL 240,R VAL 240,0.0,0.0,0.0,0.0,0.0,0.0,0.0020000000000095497,0.0,0.0,-0.0019999999999997797,0.0,0.0,0.0,0.0,0.0,9.769962616701378e-15,0.0,0.0
VAL 241,R VAL 241,0.0,0.0,0.0,0.0,0.0,0.0,-0.0030000000000001137,0.0,0.0,0.0030000000000001137,0.0,0.0,0.0,0.0,0.0,0.0,0.0,0.0
ARG 242,R ARG 242,0.0,0.0,0.0,0.0,0.0,0.0,0.012000000000000455,0.0,0.0,-0.012000000000000455,0.0,0.0,0.0,0.0,0.0,0.0,0.0,0.0
GLY 243,R GLY 243,0.0,0.0,0.0,0.0,0.0,0.0,0.006000000000000227,0.0,0.0,-0.006000000000000005,0.0,0.0,0.0,0.0,0.0,0.0,0.0,0.0
CYS 244,R CYS 244,0.0,0.0,0.0,0.0,0.0,0.0,-0.0040000000000048885,0.0,0.0,0.004000000000000448,0.0,0.0,0.0,0.0,0.0,-4.440892098500626e-15,0.0,0.0
SER 245,R SER 245,0.0,0.0,0.0,0.0,0.0,0.0,-0.0009999999999976694,0.0,0.0,0.0,0.0,0.0,0.0,0.0,0.0,-0.0009999999999976694,0.0,0.0
PHE 246,R PHE 246,0.0,0.0,0.0,0.0,0.0,0.0,-0.0010000000000047748,0.0,0.0,0.0020000000000000018,0.0,0.0,0.0,0.0,0.0,0.000999999999995449,0.0,0.0
ALA 247,R ALA 247,0.0,0.0,0.0,0.0,0.0,0.0,0.0010000000000047748,0.0,0.0,-0.0020000000000000018,0.0,0.0,0.0,0.0,0.0,-0.0009999999999950049,0.0,0.0
PHE 248,R PHE 248,0.0,0.0,0.0,0.0,0.0,0.0,-0.0040000000000048885,0.0,0.0,0.0039999999999995595,0.0,0.0,0.0,0.0,0.0,-5.329070518200751e-15,0.0,0.0
THR 249,R THR 249,0.0,0.0,0.0,0.0,0.0,0.0,0.0,0.0,0.0,-0.0009999999999998899,0.0,0.0,0.0,0.0,0.0,-0.001000000000000334,0.0,0.0
TYR 250,R TYR 250,0.0,0.0,0.0,0.0,0.0,0.0,0.0,0.0,0.0,0.0,0.0,0.0,0.0,0.0,0.0,0.0,0.0,0.0
LYS 251,R LYS 251,0.0,0.0,0.0,0.0,0.0,0.0,0.006999999999990791,0.0,0.0,-0.006999999999999673,0.0,0.0,0.0,0.0,0.0,-8.881784197001252e-15,0.0,0.0
ALA 252,R ALA 252,0.0,0.0,0.0,0.0,0.0,0.0,0.000999999999990564,0.0,0.0,0.0,0.0,0.0,0.0,0.0,0.0,0.000999999999990564,0.0,0.0
ALA 253,R ALA 253,0.0,0.0,0.0,0.0,0.0,0.0,0.0,0.0,0.0,-0.0010000000000000009,0.0,0.0,0.0,0.0,0.0,-0.001000000000000334,0.0,0.0
CYS 254,R CYS 254,0.0,0.0,0.0,0.0,0.0,0.0,0.0010000000000047748,0.0,0.0,-0.001000000000000334,0.0,0.0,0.0,0.0,0.0,4.440892098500626e-15,0.0,0.0
LYS 255,R LYS 255,0.0,0.0,0.0,0.0,0.0,0.0,0.005000000000009663,0.0,0.0,-0.006000000000000227,0.0,0.0,0.0,0.0,0.0,-0.000999999999990564,0.0,0.0
PHE 256,R PHE 256,0.0,0.0,0.0,0.0,0.0,0.0,0.000999999999990564,0.0,0.0,-0.0009999999999998899,0.0,0.0,0.0,0.0,0.0,-8.881784197001252e-15,0.0,0.0
LEU 257,R LEU 257,0.0,0.0,0.0,0.0,0.0,0.0,0.0,0.0,0.0,-0.0010000000000000009,0.0,0.0,0.0,0.0,0.0,-0.0009999999999994458,0.0,0.0
ASP 258,R ASP 258,0.0,0.0,0.0,0.0,0.0,0.0,-0.0030000000000001137,0.0,0.0,0.0030000000000001137,0.0,0.0,0.0,0.0,0.0,0.0,0.0,0.0
ARG 259,R ARG 259,0.0,0.0,0.0,0.0,0.0,0.0,0.0040000000000048885,0.0,0.0,-0.0039999999999995595,0.0,0.0,0.0,0.0,0.0,5.329070518200751e-15,0.0,0.0
THR 260,R THR 260,0.0,0.0,0.0,0.0,0.0,0.0,0.0,0.0,0.0,0.0,0.0,0.0,0.0,0.0,0.0,0.0,0.0,0.0
LYS 261,R LYS 261,0.0,0.0,0.0,0.0,0.0,0.0,0.005000000000009663,0.0,0.0,-0.004999999999999893,0.0,0.0,0.0,0.0,0.0,9.769962616701378e-15,0.0,0.0
LEU 262,R LEU 262,0.0,0.0,0.0,0.0,0.0,0.0,0.0,0.0,0.0,0.0,0.0,0.0,0.0,0.0,0.0,0.0,0.0,0.0
LEU 263,R LEU 263,0.0,0.0,0.0,0.0,0.0,0.0,-0.0010000000000047748,0.0,0.0,0.0010000000000000009,0.0,0.0,0.0,0.0,0.0,-4.440892098500626e-15,0.0,0.0
SER 264,R SER 264,0.0,0.0,0.0,0.0,0.0,0.0,0.0,0.0,0.0,0.0,0.0,0.0,0.0,0.0,0.0,0.0,0.0,0.0
VAL 265,R VAL 265,0.0,0.0,0.0,0.0,0.0,0.0,-0.0040000000000048885,0.0,0.0,0.0030000000000000027,0.0,0.0,0.0,0.0,0.0,-0.0010000000000047748,0.0,0.0
ILE 266,R ILE 266,0.0,0.0,0.0,0.0,0.0,0.0,0.0020000000000095497,0.0,0.0,-0.0010000000000000009,0.0,0.0,0.0,0.0,0.0,0.0010000000000092157,0.0,0.0
ARG 267,R ARG 267,0.0,0.0,0.0,0.0,0.0,0.0,0.015000000000000568,0.0,0.0,-0.013999999999999346,0.0,0.0,0.0,0.0,0.0,0.0010000000000012221,0.0,0.0
ALA 268,R ALA 268,0.0,0.0,0.0,0.0,0.0,0.0,-0.0010000000000047748,0.0,0.0,0.0020000000000000018,0.0,0.0,0.0,0.0,0.0,0.0009999999999950049,0.0,0.0
HIE 269,R HIE 269,0.0,0.0,0.0,0.0,0.0,0.0,0.0010000000000047748,0.0,0.0,0.0,0.0,0.0,0.0,0.0,0.0,0.0010000000000047748,0.0,0.0
GLU 270,R GLU 270,0.0,0.0,0.0,0.0,0.0,0.0,-0.018000000000000682,0.0,0.0,0.01699999999999946,0.0,0.0,0.0,0.0,0.0,-0.0010000000000012221,0.0,0.0
ALA 271,R ALA 271,0.0,0.0,0.0,0.0,0.0,0.0,0.0,0.0,0.0,0.0009999999999994458,0.0,0.0,0.0,0.0,0.0,0.0009999999999994458,0.0,0.0
GLN 272,R GLN 272,0.0,0.0,0.0,0.0,0.0,0.0,-0.009000000000000341,0.0,0.0,0.008999999999999453,0.0,0.0,0.0,0.0,0.0,-8.881784197001252e-16,0.0,0.0
ASN 273,R ASN 273,0.0,0.0,0.0,0.0,0.0,0.0,-0.006000000000000227,0.0,0.0,0.006999999999999673,0.0,0.0,0.0,0.0,0.0,0.0009999999999994458,0.0,0.0
ALA 274,R ALA 274,0.0,0.0,0.0,0.0,0.0,0.0,-0.0040000000000048885,0.0,0.0,0.0040000000000000036,0.0,0.0,0.0,0.0,0.0,-4.884981308350689e-15,0.0,0.0
GLY 275,R GLY 275,0.0,0.0,0.0,0.0,0.0,0.0,0.009000000000000341,0.0,0.0,-0.008999999999999897,0.0,0.0,0.0,0.0,0.0,8.881784197001252e-16,0.0,0.0
TYR 276,R TYR 276,0.0,0.0,0.0,0.0,0.0,0.0,-0.007999999999995566,0.0,0.0,0.009000000000000119,0.0,0.0,0.0,0.0,0.0,0.0010000000000047748,0.0,0.0
ARG 277,R ARG 277,0.0,0.0,0.0,0.0,0.0,0.0,0.025000000000005684,0.0,0.0,-0.025000000000000355,0.0,0.0,0.0,0.0,0.0,5.329070518200751e-15,0.0,0.0
MET 278,R MET 278,0.0,0.0,0.0,0.0,0.0,0.0,-0.0049999999999954525,0.0,0.0,0.004999999999999893,0.0,0.0,0.0,0.0,0.0,3.552713678800501e-15,0.0,0.0
TYR 279,R TYR 279,0.0,0.0,0.0,0.0,0.0,0.0,-0.001999999999995339,0.0,0.0,0.0020000000000000018,0.0,0.0,0.0,0.0,0.0,4.6629367034256575e-15,0.0,0.0
LYS 280,R LYS 280,0.0,0.0,0.0,0.0,0.0,0.0,0.013999999999995794,0.0,0.0,-0.013999999999999346,0.0,0.0,0.0,0.0,0.0,-3.552713678800501e-15,0.0,0.0
ARG 281,R ARG 281,0.0,0.0,0.0,0.0,0.0,0.0,0.012999999999991019,0.0,0.0,-0.012000000000000455,0.0,0.0,0.0,0.0,0.0,0.000999999999990564,0.0,0.0
THR 282,R THR 282,0.0,0.0,0.0,0.0,0.0,0.0,-0.0010000000000047748,0.0,0.0,0.0009999999999998899,0.0,0.0,0.0,0.0,0.0,-4.440892098500626e-15,0.0,0.0
LYS 283,R LYS 283,0.0,0.0,0.0,-0.0009999999999998899,0.0,0.0,0.007999999999995566,0.0,0.0,-0.008000000000000007,0.0,0.0,0.0,0.0,0.0,-0.0009999999999950049,0.0,0.0
THR 284,R THR 284,0.0,0.0,0.0,0.0,0.0,0.0,0.0,0.0,0.0,0.0,0.0,0.0,0.0,0.0,0.0,0.0,0.0,0.0
MET 285,R MET 285,0.0,0.0,0.0,0.0,0.0,0.0,0.0,0.0,0.0,0.0009999999999998899,0.0,0.0,0.0,0.0,0.0,0.0009999999999998899,0.0,0.0
GLY 286,R GLY 286,0.0,0.0,0.0,0.0,0.0,0.0,0.0,0.0,0.0,0.001000000000000112,0.0,0.0,0.0,0.0,0.0,0.0009999999999994458,0.0,0.0
PHE 287,R PHE 287,0.0,0.0,0.0,0.0,0.0,0.0,0.0010000000000047748,0.0,0.0,0.0,0.0,0.0,0.0,0.0,0.0,0.0010000000000047748,0.0,0.0
PRO 288,R PRO 288,0.0,0.0,0.0,0.0,0.0,0.0,-0.009000000000000341,0.0,0.0,0.009999999999999787,0.0,0.0,0.0,0.0,0.0,0.0009999999999994458,0.0,0.0
SER 289,R SER 289,0.0,0.0,0.0,0.0,0.0,0.0,-0.0009999999999976694,0.0,0.0,0.0,0.0,0.0,0.0,0.0,0.0,-0.0009999999999976694,0.0,0.0
LEU 290,R LEU 290,0.0,0.0,0.0,0.0,0.0,0.0,-0.000999999999990564,0.0,0.0,0.0020000000000000018,0.0,0.0,0.0,0.0,0.0,0.0010000000000094378,0.0,0.0
LEU 291,R LEU 291,0.0,0.0,0.0,0.0,0.0,0.0,0.0020000000000095497,0.0,0.0,-0.0020000000000000018,0.0,0.0,0.0,0.0,0.0,9.769962616701378e-15,0.0,0.0
THR 292,R THR 292,0.0,0.0,0.0,0.0,0.0,0.0,-0.001999999999995339,0.0,0.0,0.002000000000000668,0.0,0.0,0.0,0.0,0.0,5.329070518200751e-15,0.0,0.0
MET 293,R MET 293,0.0,0.0,0.0,0.0,0.0,0.0,-0.0009999999999976694,0.0,0.0,0.0019999999999997797,0.0,0.0,0.0,0.0,0.0,0.0010000000000021103,0.0,0.0
PHE 294,R PHE 294,0.0,0.0,0.0,0.0,0.0,0.0,-0.001999999999995339,0.0,0.0,0.0030000000000001137,0.0,0.0,0.0,0.0,0.0,0.0010000000000047748,0.0,0.0
SER 295,R SER 295,0.0,0.0,0.0,0.0,0.0,0.0,-0.003999999999997783,0.0,0.0,0.006000000000000227,0.0,0.0,0.0,0.0,0.0,0.0020000000000024443,0.0,0.0
ALA 296,R ALA 296,0.0,0.0,0.0,0.0,0.0,0.0,-0.012000000000000455,0.0,0.0,0.014999999999999902,0.0,0.0,0.0,0.0,0.0,0.0029999999999992255,0.0,0.0
PRO 297,R PRO 297,0.0,0.0,0.0,-0.0009999999999994458,0.0,0.0,-0.04499999999999815,0.0,0.0,0.04899999999999949,0.0,0.0,0.0,0.0,0.0,0.0030000000000036664,0.0,0.0
ASN 298,R ASN 298,0.0,0.0,0.0,-0.001000000000000334,0.0,0.0,-0.015999999999991132,0.0,0.0,0.0259999999999998,0.0,0.0,0.0,0.0,0.0,0.009000000000003894,0.0,0.0
TYR 299,R TYR 299,0.0,0.0,0.0,-0.0009999999999994458,0.0,0.0,-0.03100000000000591,0.0,0.0,0.03400000000000003,0.0,0.0,0.0,0.0,0.0,0.0019999999999891216,0.0,0.0
LEU 300,R LEU 300,0.0,0.0,0.0,-0.001000000000000334,0.0,0.0,-0.06399999999999295,0.0,0.0,0.06300000000000017,0.0,0.0,0.0,0.0,0.0,-0.0019999999999980034,0.0,0.0
ASP 301,R ASP 301,0.0,0.0,0.0,-0.002000000000000224,0.0,0.0,-0.16399999999999437,0.0,0.0,0.16799999999999926,0.0,0.0,0.0,0.0,0.0,0.0020000000000095497,0.0,0.0
SER 302,R SER 302,0.0,0.0,0.0,-0.0009999999999998899,0.0,0.0,-0.029000000000010573,0.0,0.0,0.04200000000000004,0.0,0.0,0.0,0.0,0.0,0.011999999999992461,0.0,0.0
TYR 303,R TYR 303,0.0,0.0,0.0,-0.0009999999999998899,0.0,0.0,-0.0049999999999954525,0.0,0.0,0.008999999999999952,0.0,0.0,0.0,0.0,0.0,0.0029999999999996696,0.0,0.0
ASN 304,R ASN 304,0.0,0.0,0.0,0.0,0.0,0.0,0.006000000000000227,0.0,0.0,-0.006000000000000005,0.0,0.0,0.0,0.0,0.0,4.440892098500626e-16,0.0,0.0
ASN 305,R ASN 305,0.0,0.0,0.0,0.0,0.0,0.0,-0.010000000000005116,0.0,0.0,0.010000000000000231,0.0,0.0,0.0,0.0,0.0,-4.884981308350689e-15,0.0,0.0
LYS 306,R LYS 306,0.0,0.0,0.0,0.0,0.0,0.0,0.04200000000000159,0.0,0.0,-0.040000000000000924,0.0,0.0,0.0,0.0,0.0,0.002000000000000668,0.0,0.0
ALA 307,R ALA 307,0.0,0.0,0.0,0.0,0.0,0.0,-0.007000000000005002,0.0,0.0,0.008000000000000007,0.0,0.0,0.0,0.0,0.0,0.000999999999995893,0.0,0.0
ALA 308,R ALA 308,0.0,0.0,0.0,0.0,0.0,0.0,-0.007000000000005002,0.0,0.0,0.005999999999999783,0.0,0.0,0.0,0.0,0.0,-0.001000000000005219,0.0,0.0
VAL 309,R VAL 309,0.0,0.0,0.0,0.0,0.0,0.0,-0.0049999999999954525,0.0,0.0,0.0040000000000000036,0.0,0.0,0.0,0.0,0.0,-0.000999999999995449,0.0,0.0
LEU 310,R LEU 310,0.0,0.0,0.0,0.0,0.0,0.0,-0.0010000000000047748,0.0,0.0,0.0,0.0,0.0,0.0,0.0,0.0,-0.0010000000000047748,0.0,0.0
LYS 311,R LYS 311,0.0,0.0,0.0,0.0,0.0,0.0,0.015000000000000568,0.0,0.0,-0.014999999999998792,0.0,0.0,0.0,0.0,0.0,1.7763568394002505e-15,0.0,0.0
TYR 312,R TYR 312,0.0,0.0,0.0,0.0,0.0,0.0,-0.0010000000000047748,0.0,0.0,0.0009999999999998899,0.0,0.0,0.0,0.0,0.0,-3.552713678800501e-15,0.0,0.0
GLU 313,R GLU 313,0.0,0.0,0.0,0.0,0.0,0.0,-0.010000000000005116,0.0,0.0,0.009999999999999787,0.0,0.0,0.0,0.0,0.0,-5.329070518200751e-15,0.0,0.0
ASN 314,R ASN 314,0.0,0.0,0.0,0.0,0.0,0.0,-0.0010000000000047748,0.0,0.0,0.0019999999999997797,0.0,0.0,0.0,0.0,0.0,0.0009999999999950049,0.0,0.0
ASN 315,R ASN 315,0.0,0.0,0.0,0.0,0.0,0.0,-0.0010000000000047748,0.0,0.0,0.0009999999999998899,0.0,0.0,0.0,0.0,0.0,-4.884981308350689e-15,0.0,0.0
VAL 316,R VAL 316,0.0,0.0,0.0,0.0,0.0,0.0,-0.000999999999990564,0.0,0.0,0.0,0.0,0.0,0.0,0.0,0.0,-0.000999999999990564,0.0,0.0
MET 317,R MET 317,0.0,0.0,0.0,0.0,0.0,0.0,-0.0030000000000001137,0.0,0.0,0.0029999999999998916,0.0,0.0,0.0,0.0,0.0,-2.220446049250313e-16,0.0,0.0
ASN 318,R ASN 318,0.0,0.0,0.0,0.0,0.0,0.0,-0.000999999999990564,0.0,0.0,0.0009999999999998899,0.0,0.0,0.0,0.0,0.0,8.881784197001252e-15,0.0,0.0
ILE 319,R ILE 319,0.0,0.0,0.0,0.0,0.0,0.0,-0.001999999999995339,0.0,0.0,0.0029999999999996696,0.0,0.0,0.0,0.0,0.0,0.0010000000000047748,0.0,0.0
ARG 320,R ARG 320,0.0,0.0,0.0,0.0,0.0,0.0,0.025000000000005684,0.0,0.0,-0.02400000000000002,0.0,0.0,0.0,0.0,0.0,0.001000000000005663,0.0,0.0
GLN 321,R GLN 321,0.0,0.0,0.0,0.0,0.0,0.0,0.0,0.0,0.0,0.0,0.0,0.0,0.0,0.0,0.0,0.0,0.0,0.0
PHE 322,R PHE 322,0.0,0.0,0.0,0.0,0.0,0.0,-0.0040000000000048885,0.0,0.0,0.0040000000000000036,0.0,0.0,0.0,0.0,0.0,-5.329070518200751e-15,0.0,0.0
ASN 323,R ASN 323,0.0,0.0,0.0,0.0,0.0,0.0,0.007999999999995566,0.0,0.0,-0.006999999999999673,0.0,0.0,0.0,0.0,0.0,0.000999999999995893,0.0,0.0
ALA 324,R ALA 324,0.0,0.0,0.0,0.0,0.0,0.0,-0.001999999999995339,0.0,0.0,0.0020000000000000018,0.0,0.0,0.0,0.0,0.0,5.329070518200751e-15,0.0,0.0
SER 325,R SER 325,0.0,0.0,0.0,0.0,0.0,0.0,-0.013999999999995794,0.0,0.0,0.019000000000000128,0.0,0.0,0.0,0.0,0.0,0.005000000000004334,0.0,0.0
PRO 326,R PRO 326,0.0,0.0,0.0,0.0,0.0,0.0,-0.027000000000001023,0.0,0.0,0.03100000000000236,0.0,0.0,0.0,0.0,0.0,0.004000000000001336,0.0,0.0
HIE 327,R HIE 327,0.0,0.0,0.0,-0.0009999999999998899,0.0,0.0,-0.017000000000010118,0.0,0.0,0.03199999999999997,0.0,0.0,0.0,0.0,0.0,0.013999999999985135,0.0,0.0
PRO 328,R PRO 328,0.0,0.0,0.0,-0.0009999999999998899,0.0,0.0,-0.0470000000000006,0.0,0.0,0.04899999999999949,0.0,0.0,0.0,0.0,0.0,0.0009999999999941167,0.0,0.0
TYR 329,R TYR 329,0.0,0.0,0.0,-0.0039999999999995595,0.0,0.0,0.04400000000001114,0.0,0.0,-0.11000000000000032,0.0,0.0,0.0,0.0,0.0,-0.06999999999999407,0.0,0.0
TRP 330,R TRP 330,0.0,0.0,0.0,-0.016999999999999904,0.0,0.0,-0.11099999999999,0.0,0.0,0.027999999999999997,0.0,0.0,0.0,0.0,0.0,-0.10000000000000012,0.0,0.0
LEU 331,R LEU 331,0.0,0.0,0.0,-0.04400000000000004,0.0,0.0,0.07600000000000762,0.0,0.0,-0.43599999999999994,0.0,0.0,0.0,0.0,0.0,-0.40399999999998926,0.0,0.0
PRO 332,R PRO 332,0.0,0.0,0.0,-0.10000000000000009,0.0,0.0,0.045000000000001705,0.0,0.0,0.16000000000000014,0.0,0.0,0.0,0.0,0.0,0.10500000000000043,0.0,0.0
HIE 333,R HIE 333,0.0,0.0,0.0,-0.020000000000000018,0.0,0.0,0.06900000000000261,0.0,0.0,0.04800000000000004,0.0,0.0,0.0,0.0,0.0,0.09700000000000664,0.0,0.0
PHE 334,R PHE 334,0.0,0.0,0.0,-0.009999999999999787,0.0,0.0,0.033999999999991815,0.0,0.0,-0.014999999999998792,0.0,0.0,0.0,0.0,0.0,0.008999999999987907,0.0,0.0
MET 335,R MET 335,0.0,0.0,0.0,-0.016000000000000014,0.0,0.0,-0.06799999999999784,0.0,0.0,0.015000000000000124,0.0,0.0,0.0,0.0,0.0,-0.06899999999998929,0.0,0.0
ASP 336,R ASP 336,0.0,0.0,0.0,-0.021999999999999353,0.0,0.0,0.1700000000000017,0.0,0.0,-0.08200000000000074,0.0,0.0,0.0,0.0,0.0,0.0659999999999954,0.0,0.0
VAL 337,R VAL 337,0.0,0.0,0.0,-0.06099999999999994,0.0,0.0,0.08400000000000318,0.0,0.0,-0.10999999999999988,0.0,0.0,0.0,0.0,0.0,-0.08699999999999664,0.0,0.0
PHE 338,R PHE 338,0.0,0.0,0.0,-0.03200000000000003,0.0,0.0,0.07500000000000284,0.0,0.0,-0.08299999999999996,0.0,0.0,0.0,0.0,0.0,-0.03999999999999382,0.0,0.0
THR 339,R THR 339,0.0,0.0,0.0,-0.06600000000000028,0.0,0.0,0.07800000000000296,0.0,0.0,-0.271,0.0,0.0,0.0,0.0,0.0,-0.25900000000000034,0.0,0.0
TRP 340,R TRP 340,0.0,0.0,0.0,-0.6970000000000001,0.0,0.0,-0.10199999999998965,0.0,0.0,0.9520000000000001,0.0,0.0,-0.0818064,0.0,0.0,0.07119360000000796,0.0,0.0
SER 341,R SER 341,0.0,0.0,0.0,-0.5140000000000002,0.0,0.0,0.029999999999986926,0.0,0.0,-0.0970000000000002,0.0,0.0,-0.0371088,0.0,0.0,-0.6181088000000097,0.0,0.0
LEU 342,R LEU 342,0.0,0.0,0.0,-0.09899999999999975,0.0,0.0,0.024999999999991473,0.0,0.0,-0.1160000000000001,0.0,0.0,0.0,0.0,0.0,-0.1900000000000137,0.0,0.0
PRO 343,R PRO 343,0.0,0.0,0.0,-0.403,0.0,0.0,0.507000000000005,0.0,0.0,0.24200000000000088,0.0,0.0,-0.02358,0.0,0.0,0.32242000000000726,0.0,0.0
PHE 344,R PHE 344,0.0,0.0,0.0,-0.6029999999999998,0.0,0.0,-0.07800000000000296,0.0,0.0,0.20900000000000007,0.0,0.0,-0.0124272,0.0,0.0,-0.48442720000001227,0.0,0.0
VAL 345,R VAL 345,0.0,0.0,0.0,-0.09699999999999998,0.0,0.0,-0.0870000000000033,0.0,0.0,0.05600000000000005,0.0,0.0,0.0,0.0,0.0,-0.12800000000000367,0.0,0.0
GLY 346,R GLY 346,0.0,0.0,0.0,-0.054999999999999716,0.0,0.0,-0.20699999999999363,0.0,0.0,0.253,0.0,0.0,0.0,0.0,0.0,-0.008999999999993236,0.0,0.0
GLU 347,R GLU 347,0.0,0.0,0.0,-0.10999999999999943,0.0,0.0,0.07099999999999795,0.0,0.0,-0.17999999999999972,0.0,0.0,0.0,0.0,0.0,-0.2190000000000012,0.0,0.0
LYS 348,R LYS 348,0.0,0.0,0.0,-0.038000000000000256,0.0,0.0,-0.034000000000006025,0.0,0.0,0.14299999999999713,0.0,0.0,0.0,0.0,0.0,0.0709999999999944,0.0,0.0
VAL 349,R VAL 349,0.0,0.0,0.0,-0.009000000000000341,0.0,0.0,-0.0350000000000108,0.0,0.0,0.06800000000000006,0.0,0.0,0.0,0.0,0.0,0.023999999999988475,0.0,0.0
THR 350,R THR 350,0.0,0.0,0.0,-0.007000000000000117,0.0,0.0,-0.016999999999995907,0.0,0.0,0.048999999999999995,0.0,0.0,0.0,0.0,0.0,0.02499999999999858,0.0,0.0
ASP 351,R ASP 351,0.0,0.0,0.0,-0.005999999999999339,0.0,0.0,0.03100000000000591,0.0,0.0,0.009000000000000341,0.0,0.0,0.0,0.0,0.0,0.034000000000006025,0.0,0.0
MET 352,R MET 352,0.0,0.0,0.0,-0.0019999999999997797,0.0,0.0,-0.0030000000000001137,0.0,0.0,0.034,0.0,0.0,0.0,0.0,0.0,0.029000000000004356,0.0,0.0
LEU 353,R LEU 353,0.0,0.0,0.0,-0.0009999999999994458,0.0,0.0,-0.006000000000000227,0.0,0.0,0.026000000000000245,0.0,0.0,0.0,0.0,0.0,0.018999999999995687,0.0,0.0
VAL 354,R VAL 354,0.0,0.0,0.0,-0.0009999999999998899,0.0,0.0,0.0030000000000001137,0.0,0.0,0.014000000000000012,0.0,0.0,0.0,0.0,0.0,0.015999999999994685,0.0,0.0
SER 355,R SER 355,0.0,0.0,0.0,-0.0009999999999994458,0.0,0.0,0.003999999999990678,0.0,0.0,0.006000000000000005,0.0,0.0,0.0,0.0,0.0,0.008999999999992347,0.0,0.0
ILE 356,R ILE 356,0.0,0.0,0.0,-0.0009999999999998899,0.0,0.0,-0.0010000000000047748,0.0,0.0,0.0129999999999999,0.0,0.0,0.0,0.0,0.0,0.010999999999997456,0.0,0.0
LEU 357,R LEU 357,0.0,0.0,0.0,0.0,0.0,0.0,0.0,0.0,0.0,0.0010000000000000009,0.0,0.0,0.0,0.0,0.0,0.0009999999999998899,0.0,0.0
ASN 358,R ASN 358,0.0,0.0,0.0,0.0,0.0,0.0,0.0,0.0,0.0,0.0020000000000000018,0.0,0.0,0.0,0.0,0.0,0.002000000000000668,0.0,0.0
VAL 359,R VAL 359,0.0,0.0,0.0,0.0,0.0,0.0,-0.0020000000000095497,0.0,0.0,0.0030000000000001137,0.0,0.0,0.0,0.0,0.0,0.000999999999990564,0.0,0.0
CYS 360,R CYS 360,0.0,0.0,0.0,0.0,0.0,0.0,0.0049999999999954525,0.0,0.0,-0.004999999999999893,0.0,0.0,0.0,0.0,0.0,-4.440892098500626e-15,0.0,0.0
THR 361,R THR 361,0.0,0.0,0.0,0.0,0.0,0.0,0.10899999999999821,0.0,0.0,-0.10899999999999466,0.0,0.0,0.0,0.0,0.0,0.0,0.0,0.0
ILE 362,R ILE 362,0.0,0.0,0.0,0.0,0.0,0.0,-0.125,0.0,0.0,0.12600000000000122,0.0,0.0,0.0,0.0,0.0,0.0010000000000047748,0.0,0.0
GLU 363,R GLU 363,0.0,0.0,0.0,0.0,0.0,0.0,0.019000000000005457,0.0,0.0,-0.018000000000000682,0.0,0.0,0.0,0.0,0.0,0.0010000000000047748,0.0,0.0
GLU 364,R GLU 364,0.0,0.0,0.0,0.0,0.0,0.0,0.021000000000000796,0.0,0.0,-0.02099999999999902,0.0,0.0,0.0,0.0,0.0,1.7763568394002505e-15,0.0,0.0
ILE 365,R ILE 365,0.0,0.0,0.0,0.0,0.0,0.0,0.001999999999995339,0.0,0.0,-0.001000000000000334,0.0,0.0,0.0,0.0,0.0,0.0009999999999950049,0.0,0.0
ASP 366,R ASP 366,0.0,0.0,0.0,0.0,0.0,0.0,0.018000000000000682,0.0,0.0,-0.018000000000000682,0.0,0.0,0.0,0.0,0.0,0.0,0.0,0.0
ARG 367,R ARG 367,0.0,0.0,0.0,0.0,0.0,0.0,-0.03200000000001069,0.0,0.0,0.03399999999999892,0.0,0.0,0.0,0.0,0.0,0.0019999999999882334,0.0,0.0
LEU 368,R LEU 368,0.0,0.0,0.0,0.0,0.0,0.0,0.0,0.0,0.0,0.0009999999999998899,0.0,0.0,0.0,0.0,0.0,0.0009999999999998899,0.0,0.0
ARG 369,R ARG 369,0.0,0.0,0.0,0.0,0.0,0.0,-0.02599999999999625,0.0,0.0,0.02499999999999858,0.0,0.0,0.0,0.0,0.0,-0.0009999999999976694,0.0,0.0
LYS 370,R LYS 370,0.0,0.0,0.0,0.0,0.0,0.0,-0.02400000000000091,0.0,0.0,0.0259999999999998,0.0,0.0,0.0,0.0,0.0,0.0019999999999988916,0.0,0.0
ARG 371,R ARG 371,0.0,0.0,0.0,0.0,0.0,0.0,-0.027000000000001023,0.0,0.0,0.03200000000000003,0.0,0.0,0.0,0.0,0.0,0.004999999999999005,0.0,0.0
PHE 372,R PHE 372,0.0,0.0,0.0,0.0,0.0,0.0,-0.0030000000000001137,0.0,0.0,0.0019999999999988916,0.0,0.0,0.0,0.0,0.0,-0.0010000000000012221,0.0,0.0
MET 373,R MET 373,0.0,0.0,0.0,0.0,0.0,0.0,-0.001999999999995339,0.0,0.0,0.002000000000000668,0.0,0.0,0.0,0.0,0.0,5.329070518200751e-15,0.0,0.0
LYS 374,R LYS 374,0.0,0.0,0.0,0.0,0.0,0.0,-0.018000000000000682,0.0,0.0,0.018000000000000682,0.0,0.0,0.0,0.0,0.0,0.0,0.0,0.0
LEU 375,R LEU 375,0.0,0.0,0.0,-0.0009999999999998899,0.0,0.0,0.027000000000001023,0.0,0.0,-0.027999999999991587,0.0,0.0,0.0,0.0,0.0,-0.001999999999981128,0.0,0.0
ILE 376,R ILE 376,0.0,0.0,0.0,0.0,0.0,0.0,-0.036000000000001364,0.0,0.0,0.04100000000001103,0.0,0.0,0.0,0.0,0.0,0.005000000000009663,0.0,0.0
ASP 377,R ASP 377,0.0,0.0,0.0,0.0,0.0,0.0,0.005000000000002558,0.0,0.0,-0.005000000000002558,0.0,0.0,0.0,0.0,0.0,0.0,0.0,0.0
LYS 378,R LYS 378,0.0,0.0,0.0,0.0,0.0,0.0,0.001999999999995339,0.0,0.0,0.001999999999995339,0.0,0.0,0.0,0.0,0.0,0.003999999999990678,0.0,0.0
GLN 379,R GLN 379,0.0,0.0,0.0,0.0,0.0,0.0,-0.0030000000000001137,0.0,0.0,0.0030000000000000027,0.0,0.0,0.0,0.0,0.0,0.0,0.0,0.0
GLU 380,R GLU 380,0.0,0.0,0.0,0.0,0.0,0.0,0.0,0.0,0.0,0.0010000000000012221,0.0,0.0,0.0,0.0,0.0,0.0010000000000012221,0.0,0.0
PHE 381,R PHE 381,0.0,0.0,0.0,-0.001000000000000334,0.0,0.0,0.0020000000000095497,0.0,0.0,0.0040000000000000036,0.0,0.0,0.0,0.0,0.0,0.005000000000019433,0.0,0.0
LEU 382,R LEU 382,0.0,0.0,0.0,0.0,0.0,0.0,-0.0030000000000001137,0.0,0.0,0.0040000000000000036,0.0,0.0,0.0,0.0,0.0,0.001000000000000334,0.0,0.0
SER 383,R SER 383,0.0,0.0,0.0,0.0,0.0,0.0,0.0,0.0,0.0,0.001000000000000334,0.0,0.0,0.0,0.0,0.0,0.001000000000000334,0.0,0.0
ILE 384,R ILE 384,0.0,0.0,0.0,0.0,0.0,0.0,-0.011000000000002785,0.0,0.0,0.019999999999999574,0.0,0.0,0.0,0.0,0.0,0.008999999999996788,0.0,0.0
PRO 385,R PRO 385,0.0,0.0,0.0,-0.0009999999999998899,0.0,0.0,0.012000000000000455,0.0,0.0,-0.006000000000000227,0.0,0.0,0.0,0.0,0.0,0.005000000000002558,0.0,0.0
GLY 386,R GLY 386,0.0,0.0,0.0,-0.002000000000000224,0.0,0.0,-0.009000000000000341,0.0,0.0,0.025000000000000022,0.0,0.0,0.0,0.0,0.0,0.013999999999990465,0.0,0.0
ILE 387,R ILE 387,0.0,0.0,0.0,-0.002000000000000224,0.0,0.0,-0.013999999999995794,0.0,0.0,0.03100000000000014,0.0,0.0,0.0,0.0,0.0,0.015000000000009006,0.0,0.0
SER 388,R SER 388,0.0,0.0,0.0,-0.001000000000000334,0.0,0.0,-0.015000000000000568,0.0,0.0,0.02499999999999858,0.0,0.0,0.0,0.0,0.0,0.009000000000000341,0.0,0.0
SER 389,R SER 389,0.0,0.0,0.0,-0.0050000000000003375,0.0,0.0,-0.02200000000000557,0.0,0.0,0.07100000000000062,0.0,0.0,0.0,0.0,0.0,0.04399999999999249,0.0,0.0
ASN 390,R ASN 390,0.0,0.0,0.0,-0.006999999999999673,0.0,0.0,0.0010000000000047748,0.0,0.0,0.06499999999999995,0.0,0.0,0.0,0.0,0.0,0.059000000000013486,0.0,0.0
PRO 391,R PRO 391,0.0,0.0,0.0,-0.01200000000000001,0.0,0.0,-0.04499999999999815,0.0,0.0,0.09700000000000131,0.0,0.0,0.0,0.0,0.0,0.0400000000000027,0.0,0.0
LEU 392,R LEU 392,0.0,0.0,0.0,-0.006999999999999673,0.0,0.0,0.01300000000000523,0.0,0.0,0.03600000000000003,0.0,0.0,0.0,0.0,0.0,0.041999999999999815,0.0,0.0
ALA 393,R ALA 393,0.0,0.0,0.0,-0.0019999999999997797,0.0,0.0,0.016999999999995907,0.0,0.0,0.008000000000000007,0.0,0.0,0.0,0.0,0.0,0.022999999999986365,0.0,0.0
THR 394,R THR 394,0.0,0.0,0.0,-0.001000000000000334,0.0,0.0,0.014000000000010004,0.0,0.0,0.004000000000000448,0.0,0.0,0.0,0.0,0.0,0.017000000000005677,0.0,0.0
ARG 395,R ARG 395,0.0,0.0,0.0,-0.0019999999999997797,0.0,0.0,0.016999999999995907,0.0,0.0,0.04999999999999716,0.0,0.0,0.0,0.0,0.0,0.06499999999999773,0.0,0.0
LEU 396,R LEU 396,0.0,0.0,0.0,-0.001000000000000334,0.0,0.0,0.01099999999999568,0.0,0.0,0.006000000000000227,0.0,0.0,0.0,0.0,0.0,0.016000000000005343,0.0,0.0
MET 397,R MET 397,0.0,0.0,0.0,0.0,0.0,0.0,0.01099999999999568,0.0,0.0,-0.0039999999999995595,0.0,0.0,0.0,0.0,0.0,0.0069999999999961204,0.0,0.0
ASP 398,R ASP 398,0.0,0.0,0.0,0.0,0.0,0.0,0.010000000000005116,0.0,0.0,-0.01099999999999568,0.0,0.0,0.0,0.0,0.0,-0.000999999999990564,0.0,0.0
VAL 399,R VAL 399,0.0,0.0,0.0,-0.001000000000000334,0.0,0.0,0.0030000000000001137,0.0,0.0,0.004999999999999893,0.0,0.0,0.0,0.0,0.0,0.006999999999995232,0.0,0.0
PHE 400,R PHE 400,0.0,0.0,0.0,0.0,0.0,0.0,0.0040000000000048885,0.0,0.0,-0.0039999999999995595,0.0,0.0,0.0,0.0,0.0,5.329070518200751e-15,0.0,0.0
ASP 401,R ASP 401,0.0,0.0,0.0,0.0,0.0,0.0,0.009999999999990905,0.0,0.0,-0.012000000000000455,0.0,0.0,0.0,0.0,0.0,-0.0020000000000095497,0.0,0.0
LYS 402,R LYS 402,0.0,0.0,0.0,0.0,0.0,0.0,-0.015000000000000568,0.0,0.0,0.015000000000000568,0.0,0.0,0.0,0.0,0.0,0.0,0.0,0.0
ASP 403,R ASP 403,0.0,0.0,0.0,0.0,0.0,0.0,0.006000000000000227,0.0,0.0,-0.006999999999997897,0.0,0.0,0.0,0.0,0.0,-0.0009999999999976694,0.0,0.0
GLY 404,R GLY 404,0.0,0.0,0.0,-0.0009999999999998899,0.0,0.0,-0.0049999999999954525,0.0,0.0,0.004999999999999005,0.0,0.0,0.0,0.0,0.0,-0.0010000000000012221,0.0,0.0
ASP 405,R ASP 405,0.0,0.0,0.0,0.0,0.0,0.0,-0.0009999999999976694,0.0,0.0,0.0010000000000012221,0.0,0.0,0.0,0.0,0.0,3.552713678800501e-15,0.0,0.0
GLY 406,R GLY 406,0.0,0.0,0.0,0.0,0.0,0.0,-0.0020000000000095497,0.0,0.0,0.0039999999999995595,0.0,0.0,0.0,0.0,0.0,0.0019999999999900098,0.0,0.0
SER 407,R SER 407,0.0,0.0,0.0,-0.001000000000000334,0.0,0.0,0.0010000000000047748,0.0,0.0,0.0009999999999994458,0.0,0.0,0.0,0.0,0.0,0.0009999999999994458,0.0,0.0
ILE 408,R ILE 408,0.0,0.0,0.0,0.0,0.0,0.0,-0.0010000000000047748,0.0,0.0,0.0010000000000000009,0.0,0.0,0.0,0.0,0.0,-5.329070518200751e-15,0.0,0.0
ASP 409,R ASP 409,0.0,0.0,0.0,0.0,0.0,0.0,0.015000000000000568,0.0,0.0,-0.01699999999999946,0.0,0.0,0.0,0.0,0.0,-0.0019999999999988916,0.0,0.0
PHE 410,R PHE 410,0.0,0.0,0.0,0.0,0.0,0.0,0.006000000000000227,0.0,0.0,-0.006000000000000227,0.0,0.0,0.0,0.0,0.0,0.0,0.0,0.0
GLU 411,R GLU 411,0.0,0.0,0.0,0.0,0.0,0.0,0.02200000000000557,0.0,0.0,-0.021000000000000796,0.0,0.0,0.0,0.0,0.0,0.0010000000000047748,0.0,0.0
GLU 412,R GLU 412,0.0,0.0,0.0,0.0,0.0,0.0,0.021999999999998465,0.0,0.0,-0.021000000000000796,0.0,0.0,0.0,0.0,0.0,0.0009999999999976694,0.0,0.0
PHE 413,R PHE 413,0.0,0.0,0.0,-0.001000000000000334,0.0,0.0,0.010000000000005116,0.0,0.0,-0.008999999999999897,0.0,0.0,0.0,0.0,0.0,8.881784197001252e-16,0.0,0.0
ILE 414,R ILE 414,0.0,0.0,0.0,-0.001000000000000334,0.0,0.0,0.01300000000000523,0.0,0.0,-0.009999999999999787,0.0,0.0,0.0,0.0,0.0,0.002000000000000668,0.0,0.0
THR 415,R THR 415,0.0,0.0,0.0,0.0,0.0,0.0,0.011000000000002785,0.0,0.0,-0.008000000000000007,0.0,0.0,0.0,0.0,0.0,0.0030000000000036664,0.0,0.0
GLY 416,R GLY 416,0.0,0.0,0.0,-0.001000000000000334,0.0,0.0,0.010000000000005116,0.0,0.0,-0.0019999999999997797,0.0,0.0,0.0,0.0,0.0,0.007000000000007667,0.0,0.0
LEU 417,R LEU 417,0.0,0.0,0.0,0.0,0.0,0.0,0.018000000000000682,0.0,0.0,-0.016000000000000014,0.0,0.0,0.0,0.0,0.0,0.002000000000000668,0.0,0.0
SER 418,R SER 418,0.0,0.0,0.0,0.0,0.0,0.0,0.014000000000002899,0.0,0.0,-0.0129999999999999,0.0,0.0,0.0,0.0,0.0,0.0010000000000029985,0.0,0.0
ALA 419,R ALA 419,0.0,0.0,0.0,0.0,0.0,0.0,0.02200000000000557,0.0,0.0,-0.01399999999999979,0.0,0.0,0.0,0.0,0.0,0.00800000000000578,0.0,0.0
PHE 420,R PHE 420,0.0,0.0,0.0,0.0,0.0,0.0,0.2970000000000006,0.0,0.0,-0.2909999999999968,0.0,0.0,0.0,0.0,0.0,0.006000000000000227,0.0,0.0
SER 421,R SER 421,0.0,0.0,0.0,0.0,0.0,0.0,-0.23500000000001364,0.0,0.0,0.2430000000000021,0.0,0.0,0.0,0.0,0.0,0.007999999999995566,0.0,0.0
ASP 422,R ASP 422,0.0,0.0,0.0,-0.001000000000000334,0.0,0.0,0.060000000000002274,0.0,0.0,-0.05799999999999983,0.0,0.0,0.0,0.0,0.0,0.0009999999999976694,0.0,0.0
ASN 423,R ASN 423,0.0,0.0,0.0,0.0,0.0,0.0,0.011999999999986244,0.0,0.0,-0.008999999999999897,0.0,0.0,0.0,0.0,0.0,0.002999999999986791,0.0,0.0
LEU 424,R LEU 424,0.0,0.0,0.0,0.0,0.0,0.0,0.007000000000005002,0.0,0.0,-0.004999999999999893,0.0,0.0,0.0,0.0,0.0,0.002000000000005109,0.0,0.0
ASN 425,R ASN 425,0.0,0.0,0.0,0.0,0.0,0.0,-0.0040000000000048885,0.0,0.0,0.016999999999999904,0.0,0.0,0.0,0.0,0.0,0.012999999999995016,0.0,0.0
LYS 426,R LYS 426,0.0,0.0,0.0,-0.0009999999999994458,0.0,0.0,-0.0799999999999983,0.0,0.0,0.125,0.0,0.0,0.0,0.0,0.0,0.04399999999999693,0.0,0.0
LEU 427,R LEU 427,0.0,0.0,0.0,-0.001000000000000334,0.0,0.0,0.006999999999990791,0.0,0.0,0.001000000000000334,0.0,0.0,0.0,0.0,0.0,0.007000000000000561,0.0,0.0
ARG 428,R ARG 428,0.0,0.0,0.0,0.0,0.0,0.0,-0.06799999999999784,0.0,0.0,0.09600000000000009,0.0,0.0,0.0,0.0,0.0,0.028000000000002245,0.0,0.0
PHE 429,R PHE 429,0.0,0.0,0.0,-0.0009999999999994458,0.0,0.0,-0.017000000000010118,0.0,0.0,0.041999999999999815,0.0,0.0,0.0,0.0,0.0,0.023999999999992028,0.0,0.0
ALA 430,R ALA 430,0.0,0.0,0.0,-0.0019999999999997797,0.0,0.0,-0.01100000000000989,0.0,0.0,0.0259999999999998,0.0,0.0,0.0,0.0,0.0,0.012999999999994571,0.0,0.0
PHE 431,R PHE 431,0.0,0.0,0.0,-0.0009999999999994458,0.0,0.0,-0.009999999999990905,0.0,0.0,0.0129999999999999,0.0,0.0,0.0,0.0,0.0,0.0020000000000042206,0.0,0.0
ASN 432,R ASN 432,0.0,0.0,0.0,-0.001000000000000334,0.0,0.0,-0.013999999999995794,0.0,0.0,0.029999999999999805,0.0,0.0,0.0,0.0,0.0,0.014999999999999236,0.0,0.0
ILE 433,R ILE 433,0.0,0.0,0.0,-0.002000000000000668,0.0,0.0,-0.027999999999991587,0.0,0.0,0.016000000000000014,0.0,0.0,0.0,0.0,0.0,-0.014000000000001123,0.0,0.0
TYR 434,R TYR 434,0.0,0.0,0.0,-0.0019999999999997797,0.0,0.0,-0.018999999999991246,0.0,0.0,0.027000000000000135,0.0,0.0,0.0,0.0,0.0,0.00600000000001355,0.0,0.0
ASP 435,R ASP 435,0.0,0.0,0.0,-0.0009999999999994458,0.0,0.0,0.010000000000005116,0.0,0.0,-0.009000000000000341,0.0,0.0,0.0,0.0,0.0,1.4210854715202004e-14,0.0,0.0
ILE 436,R ILE 436,0.0,0.0,0.0,0.0,0.0,0.0,0.006000000000000227,0.0,0.0,0.004999999999999893,0.0,0.0,0.0,0.0,0.0,0.01100000000000012,0.0,0.0
ASP 437,R ASP 437,0.0,0.0,0.0,0.0,0.0,0.0,0.0030000000000001137,0.0,0.0,-0.006000000000000227,0.0,0.0,0.0,0.0,0.0,-0.0030000000000001137,0.0,0.0
ARG 438,R ARG 438,0.0,0.0,0.0,0.0,0.0,0.0,-0.009000000000014552,0.0,0.0,0.015999999999998238,0.0,0.0,0.0,0.0,0.0,0.006999999999983686,0.0,0.0
ASP 439,R ASP 439,0.0,0.0,0.0,0.0,0.0,0.0,0.011000000000002785,0.0,0.0,-0.013000000000001677,0.0,0.0,0.0,0.0,0.0,-0.0019999999999988916,0.0,0.0
GLY 440,R GLY 440,0.0,0.0,0.0,0.0,0.0,0.0,0.0010000000000047748,0.0,0.0,0.0029999999999992255,0.0,0.0,0.0,0.0,0.0,0.0040000000000048885,0.0,0.0
TYR 441,R TYR 441,0.0,0.0,0.0,0.0,0.0,0.0,-0.0030000000000001137,0.0,0.0,0.013999999999999346,0.0,0.0,0.0,0.0,0.0,0.010999999999999233,0.0,0.0
ILE 442,R ILE 442,0.0,0.0,0.0,0.0,0.0,0.0,0.0049999999999954525,0.0,0.0,-0.0009999999999994458,0.0,0.0,0.0,0.0,0.0,0.003999999999996007,0.0,0.0
GLY 443,R GLY 443,0.0,0.0,0.0,-0.0009999999999994458,0.0,0.0,0.0040000000000048885,0.0,0.0,-0.007000000000000117,0.0,0.0,0.0,0.0,0.0,-0.004000000000001336,0.0,0.0
ASN 444,R ASN 444,0.0,0.0,0.0,-0.0009999999999994458,0.0,0.0,-0.007999999999995566,0.0,0.0,-0.0040000000000000036,0.0,0.0,0.0,0.0,0.0,-0.012999999999986578,0.0,0.0
GLY 445,R GLY 445,0.0,0.0,0.0,-0.001000000000000334,0.0,0.0,-0.012000000000000455,0.0,0.0,0.006999999999999673,0.0,0.0,0.0,0.0,0.0,-0.006000000000007333,0.0,0.0
GLU 446,R GLU 446,0.0,0.0,0.0,-0.002000000000000668,0.0,0.0,-0.031999999999996476,0.0,0.0,-0.00999999999999801,0.0,0.0,0.0,0.0,0.0,-0.043999999999989825,0.0,0.0
LEU 447,R LEU 447,0.0,0.0,0.0,-0.005999999999999339,0.0,0.0,-0.02599999999999625,0.0,0.0,-0.018000000000000016,0.0,0.0,0.0,0.0,0.0,-0.04999999999999627,0.0,0.0
PHE 448,R PHE 448,0.0,0.0,0.0,-0.005999999999999339,0.0,0.0,-0.03499999999999659,0.0,0.0,0.016999999999999987,0.0,0.0,0.0,0.0,0.0,-0.023999999999997357,0.0,0.0
ILE 449,R ILE 449,0.0,0.0,0.0,-0.005999999999999339,0.0,0.0,-0.03699999999999193,0.0,0.0,0.016,0.0,0.0,0.0,0.0,0.0,-0.02699999999999214,0.0,0.0
VAL 450,R VAL 450,0.0,0.0,0.0,-0.0259999999999998,0.0,0.0,-0.0519999999999925,0.0,0.0,-0.01200000000000001,0.0,0.0,0.0,0.0,0.0,-0.08999999999998831,0.0,0.0
MET 451,R MET 451,0.0,0.0,0.0,-0.1479999999999997,0.0,0.0,-0.06800000000001205,0.0,0.0,-0.015000000000000013,0.0,0.0,0.0,0.0,0.0,-0.2310000000000083,0.0,0.0
LYS 452,R LYS 452,0.0,0.0,0.0,-0.03600000000000003,0.0,0.0,0.06900000000000261,0.0,0.0,-0.02400000000000091,0.0,0.0,0.0,0.0,0.0,0.009000000000014552,0.0,0.0
MET 453,R MET 453,0.0,0.0,0.0,-0.04499999999999993,0.0,0.0,-0.03900000000000148,0.0,0.0,0.08599999999999985,0.0,0.0,0.0,0.0,0.0,0.001999999999996227,0.0,0.0
MET 454,R MET 454,0.0,0.0,0.0,-0.665,0.0,0.0,-0.4579999999999984,0.0,0.0,1.2880000000000003,0.0,0.0,-0.085068,0.0,0.0,0.07993199999999545,0.0,0.0
VAL 455,R VAL 455,0.0,0.0,0.0,-0.5829999999999997,0.0,0.0,-0.28300000000000125,0.0,0.0,0.183,0.0,0.0,-0.045871199999999994,0.0,0.0,-0.7288712000000004,0.0,0.0
GLY 456,R GLY 456,0.0,0.0,0.0,-0.08800000000000008,0.0,0.0,0.018999999999991246,0.0,0.0,0.1549999999999998,0.0,0.0,0.0,0.0,0.0,0.08599999999999719,0.0,0.0
LYS 457,R LYS 457,0.0,0.0,0.0,-0.040999999999999925,0.0,0.0,0.269999999999996,0.0,0.0,-0.12400000000000233,0.0,0.0,0.0,0.0,0.0,0.10499999999999687,0.0,0.0
ASN 458,R ASN 458,0.0,0.0,0.0,-0.19199999999999973,0.0,0.0,-0.02599999999999625,0.0,0.0,0.22799999999999998,0.0,0.0,0.0,0.0,0.0,0.009999999999996234,0.0,0.0
LEU 459,R LEU 459,0.0,0.0,0.0,-0.05400000000000027,0.0,0.0,-0.049000000000006594,0.0,0.0,0.05800000000000005,0.0,0.0,0.0,0.0,0.0,-0.04500000000000792,0.0,0.0
LYS 460,R LYS 460,0.0,0.0,0.0,-0.009999999999999787,0.0,0.0,0.13100000000000023,0.0,0.0,-0.06800000000000139,0.0,0.0,0.0,0.0,0.0,0.05299999999999372,0.0,0.0
ASP 461,R ASP 461,0.0,0.0,0.0,-0.0030000000000001137,0.0,0.0,-0.07000000000000028,0.0,0.0,0.04099999999999682,0.0,0.0,0.0,0.0,0.0,-0.03200000000000358,0.0,0.0
GLU 462,R GLU 462,0.0,0.0,0.0,-0.0019999999999997797,0.0,0.0,-0.03800000000000381,0.0,0.0,0.015000000000000568,0.0,0.0,0.0,0.0,0.0,-0.02499999999999858,0.0,0.0
GLU 463,R GLU 463,0.0,0.0,0.0,-0.006999999999999673,0.0,0.0,-0.03200000000000358,0.0,0.0,-0.030000000000001137,0.0,0.0,0.0,0.0,0.0,-0.06900000000000972,0.0,0.0
LEU 464,R LEU 464,0.0,0.0,0.0,-0.008000000000000007,0.0,0.0,0.022999999999996135,0.0,0.0,-0.06599999999999984,0.0,0.0,0.0,0.0,0.0,-0.05100000000001348,0.0,0.0
GLN 465,R GLN 465,0.0,0.0,0.0,-0.0030000000000001137,0.0,0.0,0.015000000000000568,0.0,0.0,-0.024999999999999467,0.0,0.0,0.0,0.0,0.0,-0.012999999999999012,0.0,0.0
GLN 466,R GLN 466,0.0,0.0,0.0,-0.0030000000000001137,0.0,0.0,0.01999999999999602,0.0,0.0,-0.08499999999999996,0.0,0.0,0.0,0.0,0.0,-0.06800000000000406,0.0,0.0
ILE 467,R ILE 467,0.0,0.0,0.0,-0.004999999999999893,0.0,0.0,0.0309999999999917,0.0,0.0,-0.14000000000000057,0.0,0.0,0.0,0.0,0.0,-0.11400000000001853,0.0,0.0
VAL 468,R VAL 468,0.0,0.0,0.0,-0.0039999999999995595,0.0,0.0,0.02400000000000091,0.0,0.0,-0.024999999999999467,0.0,0.0,0.0,0.0,0.0,-0.0049999999999954525,0.0,0.0
ASP 469,R ASP 469,0.0,0.0,0.0,-0.001000000000000334,0.0,0.0,0.007999999999995566,0.0,0.0,0.013999999999999346,0.0,0.0,0.0,0.0,0.0,0.020999999999990138,0.0,0.0
LYS 470,R LYS 470,0.0,0.0,0.0,-0.0009999999999994458,0.0,0.0,0.010000000000005116,0.0,0.0,-0.017000000000003013,0.0,0.0,0.0,0.0,0.0,-0.008000000000002672,0.0,0.0
THR 471,R THR 471,0.0,0.0,0.0,-0.0019999999999997797,0.0,0.0,0.015000000000000568,0.0,0.0,-0.02400000000000002,0.0,0.0,0.0,0.0,0.0,-0.010999999999993904,0.0,0.0
LEU 472,R LEU 472,0.0,0.0,0.0,-0.0009999999999998899,0.0,0.0,0.016000000000005343,0.0,0.0,0.005000000000000782,0.0,0.0,0.0,0.0,0.0,0.02000000000001556,0.0,0.0
MET 473,R MET 473,0.0,0.0,0.0,0.0,0.0,0.0,0.006000000000000227,0.0,0.0,0.011999999999998678,0.0,0.0,0.0,0.0,0.0,0.017999999999998906,0.0,0.0
GLU 474,R GLU 474,0.0,0.0,0.0,-0.0009999999999998899,0.0,0.0,0.022999999999996135,0.0,0.0,-0.01300000000000523,0.0,0.0,0.0,0.0,0.0,0.00899999999998613,0.0,0.0
ALA 475,R ALA 475,0.0,0.0,0.0,0.0,0.0,0.0,0.01100000000000989,0.0,0.0,-0.0010000000000012221,0.0,0.0,0.0,0.0,0.0,0.010000000000008669,0.0,0.0
ASP 476,R ASP 476,0.0,0.0,0.0,0.0,0.0,0.0,0.01899999999999835,0.0,0.0,-0.018000000000000682,0.0,0.0,0.0,0.0,0.0,0.0009999999999976694,0.0,0.0
LEU 477,R LEU 477,0.0,0.0,0.0,0.0,0.0,0.0,-0.000999999999990564,0.0,0.0,0.0,0.0,0.0,0.0,0.0,0.0,-0.000999999999990564,0.0,0.0
ASP 478,R ASP 478,0.0,0.0,0.0,0.0,0.0,0.0,0.009000000000000341,0.0,0.0,-0.00999999999999801,0.0,0.0,0.0,0.0,0.0,-0.0009999999999976694,0.0,0.0
GLY 479,R GLY 479,0.0,0.0,0.0,0.0,0.0,0.0,-0.006999999999990791,0.0,0.0,0.007999999999999119,0.0,0.0,0.0,0.0,0.0,0.0010000000000083276,0.0,0.0
ASP 480,R ASP 480,0.0,0.0,0.0,0.0,0.0,0.0,0.0010000000000047748,0.0,0.0,0.0,0.0,0.0,0.0,0.0,0.0,0.0010000000000047748,0.0,0.0
GLY 481,R GLY 481,0.0,0.0,0.0,0.0,0.0,0.0,-0.007000000000005002,0.0,0.0,0.010999999999999233,0.0,0.0,0.0,0.0,0.0,0.00399999999999423,0.0,0.0
LYS 482,R LYS 482,0.0,0.0,0.0,-0.0009999999999998899,0.0,0.0,-0.012000000000000455,0.0,0.0,0.03300000000000125,0.0,0.0,0.0,0.0,0.0,0.01999999999999602,0.0,0.0
LEU 483,R LEU 483,0.0,0.0,0.0,0.0,0.0,0.0,0.0,0.0,0.0,0.0029999999999996696,0.0,0.0,0.0,0.0,0.0,0.0030000000000001137,0.0,0.0
ASN 484,R ASN 484,0.0,0.0,0.0,0.0,0.0,0.0,0.010000000000005116,0.0,0.0,-0.009000000000000341,0.0,0.0,0.0,0.0,0.0,0.0010000000000047748,0.0,0.0
PHE 485,R PHE 485,0.0,0.0,0.0,0.0,0.0,0.0,0.015999999999991132,0.0,0.0,-0.014000000000000234,0.0,0.0,0.0,0.0,0.0,0.001999999999990898,0.0,0.0
GLU 486,R GLU 486,0.0,0.0,0.0,0.0,0.0,0.0,0.04200000000000159,0.0,0.0,-0.04299999999999926,0.0,0.0,0.0,0.0,0.0,-0.0009999999999976694,0.0,0.0
GLU 487,R GLU 487,0.0,0.0,0.0,0.0,0.0,0.0,0.04299999999999926,0.0,0.0,-0.04100000000000037,0.0,0.0,0.0,0.0,0.0,0.0019999999999988916,0.0,0.0
PHE 488,R PHE 488,0.0,0.0,0.0,-0.001000000000000334,0.0,0.0,0.02400000000000091,0.0,0.0,-0.020000000000000462,0.0,0.0,0.0,0.0,0.0,0.002999999999995673,0.0,0.0
LYS 489,R LYS 489,0.0,0.0,0.0,-0.0009999999999994458,0.0,0.0,-0.04799999999998761,0.0,0.0,0.07699999999999818,0.0,0.0,0.0,0.0,0.0,0.028000000000005798,0.0,0.0
ASN 490,R ASN 490,0.0,0.0,0.0,-0.0009999999999998899,0.0,0.0,0.016000000000005343,0.0,0.0,-0.006000000000000227,0.0,0.0,0.0,0.0,0.0,0.009000000000014552,0.0,0.0
ALA 491,R ALA 491,0.0,0.0,0.0,-0.0009999999999998899,0.0,0.0,0.025000000000005684,0.0,0.0,-0.0039999999999995595,0.0,0.0,0.0,0.0,0.0,0.02000000000001556,0.0,0.0
VAL 492,R VAL 492,0.0,0.0,0.0,-0.0019999999999997797,0.0,0.0,-0.027999999999998693,0.0,0.0,0.07900000000000063,0.0,0.0,0.0,0.0,0.0,0.049000000000006594,0.0,0.0
ASN 493,R ASN 493,0.0,0.0,0.0,-0.0030000000000001137,0.0,0.0,0.04099999999999682,0.0,0.0,-0.02400000000000002,0.0,0.0,0.0,0.0,0.0,0.013999999999996682,0.0,0.0
THR 494,R THR 494,0.0,0.0,0.0,-0.0009999999999998899,0.0,0.0,0.02200000000000557,0.0,0.0,-0.017000000000000015,0.0,0.0,0.0,0.0,0.0,0.0039999999999995595,0.0,0.0
ASP 495,R ASP 495,0.0,0.0,0.0,-0.0009999999999998899,0.0,0.0,0.13000000000000256,0.0,0.0,-0.13200000000000145,0.0,0.0,0.0,0.0,0.0,-0.0030000000000036664,0.0,0.0
THR 496,R THR 496,0.0,0.0,0.0,-0.0050000000000003375,0.0,0.0,0.07399999999999807,0.0,0.0,-0.040999999999999995,0.0,0.0,0.0,0.0,0.0,0.028000000000003133,0.0,0.0
ILE 497,R ILE 497,0.0,0.0,0.0,-0.0039999999999995595,0.0,0.0,0.054999999999999716,0.0,0.0,-0.051000000000000156,0.0,0.0,0.0,0.0,0.0,1.7763568394002505e-15,0.0,0.0
ALA 498,R ALA 498,0.0,0.0,0.0,-0.0019999999999997797,0.0,0.0,0.01099999999999568,0.0,0.0,0.004000000000000448,0.0,0.0,0.0,0.0,0.0,0.013000000000000789,0.0,0.0
ASN 499,R ASN 499,0.0,0.0,0.0,-0.0040000000000000036,0.0,0.0,-0.021000000000000796,0.0,0.0,0.0649999999999995,0.0,0.0,0.0,0.0,0.0,0.03999999999999382,0.0,0.0
THR 500,R THR 500,0.0,0.0,0.0,-0.008999999999999897,0.0,0.0,-0.02400000000000091,0.0,0.0,0.07699999999999996,0.0,0.0,0.0,0.0,0.0,0.04399999999999871,0.0,0.0
LEU 501,R LEU 501,0.0,0.0,0.0,-0.0030000000000001137,0.0,0.0,0.012999999999991019,0.0,0.0,0.014999999999999902,0.0,0.0,0.0,0.0,0.0,0.024999999999990807,0.0,0.0
THR 502,R THR 502,0.0,0.0,0.0,-0.002000000000000224,0.0,0.0,0.33899999999999864,0.0,0.0,-0.32800000000000296,0.0,0.0,0.0,0.0,0.0,0.00899999999998613,0.0,0.0
GLU 503,R GLU 503,0.0,0.0,0.0,-0.001000000000000112,0.0,0.0,-0.353999999999985,0.0,0.0,0.42299999999999827,0.0,0.0,0.0,0.0,0.0,0.06800000000000495,0.0,0.0
LEU 504,R LEU 504,0.0,0.0,0.0,-0.0009999999999998899,0.0,0.0,0.019000000000005457,0.0,0.0,0.01399999999999979,0.0,0.0,0.0,0.0,0.0,0.03200000000000003,0.0,0.0
PRO 505,R PRO 505,0.0,0.0,0.0,-0.002000000000000224,0.0,0.0,0.04899999999999949,0.0,0.0,-0.04300000000000104,0.0,0.0,0.0,0.0,0.0,0.003999999999996007,0.0,0.0
GLN 506,R GLN 506,0.0,0.0,0.0,-0.0009999999999998899,0.0,0.0,0.0,0.0,0.0,0.005000000000000782,0.0,0.0,0.0,0.0,0.0,0.003999999999996007,0.0,0.0
ILE 507,R ILE 507,0.0,0.0,0.0,-0.0009999999999998899,0.0,0.0,0.015000000000000568,0.0,0.0,-0.006999999999999895,0.0,0.0,0.0,0.0,0.0,0.0069999999999961204,0.0,0.0
GLU 508,R GLU 508,0.0,0.0,0.0,-0.001000000000000334,0.0,0.0,-0.0379999999999967,0.0,0.0,0.028000000000002245,0.0,0.0,0.0,0.0,0.0,-0.010999999999985022,0.0,0.0
ILE 509,R ILE 509,0.0,0.0,0.0,0.0,0.0,0.0,0.014000000000010004,0.0,0.0,-0.005999999999999339,0.0,0.0,0.0,0.0,0.0,0.008000000000010665,0.0,0.0
VAL 510,R VAL 510,0.0,0.0,0.0,0.0,0.0,0.0,0.015000000000000568,0.0,0.0,-0.006000000000000227,0.0,0.0,0.0,0.0,0.0,0.009000000000000341,0.0,0.0
GLN 511,R GLN 511,0.0,0.0,0.0,0.0,0.0,0.0,-0.02599999999999625,0.0,0.0,0.02400000000000002,0.0,0.0,0.0,0.0,0.0,-0.001999999999996227,0.0,0.0
GLU 512,R GLU 512,0.0,0.0,0.0,0.0,0.0,0.0,-0.045999999999999375,0.0,0.0,0.04800000000000182,0.0,0.0,0.0,0.0,0.0,0.0020000000000024443,0.0,0.0
GLY 513,R GLY 513,0.0,0.0,0.0,0.0,0.0,0.0,0.025000000000005684,0.0,0.0,-0.020999999999999908,0.0,0.0,0.0,0.0,0.0,0.0040000000000048885,0.0,0.0
ASP 514,R ASP 514,0.0,0.0,0.0,0.0,0.0,0.0,-0.027999999999998693,0.0,0.0,0.027999999999998693,0.0,0.0,0.0,0.0,0.0,0.0,0.0,0.0
ASN 515,R ASN 515,0.0,0.0,0.0,0.0,0.0,0.0,0.015000000000000568,0.0,0.0,-0.009000000000000341,0.0,0.0,0.0,0.0,0.0,0.006000000000000227,0.0,0.0
THR 516,R THR 516,0.0,0.0,0.0,0.0,0.0,0.0,0.007999999999995566,0.0,0.0,-0.0040000000000000036,0.0,0.0,0.0,0.0,0.0,0.003999999999996007,0.0,0.0
THR 517,R THR 517,0.0,0.0,0.0,0.0,0.0,0.0,-0.02300000000000324,0.0,0.0,0.02200000000000002,0.0,0.0,0.0,0.0,0.0,-0.0010000000000029985,0.0,0.0
PHE 518,R PHE 518,0.0,0.0,0.0,-0.0009999999999998899,0.0,0.0,0.003999999999997783,0.0,0.0,0.0129999999999999,0.0,0.0,0.0,0.0,0.0,0.016000000000000014,0.0,0.0
ALA 519,R ALA 519,0.0,0.0,0.0,-0.001000000000000334,0.0,0.0,0.013999999999995794,0.0,0.0,-0.006000000000000005,0.0,0.0,0.0,0.0,0.0,0.006999999999990791,0.0,0.0
LYS 520,R LYS 520,0.0,0.0,0.0,-0.0009999999999998899,0.0,0.0,0.0049999999999954525,0.0,0.0,0.022999999999999687,0.0,0.0,0.0,0.0,0.0,0.026999999999990365,0.0,0.0
PRO 521,R PRO 521,0.0,0.0,0.0,-0.0009999999999998899,0.0,0.0,-0.014000000000002899,0.0,0.0,0.03500000000000014,0.0,0.0,0.0,0.0,0.0,0.019999999999999574,0.0,0.0
GLY 522,R GLY 522,0.0,0.0,0.0,-0.002000000000000224,0.0,0.0,0.001999999999995339,0.0,0.0,0.024,0.0,0.0,0.0,0.0,0.0,0.023999999999993804,0.0,0.0
ASP 523,R ASP 523,0.0,0.0,0.0,-0.0030000000000001137,0.0,0.0,-0.06900000000000261,0.0,0.0,0.03300000000000125,0.0,0.0,0.0,0.0,0.0,-0.03900000000000148,0.0,0.0
THR 524,R THR 524,0.0,0.0,0.0,-0.0030000000000001137,0.0,0.0,0.04400000000001114,0.0,0.0,-0.08199999999999985,0.0,0.0,0.0,0.0,0.0,-0.040999999999987935,0.0,0.0
VAL 525,R VAL 525,0.0,0.0,0.0,-0.009999999999999787,0.0,0.0,-0.054000000000002046,0.0,0.0,0.03600000000000003,0.0,0.0,0.0,0.0,0.0,-0.027999999999993364,0.0,0.0
THR 526,R THR 526,0.0,0.0,0.0,-0.008000000000000007,0.0,0.0,0.08200000000000074,0.0,0.0,-0.18500000000000005,0.0,0.0,0.0,0.0,0.0,-0.11100000000000243,0.0,0.0
ILE 527,R ILE 527,0.0,0.0,0.0,-0.02400000000000002,0.0,0.0,-0.18500000000000227,0.0,0.0,0.17699999999999994,0.0,0.0,0.0,0.0,0.0,-0.03200000000000314,0.0,0.0
HIE 528,R HIE 528,0.0,0.0,0.0,-0.016000000000000014,0.0,0.0,0.1460000000000008,0.0,0.0,-0.21599999999999997,0.0,0.0,0.0,0.0,0.0,-0.08600000000000474,0.0,0.0
TYR 529,R TYR 529,0.0,0.0,0.0,-0.03200000000000003,0.0,0.0,-0.08100000000000307,0.0,0.0,0.01200000000000001,0.0,0.0,0.0,0.0,0.0,-0.10099999999999998,0.0,0.0
ASP 530,R ASP 530,0.0,0.0,0.0,-0.028999999999999915,0.0,0.0,-0.13599999999999568,0.0,0.0,0.07699999999999818,0.0,0.0,0.0,0.0,0.0,-0.08799999999999386,0.0,0.0
GLY 531,R GLY 531,0.0,0.0,0.0,-0.0779999999999994,0.0,0.0,0.06499999999999773,0.0,0.0,-0.08700000000000008,0.0,0.0,0.0,0.0,0.0,-0.10000000000000542,0.0,0.0
LYS 532,R LYS 532,0.0,0.0,0.0,-0.024999999999999467,0.0,0.0,-0.01300000000000523,0.0,0.0,-0.10300000000000153,0.0,0.0,0.0,0.0,0.0,-0.14099999999999824,0.0,0.0
LEU 533,R LEU 533,0.0,0.0,0.0,-0.007000000000000117,0.0,0.0,-0.08200000000000784,0.0,0.0,0.14700000000000024,0.0,0.0,0.0,0.0,0.0,0.05799999999999983,0.0,0.0
THR 534,R THR 534,0.0,0.0,0.0,-0.0019999999999997797,0.0,0.0,-0.0379999999999967,0.0,0.0,0.07200000000000006,0.0,0.0,0.0,0.0,0.0,0.032000000000007134,0.0,0.0
ASN 535,R ASN 535,0.0,0.0,0.0,-0.0009999999999998899,0.0,0.0,-0.022999999999996135,0.0,0.0,0.040999999999999925,0.0,0.0,0.0,0.0,0.0,0.017000000000013227,0.0,0.0
GLY 536,R GLY 536,0.0,0.0,0.0,-0.002000000000000224,0.0,0.0,-0.04899999999999238,0.0,0.0,0.067,0.0,0.0,0.0,0.0,0.0,0.01600000000001245,0.0,0.0
LYS 537,R LYS 537,0.0,0.0,0.0,-0.005000000000000782,0.0,0.0,0.04099999999999682,0.0,0.0,-0.06700000000000017,0.0,0.0,0.0,0.0,0.0,-0.030999999999998806,0.0,0.0
GLU 538,R GLU 538,0.0,0.0,0.0,-0.014000000000000234,0.0,0.0,0.07799999999999585,0.0,0.0,-0.31200000000000117,0.0,0.0,0.0,0.0,0.0,-0.2480000000000011,0.0,0.0
PHE 539,R PHE 539,0.0,0.0,0.0,-0.12699999999999978,0.0,0.0,0.1529999999999987,0.0,0.0,-0.35599999999999987,0.0,0.0,0.0,0.0,0.0,-0.3299999999999965,0.0,0.0
ASP 540,R ASP 540,0.0,0.0,0.0,-0.15499999999999936,0.0,0.0,-0.14999999999999147,0.0,0.0,0.44599999999999795,0.0,0.0,0.0,0.0,0.0,0.14100000000000534,0.0,0.0
SER 541,R SER 541,0.0,0.0,0.0,-0.08499999999999996,0.0,0.0,0.031999999999996476,0.0,0.0,-0.17100000000000026,0.0,0.0,0.0,0.0,0.0,-0.22399999999999753,0.0,0.0
SER 542,R SER 542,0.0,0.0,0.0,-0.05600000000000005,0.0,0.0,0.054000000000002046,0.0,0.0,-0.129,0.0,0.0,0.0,0.0,0.0,-0.13099999999999534,0.0,0.0
ARG 543,R ARG 543,0.0,0.0,0.0,-0.01100000000000012,0.0,0.0,0.3859999999999957,0.0,0.0,-0.35999999999999943,0.0,0.0,0.0,0.0,0.0,0.015000000000000568,0.0,0.0
LYS 544,R LYS 544,0.0,0.0,0.0,-0.008999999999999897,0.0,0.0,0.3580000000000041,0.0,0.0,-0.3379999999999974,0.0,0.0,0.0,0.0,0.0,0.011000000000006338,0.0,0.0
ARG 545,R ARG 545,0.0,0.0,0.0,-0.01399999999999979,0.0,0.0,0.38400000000000034,0.0,0.0,-0.27699999999999747,0.0,0.0,0.0,0.0,0.0,0.09300000000000708,0.0,0.0
GLY 546,R GLY 546,0.0,0.0,0.0,-0.007000000000000117,0.0,0.0,0.08799999999999386,0.0,0.0,-0.014999999999999902,0.0,0.0,0.0,0.0,0.0,0.06600000000000339,0.0,0.0
LYS 547,R LYS 547,0.0,0.0,0.0,-0.027000000000000135,0.0,0.0,0.16200000000000614,0.0,0.0,-0.1590000000000007,0.0,0.0,0.0,0.0,0.0,-0.02399999999999558,0.0,0.0
PRO 548,R PRO 548,0.0,0.0,0.0,-0.029999999999999805,0.0,0.0,-0.14099999999999824,0.0,0.0,0.031000000000000583,0.0,0.0,0.0,0.0,0.0,-0.1399999999999988,0.0,0.0
PHE 549,R PHE 549,0.0,0.0,0.0,-0.08199999999999985,0.0,0.0,0.1769999999999925,0.0,0.0,-0.3089999999999997,0.0,0.0,-0.0009575999999999999,0.0,0.0,-0.21495760000000086,0.0,0.0
THR 550,R THR 550,0.0,0.0,0.0,-0.121,0.0,0.0,-0.12600000000000477,0.0,0.0,0.32999999999999985,0.0,0.0,0.0,0.0,0.0,0.08299999999999308,0.0,0.0
CYS 551,R CYS 551,0.0,0.0,0.0,-0.040000000000000036,0.0,0.0,-0.0800000000000125,0.0,0.0,0.16100000000000003,0.0,0.0,0.0,0.0,0.0,0.040999999999981274,0.0,0.0
THR 552,R THR 552,0.0,0.0,0.0,-0.02100000000000035,0.0,0.0,0.006000000000000227,0.0,0.0,-0.050999999999999934,0.0,0.0,0.0,0.0,0.0,-0.06600000000000072,0.0,0.0
VAL 553,R VAL 553,0.0,0.0,0.0,-0.008000000000000007,0.0,0.0,-0.026000000000003354,0.0,0.0,0.04299999999999998,0.0,0.0,0.0,0.0,0.0,0.009000000000000341,0.0,0.0
GLY 554,R GLY 554,0.0,0.0,0.0,-0.007000000000000117,0.0,0.0,-0.006999999999990791,0.0,0.0,0.125,0.0,0.0,0.0,0.0,0.0,0.1110000000000042,0.0,0.0
VAL 555,R VAL 555,0.0,0.0,0.0,-0.01100000000000012,0.0,0.0,0.0009999999999976694,0.0,0.0,0.11699999999999999,0.0,0.0,0.0,0.0,0.0,0.10699999999999399,0.0,0.0
GLY 556,R GLY 556,0.0,0.0,0.0,-0.07699999999999996,0.0,0.0,-0.18200000000000216,0.0,0.0,0.4099999999999999,0.0,0.0,0.0,0.0,0.0,0.15099999999999802,0.0,0.0
GLN 557,R GLN 557,0.0,0.0,0.0,-0.4889999999999999,0.0,0.0,-1.2680000000000007,0.0,0.0,2.1400000000000006,0.0,0.0,-0.1198872,0.0,0.0,0.2631127999999956,0.0,0.0
VAL 558,R VAL 558,0.0,0.0,0.0,-0.5739999999999998,0.0,0.0,-1.6380000000000052,0.0,0.0,0.3949999999999996,0.0,0.0,-0.08151840000000002,0.0,0.0,-1.8985184000000035,0.0,0.0
ILE 559,R ILE 559,0.0,0.0,0.0,-0.2889999999999997,0.0,0.0,-2.0130000000000052,0.0,0.0,0.7159999999999993,0.0,0.0,-0.019936800000000005,0.0,0.0,-1.6059368000000074,0.0,0.0
LYS 560,R LYS 560,0.0,0.0,0.0,-0.04300000000000015,0.0,0.0,-0.5390000000000015,0.0,0.0,0.6849999999999987,0.0,0.0,0.0,0.0,0.0,0.10300000000000509,0.0,0.0
GLY 561,R GLY 561,0.0,0.0,0.0,-0.027000000000000135,0.0,0.0,-0.27299999999999613,0.0,0.0,0.33499999999999996,0.0,0.0,0.0,0.0,0.0,0.035000000000003695,0.0,0.0
TRP 562,R TRP 562,0.0,0.0,0.0,-0.04300000000000015,0.0,0.0,-0.17799999999999727,0.0,0.0,0.21199999999999997,0.0,0.0,0.0,0.0,0.0,-0.008999999999987907,0.0,0.0
ASP 563,R ASP 563,0.0,0.0,0.0,-0.017000000000000348,0.0,0.0,-0.0870000000000033,0.0,0.0,0.16600000000000215,0.0,0.0,0.0,0.0,0.0,0.06199999999998873,0.0,0.0
ILE 564,R ILE 564,0.0,0.0,0.0,-0.004999999999999893,0.0,0.0,-0.05499999999999261,0.0,0.0,0.07100000000000001,0.0,0.0,0.0,0.0,0.0,0.011000000000011667,0.0,0.0
SER 565,R SER 565,0.0,0.0,0.0,-0.0040000000000000036,0.0,0.0,-0.01099999999999568,0.0,0.0,-0.0030000000000000027,0.0,0.0,0.0,0.0,0.0,-0.018000000000000682,0.0,0.0
LEU 566,R LEU 566,0.0,0.0,0.0,-0.0030000000000001137,0.0,0.0,-0.016999999999995907,0.0,0.0,0.050999999999999934,0.0,0.0,0.0,0.0,0.0,0.031000000000004135,0.0,0.0
THR 567,R THR 567,0.0,0.0,0.0,-0.001000000000000334,0.0,0.0,-0.009000000000000341,0.0,0.0,0.04200000000000026,0.0,0.0,0.0,0.0,0.0,0.03200000000000358,0.0,0.0
ASN 568,R ASN 568,0.0,0.0,0.0,-0.0009999999999994458,0.0,0.0,-0.0049999999999954525,0.0,0.0,0.030999999999999917,0.0,0.0,0.0,0.0,0.0,0.02499999999999991,0.0,0.0
ASN 569,R ASN 569,0.0,0.0,0.0,-0.0009999999999998899,0.0,0.0,-0.007000000000005002,0.0,0.0,0.038999999999999924,0.0,0.0,0.0,0.0,0.0,0.031000000000004135,0.0,0.0
TYR 570,R TYR 570,0.0,0.0,0.0,0.0,0.0,0.0,0.012999999999991019,0.0,0.0,-0.0039999999999995595,0.0,0.0,0.0,0.0,0.0,0.00899999999999146,0.0,0.0
GLY 571,R GLY 571,0.0,0.0,0.0,-0.0009999999999998899,0.0,0.0,-0.0020000000000095497,0.0,0.0,0.007000000000000117,0.0,0.0,0.0,0.0,0.0,0.0040000000000000036,0.0,0.0
LYS 572,R LYS 572,0.0,0.0,0.0,-0.001000000000000112,0.0,0.0,-0.007999999999995566,0.0,0.0,0.019000000000000128,0.0,0.0,0.0,0.0,0.0,0.009999999999999787,0.0,0.0
GLY 573,R GLY 573,0.0,0.0,0.0,0.0,0.0,0.0,0.0010000000000047748,0.0,0.0,0.0030000000000001137,0.0,0.0,0.0,0.0,0.0,0.0040000000000048885,0.0,0.0
GLY 574,R GLY 574,0.0,0.0,0.0,0.0,0.0,0.0,0.12299999999999756,0.0,0.0,-0.12000000000000455,0.0,0.0,0.0,0.0,0.0,0.002999999999985903,0.0,0.0
PRO 575,R PRO 575,0.0,0.0,0.0,0.0,0.0,0.0,-0.022999999999996135,0.0,0.0,0.06599999999999895,0.0,0.0,0.0,0.0,0.0,0.043000000000002814,0.0,0.0
LYS 576,R LYS 576,0.0,0.0,0.0,0.0,0.0,0.0,0.030000000000001137,0.0,0.0,0.0,0.0,0.0,0.0,0.0,0.0,0.030000000000001137,0.0,0.0
ILE 577,R ILE 577,0.0,0.0,0.0,-0.0009999999999998899,0.0,0.0,-0.003999999999990678,0.0,0.0,0.006999999999999895,0.0,0.0,0.0,0.0,0.0,0.0020000000000042206,0.0,0.0
SER 578,R SER 578,0.0,0.0,0.0,-0.0009999999999998899,0.0,0.0,-0.03499999999999659,0.0,0.0,0.02800000000000047,0.0,0.0,0.0,0.0,0.0,-0.008000000000000895,0.0,0.0
LYS 579,R LYS 579,0.0,0.0,0.0,-0.001000000000000334,0.0,0.0,0.12099999999999511,0.0,0.0,-0.09399999999999764,0.0,0.0,0.0,0.0,0.0,0.025999999999992696,0.0,0.0
GLY 580,R GLY 580,0.0,0.0,0.0,-0.001000000000000334,0.0,0.0,0.03300000000000125,0.0,0.0,-0.02100000000000013,0.0,0.0,0.0,0.0,0.0,0.010999999999997456,0.0,0.0
THR 581,R THR 581,0.0,0.0,0.0,-0.001000000000000334,0.0,0.0,-0.05100000000000193,0.0,0.0,0.03700000000000003,0.0,0.0,0.0,0.0,0.0,-0.015000000000006786,0.0,0.0
LYS 582,R LYS 582,0.0,0.0,0.0,-0.001000000000000334,0.0,0.0,0.14400000000000546,0.0,0.0,-0.1670000000000016,0.0,0.0,0.0,0.0,0.0,-0.023999999999993804,0.0,0.0
ALA 583,R ALA 583,0.0,0.0,0.0,-0.0030000000000001137,0.0,0.0,-0.07500000000000284,0.0,0.0,0.07200000000000006,0.0,0.0,0.0,0.0,0.0,-0.005999999999988681,0.0,0.0
ILE 584,R ILE 584,0.0,0.0,0.0,-0.0019999999999997797,0.0,0.0,0.01999999999999602,0.0,0.0,-0.05999999999999961,0.0,0.0,0.0,0.0,0.0,-0.04199999999999893,0.0,0.0
LEU 585,R LEU 585,0.0,0.0,0.0,-0.008000000000000007,0.0,0.0,0.04399999999999693,0.0,0.0,-0.008000000000000007,0.0,0.0,0.0,0.0,0.0,0.028000000000001357,0.0,0.0
THR 586,R THR 586,0.0,0.0,0.0,-0.004999999999999893,0.0,0.0,-0.02200000000000557,0.0,0.0,0.006000000000000005,0.0,0.0,0.0,0.0,0.0,-0.021000000000009678,0.0,0.0
ILE 587,R ILE 587,0.0,0.0,0.0,-0.008999999999999897,0.0,0.0,0.07499999999999574,0.0,0.0,-0.08899999999999997,0.0,0.0,0.0,0.0,0.0,-0.023000000000004128,0.0,0.0
PRO 588,R PRO 588,0.0,0.0,0.0,-0.007000000000000561,0.0,0.0,0.33800000000000097,0.0,0.0,-0.3290000000000006,0.0,0.0,0.0,0.0,0.0,0.0020000000000024443,0.0,0.0
PRO 589,R PRO 589,0.0,0.0,0.0,-0.009999999999999787,0.0,0.0,0.4140000000000015,0.0,0.0,-0.40500000000000114,0.0,0.0,0.0,0.0,0.0,-0.0009999999999976694,0.0,0.0
ASN 590,R ASN 590,0.0,0.0,0.0,-0.010999999999999677,0.0,0.0,0.13000000000000966,0.0,0.0,-0.11699999999999999,0.0,0.0,0.0,0.0,0.0,0.0020000000000139906,0.0,0.0
LEU 591,R LEU 591,0.0,0.0,0.0,-0.030999999999999694,0.0,0.0,0.18900000000000716,0.0,0.0,-0.2520000000000002,0.0,0.0,0.0,0.0,0.0,-0.09399999999999853,0.0,0.0
ALA 592,R ALA 592,0.0,0.0,0.0,-0.12300000000000022,0.0,0.0,0.375,0.0,0.0,-0.2810000000000006,0.0,0.0,-0.010699199999999999,0.0,0.0,-0.03969920000000515,0.0,0.0
TYR 593,R TYR 593,0.0,0.0,0.0,-0.08499999999999996,0.0,0.0,0.09899999999998954,0.0,0.0,0.08999999999999986,0.0,0.0,-0.007646399999999998,0.0,0.0,0.09635359999999604,0.0,0.0
GLY 594,R GLY 594,0.0,0.0,0.0,-0.019000000000000128,0.0,0.0,0.0660000000000025,0.0,0.0,-0.03499999999999992,0.0,0.0,0.0,0.0,0.0,0.011999999999997124,0.0,0.0
PRO 595,R PRO 595,0.0,0.0,0.0,-0.006999999999999673,0.0,0.0,0.20300000000000296,0.0,0.0,-0.16399999999999793,0.0,0.0,0.0,0.0,0.0,0.03200000000000003,0.0,0.0
ARG 596,R ARG 596,0.0,0.0,0.0,-0.018999999999999684,0.0,0.0,-0.5179999999999865,0.0,0.0,0.559000000000001,0.0,0.0,0.0,0.0,0.0,0.022000000000009123,0.0,0.0
GLY 597,R GLY 597,0.0,0.0,0.0,-0.09700000000000042,0.0,0.0,0.15000000000000568,0.0,0.0,-0.04400000000000004,0.0,0.0,0.0,0.0,0.0,0.009000000000011,0.0,0.0
ILE 598,R ILE 598,0.0,0.0,0.0,-0.14900000000000002,0.0,0.0,0.03200000000000358,0.0,0.0,0.06699999999999973,0.0,0.0,0.0,0.0,0.0,-0.049999999999998046,0.0,0.0
PRO 599,R PRO 599,0.0,0.0,0.0,-0.04500000000000037,0.0,0.0,0.3160000000000025,0.0,0.0,-0.2049999999999983,0.0,0.0,0.0,0.0,0.0,0.0660000000000025,0.0,0.0
PRO 600,R PRO 600,0.0,0.0,0.0,-0.026000000000000245,0.0,0.0,0.13899999999999935,0.0,0.0,-0.15899999999999892,0.0,0.0,0.0,0.0,0.0,-0.04599999999999582,0.0,0.0
ILE 601,R ILE 601,0.0,0.0,0.0,-0.1160000000000001,0.0,0.0,-0.020000000000003126,0.0,0.0,-0.19600000000000017,0.0,0.0,0.0,0.0,0.0,-0.33200000000000296,0.0,0.0
ILE 602,R ILE 602,0.0,0.0,0.0,-0.08599999999999985,0.0,0.0,0.05700000000000216,0.0,0.0,0.03699999999999992,0.0,0.0,0.0,0.0,0.0,0.00800000000000356,0.0,0.0
GLY 603,R GLY 603,0.0,0.0,0.0,-0.017999999999999794,0.0,0.0,0.12000000000000455,0.0,0.0,-0.05499999999999994,0.0,0.0,0.0,0.0,0.0,0.04700000000000393,0.0,0.0
PRO 604,R PRO 604,0.0,0.0,0.0,-0.004999999999999893,0.0,0.0,0.12599999999999767,0.0,0.0,-0.10200000000000031,0.0,0.0,0.0,0.0,0.0,0.019000000000001904,0.0,0.0
ASN 605,R ASN 605,0.0,0.0,0.0,-0.0050000000000003375,0.0,0.0,-0.10800000000000409,0.0,0.0,0.14399999999999968,0.0,0.0,0.0,0.0,0.0,0.030999999999999694,0.0,0.0
GLU 606,R GLU 606,0.0,0.0,0.0,-0.009999999999999787,0.0,0.0,0.39799999999999613,0.0,0.0,-0.38599999999999923,0.0,0.0,0.0,0.0,0.0,0.001999999999991786,0.0,0.0
THR 607,R THR 607,0.0,0.0,0.0,-0.008000000000000007,0.0,0.0,-0.05600000000000449,0.0,0.0,-0.016000000000000014,0.0,0.0,0.0,0.0,0.0,-0.08000000000000718,0.0,0.0
LEU 608,R LEU 608,0.0,0.0,0.0,-0.019000000000000128,0.0,0.0,0.028999999999996362,0.0,0.0,-0.04999999999999982,0.0,0.0,0.0,0.0,0.0,-0.04000000000000892,0.0,0.0
VAL 609,R VAL 609,0.0,0.0,0.0,-0.017999999999999794,0.0,0.0,-0.02300000000000324,0.0,0.0,-0.030000000000000027,0.0,0.0,0.0,0.0,0.0,-0.07099999999999618,0.0,0.0
PHE 610,R PHE 610,0.0,0.0,0.0,-0.01899999999999924,0.0,0.0,0.0969999999999942,0.0,0.0,-0.1439999999999999,0.0,0.0,0.0,0.0,0.0,-0.06600000000001138,0.0,0.0
GLU 611,R GLU 611,0.0,0.0,0.0,-0.01100000000000012,0.0,0.0,-0.2050000000000125,0.0,0.0,0.21099999999999852,0.0,0.0,0.0,0.0,0.0,-0.005000000000009663,0.0,0.0
VAL 612,R VAL 612,0.0,0.0,0.0,-0.008000000000000007,0.0,0.0,0.08599999999999852,0.0,0.0,-0.19300000000000006,0.0,0.0,0.0,0.0,0.0,-0.11500000000000465,0.0,0.0
GLU 613,R GLU 613,0.0,0.0,0.0,-0.006000000000000227,0.0,0.0,-0.2149999999999963,0.0,0.0,0.24299999999999855,0.0,0.0,0.0,0.0,0.0,0.022000000000002018,0.0,0.0
LEU 614,R LEU 614,0.0,0.0,0.0,-0.0019999999999997797,0.0,0.0,0.027000000000001023,0.0,0.0,-0.04699999999999993,0.0,0.0,0.0,0.0,0.0,-0.021999999999994246,0.0,0.0
LEU 615,R LEU 615,0.0,0.0,0.0,-0.002000000000000224,0.0,0.0,0.03999999999999204,0.0,0.0,-0.004999999999999893,0.0,0.0,0.0,0.0,0.0,0.0329999999999826,0.0,0.0
GLY 616,R GLY 616,0.0,0.0,0.0,-0.0019999999999997797,0.0,0.0,-0.03300000000000125,0.0,0.0,0.038000000000000034,0.0,0.0,0.0,0.0,0.0,0.00300000000000189,0.0,0.0
VAL 617,R VAL 617,0.0,0.0,0.0,-0.0009999999999998899,0.0,0.0,0.006000000000000227,0.0,0.0,0.004999999999999893,0.0,0.0,0.0,0.0,0.0,0.010000000000009557,0.0,0.0
ASN 618,R ASN 618,0.0,0.0,0.0,-0.0009999999999998899,0.0,0.0,-0.36999999999999744,0.0,0.0,0.39000000000000057,0.0,0.0,0.0,0.0,0.0,0.019000000000005457,0.0,0.0
FK5 619,L FK5   1,0.0,0.0,0.0,0.0,0.0,0.0,0.0,0.0,0.0,0.0,0.0,0.0,0.0,0.0,0.0,0.0,0.0,0.0

