0.000000000000000000e+00,4.494385563791055693e-01,2.529146256997196751e-01,3.668621971380993108e-01,4.142187709987501520e-01,4.621717812914651335e-01,3.462107508181941906e-01,2.976508714391314925e-01,3.074470618542459177e-01,1.950772877362969282e-01,1.475930077818578823e-01,9.663162524635132700e-02,1.888952964038299875e-02,9.456625495973924878e-03,1.699305240088517799e-01,1.985145376109242465e-01,1.777457167613865074e-01,1.566628610233163355e-01,1.016912030753865381e-01,4.707962662691683731e-02,6.538784264431651838e-02,4.475757161881677160e-02,7.530878370598700910e-02,2.206030792699918697e-02,2.629541121065141762e-02,2.862247048396085458e-02,8.397862244586107305e-03,2.648574450142550385e-02,9.973316510010839242e-02,1.425929244905236870e-01,1.766370460389944108e-01,1.767696898402134342e-01,1.474492670705159214e-01,1.376211373895961099e-01,1.592636011219767389e-01,1.282613502447544906e-01,1.227938386485031286e-01,1.121425886574099473e-01,7.262430943970160646e-02,1.193287256221537973e-01,6.064882675290358960e-02,9.911251414749203126e-02,1.494690093144045440e-01,1.924112785742768117e-01,2.265152028928766326e-01,2.125860680945255710e-01,1.344771321304675804e-01,1.403859835256826560e-01,8.129357253742114375e-02,1.062974997204615968e-01,5.152769806549276077e-02,1.281565728134448634e-01,3.996681435698766216e-01,2.428184154832009056e-01,5.462407209406619502e-02,1.170150929119460892e-01,3.347137741243265685e-01,1.585754183239971027e-01,8.473661388981586218e-02,2.408998538877951123e-01,8.747981476094712772e-02,8.139443251523825751e-02,9.569466730690817657e-02,2.731505691862073926e-02,9.886866717918707526e-02,1.709934806745520564e-01,1.427296392670083791e-01,1.766962424327641057e-01,1.922349226603434214e-01,2.016778743604685231e-01,1.412742233436428130e-01,1.584694116680562814e-01,6.774713336781573725e-02,3.997268511665022506e-02,3.030348876936095337e-02,6.860858366860698998e-02,2.530376705104697699e-03,4.652027970073524532e-03,1.775324144788031910e-02,2.068142196399819221e-02,1.013620945572354243e-02,1.189908640625016722e-01,1.838665775454768614e-01,2.178776209737078862e-01,1.744270948060160087e-01,1.247207292577691418e-01,1.810370085583256627e-01,1.873942825224482467e-01,7.833132213937835098e-02,6.391507669676169123e-02,1.186243228873563593e-01,9.191426849508205210e-02,7.020648021497251021e-03,2.803849115993836683e-02,6.270389000728167350e-02,9.232058167434273321e-02,3.328914515203459934e-02,5.888328671368359135e-02,9.394707883662961612e-02,1.595662042945472092e-01,1.318799654865733806e-01,7.318409558798230630e-02,1.014087327402888872e-01,1.586962280768051126e-01,1.041704849968387303e-01,4.543249165358279051e-02,8.383605618817879801e-02,1.049060236671642554e-01,2.897328606312682409e-02,1.264246437368277132e-04,1.959577080297503215e-02,3.511723311050497787e-02,2.391069850643687267e-02,7.583147621576363795e-02,5.197649949310911843e-02,9.632382788709129007e-02,1.073500702306007942e-01,4.917587053516121742e-02,1.617176174197358998e-02,3.784122152510520365e-02,2.186509033692191073e-02,7.138072644101539632e-02,1.020426651319777389e-01,1.287276489298552762e-01,1.524222918672906157e-01,1.610417788132477712e-01,1.767050777189058675e-01,1.974630052127271385e-01,1.882112541577251608e-01,1.697333421085005511e-01,2.310459087169130510e-01,3.323002364868097303e-01,4.272152239355159198e-02,4.731439686142591139e-03,1.514281288371909229e-01,6.399061412675013938e-02,1.137743922547844455e-01,1.091766186921685755e-01,8.521811585300442804e-02,5.817020241153854354e-02,5.749019952527252564e-03
4.494385563791054028e-01,4.440892098500626162e-16,2.594405419559036030e-01,3.336960301084418989e-01,2.776213054268281133e-01,4.283216441747800807e-01,3.325200120672381909e-01,2.113091742780537352e-01,2.759983475290906374e-01,1.661637648786598309e-01,8.781768678054388544e-02,5.289632368979199639e-02,1.963539763649019970e-02,1.908914040269441004e-02,9.667373054545391753e-02,8.977811260117302128e-02,5.541370910440712727e-02,4.676804601669348749e-02,6.984099772669172257e-03,4.816008621416700830e-02,2.836727189119064851e-02,2.829539428130228851e-02,1.031943842188031146e-01,7.758030589717093695e-03,1.193620189528772635e-02,5.522580693891676606e-02,1.333395261843722812e-02,1.814765821345940000e-02,1.101380405791288902e-01,1.299143236712151650e-01,1.116069455525939558e-01,9.814176373027699851e-02,4.694942238755123176e-02,5.994137754095635318e-02,6.937606580414185098e-02,3.687111200823722790e-02,3.426135590615148052e-02,4.435761433062507253e-02,1.065669741006181059e-02,6.037002832654880802e-02,5.459040230455103337e-02,1.044690022911381744e-01,1.050585305268503244e-01,1.315648327570819176e-01,1.320481664126317844e-01,1.207232408093884546e-01,7.180162400214329388e-02,1.306036911236167775e-01,5.410751900441376078e-02,6.873740642575328075e-02,2.098328702564762616e-02,1.211286149975756565e-01,3.501299062532036155e-01,1.657702895656697206e-01,4.881225621908306944e-02,1.767918616193197567e-01,3.327943465002574097e-01,1.450650219644543382e-01,1.501260044528440751e-01,1.951424923650484089e-01,4.392772921739401815e-02,5.940041151351560522e-02,7.151134983323809147e-02,2.614713279093355824e-02,5.509824349619102390e-02,1.059671167710838358e-01,7.055668477253274062e-02,1.187203192424800546e-01,1.222812475765977513e-01,1.440636863287099168e-01,7.897187473630168375e-02,9.611950226770818451e-02,2.295511671683692079e-02,1.669944368836807913e-02,7.881216991346721989e-02,1.087089862975492011e-01,7.080400419200277851e-02,6.358911166312730678e-02,5.009177871504993940e-02,4.102673857018958314e-02,5.325488335705026721e-02,1.244961638484626543e-01,1.349689606112765006e-01,1.684656664564378459e-01,1.631978964114759456e-01,1.073578565317723499e-01,1.284405644971314264e-01,1.349935518358788000e-01,8.819602282090252543e-02,3.711802551557918939e-02,7.201475861042064275e-02,4.160617108542713494e-02,4.027719842137392203e-02,3.207682277236967305e-02,1.771350936010303995e-02,3.419612124161107436e-02,1.634398928483404151e-02,9.301309777159538772e-03,2.179023673206290090e-02,6.451627406425972100e-02,3.684100093140418863e-02,2.901873026655371612e-03,3.429494048453904376e-02,7.662274572758487334e-02,3.618073326376083920e-02,3.917823784964136191e-03,3.993569128569304794e-02,4.641648416361607299e-02,1.357780672998454286e-02,1.767432937617861161e-02,1.562484568699805398e-02,2.254894063477118349e-02,5.637719724491545986e-03,2.826684455665549878e-02,2.149136779724744248e-03,2.234311940493997894e-02,2.715136351454639982e-02,3.272024008665039285e-03,2.597026255435372355e-02,5.282858804415288545e-02,5.374793756636414566e-02,7.298541905362276871e-03,1.796117794660001543e-02,3.996675314344994012e-02,5.305694428838630960e-02,7.854198506428106130e-02,1.081091198881679594e-01,1.138486533295131609e-01,1.035992751316969496e-01,1.189918954044511257e-01,1.676046549048270939e-01,2.403662902505785126e-01,2.119030257381832039e-02,3.462220840429547364e-02,1.091427598538435573e-01,2.360517865550193495e-03,4.197568243510796382e-02,4.486555318885368515e-02,7.858969261397369399e-03,4.838960461363119026e-02,8.968460600809755046e-02
2.529146256997196751e-01,2.594405419559036030e-01,2.220446049250313081e-16,7.889495136700219735e-02,2.144244727602283573e-01,2.984580421008398154e-01,1.022342731454251030e-01,1.657053962302634798e-01,3.650163946374651580e-01,1.609493123739057785e-01,1.052696072251843862e-01,1.269467782366794917e-01,1.187439485406333595e-01,7.353730538455277577e-02,4.776306042520150896e-02,2.976848117551367245e-02,2.057326155168215376e-02,1.928296261304252024e-03,4.367011442296842016e-02,1.113166129484326472e-01,7.951448317900788876e-02,6.174174062824483444e-02,1.035906723449226685e-01,2.110321016104521608e-02,2.037452283101814920e-05,1.035727027262668964e-01,7.268858477419568032e-02,4.815343447186781756e-02,7.702771262698965282e-02,1.003685667194743752e-01,2.439112612634630750e-03,9.406668819792629588e-03,6.785195514784098103e-02,5.423413254434789055e-02,2.557321689586439240e-02,6.785083671786507065e-02,8.131616128466601090e-02,4.534889858374629990e-02,1.190006296628093319e-02,1.947982810277842924e-02,5.255657892470616543e-02,1.035334514686687690e-01,3.256022345225589865e-02,6.651560467492279027e-02,4.898132241443653445e-02,5.550621127012722589e-02,4.816480273869772066e-02,1.559271813466639456e-01,1.888936169977266377e-02,4.302321798762975824e-02,1.160975797470109178e-01,5.962929029243230206e-02,1.225323129541434630e-01,2.838448323611464374e-03,4.913205443204146650e-02,1.401823540700897208e-03,2.086166213310814421e-01,1.594209698265386388e-01,1.762365048764247821e-01,2.891531791621367309e-01,1.734722812802201586e-01,6.999215861673574457e-02,1.945224547318846753e-02,3.953348699951225731e-02,5.368872575651212342e-02,1.703078066220298226e-02,1.124599838885576020e-02,3.595750213855097854e-02,2.370605014421406365e-02,2.076894327933292983e-02,4.635596576777123445e-02,1.791257859757661164e-02,5.747553917060260753e-02,1.167314671913615431e-01,1.523349421928144598e-01,1.622895925893933500e-01,1.354873515551637819e-01,9.555919299897466801e-02,1.052478586602024896e-01,8.495353767708849202e-02,1.073542700051631910e-01,1.074558582934911355e-01,6.665881294554876213e-02,9.045623188987039764e-02,1.197988921261127215e-01,5.527454938575823706e-02,2.368016079436141563e-02,8.039762583578380362e-02,5.369454581255559550e-02,2.759609777661384961e-02,3.887015971649560031e-03,3.204802535800369695e-02,3.659388085252196499e-02,4.793313471704796491e-02,1.429615475108076544e-02,5.851189818778315677e-03,5.267118779074439483e-02,5.677202585409615171e-02,2.592465270964830482e-02,1.125766392299010210e-02,2.521044857517834581e-02,6.801888683127516044e-02,7.370901277583671862e-02,2.787340935594445623e-02,4.033750081871628757e-02,7.497975903543890874e-02,4.197565202812067464e-02,1.713784503801202286e-02,4.856462916778489514e-02,6.102689466645851157e-02,2.663791880005465795e-02,2.259436923828971044e-02,5.824664972693938125e-02,6.752908076176075691e-02,3.459498353737685411e-02,8.159328447636401971e-02,7.617494000430945211e-02,3.462117465356627510e-02,1.039613823433044315e-02,2.040088523051225566e-02,4.011976661974570035e-02,9.563233135998022716e-03,9.878126600386089029e-03,1.726215098772582168e-02,2.861485399540547592e-02,6.854402180660240651e-02,5.759579432617989436e-02,5.664215254609128447e-02,8.798424479181327085e-02,1.162473940405663320e-01,1.171460018021238669e-01,2.180074440584868767e-01,8.587935993082762565e-02,1.166020304453520562e-01,3.043876303642156778e-02,8.247683571233280220e-02,8.655961307044485187e-02,9.635885465037752340e-02,8.791748026076401379e-02,1.243171278394024359e-01,2.117390064620289780e-01
3.668621971380993108e-01,3.336960301084418989e-01,7.889495136700219735e-02,2.220446049250313081e-16,1.544359619779183124e-01,2.429836645930663064e-01,4.712906065005961764e-03,8.925002456905462012e-02,4.052818707947645205e-01,2.127216156073568620e-01,1.451296368150630234e-01,2.142948083433337259e-01,2.125546456772822168e-01,1.150950839826033467e-01,2.780416613198444242e-02,1.590869503687919462e-02,3.903051608292196217e-02,2.968119238330790832e-02,7.774992334113117742e-02,1.321144452277687731e-01,1.048131131471036204e-01,8.819211311619307159e-02,1.396608250962550479e-01,2.897162525164559410e-02,6.447862377898017083e-03,1.316162855497034212e-01,1.091141015067291220e-01,8.301657115357560790e-02,6.272266304427381867e-02,9.698696440381321393e-02,3.717625547208935899e-02,9.720090717548923731e-03,6.360332512569943919e-02,3.305347247265433275e-02,3.002056389848017925e-02,4.730402856342375006e-02,5.725225467353745046e-02,1.554403204728777022e-02,1.121295172131741291e-01,6.396007802274134013e-02,9.410706609367819331e-02,1.116151840748000335e-01,2.686732353006687779e-02,6.092989135574750081e-02,4.178983284122916864e-02,6.732453031654128672e-02,1.019836827912367627e-01,2.603544346875170112e-01,1.100175213444974931e-01,1.599645356704250121e-01,2.591621189362804945e-01,2.194012116226934928e-01,2.013884248672770383e-03,9.979066113092649459e-02,1.543333645777286711e-01,7.617453945398416915e-02,1.324699239952323859e-01,8.280241991480720432e-02,6.952329626723283140e-02,2.188615815967069889e-01,1.255203563508905940e-01,1.622345829790000638e-02,3.812273676524480237e-03,1.800170307998782970e-03,5.614691178203345956e-03,6.992126253795194479e-03,9.983087743865248775e-03,7.577416441005130343e-02,5.035653063695999521e-02,2.800708678213764680e-02,1.475888832267086004e-02,2.728638355290247119e-03,4.739894023701854420e-02,1.005661594192867048e-01,1.471835089790855533e-01,1.579301936865535327e-01,1.153192230343834668e-01,9.413351068752694173e-02,1.119905590410465168e-01,8.601124701368709213e-02,1.023074091181085110e-01,9.899592657058631229e-02,6.593897456053821049e-02,7.794820450345274487e-02,1.015912772424816812e-01,4.885431134920667495e-02,1.610467258337827667e-02,6.905608031971710581e-02,4.770763318031540079e-02,2.078240237740532070e-02,2.692086016757161415e-03,3.391789435918682316e-02,2.938948079317216244e-02,4.667317201185933878e-02,1.556334647634058377e-02,3.381544505980438320e-03,5.203143044626407088e-02,4.959309786164492473e-02,2.173306671373465004e-02,1.475915769028246505e-02,2.929088792712142286e-02,7.538351309919877341e-02,7.800492274636988688e-02,3.097561998387488025e-02,3.861948985139085355e-02,7.069180035362354619e-02,3.474342975694527658e-02,1.215401413404371134e-02,5.011523099960174532e-02,5.465643556166430855e-02,1.808543718032432079e-02,1.245834934633052726e-02,4.923742905595880626e-02,4.978026017944411907e-02,1.976037856121093395e-02,7.025097811463483499e-02,8.451456823896119630e-02,5.213376628842181226e-02,3.714476390995355426e-03,1.634209541363199070e-02,4.712874116101929689e-02,3.358090553571527193e-02,2.817524490350831190e-02,3.744869442414316962e-02,8.202831218583672701e-03,3.872334531021492943e-02,3.091453346666356294e-02,4.294499163064613434e-02,7.320050979247683109e-02,9.959988712670847510e-02,1.334928935314958487e-01,2.676897446998520169e-01,7.890311866217808445e-02,1.000416665595048604e-01,7.869783796396884190e-02,3.298058806997622439e-02,5.655339495376443537e-03,1.363495301588513176e-02,7.716502904372590788e-03,6.087784277526570031e-03,7.127363359236013607e-02
4.142187709987501520e-01,2.776213054268280578e-01,2.144244727602282463e-01,1.544359619779183124e-01,2.220446049250313081e-16,4.813716273802182144e-02,1.072647676682483286e-01,7.601005017910700268e-02,5.092507371991594756e-01,2.802547691104265160e-01,2.306835615611751156e-01,2.277007818672234507e-01,2.474148434349281722e-01,1.580710879726575091e-01,8.458819654727955939e-02,9.553326764795672110e-02,4.228002015466580943e-02,3.760127315685607430e-02,2.717814246177124859e-02,9.258311715624795157e-02,5.729259628522292980e-02,4.341914177712474787e-02,1.051943771810209122e-01,1.050882293788496513e-02,2.651732998571409983e-02,8.147637124046092083e-02,4.868928187684856690e-02,2.843123047345361143e-02,1.310555931796726359e-01,1.574741413202530027e-01,1.179415024174949589e-01,9.144004957864426686e-02,2.568623692988958318e-02,3.595189903986106827e-02,4.717730619727644736e-02,9.724839788606609581e-03,7.181349072254650245e-03,4.010033781530492059e-02,6.624817430375878891e-02,9.596027949450508521e-02,1.105139687052969499e-01,1.572193753242754066e-01,1.240259599084418962e-01,1.615569847181050900e-01,1.485311408806944122e-01,1.493860251057173572e-01,1.325381439377094073e-01,2.794226445830686467e-01,1.222415821098870037e-01,1.380958058555069867e-01,1.777329220803699483e-01,3.620963177645847297e-02,2.059941876723284104e-01,4.307198545845675186e-02,2.319365010775112368e-02,1.167215947636002643e-01,2.784186481110150768e-01,1.130570524434837132e-01,1.040779709042673057e-01,1.319475954643624382e-01,1.122268427346956310e-02,5.569866611436374848e-02,6.475496634770316895e-02,3.667728046694085364e-02,5.157245475311572624e-02,7.626385375219085772e-02,3.205098494884428550e-02,9.991624691147965587e-02,9.627169767472126827e-02,8.292911622372051150e-02,2.315595489037469701e-02,6.575980158320421376e-02,6.853523944940320689e-03,8.500979604623026820e-02,1.257243453270827371e-01,1.677261934865075244e-01,1.378261141365589859e-01,1.336640262904582044e-01,1.361483870249381722e-01,1.281082470958516684e-01,1.265626062506463034e-01,1.645253761020820382e-01,1.402590873388906423e-01,1.398883856997971131e-01,1.378014628103200745e-01,6.609144935932945164e-02,5.377984347193781600e-02,7.674142806060624267e-02,2.398244972989276372e-02,3.596297198809613599e-02,6.506432156430347336e-03,1.710757559134404304e-02,7.990716950004425612e-02,6.956691034567084875e-02,1.928583710956413566e-02,1.873771937958179645e-02,6.166996675450981541e-02,5.901462210997487912e-02,2.797785258200524705e-02,8.641702344321600116e-03,2.501705180853852628e-02,2.782761682517420621e-02,3.594739239752592352e-02,2.451588251429409615e-02,9.402356647946474855e-03,3.529878735710614834e-02,2.106432887130582632e-03,3.917386343396411785e-02,2.177093246617112232e-02,2.312792624014564646e-02,4.000874246729946293e-02,5.084372172650511446e-02,9.400036402674255553e-03,3.753062752827659304e-03,5.993091097147455054e-02,2.860737480185264817e-02,2.705732399942276448e-02,6.006932482733547130e-02,9.099422674350549078e-02,1.114277184330059456e-01,1.249715689054276546e-01,8.365389566090289386e-02,6.928259783356877088e-02,3.952116696792229433e-02,3.983156327417136655e-03,2.203418929411260496e-02,5.653193770654107997e-02,7.864922038007526872e-02,8.000876236129156327e-02,1.111150866664066816e-01,1.665097753063182473e-01,2.591585619941292329e-01,3.567929510956663330e-02,6.606628243814718915e-02,9.867846628536275366e-02,1.174940089653409014e-03,4.408525163321419527e-02,5.687098229575662800e-02,2.243063478218440543e-02,1.364266048662735042e-02,4.414585006854662708e-02
4.621717812914651335e-01,4.283216441747800807e-01,2.984580421008398154e-01,2.429836645930663064e-01,4.813716273802204348e-02,2.220446049250313081e-16,1.816524216070944941e-01,1.165189499245956606e-01,5.088146995786670956e-01,2.567050143800591044e-01,2.346631183816764721e-01,1.978116365367468543e-01,2.357010262485740859e-01,1.613090530828453217e-01,9.097611674643468760e-02,8.946256919723222234e-02,3.212093607890914582e-02,3.589583578605010095e-02,2.604369798988367957e-02,1.011594821346442907e-01,6.607092199301828339e-02,5.520438918992051636e-02,9.652060229341695441e-02,3.626438013940115612e-02,5.242987299622683950e-02,2.407047226661693240e-02,8.431033960410172501e-03,1.864407666140549535e-02,1.630152130726218451e-01,1.820373011588389267e-01,9.231657756927602598e-02,6.735604936548927890e-02,4.321194720565690872e-04,1.507635280143448941e-02,1.527994698958029529e-02,1.129316643016509136e-02,1.303107408574905035e-02,9.888156849503615398e-03,9.576786951415172666e-04,7.872119082389400502e-02,1.178057442060380655e-01,1.844764266538803654e-01,1.377197394685638066e-01,1.678304382524407612e-01,1.449476860228173236e-01,1.370611515391880753e-01,9.053532713196305037e-02,1.754781913089622225e-01,2.433790137684072041e-02,2.673272810778856701e-02,6.246893416746054917e-02,1.178162633750789168e-01,3.162676072508557867e-01,1.108170781380647535e-01,1.332676084543848172e-01,2.611636853162419003e-01,3.630356250588590017e-01,1.959978027150796609e-01,2.591443460058518999e-01,1.494990235127416078e-01,6.592251836445767177e-03,5.128410819508699703e-02,1.007386407575235898e-01,3.746441411423739876e-02,7.723353235607688383e-03,6.931588541983330076e-02,2.573138218626014329e-02,3.769278147165594506e-02,5.826688574837951551e-02,7.713310563768677186e-02,5.743941702113480874e-03,5.352554993122091154e-02,1.040176028610234615e-02,1.157461958150391851e-01,1.527077333549916593e-01,1.928871313616603023e-01,1.710443888726941863e-01,1.744724692366415586e-01,1.652814890292999828e-01,1.797256506926235842e-01,1.717707842752113079e-01,2.239844884824471194e-01,1.694990367582275836e-01,1.671485473594948035e-01,1.700170420897066381e-01,5.931605456381119912e-02,3.713717115654760481e-02,6.539680680020053261e-02,2.932932169955687618e-03,8.426757106451032708e-02,3.867045008214611834e-02,4.344671576017423986e-02,1.225443528962663065e-01,1.103907126959635943e-01,7.810493911387934862e-02,6.421444668777048781e-02,1.052782966684050470e-01,1.012744513851863981e-01,6.521231266692398276e-02,2.780904946764931052e-02,6.684979552632891453e-03,6.014079727943481835e-02,7.112435232937616703e-02,3.415057418338862671e-03,1.510414175812613280e-02,6.454739355586947003e-02,1.680852537162558225e-02,4.122017938507749335e-02,1.304807296067272970e-02,2.677214831940291639e-02,6.428916829479061623e-02,7.618750135818563862e-02,2.733263469028698184e-02,1.955901063636003231e-02,1.024049713204071010e-01,7.942493050901064389e-02,1.059096452338470773e-01,1.480450571416046801e-01,1.752961330291764597e-01,1.840513204640618627e-01,1.899680663049817253e-01,1.162004193913357963e-01,9.789739013430644177e-02,3.535855085713085488e-02,2.072899840142028438e-03,2.588787886036969521e-02,7.410788547240265700e-02,1.036709501211612316e-01,9.273170743095054958e-02,1.218745460469930764e-01,1.474773808819096477e-01,2.027291187832891417e-01,2.974840406275719440e-02,8.169372636551502920e-02,6.851801278157915176e-02,5.083815408625294574e-02,2.859344822655196516e-02,3.360650043632154582e-02,8.610499189999136493e-02,1.776699303461096724e-01,2.188841065693533650e-01
3.462107508181943016e-01,3.325200120672381909e-01,1.022342731454251030e-01,4.712906065006294831e-03,1.072647676682485507e-01,1.816524216070947162e-01,0.000000000000000000e+00,3.060178005862823625e-02,3.704626117676551034e-01,1.785421068719235116e-01,1.736390925549659014e-01,2.162240614985109777e-01,2.776748894027847858e-01,1.750582244497217166e-01,5.351810298453441028e-04,4.296728486350870346e-02,1.290596193922176060e-01,9.319792831734069471e-02,1.428574572204828474e-01,2.235874862788522210e-01,1.945916553583636466e-01,1.575148755404028322e-01,1.547839635489161869e-01,8.231085257486198126e-03,4.691592043519071664e-03,1.241682482295267398e-01,8.499500783709390550e-02,5.055710435892799004e-02,8.900387893286104690e-02,1.236985968843581085e-01,6.324144429361211461e-02,9.524010147667133497e-02,1.743851015503358748e-01,1.330183134027326797e-01,1.151233911068745841e-01,1.483853051249905963e-01,1.717937137054546537e-01,1.118402943956457174e-01,1.026304820294254849e-02,2.521040509236338600e-02,3.882743031376589826e-02,9.330533749215785821e-02,1.976188584436960882e-02,1.972492963089245155e-02,2.141072628310625170e-02,1.569372006900271455e-03,1.955422844593596166e-02,1.789347507392739511e-01,1.032392110738184487e-01,1.482170431577338188e-01,1.793335398607915909e-01,1.110805841783958359e-01,2.275507041538948894e-02,7.012120188246839803e-02,1.433373170248419814e-02,6.890959861897277827e-02,1.886266722793132622e-01,1.681888416782496010e-01,2.266349829104286062e-01,2.082969886548156346e-01,1.022043476900718617e-01,7.430418281568240690e-02,4.439837146933894862e-02,6.610351395360508642e-02,1.173426877562210868e-01,9.736578234352200045e-02,1.160257495868965982e-01,6.484796405848741729e-02,7.837945763630604912e-02,8.872580477025265866e-02,1.511533010801548726e-01,9.620284122661859616e-02,1.060252669650199597e-01,2.170877826301115809e-01,2.385519411849478522e-01,2.498654959227571415e-01,2.497898824603125290e-01,1.968173362024426276e-01,2.118074995867533783e-01,1.814950900413295487e-01,1.791841489919434038e-01,1.330656799514570721e-01,3.276033126683192132e-02,4.853186292582084560e-02,1.048518212111317349e-01,1.613104426541450698e-02,5.257189374050660891e-02,1.970602923627115532e-02,1.498603935578285418e-02,9.815972631235952983e-02,7.494818442086068067e-02,5.064609198119990330e-02,9.371187972768482699e-02,1.149062508337874988e-01,5.405543332826290293e-02,8.599361844073361016e-02,1.187308330181503085e-01,1.366295251552583356e-01,1.064652901476954155e-01,1.110142865145508362e-01,1.038489191481905272e-01,1.483700005087995322e-01,1.684591043102825758e-01,1.228044289612653661e-01,1.227684377848670683e-01,1.483364731568947159e-01,1.109565919698670411e-01,8.521377444841493620e-02,1.079676543016979406e-01,9.984771648121222587e-02,3.938678607033546664e-02,4.737051061300787125e-02,5.802088637758594236e-02,3.365986550464706434e-02,1.538726375074389585e-02,1.409055973015767294e-02,1.500709464092864209e-03,1.869552842479177412e-02,6.462309401390242680e-02,5.268751628699919198e-02,9.547349369874835734e-02,9.863096852832092809e-02,1.166904132456653559e-01,1.219860120559235483e-01,6.598942028872639698e-02,1.312189714229836102e-02,2.134213266354506588e-02,1.899706432781078647e-02,1.950000272323515471e-02,7.424654674721573033e-02,5.761095433139318267e-02,1.359195728126766367e-01,1.300688640131610896e-01,1.613183207849318290e-01,1.008533894235985606e-02,1.277078170720233330e-01,1.295389776842760798e-01,9.669924564538118217e-02,1.191980135800756041e-01,1.920081942750883064e-01,2.455809221144160392e-01
2.976508714391314925e-01,2.113091742780537352e-01,1.657053962302634798e-01,8.925002456905462012e-02,7.601005017910700268e-02,1.165189499245956606e-01,3.060178005862823625e-02,2.220446049250313081e-16,2.462311012790031617e-01,9.998617750530636172e-02,1.267525366623454275e-01,1.426892743298920907e-01,2.419513171187233913e-01,1.412121138614002291e-01,1.039027282365435068e-01,3.472996239895470572e-02,6.333447265722746966e-02,6.342080845186248705e-02,1.028040599462480276e-01,1.551081741117215085e-01,1.472323730442473000e-01,1.197604532326024263e-01,1.036900106542178457e-01,2.937712543890479144e-02,1.410102556653067274e-02,1.003621972443573540e-01,7.524875797784952303e-02,5.404357842265572476e-02,1.063097145828868495e-01,1.452018038129835875e-01,2.363160452520923771e-02,1.155772547552019747e-02,9.643262012111170067e-02,6.477640718085747595e-02,2.528077700484648860e-02,5.500514037069714757e-02,8.927187943212450127e-02,3.105970116097978018e-02,6.570311269738027260e-02,5.922124292291547354e-02,8.582874289564945691e-02,1.343264675889430937e-01,5.276073269648307029e-02,9.755596801361127168e-02,6.222704555867791809e-02,1.064222059111298302e-01,1.724907196261472875e-01,3.880738413183935087e-01,2.604687608501434770e-01,2.455432994854737649e-01,2.565304385783402363e-01,1.824804568562039542e-01,5.246490091353001040e-02,5.544838584777034285e-02,2.386259605494472913e-02,7.439164341632643895e-02,1.601060880962061339e-01,8.292647480292375528e-02,8.450141500888916357e-02,7.310793705132825893e-02,9.187350581054076759e-03,3.236032478948269731e-03,1.681475583813113461e-02,2.950786456060766616e-02,2.800365802341181487e-02,4.388238206962274957e-02,1.023955411204228727e-01,1.421976069754227190e-02,2.848447205223814116e-02,5.825493806141579523e-02,1.043203425268636186e-01,4.145992069057741203e-02,7.785598199846030520e-02,2.026931351173963669e-01,2.220931479885868975e-01,2.521827050739449683e-01,2.494523950284695812e-01,2.258164128887142907e-01,2.459956813887329563e-01,2.199757449227615069e-01,2.031406932699539591e-01,1.780250853241266418e-01,9.315387927635360166e-02,8.283590569630067124e-02,1.207829131128523165e-01,4.125233743917217089e-02,1.733431902517754142e-02,3.015394821127112546e-02,1.399330889071691286e-02,7.183426920825206063e-02,6.444925961121163172e-02,6.249642370905027222e-02,8.671734842636766305e-02,1.069489896092302716e-01,5.825816934405121661e-02,7.818969939414283088e-02,1.087608125151578453e-01,1.185266062175572288e-01,9.047124585132981789e-02,8.393316654752447370e-02,6.767227979035883578e-02,1.133614708262061510e-01,1.290908935711420347e-01,7.833559846134924287e-02,7.761122138125720049e-02,1.036424933302315110e-01,6.156022261912139082e-02,3.469584024398897348e-02,7.968066495432157836e-02,6.146580487427166783e-02,1.465439025798265238e-02,6.628661005296132558e-03,1.764354435118559161e-02,8.741347722011030830e-03,7.351548629012366609e-02,4.944187784622046389e-02,5.556724291359529944e-02,6.752422684568631928e-02,1.095054061421595615e-01,1.115854956075225113e-01,1.554430735765138794e-01,1.602464020780322573e-01,1.677493322369879025e-01,1.534358458417676430e-01,9.478539712164379960e-02,4.828094016494920149e-02,2.856895453250921091e-02,1.371448068369024442e-02,1.753437768667068242e-02,7.770068267144199237e-02,1.067352569551499875e-01,1.767281432436821897e-01,9.598841123047882617e-02,1.141511829038160675e-01,5.913122127921158211e-02,4.538523595666610344e-02,6.586033385590717160e-03,3.069617704944205272e-02,3.124404088528098811e-05,3.048494801594281434e-02,3.452503112676810759e-02
3.074470618542458622e-01,2.759983475290906374e-01,3.650163946374651580e-01,4.052818707947645205e-01,5.092507371991594756e-01,5.088146995786672067e-01,3.704626117676551589e-01,2.462311012790032727e-01,1.110223024625156540e-16,2.393814992090995686e-01,4.555482764194287992e-01,3.934840486627200762e-01,5.265741049495269444e-01,3.191768712830110877e-01,4.159077555088103173e-02,7.506380898073472530e-02,1.742954783525635376e-02,4.760015445610943363e-03,8.637275583140652246e-02,1.454699661522200760e-01,9.704562254120492615e-02,1.066918543970459266e-01,1.270525236507787370e-01,4.330825008263507192e-02,7.274683931710620999e-02,2.387194158578909153e-02,5.335777852220899287e-02,5.324442980984825380e-02,1.949467810182439753e-01,2.128914040556583176e-01,1.474839967275146380e-01,1.211037795947588758e-01,7.135838151900469883e-02,8.268368094819433800e-02,4.378061572822000702e-02,4.731242278096847720e-02,5.801335222712478146e-02,5.701484850185972730e-02,7.230396518921766713e-02,1.401294219787733719e-01,1.727112839125975463e-01,2.174750811982570087e-01,1.821310639099834594e-01,2.181121776852156802e-01,1.888530212721618584e-01,1.655158069781550445e-01,1.069929496886790066e-01,1.858599402471814988e-01,1.361205965806114304e-02,9.281998829278810537e-02,1.281812415923524462e-01,1.330989846652509967e-01,2.170654986457576097e-01,1.162385595511052083e-02,4.334619997571011185e-02,1.864941500441985034e-01,1.292667887687425354e-01,5.880941218461055442e-03,5.165851501138590818e-02,7.100996367464190717e-02,1.238111594049465247e-01,1.053047027105478151e-01,1.027999431712144363e-01,1.083363322645566340e-01,8.928672618448718623e-02,7.926529228507978031e-02,2.011592700825587388e-02,5.686542618947526551e-02,6.271422396314296765e-02,3.251879880756322616e-02,7.612851070264992082e-04,6.976871558017519459e-02,3.219621367563998970e-02,1.076344793216692242e-01,9.928644624044431766e-02,1.628268276719010421e-01,1.635824823880681345e-01,1.943120037318732118e-01,1.877209844925305515e-01,2.122597946189778984e-01,1.933194982168897069e-01,2.290941657760346417e-01,1.707021960477202449e-01,1.218230513184934971e-01,1.064350711554913620e-01,1.957226964794280683e-02,1.178162177542443900e-02,1.345453810401054349e-02,8.015001167078926458e-02,1.382244251421747838e-01,1.044599519764312090e-01,1.473167345626370528e-01,1.761039670291847936e-01,1.428192441161648119e-01,9.972876675888192599e-02,1.016861884961163393e-01,1.211091731806343691e-01,1.177688516507347100e-01,7.662138357696637869e-02,5.837457475823665254e-02,2.698816772896324434e-02,6.704353399369029909e-02,8.679765123911772906e-02,9.574407463198791879e-03,8.162042259164573044e-03,5.284716315429035388e-02,9.607661563250879944e-03,6.691567358152758493e-02,1.192082532654828442e-02,7.944537141753874043e-03,1.225582350699647161e-01,1.258825784042141016e-01,8.466905675286612309e-02,8.968405580886183726e-02,1.861386456023509384e-01,1.536044769120336329e-01,1.733752106878882204e-01,2.090667375441818410e-01,2.322514643864283801e-01,2.504249676943294811e-01,2.576543951690152268e-01,1.993729017467342768e-01,1.663782219554863773e-01,9.094872125061159718e-02,7.137978736722416784e-02,5.827364225319092705e-02,1.002199079715993674e-02,4.119958406205055657e-02,2.401670586938297464e-02,6.680501105000884177e-02,1.107415199589394522e-01,1.346129652416436784e-01,4.687770938011537325e-03,3.317142701552422412e-02,7.796018145334943084e-02,2.951480932490019304e-02,7.633408094300370150e-02,7.936301957681285435e-02,3.002562888333154545e-02,6.109528412061610014e-03,2.756165155113494969e-02
1.950772877362969837e-01,1.661637648786598309e-01,1.609493123739057230e-01,2.127216156073569175e-01,2.802547691104265160e-01,2.567050143800591044e-01,1.785421068719238447e-01,9.998617750530669479e-02,2.393814992090995686e-01,1.110223024625156540e-16,5.413199905186472094e-02,7.049280387351419819e-02,1.290777948332991754e-01,8.414913462323525550e-02,5.187704906850908182e-02,8.265768063259469611e-02,1.865714457925018166e-01,1.771479624865582858e-01,1.945031301255193412e-01,2.201370780794010829e-01,2.377219361468043690e-01,2.133746945927438299e-01,1.335577016133450146e-01,4.093330902696801221e-02,3.761773864099684367e-02,2.774123771517479631e-02,1.533784332611470846e-02,1.849455251667742051e-02,1.089273446336376516e-01,1.405610000835171014e-01,1.959949923266329774e-02,5.449082721433171073e-02,1.430404087444474837e-01,8.558087341644365909e-02,1.056001362560735901e-01,9.378560698433156817e-02,1.486026088737901485e-01,1.345767840126094461e-01,6.970462493629633882e-02,5.032698175678795849e-02,1.028365634783640070e-02,6.097010361170679404e-02,1.367268271312060968e-03,4.508583870914850689e-02,1.296523355328244032e-02,2.491881480746471755e-03,2.681807813565278975e-03,5.564283072151658682e-02,1.692734152503426459e-02,3.952817416439460829e-02,3.829608433348616336e-02,4.315142202659572046e-02,1.347783058805063217e-01,1.287625479713226662e-02,1.123488335202826038e-01,1.915785335311231963e-01,1.660042109875110306e-01,1.573002727166606940e-01,2.348063857393037079e-01,6.492161135915976156e-02,2.191821872491545031e-02,8.872343923827608059e-02,5.947772497709882811e-02,1.033740555591433907e-01,1.676256389295469329e-01,1.455515152373688115e-01,1.867079999692936587e-01,1.506832100707617417e-01,1.441895250473501089e-01,1.364631632853723353e-01,1.774613208211748838e-01,8.517400153133888874e-02,7.484051550426515376e-02,2.151449826387606401e-01,2.074282157117378067e-01,2.298849648244191690e-01,2.784469332496366523e-01,2.311058726055210955e-01,2.498468934895951565e-01,2.205308172517642384e-01,1.915657603645035123e-01,1.411840808571860895e-01,1.762504963947833514e-02,1.216148495182320377e-02,6.589195831924449243e-02,2.816497660700612721e-02,9.641314615701986057e-02,5.028770290936893095e-02,5.406970768338614786e-02,1.453638572025417464e-01,1.222223641416650131e-01,1.260142777926941127e-01,1.450232938060900534e-01,1.475042633465828701e-01,1.198386312636320616e-01,1.349836038898555857e-01,1.429089785942134483e-01,1.646413437065725738e-01,1.447489241070679111e-01,1.632912809129763165e-01,1.483868157836702451e-01,1.663501567717269314e-01,1.831795819843574091e-01,1.499494115709351094e-01,1.390942924363406386e-01,1.528817801158214307e-01,1.209876737944516611e-01,9.152227291420102218e-02,1.015198885654002015e-01,8.040516253367080424e-02,5.831893819023187264e-03,2.041983033864319674e-02,7.980186760522423040e-03,2.799147587547398675e-02,8.803624823500960650e-02,8.258656240005995963e-02,1.120568333893970925e-01,1.167278809094475234e-01,1.418955534372086658e-01,1.137068948735418528e-01,1.487678054148455775e-01,1.548092028664676267e-01,1.784754960638151866e-01,1.667372353733877488e-01,1.174136946437148304e-01,7.150917462805275737e-02,6.221892510488660766e-02,6.416938784991446654e-02,3.497931727190714546e-02,2.209328855625119353e-02,1.681757419841461987e-02,2.575784026558045059e-02,1.203757773119538133e-01,1.445815195374350604e-01,7.396935383975924982e-02,1.515550326002304826e-01,1.447933349542500359e-01,1.320880596022219189e-01,1.522477449400348182e-01,2.139989001943589098e-01,2.013529596388941856e-01
1.475930077818579100e-01,8.781768678054389932e-02,1.052696072251843307e-01,1.451296368150630234e-01,2.306835615611751156e-01,2.346631183816764166e-01,1.736390925549659014e-01,1.267525366623456495e-01,4.555482764194287992e-01,5.413199905186483196e-02,0.000000000000000000e+00,5.539873869852929289e-02,9.554857257886040234e-02,5.924758042736100183e-02,1.104423889440603879e-01,3.654283693577595887e-02,1.560464654148121244e-01,1.767425755500847406e-01,1.845181637557951337e-01,1.856157697975993337e-01,2.330187058192614014e-01,2.276131846693548733e-01,1.210035101930081458e-01,1.848339862954625351e-02,1.505297567174891660e-02,4.514296819748574163e-02,4.718772592129422128e-02,1.737140510651508096e-02,7.449336757769606243e-02,1.336593208654060783e-01,2.183702125220515766e-02,5.642827439204264883e-02,1.056821694908990084e-01,3.918411031346608064e-02,3.062963999467652187e-02,5.774934168137575707e-03,5.705069099063783677e-02,3.592978916231287512e-02,4.815774900788372115e-02,4.667097163467273657e-02,5.466204830839044293e-02,1.029374216847250834e-01,5.622339805112216982e-02,8.332890387504945928e-02,3.095628810422010324e-02,6.346627545906938228e-02,1.305383782311730079e-01,1.370616636620692330e-01,6.827070487617731276e-02,1.168030647878295081e-01,1.181476235909913047e-01,6.031694938668097361e-02,4.836971311911859861e-02,3.815433913770344132e-02,4.668006232380214615e-02,9.760232389169745670e-02,5.720348656818152744e-02,7.623301966816456443e-02,1.005634980504306886e-01,1.736639499752173910e-02,1.860794999514095438e-02,6.579808489273653027e-02,8.064840882358942364e-02,9.748016701590314637e-02,1.227443650645073936e-01,1.417838062539288069e-01,1.976713590554394218e-01,1.302253049621198144e-01,1.248713660751641641e-01,1.505583813549980776e-01,1.502625447475505749e-01,5.272809131816524886e-02,5.338716441205967889e-02,1.944813684173410107e-01,1.610065876981265909e-01,1.904159987997148529e-01,2.464942918551640272e-01,2.388668768463914627e-01,2.766688832968265954e-01,2.466382923067813870e-01,1.999826649732767414e-01,1.404552502038830530e-01,1.844395944866973613e-02,9.971549868856110013e-03,2.709071770200324747e-02,4.201442084640615027e-02,1.083210240339262109e-01,8.122641809935568502e-02,7.719198269450189276e-02,1.413393714004352042e-01,1.358781908957944207e-01,1.456964618091613484e-01,1.363025960211415588e-01,1.583000861716302166e-01,1.439359304030715658e-01,1.527434965622757601e-01,1.560078339100628153e-01,1.733342430570031234e-01,1.582730710875085156e-01,1.815092421197992412e-01,1.624374890046746955e-01,1.802397770311824354e-01,1.895161617867989479e-01,1.563080969090687167e-01,1.406760916389966642e-01,1.475711335576195826e-01,1.104845041936424743e-01,8.267693096459260982e-02,9.713383632630992470e-02,6.438088881208173242e-02,1.885540136051150339e-02,5.203924643004675943e-04,1.132984865212344205e-02,5.776440673005039939e-02,1.238067439685381355e-01,1.197137509973690839e-01,1.399543899616294551e-01,1.297825424903163993e-01,1.547783764194656242e-01,1.351688394170835750e-01,1.788124319208960478e-01,2.080031997436652957e-01,2.325993733725203461e-01,2.202989093710317758e-01,1.698406736091473412e-01,1.247159963040471164e-01,1.026349930486125939e-01,9.846951083184608822e-02,6.576896219048312953e-02,4.244403297498387795e-03,9.651829144328202825e-03,2.260147136458307005e-02,1.068939872533940377e-01,1.207017881645849749e-01,3.656073947854446282e-02,9.024697755012159317e-02,7.330383540128945774e-02,4.443505820430765363e-02,6.100779423784324917e-02,8.279647288095481894e-02,5.946223744611253692e-02
9.663162524635132700e-02,5.289632368979196864e-02,1.269467782366794917e-01,2.142948083433337814e-01,2.277007818672234507e-01,1.978116365367468543e-01,2.162240614985109222e-01,1.426892743298920907e-01,3.934840486627199652e-01,7.049280387351408717e-02,5.539873869852929289e-02,1.110223024625156540e-16,5.200616873198138368e-02,6.110603943709813635e-02,1.697977118018869080e-01,4.994198410519007370e-02,6.613618458714082271e-02,8.560748325045403062e-02,8.601846135958673978e-02,1.171936917910600395e-01,1.469070911764832066e-01,1.318904552163000232e-01,5.026643587863866003e-02,4.776845819454763470e-02,3.469260078816661930e-02,8.407596716146895077e-03,8.865064676245787423e-03,1.523104457103111042e-02,1.162685651935549958e-01,1.687677703060671830e-01,2.630963958183540896e-02,9.255414017498631019e-03,5.165787577326386160e-02,1.815195208642894631e-02,1.257226629810379026e-02,2.036762169935943390e-02,2.202770688094946028e-02,4.658643215113389413e-03,6.815685500197973812e-02,9.751532291321834967e-02,1.067188610994841413e-01,1.487374370134839641e-01,1.049392247485231855e-01,1.343548561557169618e-01,8.091911412795513292e-02,1.275162518037408488e-01,2.085848348140692254e-01,2.148034435869825842e-01,1.327573127806251085e-01,1.776698527746012890e-01,1.755683166995078426e-01,7.518247189578491918e-02,3.329280699069893379e-02,8.515724194794294100e-02,2.215400930402572355e-02,4.808535212866224540e-02,1.183157289632014164e-02,3.954107552680147242e-02,1.330045632090731678e-02,1.098535458997138559e-01,8.506878113720200973e-02,9.908929194728549605e-03,3.577393890502281182e-02,1.997074826749761778e-02,1.612743635653074437e-02,6.433975847566936190e-02,1.425105663441631199e-01,5.816194032497501443e-02,7.330617277202661208e-02,1.177826402693600977e-01,1.204891192424459301e-01,3.184003523869755048e-02,4.371070314937136603e-02,1.915250265026664511e-01,1.619714462778437947e-01,2.056589080153726767e-01,2.522042076064326399e-01,2.483546826927800211e-01,2.725537337922728232e-01,2.577344360800172263e-01,2.054958881747871446e-01,1.625860139318041631e-01,5.843166589063598926e-02,1.370563759365583945e-02,4.300989584800549159e-02,1.201591431829716894e-02,7.274998906394256060e-02,6.571620903430702709e-02,7.145008729670582204e-02,1.272101278605356212e-01,1.261140262871419115e-01,1.781706830553260179e-01,1.523977425649062911e-01,1.510430909374633757e-01,1.269040056221982793e-01,1.445978798038456969e-01,1.393786345561113249e-01,1.520312758658302899e-01,1.354493190765740929e-01,1.472260237988778642e-01,1.150150667314775998e-01,1.331655369131726219e-01,1.486645073018205143e-01,1.153712396716634336e-01,1.043924698505349358e-01,1.072332924214377259e-01,7.071791999029508613e-02,4.681088356477755563e-02,6.918569767912655100e-02,2.516571356789951142e-02,6.113724572443818284e-02,4.772273370460294872e-02,6.089150496609252450e-02,1.046827880639021324e-01,1.763671040861700123e-01,1.900323834442510518e-01,2.058616453811435432e-01,1.888370660927241595e-01,1.964611901729143850e-01,1.767696058199926812e-01,2.113265061061944394e-01,2.348957328055846783e-01,2.509414308001332028e-01,2.172386293663431944e-01,1.779011746517554504e-01,1.466593340952133118e-01,9.988071194661643504e-02,8.613818667676825802e-02,7.407641089100426568e-02,6.394672360055475568e-03,1.514407761785514783e-02,6.242693373765227649e-03,7.036038497896604516e-02,7.704160738406697073e-02,7.696975060873106900e-03,2.333476043429025260e-02,1.094953952980268208e-02,2.153004257198534721e-02,1.135304956960545009e-02,1.664115764733187230e-02,2.513329101190500681e-02
1.888952964038294324e-02,1.963539763649019276e-02,1.187439485406333317e-01,2.125546456772822168e-01,2.474148434349282000e-01,2.357010262485740859e-01,2.776748894027847858e-01,2.419513171187233913e-01,5.265741049495269444e-01,1.290777948332990643e-01,9.554857257886040234e-02,5.200616873198171675e-02,1.110223024625156540e-16,1.127487846835323326e-01,5.487718684786924150e-02,7.557045130981585035e-02,1.786905742635186700e-01,1.746041607507967663e-01,1.788409561243192170e-01,2.243127106473048471e-01,2.271199566425758931e-01,1.999383374313318806e-01,1.232881085376784647e-01,5.997334221689784584e-02,5.076694511159575429e-02,1.779438421461269904e-04,2.521896664403120575e-02,4.914405042821379938e-02,9.985441098571455620e-02,1.498511398033045006e-01,4.529390220557788505e-03,7.163094911761404282e-02,1.168782063856422110e-01,4.907171451374287008e-02,5.521032619347285286e-02,5.444567079081674699e-02,8.465674335863168642e-02,5.867068592308083419e-02,8.967204961572911026e-03,1.371332760848423260e-02,5.969053068633456416e-02,1.093809671054916111e-01,4.186807395490049766e-02,5.807168479942537154e-02,1.919382694044184656e-02,1.423693970040116816e-02,5.465227048263537890e-02,3.499272929676117139e-02,2.445750613784306027e-02,1.390437605322160652e-01,1.015814324931520463e-01,2.329307147607936196e-02,1.893716001070080979e-02,9.359478075046245849e-02,8.925400711050079927e-03,4.781341987134227201e-02,3.282117517965801867e-02,4.174425943245857473e-02,9.600770806031944105e-04,1.072773149142224602e-01,6.396412055148704978e-02,3.452965102642098494e-02,6.563534520246191994e-02,3.987652951419679015e-02,3.514248184973023381e-02,7.713028583531773841e-02,1.494291098681789776e-01,7.453786311812289622e-02,8.282422504884558168e-02,1.287067599354836389e-01,1.329933861248288052e-01,3.800993523784135242e-02,2.934502648640047173e-02,1.856835646797420636e-01,1.560099749287010562e-01,1.956863384867732203e-01,2.559031180627301394e-01,2.451234526091404242e-01,2.737687724717915438e-01,2.698497351745615669e-01,2.099587103451486803e-01,1.571357610848465314e-01,2.718894403966406331e-02,2.327730319271451714e-02,9.536239945953567387e-03,5.107831824501832263e-02,1.242892154934541193e-01,1.223532178192839603e-01,1.125056571023387575e-01,1.825245797568626482e-01,1.730005440153316865e-01,2.166716283241104102e-01,2.079888961445467699e-01,1.791252438603302410e-01,1.470359443249587006e-01,1.794217339799699107e-01,1.525636049473965139e-01,1.774437327712138357e-01,1.668540855925869093e-01,1.948898281601783300e-01,1.526946219507948066e-01,1.607286280430310632e-01,1.850216364340295239e-01,1.605625121795025423e-01,1.378149140854067201e-01,1.285473289458863300e-01,1.002288694369734418e-01,6.611106245847941931e-02,5.953062168095574203e-02,1.965212591095832906e-02,7.763176970898924556e-02,7.413301029433394529e-02,1.002510461903004801e-01,1.508995825047792227e-01,2.336392390667124119e-01,2.612543252314472597e-01,2.928353899347834188e-01,2.724734976972503775e-01,2.644164290696583430e-01,2.150179795597918497e-01,2.395078742047184184e-01,2.605368677731948468e-01,2.761425940270202384e-01,2.360395690904971699e-01,2.178416188919456153e-01,1.912311879461953690e-01,1.300263064699825888e-01,1.196872559306978723e-01,1.216126155740406833e-01,4.543201509323432918e-02,3.445660293296121113e-02,7.707422092559192139e-02,7.164705105873481195e-02,7.517541435822672202e-02,4.670034952138676920e-03,1.457253450026430031e-02,8.583836004656758556e-03,1.539807269552889712e-02,2.469676414935029207e-02,9.870583927498427501e-03,8.335452322642322720e-03
9.456625495973869366e-03,1.908914040269443779e-02,7.353730538455285903e-02,1.150950839826033467e-01,1.580710879726575091e-01,1.613090530828453495e-01,1.750582244497216888e-01,1.412121138614002291e-01,3.191768712830110877e-01,8.414913462323514448e-02,5.924758042736122388e-02,6.110603943709813635e-02,1.127487846835323326e-01,0.000000000000000000e+00,6.179697562302133296e-02,5.591805845181690993e-02,1.476593527902644865e-01,1.282258975930563039e-01,9.817166797312504301e-02,1.028572861944018202e-01,1.392484540127900128e-01,1.099454627117164573e-01,7.683410068019314032e-03,1.315750815628839721e-01,1.167824277384010845e-02,8.235640610767852587e-02,8.017873980568740455e-02,2.177986005257016855e-03,1.429833674741880223e-02,7.370840089330241152e-02,1.014496477134052138e-01,1.111686858064707129e-01,1.283877105702414534e-01,6.633138675832743469e-02,8.468926017270225759e-02,1.397711655647609907e-02,1.077142124421267833e-01,1.495659963449698648e-01,1.074901998797512387e-01,6.265508854319895571e-02,7.607635499354392650e-02,2.062128158946502365e-02,2.500424127823465403e-02,1.786549772565172375e-02,4.372105667779302429e-02,2.426946970835835993e-02,1.361516132818896274e-02,1.085190148748358535e-01,5.482198473769896163e-02,2.241721975557192659e-02,5.194448313673083462e-02,1.163703635630542049e-01,3.787079336876816860e-02,2.439799729596098254e-02,1.317580986153448486e-01,1.233047878290945559e-01,2.741815281862430842e-02,9.061556586669111679e-02,1.057345762435762671e-01,4.920133434506990255e-02,1.211783514929536121e-02,9.561862594080045019e-02,1.218085660060635039e-01,1.638787814330036618e-01,1.682745786437495061e-01,1.723265651298176437e-01,2.571815551597049221e-01,2.218929032742797958e-01,1.931361217963598331e-01,2.131081288824955844e-01,2.289639451673812498e-01,1.149683770586286125e-01,8.398539873809955647e-02,2.160444817485435709e-01,1.724560288145141063e-01,1.976705300748001493e-01,2.957284395826410561e-01,2.400705283614184282e-01,2.685453807439557306e-01,2.119374252160338423e-01,1.652887877041549214e-01,8.685077378924922764e-02,3.671630161216369453e-02,3.722275402507238540e-02,1.076942867954111538e-02,4.736091793564711772e-02,1.037856016834241002e-01,7.650243318003607795e-02,6.187286156551341509e-02,1.208346730636611910e-01,1.102303780181292381e-01,1.404956655986637770e-01,1.051627693870543223e-01,1.300897109258623285e-01,1.410226333657557951e-01,1.410876147050272311e-01,1.294607573034385617e-01,1.515780548601568245e-01,1.452844895286672655e-01,1.745572071024596439e-01,1.686007423846951070e-01,1.756913124193270614e-01,1.710935253102086329e-01,1.650730276761639137e-01,1.601772677473966566e-01,1.573397562544074368e-01,1.279917184920486561e-01,1.303350322462229482e-01,1.290685187693267066e-01,9.226146843058534441e-02,4.065212929203498859e-02,7.871924668582902518e-02,3.644987487716289110e-02,5.874930170892356251e-03,4.903381033573994685e-02,6.840223503970560559e-02,1.113099756799859064e-01,8.768880177645443919e-02,1.019793090918627576e-01,6.618073238245414380e-02,1.044594044227600271e-01,1.396132391070569190e-01,1.934451525332600563e-01,1.982858432388699410e-01,1.459762023047128099e-01,8.622233890492014829e-02,8.827345099670175221e-02,1.008746319520457402e-01,6.565771095424582926e-02,5.559169068411390358e-03,5.588508037772418890e-02,1.500039877382055298e-01,9.723102268234948276e-02,1.036908797292390300e-01,5.513196635606919249e-02,8.289405534389970853e-02,7.557914850197855472e-02,5.904994700464530344e-02,6.501196508965131904e-02,9.360172678930439583e-02,6.343438061985090526e-02
1.699305240088517799e-01,9.667373054545375100e-02,4.776306042520150896e-02,2.780416613198433140e-02,8.458819654727944837e-02,9.097611674643474311e-02,5.351810298453996140e-04,1.039027282365433680e-01,4.159077555088105949e-02,5.187704906850904019e-02,1.104423889440603879e-01,1.697977118018868525e-01,5.487718684786935253e-02,6.179697562302144398e-02,2.220446049250313081e-16,2.450152317419140857e-02,6.695538215318019848e-02,5.592334972966139794e-02,1.211526838330811984e-03,4.554142571018271468e-04,7.957803911969169031e-02,7.800221495795572890e-02,1.343911091269911484e-02,1.697400332948652280e-02,3.810888789815145006e-02,9.281485211192125329e-03,7.078739045291335130e-02,2.760144273994152506e-02,7.774879434840220593e-02,3.332379522017478446e-02,2.199236174969058100e-01,2.084881767474043301e-01,1.625475243121458635e-01,1.519838143193731339e-01,1.948860669779416410e-01,8.103478565107802289e-02,1.084228389244772939e-01,1.995051552674763640e-01,2.270398579203697365e-01,1.027451577874270439e-01,1.555869557956516547e-01,1.045391090787066157e-01,6.283463807336142626e-02,8.146228334369953750e-02,8.594339216693680505e-02,6.472679870844266770e-02,7.138666281314720585e-02,1.875700519658129450e-01,1.037798933304576454e-01,1.094132931029337674e-01,2.354406782866293457e-01,2.602037079785937679e-01,9.494673527882296904e-02,2.017082547907090573e-01,3.316849074304309974e-01,2.168503355198154181e-01,6.530601605093461215e-02,1.846620097987578535e-01,1.358400285242119809e-01,4.171293642087622877e-02,2.605590797985272988e-03,1.010345889797056584e-01,1.434342127309392034e-01,2.247623186395664163e-01,2.157240585923096976e-01,2.024337206567322078e-01,2.770159164491421411e-01,3.130246184934064035e-01,2.357403849784054373e-01,2.177421988057123836e-01,2.266017311940416445e-01,1.587493291867776435e-01,7.198087526649925294e-02,1.405320652851754781e-01,8.958749914750563370e-02,8.371123119294210380e-02,1.675056962683235673e-01,1.470834476494481680e-01,1.448312140970851036e-01,8.485429680957315424e-02,1.651566149118047222e-02,4.772760743131604366e-02,1.223046592466133231e-01,8.445015826565227535e-02,5.500057512093126100e-02,9.066137345585156826e-02,8.771807517595975323e-02,4.944653124905651342e-02,2.169634832021427595e-02,4.712672332486850246e-02,5.022160782552442804e-02,7.640287929085065599e-02,3.969389784740345872e-03,6.690956227533467748e-02,1.101206646367920983e-01,8.730371628270053308e-02,7.695422663268695895e-02,8.808271063900086073e-02,8.331233370247892456e-02,1.156125161669358525e-01,1.394516713141419895e-01,1.410164640705313666e-01,1.301899773390274018e-01,1.520768856236373034e-01,1.651409470543233615e-01,1.588225120839115434e-01,1.534164883467002416e-01,1.868969415574550097e-01,1.804507906755059565e-01,1.566522952923113943e-01,1.695463573273208735e-01,1.993018371074363193e-01,1.557512132249699865e-01,1.265766675351441828e-01,1.233544661138952225e-01,5.908407264975340523e-02,1.683904930169138892e-02,6.193648252773023555e-02,5.264009498284130673e-02,8.920612071210674843e-02,6.494735564813068629e-02,1.620444096905745979e-02,7.370775339445909125e-02,1.080859848525824174e-01,5.365056883023183731e-02,9.617979528341591422e-03,2.576979019811431737e-02,6.075561723168942940e-02,4.695243584847019758e-03,3.775535052934148039e-02,3.966044383194328171e-02,1.628248838872188853e-01,6.481093162226947424e-02,6.115466558753909765e-02,5.511618215819690664e-02,6.124415089325268430e-02,9.358634437828057540e-02,4.173263824483765261e-02,5.590745631965868268e-02,1.133802933633881460e-01,5.287955652220011071e-02
1.985145376109244131e-01,8.977811260117302128e-02,2.976848117551367245e-02,1.590869503687930564e-02,9.553326764795672110e-02,8.946256919723227785e-02,4.296728486350864795e-02,3.472996239895481674e-02,7.506380898073472530e-02,8.265768063259465448e-02,3.654283693577593806e-02,4.994198410519008757e-02,7.557045130981579484e-02,5.591805845181702095e-02,2.450152317419163062e-02,0.000000000000000000e+00,2.642448437715760878e-02,2.570958442156967561e-02,3.211757907324419570e-03,3.038147559433934664e-02,1.025753604832901900e-01,1.165720725423105009e-01,9.190952430978988064e-02,5.466652701085267935e-02,7.947675577648939671e-02,1.915807805523075946e-02,6.965013359142227523e-02,1.096951158716828051e-02,9.951349495829153735e-02,6.780486246676672990e-02,2.107252548761048283e-01,1.932611422556647085e-01,1.296284663638117562e-01,1.446677256322475291e-01,2.164475420810406947e-01,7.476157628436663760e-02,6.874123358454148347e-02,2.065740698725668512e-01,2.583699064514457522e-01,5.585558888975727942e-02,1.082388167448807836e-01,3.000719636848592220e-02,2.323310715076554178e-02,1.031746934509525371e-02,3.678330477460467485e-03,5.220637036281949861e-03,8.467241447390161380e-02,1.549721052283003497e-01,8.755905474059855198e-02,8.701246951654356687e-02,2.392746356069930525e-01,3.349855816360631233e-01,1.223895119243944563e-01,2.230057987054821778e-01,3.687018370586001570e-01,2.540362846123702112e-01,8.837972812061112293e-02,1.812276832717807928e-01,1.255666598842654358e-01,4.781723941884251372e-02,1.981183552284229016e-02,4.741203683825279125e-02,1.027849687904945630e-01,1.989575439912442956e-01,1.723629435243631547e-01,1.491593679542070616e-01,2.466943955989671644e-01,3.122733010153930233e-01,2.104142717855553291e-01,2.053865069541041533e-01,2.346048042357325170e-01,1.640950037680953821e-01,8.618328087707755047e-02,1.702233563464446986e-01,1.126431819436874149e-01,1.191453671750845877e-01,1.851601879837778686e-01,1.844688924391096330e-01,1.569502882437289193e-01,1.222497383606605259e-01,6.835505762409485597e-02,3.332582013528478937e-02,4.049658169249770179e-02,3.110081608914683216e-06,2.384838111864773236e-02,4.786555904634676173e-02,3.817607814298074054e-02,3.994474275875736780e-04,1.979304639195766935e-03,4.616635153520842749e-02,3.583351457422417896e-02,6.842509785159411884e-02,1.623490907290356389e-02,7.603423219537402966e-02,1.088609068569172389e-01,8.437941941855753303e-02,8.089491808056936684e-02,9.044478822205007096e-02,7.056385082279154064e-02,8.228364073459137895e-02,1.099807181253394384e-01,1.259196328746047810e-01,1.128422561991011541e-01,1.121930102563780673e-01,1.444685605320216448e-01,1.581964583387248102e-01,1.368878334758430182e-01,1.526111737543004998e-01,1.667809429885924732e-01,1.670621536411831809e-01,1.521377586135947979e-01,1.839220496512106451e-01,1.700194949026826996e-01,1.524927153185730022e-01,1.188338866955069295e-01,6.531650261823640502e-02,4.222145302272495293e-03,2.428696956672923846e-02,1.924688409784940275e-03,2.414013972948662878e-02,4.244581296131616499e-03,1.093006434386062375e-03,7.344516183085583738e-02,7.564508357952420825e-02,1.878082562973509839e-02,4.376466302906417694e-02,2.186800013736256432e-02,5.969127647165728412e-04,5.036327036499260723e-02,8.955000389760692237e-02,9.944340508124538403e-03,1.301903430354398872e-01,2.473337717314166850e-02,3.393443829127376632e-02,4.310284329608671250e-03,6.554419963031229979e-03,3.048931954911629494e-02,5.807983236331311361e-03,1.612499190822588510e-02,9.041397057559441564e-02,4.032619498401503189e-02
1.777457167613865074e-01,5.541370910440718278e-02,2.057326155168232029e-02,3.903051608292196217e-02,4.228002015466580943e-02,3.212093607890931235e-02,1.290596193922176060e-01,6.333447265722746966e-02,1.742954783525640927e-02,1.865714457925017888e-01,1.560464654148120967e-01,6.613618458714082271e-02,1.786905742635186978e-01,1.476593527902644865e-01,6.695538215318042052e-02,2.642448437715749776e-02,1.110223024625156540e-16,6.361735859466977061e-04,1.151325158272920035e-02,2.567472429205930329e-02,5.370988137246313077e-02,8.339454264610313139e-02,9.528394055247541017e-02,4.133159844990999532e-02,5.413460986026735755e-02,4.337811618456305363e-02,1.435267823558628586e-01,8.651634659428955598e-02,8.181541408319198405e-02,8.111059663963310351e-02,1.612308636812278262e-01,1.131971949073673489e-01,6.917236899996126454e-02,1.073569352184129411e-01,2.144967073478908082e-01,5.538774714640037899e-02,6.035081736980768552e-02,2.250963622163013322e-01,2.889236849607064173e-01,7.838357529672873580e-02,1.304179052842617814e-01,4.407561283536198804e-02,1.739505034149008145e-02,2.016073132954254721e-02,1.352189186368890628e-02,9.772699739981183242e-03,1.582024394878421836e-01,2.061410806576065569e-01,1.341715564389936166e-01,1.235625032804705814e-01,2.856748436440902927e-01,4.002322369509085931e-01,1.666834894358236174e-01,2.430674927639003002e-01,3.841820926477759190e-01,2.831741535975320079e-01,1.210750447637093941e-01,1.917910542187598877e-01,1.534942742656906223e-01,2.815205420716129781e-02,2.382126868790079843e-02,3.094458289332671641e-02,7.143280504149168708e-02,1.824729502581082241e-01,1.623483868003851027e-01,1.138129290064011090e-01,2.075697266767765614e-01,2.928325072012904484e-01,1.865463136652881215e-01,1.839619107936206199e-01,2.365282791287369735e-01,1.678894050358721024e-01,1.056670863869807742e-01,1.902481494629547631e-01,1.360148909883577562e-01,1.492663408311862283e-01,2.005402209175127515e-01,1.874459826362058490e-01,1.480793386919611876e-01,1.333937168792260763e-01,1.031696107436914089e-01,9.093854444043980578e-02,2.318324341678490441e-02,7.241021875874797953e-02,9.198793711401215267e-02,9.711142796960392509e-04,1.770567074539375341e-02,4.826681867139581694e-02,2.969643166328150841e-02,2.999866565519343498e-02,8.114159053879133054e-05,3.899565231278853683e-02,1.712975509504273408e-02,7.414821636935045590e-02,1.066068528742868393e-01,6.911728199202982204e-02,7.623500062563456914e-02,8.230548043603735930e-02,5.343158627721433795e-02,4.378891920879834920e-02,7.759110734751406557e-02,1.053194216725745758e-01,7.957066507910093289e-02,6.649416300234589627e-02,1.193204752501895727e-01,1.461173244098308288e-01,1.114440845408916081e-01,1.184912415875690184e-01,1.434061547191075037e-01,1.583576669707545959e-01,1.280507726457467688e-01,1.675178618995748769e-01,1.663575282440258318e-01,1.609042033347987399e-01,1.165783889389538364e-01,7.529065688451613836e-02,9.233996565424895664e-03,2.324499090097575937e-03,3.137487820700706614e-02,1.413543333318977024e-02,2.879769615342090208e-02,2.424724995709170994e-03,5.464494344374726253e-02,3.871864958200238460e-02,1.516792505610364827e-02,7.460711490958960024e-02,5.563991863097789148e-02,4.051677587496077537e-02,7.751305319050932896e-02,1.152377668325373916e-01,2.242824523309910889e-02,1.311838385261408502e-01,6.790678334893010537e-02,6.587596324002634174e-02,3.456193669048202022e-03,2.168903546200401378e-02,2.706917635379962883e-02,1.510873302614979680e-02,3.799085948463719331e-02,1.153398809683979925e-01,8.318601996732750969e-02
1.566628610233163355e-01,4.676804601669337647e-02,1.928296261304307535e-03,2.968119238330779730e-02,3.760127315685601879e-02,3.589583578605010095e-02,9.319792831734063920e-02,6.342080845186248705e-02,4.760015445610971119e-03,1.771479624865582858e-01,1.767425755500847684e-01,8.560748325045401674e-02,1.746041607507967386e-01,1.282258975930561928e-01,5.592334972966139794e-02,2.570958442156989765e-02,6.361735859464756615e-04,3.330669073875469621e-16,3.032120932963344728e-03,2.003755411863594738e-03,5.048888706716747610e-02,6.309365218377016582e-02,6.641594754140156542e-02,1.711679544210681359e-02,4.208249371170424968e-02,7.270281921971782912e-02,1.691687742714377274e-01,1.065539006291342794e-01,6.457740185872085092e-02,1.465087247915320898e-02,8.694682206833434512e-02,3.228779375975143751e-02,1.683964949743549377e-02,5.339701821824197059e-02,1.663186520501203358e-01,2.299789243028510510e-02,4.460032999832430622e-02,1.993027458421468001e-01,2.677197546880304979e-01,8.419825939930233871e-02,1.399958546792938741e-01,7.083508167010264811e-02,3.782754296757229184e-04,3.162383009641667186e-04,7.369387451403475175e-03,2.405695755325032437e-02,1.670242494667287803e-01,2.365508153489657428e-01,1.381419850076553435e-01,1.247890285710326341e-01,2.559946105970231645e-01,3.264986057693232691e-01,1.118071061277192690e-01,1.843708412327499380e-01,2.881286803507953631e-01,1.904965034093931697e-01,6.559921011488389908e-02,1.233751238728396787e-01,9.781593769264140814e-02,5.185259885474383795e-02,3.618576354748630208e-02,2.291703600916922268e-02,4.963883621595310824e-02,1.425235422689225540e-01,1.210986566577891277e-01,8.632315439048124373e-02,1.761437872357264900e-01,2.447518643750999923e-01,1.635890529318908271e-01,1.617732893112018844e-01,1.999515758791038378e-01,1.264683425185925969e-01,6.122070760050823957e-02,1.444321678932168340e-01,9.377431054518203801e-02,1.150414169759929744e-01,1.783041337242581292e-01,1.370380316579200008e-01,1.044936814966910266e-01,8.025749795785559748e-02,5.452679818157864233e-02,4.226859209628919256e-02,7.421965543797148790e-03,3.554608978740025904e-02,4.782047408356604468e-02,2.106779902536537463e-02,2.870400691590724307e-03,2.359572418841460184e-02,9.526177633117693944e-03,4.201032128746240435e-02,6.495657837519708266e-03,8.297582849638063252e-02,3.416673619750645874e-02,4.176352882880068895e-02,7.141175795356463629e-02,5.344572723115581514e-02,4.036106733465250063e-02,4.963692957167781250e-02,2.880102250320526469e-02,2.525800921911458552e-02,4.654593221396241542e-02,6.161830741197849015e-02,4.893289127461458721e-02,4.879999954795011252e-02,8.941465588502656159e-02,1.044758206414565793e-01,8.607988914066100339e-02,1.003029011977300267e-01,1.141766559870713849e-01,1.184322365876890326e-01,1.101742576205936575e-01,1.477433676968313014e-01,1.272003937855361588e-01,1.315611324873985355e-01,1.072744122531183453e-01,6.825961528686064206e-02,7.769186437301955905e-04,5.609253939967917546e-03,1.035848155140675630e-02,6.540978993175516898e-03,9.758406866486019071e-03,3.595096161891842002e-02,1.734308049401389606e-02,9.831226563840167465e-03,2.905633774419558168e-02,7.819120211449159807e-02,5.308397981292795054e-02,3.365212790545418775e-02,5.671146685994932213e-02,8.612799413494592882e-02,9.734700452002087445e-04,1.560105118669893320e-01,4.341746761227124884e-02,5.128249070515675245e-02,2.386385906195295781e-02,5.071846485333583732e-03,1.416589996715442168e-02,2.096815769101682825e-02,4.619788683804933183e-02,8.986749774345423325e-02,5.491555203713890942e-02
1.016912030753865381e-01,6.984099772669172257e-03,4.367011442296836465e-02,7.774992334113117742e-02,2.717814246177119308e-02,2.604369798988367957e-02,1.428574572204829585e-01,1.028040599462480831e-01,8.637275583140655022e-02,1.945031301255193967e-01,1.845181637557951060e-01,8.601846135958679529e-02,1.788409561243193280e-01,9.817166797312459892e-02,1.211526838330700961e-03,3.211757907324419570e-03,1.151325158272931137e-02,3.032120932963344728e-03,2.220446049250313081e-16,1.509930360961153628e-02,4.387200728222284685e-02,5.438588845308278685e-02,5.280614537557393184e-02,9.214975537517139381e-02,1.620626949411979600e-03,1.447856651914862791e-01,2.387894442285055097e-01,1.448269060663464336e-01,2.909568981859086967e-02,2.087966940510851271e-02,1.131016100937698721e-01,6.530679552592749681e-02,4.284981259557973932e-02,7.165521457852425113e-02,1.622415885964220150e-01,1.996584149563612742e-02,7.370925206235057203e-02,2.157068084337865899e-01,2.539593885741613932e-01,8.476563614209878250e-02,1.351338725283210418e-01,6.232448660658991557e-02,5.990053778407306018e-03,1.039215655086550560e-02,1.334000732178863835e-02,4.578651727606741773e-03,1.247015111099316620e-01,2.184301772439455058e-01,1.297158473979605764e-01,1.020344749844708798e-01,2.267523420801587086e-01,3.079477510196860779e-01,1.112237329898888571e-01,1.658192097620823091e-01,2.840501979622382378e-01,2.033208414566752276e-01,7.094321364819766718e-02,1.389566303032389871e-01,1.240288097351739116e-01,5.285318154310880701e-02,3.003005068130732563e-02,4.836009048438265345e-02,7.199604241537546634e-02,1.667167185642764171e-01,1.578994404991995448e-01,1.230472676882422012e-01,2.190780956961866366e-01,2.717091371764872587e-01,2.014169462334314264e-01,1.969049574391776858e-01,2.432266092420431458e-01,1.533002937423446621e-01,9.289581918204227462e-02,1.947582282591034386e-01,1.483070734539526647e-01,1.685879870411764458e-01,2.435035366075566365e-01,1.800671296800735177e-01,1.624616332356840498e-01,1.219062004497161178e-01,9.776494016472234150e-02,6.612176108196907154e-02,7.262354876274801363e-03,3.652072594175292952e-02,6.160867903689815073e-02,1.096336931452518426e-02,8.856448746328071664e-03,2.277066216785061936e-02,5.005600064567794494e-03,5.458955562250444871e-02,2.204435072259580686e-02,9.338193089520230306e-02,4.615921812067647068e-02,6.189006035251204407e-02,9.178582956247355318e-02,6.911572217699629705e-02,6.017903740997476714e-02,7.152231255995050718e-02,5.038994258000267790e-02,5.094692673912193381e-02,6.804168614778161039e-02,8.672790830298537923e-02,7.818339663644563453e-02,7.650719255472815394e-02,1.132219267223937564e-01,1.291345140580212048e-01,1.063303762353133286e-01,1.216239701504399362e-01,1.359558522760851984e-01,1.289891443595574116e-01,1.130765996025451664e-01,1.593813093216907562e-01,1.317921756094055097e-01,1.278239720543311586e-01,9.830587817254915484e-02,6.508248003603345211e-02,5.763933879262328475e-03,2.567164445165193154e-03,2.074020913076135564e-02,9.023889434653098451e-04,9.179141515864658318e-03,5.268102282887821008e-03,5.339869702801269824e-02,5.248151240177573174e-02,1.838672233940075174e-03,6.333890799914720926e-02,3.289061839256213204e-02,1.238450555494197136e-02,4.565452380537732280e-02,8.946368217510408671e-02,6.817466896177154512e-03,1.628459041655699879e-01,7.002767864850101276e-03,9.946682265449105498e-03,4.328298346860987716e-02,3.332650549755246383e-02,4.408005181694770597e-02,4.484813529230668311e-02,7.005810160302630707e-02,1.130616797650452338e-01,7.058199878329668442e-02
4.707962662691689282e-02,4.816008621416700830e-02,1.113166129484325917e-01,1.321144452277688841e-01,9.258311715624806260e-02,1.011594821346444573e-01,2.235874862788521100e-01,1.551081741117215640e-01,1.454699661522201315e-01,2.201370780794010829e-01,1.856157697975993337e-01,1.171936917910600395e-01,2.243127106473048471e-01,1.028572861944017092e-01,4.554142571016051022e-04,3.038147559433934664e-02,2.567472429205952533e-02,2.003755411863594738e-03,1.509930360961153628e-02,2.220446049250313081e-16,3.617885046662383530e-03,2.188288882558153681e-02,2.279513993133086558e-04,1.569020619008461015e-01,3.682228121042399605e-02,2.319563243734951152e-01,2.768165540963800630e-01,1.734903467819473022e-01,2.276974057977759758e-02,1.455866257889025517e-02,9.980479524395080571e-02,3.287620540213254117e-02,1.812646729549038938e-02,3.708038471748204001e-02,1.212691763164093772e-01,2.015919039065605656e-02,7.319790103720907881e-02,2.215204614811545625e-01,2.461650821103572029e-01,1.087925428983791409e-01,1.704487876335591956e-01,9.525701973261989364e-02,2.154905561531419989e-02,1.026323513009416710e-02,5.300251554597734671e-03,1.571041212793450326e-02,1.475237546324367210e-01,2.335970170503064713e-01,1.480846898364510666e-01,1.288185768039022405e-01,2.636513463874458618e-01,3.464148914536261392e-01,1.652912185510351240e-01,2.028738197054067438e-01,3.330834719350445616e-01,2.718685017204742205e-01,1.354680706180034500e-01,2.109293851373630901e-01,2.089869553023080972e-01,8.306720587542698597e-04,1.967106257948224995e-03,8.661114560662316886e-02,9.401905275433466991e-02,2.140755187833928430e-01,2.242720665376424505e-01,1.572205671002964156e-01,2.379680957701747201e-01,2.956737324833427216e-01,2.163987515748609647e-01,2.039558597199697676e-01,2.667207899951291039e-01,1.617973484572353682e-01,1.171929900286514115e-01,2.225301052785700895e-01,1.753159087764867008e-01,2.063034973543003692e-01,2.842333966439701265e-01,2.134488986533101540e-01,1.976612716826735006e-01,1.478218823085623579e-01,1.339841389833965057e-01,1.021663284658705512e-01,1.747665825375743776e-02,7.267983714094183867e-02,9.821802029200771278e-02,1.119766584301373769e-02,2.140861589875364679e-03,4.014004633809220568e-02,1.541489548852581493e-03,5.822280250949840585e-02,1.213008385905944841e-02,4.777432108521667553e-02,3.884912106687807287e-02,7.318860130424681421e-02,1.058308597905034953e-01,5.908467941009898361e-02,7.091413190144141288e-02,7.690989735084352574e-02,4.988506172847323450e-02,4.722102369336833583e-02,8.162078746025414056e-02,1.123193227059285926e-01,8.685723376250475969e-02,7.456645552931318033e-02,1.205940082299026272e-01,1.477848144195522406e-01,1.154095762938368019e-01,1.231948139998624014e-01,1.420377595586788388e-01,1.481059856389351226e-01,1.200431488339805119e-01,1.744021819378415994e-01,1.558156277784582544e-01,1.506276655614378623e-01,1.165147178432712760e-01,1.010893143046327491e-01,2.256921752048945962e-02,2.158692004403106601e-02,1.840342233850994491e-02,3.533708601040103092e-03,2.712365512348996477e-02,3.089237141543910159e-03,5.961124127553868446e-02,5.877771416720389830e-02,6.777300007280606664e-03,7.756311357022094288e-02,3.923401622038880099e-02,1.456113776870937571e-02,5.579170192424576236e-02,1.051497536593387072e-01,1.840173955590301835e-02,1.804425673868285673e-01,7.372057470281939695e-03,2.541238944984307996e-02,7.735000770384956037e-02,7.312549081633862302e-02,1.070774517825511529e-01,1.129113237909704498e-01,1.406786861970192315e-01,1.867152236020017952e-01,1.599858598016608846e-01
6.538784264431668491e-02,2.836727189119070403e-02,7.951448317900777774e-02,1.048131131471033983e-01,5.729259628522309633e-02,6.607092199301833890e-02,1.945916553583635356e-01,1.472323730442474110e-01,9.704562254120489839e-02,2.377219361468043413e-01,2.330187058192613736e-01,1.469070911764832343e-01,2.271199566425759486e-01,1.392484540127900128e-01,7.957803911969180133e-02,1.025753604832900789e-01,5.370988137246301974e-02,5.048888706716725405e-02,4.387200728222284685e-02,3.617885046662383530e-03,2.220446049250313081e-16,3.029191075560988544e-03,2.780326326510573764e-02,1.411372854968230839e-01,6.363724264767461891e-02,2.242944967930361466e-01,2.466795731448021556e-01,2.620846263934373810e-01,2.892212115429559915e-04,3.215969785573323525e-02,1.202200205956974188e-02,8.409582073049653994e-02,4.417179501368895256e-02,7.459533723413208639e-03,9.553906646821205828e-02,8.642567354460450879e-03,6.934344375557163764e-02,2.048323175512514471e-01,2.536368090206472248e-01,1.419631840615621921e-01,1.876255055082124146e-01,1.344287483379008052e-01,5.560201856367125162e-02,5.307405417750862830e-02,3.451126282683153468e-02,8.053396134116003191e-02,2.307079865399978558e-01,2.785971524770728402e-01,1.595734206721984849e-01,1.462216890172056138e-01,2.666275888874691802e-01,3.095074668331939671e-01,1.375409917988626440e-01,1.700011404746493704e-01,2.624066037503704485e-01,2.036344758493828233e-01,9.725042957476048855e-02,1.503078880087497793e-01,1.634435884829359420e-01,2.037560441254100685e-02,1.104491277405669769e-02,6.183724794076349285e-02,6.079847781793709660e-02,1.600747770685583826e-01,1.728497799532169310e-01,1.090128532316703425e-01,1.696954163995308407e-01,2.265753343662823827e-01,1.696284179367190115e-01,1.493887239765179231e-01,1.994755035935961152e-01,1.187011593771993834e-01,6.710653302011918009e-02,1.468890744138258153e-01,1.076998774561962469e-01,1.365003915101998810e-01,2.084274625300609474e-01,1.253771608779101487e-01,1.074785306388637007e-01,6.474586650961278167e-02,5.952391990049060722e-02,3.609785563329671876e-02,1.721914311427708011e-02,2.967727048218515851e-02,4.949544434732616738e-02,1.255999017098613502e-02,4.666335763414353188e-03,1.351429373216583851e-02,2.270282158796149696e-02,5.368915860593426181e-02,1.081277895068039063e-02,7.602037607291348142e-02,5.735548823989308764e-02,3.815165039200618669e-02,6.465286464215941331e-02,3.600899938150897706e-02,2.928394474411905035e-02,3.721722138301380989e-02,2.002815969420868036e-02,2.086632937271093446e-02,4.500279078740321292e-02,5.713560361214270467e-02,4.011791190936353502e-02,4.414485752782065786e-02,7.782865320038495627e-02,9.128514202660342747e-02,7.720773439965955554e-02,9.177390816383018679e-02,9.252598451378031552e-02,9.602497435255764879e-02,9.564033581512715321e-02,1.403011659313510850e-01,1.072769985632327921e-01,1.157442039273238743e-01,1.075279639707696355e-01,9.153345840269211386e-02,3.311564490704177466e-02,2.955509130712324906e-02,1.340569533845564765e-02,2.608609999834349269e-02,2.219798383523041707e-02,4.474606095221739244e-02,6.686351576957738629e-04,3.684391604682535348e-03,3.331012804996014154e-02,8.334809460608311182e-02,4.560938372506884164e-02,2.263348107303164713e-02,4.320912429394380139e-02,7.236447488775121784e-02,3.108770135886007591e-02,1.759926390108713379e-01,4.366325466698517399e-03,1.052892439976584223e-02,7.591853217888788752e-02,6.464048496182245307e-02,7.581626726106752145e-02,9.485863424515107722e-02,1.248046742609051907e-01,1.618803473182205965e-01,1.083928934130964361e-01
4.475757161881682711e-02,2.829539428130228851e-02,6.174174062824483444e-02,8.819211311619307159e-02,4.341914177712469236e-02,5.520438918992054411e-02,1.575148755404028322e-01,1.197604532326025928e-01,1.066918543970459821e-01,2.133746945927438021e-01,2.276131846693548455e-01,1.318904552163000232e-01,1.999383374313318529e-01,1.099454627117165684e-01,7.800221495795589544e-02,1.165720725423105009e-01,8.339454264610313139e-02,6.309365218377016582e-02,5.438588845308278685e-02,2.188288882558131476e-02,3.029191075560877522e-03,3.330669073875469621e-16,1.933340522955939722e-02,2.413598771785978592e-01,6.551000075695723179e-02,3.041660380727135293e-01,3.374747798146114364e-01,2.319021333308981803e-01,3.030176423663516472e-03,8.073481684003333547e-02,4.292518532578817880e-02,1.151426978008546209e-02,2.034728233567800748e-02,5.422440719809588916e-02,1.324310301868538153e-01,5.258886554745467734e-02,1.366347497566938740e-01,2.335118489102179784e-01,2.666397250856745726e-01,1.788338364931121582e-01,2.052250094466538666e-01,1.580128307846728197e-01,9.772568658594465996e-02,9.217513048201074477e-02,7.922216420718292129e-02,1.140298048962281596e-01,2.327663920884175397e-01,2.723099235648992478e-01,1.320394713589145286e-01,1.106967159864626349e-01,2.334171165206203324e-01,2.545756542353234120e-01,9.924145664382932885e-02,1.334988801560735849e-01,2.239112719437171550e-01,1.620245255278548457e-01,7.492412225985289886e-02,1.292809433462900337e-01,1.408428037942612288e-01,2.442345439091693493e-02,4.692949911407999497e-03,7.111088656468138314e-02,7.172950596062502293e-02,1.571590331307817778e-01,1.703018771561395361e-01,1.259712751203652670e-01,1.893209307944238584e-01,2.271903629608950093e-01,1.867509020335142989e-01,1.653280044888969791e-01,2.149145624563727486e-01,1.391104156018704574e-01,7.622394673246610242e-02,1.588259019459271892e-01,1.356036007249658559e-01,1.536228727667163785e-01,2.302156574603038408e-01,1.204168931189719127e-01,1.106509461048596488e-01,5.460791941205622724e-02,4.687425113739593363e-02,3.441768427835216471e-03,5.667956534838727856e-02,8.941253414399163990e-03,2.433863699100291544e-02,2.846623326601227522e-02,3.501347905071089395e-02,5.721060234665786837e-03,2.922301122611392632e-02,6.513749423291770313e-02,3.754225174137471033e-02,1.105403510480002516e-01,5.235957272678642971e-02,2.367995052918275833e-02,4.979936198824591598e-02,4.396163218105708648e-02,1.824278668576467810e-02,4.192062000580781822e-02,3.210744119201819347e-02,3.826085299760739744e-02,4.029256113120771587e-02,4.028810471929555881e-02,5.090677113359198813e-02,6.767664853075183728e-02,8.166101618030202625e-02,8.468752031878748476e-02,8.915855708507802735e-02,1.106605738146796136e-01,9.845654328630897012e-02,8.699519869342162148e-02,1.014842941131590820e-01,1.454135336774763920e-01,9.328747620936986285e-02,9.711535051671310592e-02,1.019098018861762101e-01,8.178586508638202579e-02,3.659203314083109282e-02,4.085084237004382723e-02,3.269449254879031042e-02,5.458739951619873132e-02,4.842399782351153315e-02,4.904047741674849581e-02,2.315944916803869269e-03,2.315462832620601707e-02,1.395556148751420089e-02,6.635820330356961838e-02,2.185496198039410531e-02,4.764123066936687412e-03,1.992441246316278836e-02,5.119775570217371952e-02,4.464966906152031262e-02,1.733514907864555366e-01,3.130035940308076997e-02,2.446120761446498454e-02,9.524943671410465718e-02,9.309605905296522432e-02,8.151261591132566431e-02,9.299938045959324495e-02,1.231408472184305908e-01,1.450918095689716636e-01,7.026233644341781104e-02
7.530878370598710625e-02,1.031943842188031008e-01,1.035906723449226408e-01,1.396608250962550479e-01,1.051943771810209538e-01,9.652060229341695441e-02,1.547839635489161592e-01,1.036900106542178873e-01,1.270525236507787370e-01,1.335577016133449590e-01,1.210035101930081458e-01,5.026643587863863227e-02,1.232881085376785202e-01,7.683410068019203010e-03,1.343911091269900382e-02,9.190952430978993615e-02,9.528394055247541017e-02,6.641594754140156542e-02,5.280614537557393184e-02,2.279513993130866112e-04,2.780326326510529356e-02,1.933340522955939722e-02,0.000000000000000000e+00,4.081400005640398176e-01,1.285124985955248267e-01,4.284627972099120385e-01,3.720106086027424874e-01,2.574662288983482483e-01,4.464992331523345848e-02,9.083083120780026387e-02,3.605320667730269046e-03,5.503606729653892637e-02,4.051887223804201410e-03,8.361983332252215240e-04,6.693123574244355667e-03,2.247571888318886102e-02,1.135077145351656852e-01,1.799997113031208684e-01,1.789832485915308913e-01,1.624152027719089064e-01,2.025566677424528172e-01,1.763429203575191950e-01,1.029617386288535219e-01,9.465956781319925795e-02,6.760773795749520920e-02,8.647441435451100333e-02,1.530159676792508527e-01,1.959783037089201652e-01,7.955327282346263962e-02,1.066981493027239214e-01,1.832974414969209542e-01,1.348457770171035963e-01,1.050012605534559051e-01,1.212334000495915443e-01,1.809814275616216384e-01,1.342487189259954361e-01,9.350325752490940001e-02,1.454229210370800163e-01,1.678350090433374797e-01,1.324594000525675108e-03,2.104843925306885966e-02,1.023996470264370573e-01,7.843000361238577911e-02,1.637149010506099289e-01,2.004283641648262337e-01,1.473714318721119076e-01,1.787745738620982738e-01,1.973124739697204033e-01,1.764862682555315143e-01,1.403012021740779880e-01,1.867578513689684416e-01,1.183580770268913562e-01,7.866337216549051936e-02,1.379989721128547786e-01,1.331721080130472967e-01,1.541580906553335628e-01,2.267800499618551902e-01,1.017841299156672930e-01,1.045436846397474473e-01,2.225585206620728229e-02,2.887931167898183382e-02,2.359306203249467160e-02,7.004571940589029988e-02,1.261898422284644938e-02,2.812887026994909112e-02,3.957916723884347121e-03,2.162311691026563842e-02,1.093115974582875571e-02,1.439869777151991936e-02,3.097745737334089977e-02,1.073430393071367339e-02,4.344411530623515372e-02,2.663257312901790019e-03,2.636384211735420813e-02,7.941556488757689491e-03,4.674661397326640433e-03,1.220075041834423057e-02,8.593544414353948557e-03,9.492146227539854930e-03,1.009875529344556044e-02,1.919807580073795705e-02,1.576789611067830332e-02,1.978972621624119910e-02,4.445134890835289454e-02,5.206843875398964316e-02,5.232159569663014098e-02,6.500634577910144318e-02,1.008384681479911338e-01,8.407444765582811064e-02,6.766881958859270740e-02,1.047808594393597470e-01,1.537847984863416340e-01,9.307104819329399537e-02,9.775649290042273676e-02,1.306318694235311106e-01,1.303691275505698410e-01,1.082621136347610702e-01,1.104649791972637241e-01,9.893535813280557312e-02,1.113705107127027083e-01,9.098476671467298216e-02,7.495725178553741541e-02,2.594865437636706407e-02,1.720621590558568670e-02,2.812702534639249796e-02,7.981524895905539596e-02,1.594904932515051055e-02,1.450962855842766186e-02,1.889752127322369413e-02,3.951761228885150579e-02,5.802756392289522974e-02,1.517627212232479650e-01,7.050519427890439284e-02,6.313237170876737081e-02,1.568044804788876478e-01,1.664184668770193332e-01,1.375411988603409130e-01,1.538603197979870885e-01,1.923994886699092188e-01,1.822136286523367843e-01,1.031474944339650923e-01
2.206030792699914533e-02,7.758030589717093695e-03,2.110321016104521608e-02,2.897162525164559410e-02,1.050882293788496513e-02,3.626438013940115612e-02,8.231085257486198126e-03,2.937712543890476369e-02,4.330825008263505110e-02,4.093330902696803997e-02,1.848339862954623963e-02,4.776845819454763470e-02,5.997334221689790135e-02,1.315750815628839721e-01,1.697400332948646728e-02,5.466652701085270710e-02,4.133159844991005083e-02,1.711679544210675807e-02,9.214975537517139381e-02,1.569020619008461570e-01,1.411372854968229729e-01,2.413598771785979702e-01,4.081400005640398176e-01,0.000000000000000000e+00,3.696085206103705278e-03,3.286913045163819547e-01,1.964831831388870742e-01,1.770632623397277172e-01,7.417285656419164708e-02,3.440309585466867770e-02,3.383417751243023019e-02,4.829845144318545280e-02,3.985598033425317988e-03,1.825777112055316717e-02,9.254292726211810205e-04,2.807857416099054926e-03,1.107853525222818186e-01,1.330049134348834650e-01,1.353870018119044949e-01,1.697131703288292104e-01,1.822693788382900859e-01,1.886487137404888326e-01,1.357390034231260589e-01,1.530265357508269197e-01,1.082543467223809480e-01,1.254467890776549965e-01,1.381742832374553420e-01,1.657885501440606313e-01,3.272665380127620649e-02,7.621868822192509607e-02,1.361512657367733026e-01,2.834990291789227235e-02,4.583383191099429932e-02,9.214058484857307052e-02,1.358069214033919836e-01,9.778051680494775910e-02,9.569332797180757355e-02,1.388810212600548322e-01,1.632029016726678217e-01,2.885027860956546064e-02,3.777513554564995713e-02,9.388150755997193286e-02,7.678715624556672892e-02,1.404410060230555368e-01,1.746525445401961307e-01,1.236524087337027289e-01,1.326839875348873876e-01,1.488496068827615815e-01,1.375031323793705629e-01,9.165803649882836579e-02,1.127087805189051217e-01,8.343197804950044927e-02,5.219314290273858320e-02,5.570868577610842143e-02,5.505492582960011538e-02,2.529269598532515873e-02,7.742961462988715016e-02,2.026888661715267603e-02,1.145502172189727386e-03,3.299287361955066666e-02,1.551808187206607514e-02,4.239008946555916646e-02,6.763262386577152674e-02,2.958746622231925305e-02,5.690801760808775894e-03,5.997033031886325749e-03,7.055392014153200053e-03,6.461460069611901780e-03,9.385322534305517994e-03,1.030326808969117547e-02,6.002243536839535487e-03,6.437340240193260843e-02,4.460699929173768397e-02,2.425956005688575945e-02,2.957179293489034522e-02,1.292857613209202894e-02,5.038652387845171665e-02,9.752512303211058331e-03,1.407881133073052293e-02,1.108027810624354070e-02,8.299191239000969222e-03,2.426920780623958995e-02,1.356525493903917856e-02,2.784832364494699286e-02,4.038482660007809699e-02,2.043554235535360863e-02,3.333161700232420421e-02,7.576216059495557986e-02,5.234570088101985624e-02,3.575027317974716762e-02,7.314821250165097488e-02,9.733467805581488830e-02,5.533345760286761256e-02,5.783284014388048733e-02,8.095555760202899354e-02,6.534490439045351207e-02,3.260818041263621736e-02,2.957050938296673648e-02,2.841530135361658438e-02,7.062742437335031709e-02,8.443263365300379686e-02,7.540181204365076217e-02,5.190580968639429971e-02,6.425157434732570172e-03,1.960771668099342557e-02,5.016763021210535189e-02,2.726141959952729787e-03,2.346504045691841928e-02,3.001863747853980580e-03,1.185299666432853075e-02,5.681090650781153717e-02,9.763793578944478246e-02,9.977999943362007851e-02,1.021116356931439789e-01,7.435326664867436541e-02,1.133000280958111061e-01,1.089610574586782343e-01,7.779935222414394169e-02,7.996376612512387516e-02,1.386380882147033589e-01,3.526532076585819908e-03
2.629541121065138987e-02,1.193620189528774023e-02,2.037452283104590478e-05,6.447862377898044839e-03,2.651732998571409983e-02,5.242987299622686725e-02,4.691592043519071664e-03,1.410102556653061723e-02,7.274683931710620999e-02,3.761773864099691306e-02,1.505297567174893048e-02,3.469260078816660542e-02,5.076694511159579593e-02,1.167824277384013620e-02,3.810888789815145700e-02,7.947675577648936895e-02,5.413460986026732980e-02,4.208249371170433295e-02,1.620626949411924089e-03,3.682228121042394053e-02,6.363724264767461891e-02,6.551000075695723179e-02,1.285124985955248267e-01,3.696085206103649767e-03,1.110223024625156540e-16,3.553474244686405936e-01,8.284195583654474504e-02,2.645722598653794666e-01,1.206016342620715720e-01,8.506406712666808589e-04,3.472168637515166134e-02,5.891382288260169076e-02,3.676679052781231527e-02,1.792684464362007124e-02,2.378206737606257393e-02,2.501248672550257512e-02,9.309866914136212535e-02,1.192754806238151277e-01,1.228851222903288853e-01,1.515324030606901295e-01,1.593444918762458307e-01,1.470619605088435422e-01,1.059990153481908809e-01,1.158775361545548999e-01,8.952616983123036498e-02,1.100036582907365640e-01,1.412218789330145219e-01,1.544385749161978072e-01,4.791515793663864153e-02,8.987149905087077340e-02,1.357506228101460766e-01,6.052896912704619492e-02,2.192191279344671284e-02,6.660023357881220130e-02,8.346644848417544837e-02,4.022485094906957936e-02,1.618051455340477340e-02,5.932400919213234869e-02,6.440285208176285692e-02,2.714989840438099267e-02,1.017169142927438347e-02,3.715810132505455166e-02,2.722981425787235343e-02,8.519052353850628534e-02,1.072556552629476828e-01,7.133159215460463387e-02,8.385878303376051446e-02,1.058857278348828701e-01,1.054105447686548430e-01,6.784246858220203957e-02,9.877580493384273408e-02,8.391697698829170271e-02,5.556041210584722334e-02,5.156062576541677045e-02,5.027600189237403649e-02,3.318278860468229507e-02,6.913522195132000558e-02,8.917501822632262209e-03,8.345192324898387248e-04,3.787276338967399125e-02,1.683822038314952696e-02,3.721471061068601371e-02,4.458030448485812702e-02,9.829817698311607566e-03,9.906493476298936646e-03,8.213386345179249370e-03,1.793777369368906860e-03,9.652583959450150575e-03,9.566991372538066751e-03,3.789932817370195162e-03,1.691184308282987769e-02,5.217693442694674999e-03,1.738049090695665405e-02,2.805442437341218453e-02,1.334893314054379221e-02,2.592161340491758170e-02,3.329055102356789919e-02,1.782876350984985425e-02,1.962660211110364705e-02,1.760096366206548302e-02,9.581661617806352949e-03,1.359322178590102737e-02,1.231009707087446503e-02,6.047979289278582193e-03,1.762085405269246674e-02,1.476546517061572139e-02,1.715089432351352139e-02,4.237581834170538186e-02,2.954288167607629217e-02,2.742562361484551792e-02,5.486362933557918653e-02,7.547434187039551989e-02,4.502503751250620800e-02,5.496544275234347549e-02,8.258590666012445569e-02,8.463504197380296301e-02,7.210234590801681276e-02,6.397483871287412693e-02,6.348198486788886319e-02,7.267311402644063834e-02,7.651919312902033532e-02,7.536377475123873237e-02,6.054752017928477503e-02,2.798016782496570709e-02,4.060365904417095884e-02,5.928826127057187922e-02,1.441578675047550107e-02,4.517004118565114135e-03,8.573835962683951789e-03,1.224857977817763593e-02,4.331919430565454865e-02,7.879793716965703687e-02,5.462069284870509078e-02,5.463045206943416277e-02,5.202992682161727833e-02,6.409482144101658063e-02,4.831197693050964803e-02,5.097698334799455333e-02,6.533524401006129967e-02,6.835408441473148078e-02,2.500019582381393657e-02
2.862247048396088234e-02,5.522580693891682158e-02,1.035727027262669520e-01,1.316162855497033657e-01,8.147637124046089308e-02,2.407047226661696016e-02,1.241682482295267398e-01,1.003621972443573540e-01,2.387194158578909153e-02,2.774123771517483794e-02,4.514296819748574163e-02,8.407596716146964466e-03,1.779438421461373987e-04,8.235640610767847036e-02,9.281485211192042062e-03,1.915807805523073171e-02,4.337811618456299811e-02,7.270281921971782912e-02,1.447856651914858905e-01,2.319563243734951152e-01,2.242944967930357025e-01,3.041660380727135293e-01,4.284627972099120385e-01,3.286913045163818436e-01,3.553474244686407046e-01,0.000000000000000000e+00,3.537403430774410662e-02,5.287674180941916990e-01,1.454775340989540311e-01,8.800015703088651109e-02,2.239252308265809455e-01,2.779583204983680500e-01,2.079346671566789095e-01,1.833059153369313576e-01,1.167022169975168167e-01,1.505357912129894060e-01,7.657742608358636405e-03,8.014720426895159677e-02,1.406166081329398854e-01,1.801810179694082747e-01,2.666359025789315496e-01,2.882078803148608870e-01,1.510379322370070942e-01,1.595050967298401456e-01,5.660032764601230504e-02,1.036176154528617166e-01,1.976510489511151825e-01,3.017535877509938680e-01,2.219084735050657620e-01,2.616959599765292799e-01,3.016518664279063122e-01,2.244698737596532989e-01,1.648386420036656030e-01,1.955739239225363080e-01,1.905608657077338397e-01,1.555394959862979598e-01,1.186362939350303902e-01,1.410211997066141976e-01,1.925795946617253340e-01,5.968904971415112115e-04,1.237958243280910808e-02,6.024953639650729165e-02,1.399837493849272196e-02,8.252213881348266500e-02,1.506471671797116330e-01,4.078808357575683385e-02,1.482183836909896357e-02,8.566141652989578414e-02,7.524710729280451038e-02,9.040646197130824957e-03,3.664051855969424620e-02,3.481086819624029660e-03,5.875970638541169050e-03,3.563041080173684483e-02,4.352348104455017186e-02,2.902878504517003577e-02,1.771342992629015844e-02,8.720728194353946638e-02,9.918993578012316736e-02,1.478717270657136651e-01,1.002193191658234395e-01,8.443591018399106141e-02,2.471683741738740087e-02,2.706020237880744916e-02,6.140661379911496742e-03,4.211113893360823868e-02,7.997904494204091663e-02,5.787643894380600784e-02,2.225338695802438205e-02,2.667600158153432544e-02,7.533460594711349767e-02,6.429014307630279146e-03,6.318101596844583057e-02,8.497757416392309748e-02,8.270561902258155573e-02,9.237308489737194872e-02,9.616499625396446316e-02,1.210413139508390024e-01,1.213477635118027365e-01,1.333816330212000967e-01,8.701109539484319644e-02,8.089760102516055373e-02,1.300070313238274877e-01,1.093028463374312587e-01,6.532199753981243751e-02,6.414346266587445111e-02,6.404077872173746799e-02,1.521071211369016962e-02,1.671389972671272206e-02,1.144028406586446167e-02,6.184665362571480779e-02,9.479866663513225600e-02,5.337177264754407180e-02,9.363853707369790280e-02,1.690544676937816571e-01,1.789422897221606690e-01,1.733958112379330174e-01,1.470946245571051747e-01,1.569566890147399973e-01,1.401521432909092202e-01,1.669659919672831783e-01,1.913791211189163621e-01,1.836620592628240012e-01,1.478434434626701988e-01,1.531105241543438134e-01,1.540586135461662065e-01,7.848964287950994934e-02,5.848794868787432488e-02,4.744202959492216376e-02,1.233452953417179393e-02,6.847157832160594149e-02,1.392344530157962057e-01,1.075776640687554769e-01,1.505013964154179873e-01,9.306040801743764579e-02,1.327896426658849438e-01,1.223852997852621916e-01,1.529260155712148794e-01,1.815557392243518642e-01,2.010474325612892632e-01,1.480212441955800207e-01
8.397862244585996283e-03,1.333395261843722812e-02,7.268858477419579134e-02,1.091141015067292330e-01,4.868928187684856690e-02,8.431033960410172501e-03,8.499500783709390550e-02,7.524875797784957854e-02,5.335777852220902062e-02,1.533784332611463908e-02,4.718772592129427679e-02,8.865064676245731912e-03,2.521896664403120922e-02,8.017873980568737680e-02,7.078739045291332355e-02,6.965013359142233074e-02,1.435267823558628586e-01,1.691687742714377274e-01,2.387894442285054541e-01,2.768165540963801741e-01,2.466795731448021556e-01,3.374747798146114364e-01,3.720106086027425984e-01,1.964831831388871852e-01,8.284195583654496708e-02,3.537403430774410662e-02,2.220446049250313081e-16,3.724343020544442773e-01,6.661554241044242985e-02,4.033851322779588577e-02,7.077435241994112225e-02,1.800774448678957862e-01,1.401663673655874076e-01,4.686107545141804387e-02,2.816946894666079448e-02,6.916953268233827501e-02,3.245837756278277531e-02,1.667359067665009631e-01,2.157401909564228282e-01,1.601850360690978414e-01,2.502112791239438083e-01,2.285273643329124582e-01,1.072134720345875730e-01,7.757324416214947393e-02,1.659050790771704476e-02,2.361600301157523729e-02,1.675814733646663057e-01,2.624364041427098559e-01,1.909368729096941886e-01,2.584461128277203978e-01,3.014522933425727302e-01,2.321891870397630175e-01,1.579076790133198682e-01,2.131002027297373425e-01,2.118384312745711096e-01,1.434651613814196813e-01,1.075624003452084476e-01,1.247903464709841370e-01,1.435139874357644341e-01,1.771495714874788546e-02,3.181331167449187591e-02,8.344746954506425396e-03,3.281299275007404370e-02,8.024796947186042806e-02,1.155202775472917442e-01,1.813868143929737997e-02,3.982954483511003119e-02,1.343775357305279639e-01,1.069781426505972827e-01,5.453718484656557008e-02,1.187962810554425985e-01,9.610440875180564779e-02,7.948399074671141928e-02,6.898272382071080067e-02,7.436303738820772280e-02,7.481029774997655091e-02,8.895816284667565355e-02,2.379431558292388615e-02,6.207778627033483376e-02,8.929343476199791407e-02,3.158494113412368964e-02,5.032314910485821691e-03,3.662946852271520282e-02,1.087808731159240483e-01,1.175594234230944585e-01,1.002527970343761454e-01,1.431680433676121300e-01,1.519630418074801315e-01,8.245177332276204529e-02,8.522362501757116404e-02,1.392683452627042351e-01,6.440837995057825671e-02,3.131992903841805675e-02,9.312615872212220980e-02,8.142261213962551092e-02,9.334699442835397987e-02,8.699509654006726267e-02,1.009443078897674650e-01,1.160060467285939922e-01,1.461054350617199682e-01,8.944709556311164489e-02,7.555958916111321644e-02,1.233590918738193265e-01,1.100093261145071444e-01,3.643747741151384667e-02,2.421033348591761225e-02,4.387577321553892684e-02,5.937260121077536645e-03,2.691785145457030459e-02,4.214239072606493219e-02,9.124935739488951314e-02,1.327591517342168181e-01,1.152116095705446597e-01,1.592519670556923339e-01,1.994615551449403501e-01,2.019004756509927834e-01,1.619685201741904723e-01,1.282233051938377888e-01,1.168773855345867640e-01,1.035797707036982818e-01,1.293809778011942024e-01,1.858416171875361678e-01,1.761127434001680814e-01,1.572672067020769449e-01,1.837478632324465178e-01,2.014624728393983044e-01,1.277186654200109239e-01,1.115359080082782006e-01,1.158071321822545519e-01,9.288476212355412098e-02,1.718287682315683754e-04,9.581109980467669707e-02,2.357145212889361248e-03,3.321250347216163357e-02,3.030664729564043480e-02,3.858672800000122194e-02,3.981172364788738982e-02,7.021988725256160524e-02,9.227253834522741727e-02,1.314963548955220274e-01,5.960708728819630320e-02
2.648574450142550385e-02,1.814765821345938612e-02,4.815343447186784531e-02,8.301657115357563566e-02,2.843123047345363918e-02,1.864407666140546760e-02,5.055710435892790677e-02,5.404357842265580802e-02,5.324442980984819829e-02,1.849455251667747602e-02,1.737140510651513647e-02,1.523104457103105491e-02,4.914405042821379938e-02,2.177986005256940527e-03,2.760144273994157363e-02,1.096951158716828051e-02,8.651634659428955598e-02,1.065539006291342794e-01,1.448269060663465169e-01,1.734903467819473577e-01,2.620846263934372700e-01,2.319021333308981525e-01,2.574662288983481928e-01,1.770632623397276340e-01,2.645722598653794666e-01,5.287674180941916990e-01,3.724343020544444438e-01,2.220446049250313081e-16,3.462208878884898144e-02,1.168808012858013612e-01,1.271630424983940799e-01,2.132352563248304800e-01,1.595350399699680399e-01,5.338184037362411760e-02,3.265722151262237527e-03,3.242004251864746833e-02,4.702876972053678106e-02,1.185718708426042184e-01,1.662746234696732828e-01,1.546045460432843577e-01,2.019534538952648950e-01,1.896755325368502665e-01,1.052992875076949331e-01,9.382143848411093889e-02,2.866660056866612155e-02,7.348402079897510542e-02,1.728506677734175934e-01,2.280605475044524266e-01,1.874863847840889386e-01,2.253145764554100872e-01,2.416738426168403842e-01,1.854966013192065055e-01,1.387782934978606386e-01,1.708563464881942273e-01,1.446667467783906147e-01,1.027327232876846519e-01,8.385327325740551951e-02,8.598343711282430135e-02,1.007461381365349490e-01,9.026466520303165486e-03,2.286898067958723774e-02,2.111626315038236945e-03,3.870501877261159351e-02,4.284127127229268861e-02,8.230501778935855883e-02,4.913960073610197134e-03,2.302089804062310008e-03,7.194069406931813404e-02,7.482805724462526786e-02,1.743246180148139146e-02,6.055007280892244631e-02,6.596246709163873512e-02,4.700842607386725852e-02,1.781915489809584446e-02,3.150442510661492779e-02,2.504116103285299044e-02,2.574365479296948644e-02,5.793476167148384204e-02,9.016675098967238955e-02,1.125360212151495926e-01,6.483154433694490737e-02,4.553970111092577044e-02,3.143256414496087281e-03,6.468543875619467420e-02,6.895441598447067666e-02,6.891172244392468338e-02,1.219695672531856123e-01,1.268618161535708111e-01,8.532961957901244454e-02,1.288354209966470210e-01,1.610564246632527063e-01,8.641138316654542462e-02,1.429375239465595637e-01,1.480002544717094193e-01,1.037462541950520123e-01,1.396244635002495960e-01,1.213015183498487443e-01,1.065723056885830161e-01,1.164557605866547163e-01,1.493452065612607127e-01,1.052563022088040257e-01,1.088041603166189919e-01,1.424848564136267648e-01,1.096874284598917670e-01,5.416017304173109670e-02,4.485124813156865509e-02,4.086056458326337015e-02,5.542560670244389698e-03,1.857383751051674969e-02,1.930183557403264416e-02,8.020278908495881431e-02,1.072243160384642180e-01,8.466879124836776405e-02,1.212727745091083942e-01,1.714892130182026075e-01,1.729430393591499249e-01,1.546700661680840416e-01,1.333361377138153059e-01,1.284420955353481331e-01,1.207797416825305559e-01,1.416661045624122706e-01,1.743962694834703675e-01,1.683198035706518769e-01,1.415400064912266664e-01,1.538169304185214303e-01,1.622880464799356937e-01,9.943932391383973612e-02,8.701791987702275910e-02,8.684823303106352366e-02,5.973209550467167839e-02,2.648236622562472053e-04,5.074429285778982862e-02,1.429976747978407153e-02,2.728215624217227020e-02,6.090211743537535249e-02,5.659733034088514081e-02,2.848885245124489762e-02,5.320501650311426634e-02,7.601015636300753608e-02,9.073295696941381661e-02,1.050582784875253584e-02
9.973316510010836466e-02,1.101380405791289457e-01,7.702771262698959731e-02,6.272266304427381867e-02,1.310555931796726359e-01,1.630152130726218451e-01,8.900387893286104690e-02,1.063097145828868495e-01,1.949467810182439476e-01,1.089273446336378182e-01,7.449336757769606243e-02,1.162685651935550235e-01,9.985441098571458396e-02,1.429833674741876059e-02,7.774879434840220593e-02,9.951349495829155123e-02,8.181541408319190078e-02,6.457740185872082317e-02,2.909568981859084191e-02,2.276974057977748656e-02,2.892212115429559915e-04,3.030176423663488716e-03,4.464992331523348623e-02,7.417285656419164708e-02,1.206016342620715165e-01,1.454775340989540311e-01,6.661554241044242985e-02,3.462208878884931451e-02,0.000000000000000000e+00,2.663172743689192212e-01,1.186387912936581746e-02,1.691123248074299923e-04,2.521170010503809289e-02,6.193559453197960973e-02,9.021404216034706325e-02,7.520114293884538892e-02,1.452292843580150761e-01,2.059114779903330195e-01,2.103606167035295127e-01,1.960357689920719793e-01,2.079202044574179342e-01,1.582629714616343719e-01,1.143759880641179727e-01,1.020899060740003833e-01,9.819330827581618237e-02,1.218989744303441702e-01,1.944112106641227855e-01,1.717293339433924038e-01,5.355803362676997414e-02,1.230281119901937420e-01,1.958307304449777853e-01,1.379912774567905176e-01,3.494243013477055237e-02,1.283410516676335988e-01,1.670081261679897677e-01,7.496089586497907409e-02,2.787455859916196377e-02,8.568697919252343809e-02,7.530287154368181524e-02,4.970510799071545249e-02,1.298489633609173355e-02,7.080344240194394456e-03,3.790601639068135603e-02,1.237923533447921887e-01,1.343059778122958903e-01,7.699584212409522899e-02,1.121230430748926254e-01,1.476454260501682547e-01,1.478510246537125816e-01,1.142008515493216081e-01,1.832897469271290991e-01,1.723250688336507852e-01,1.624344178748763912e-01,1.368562745331758923e-01,1.324613077383647863e-01,1.079786271581063273e-01,1.322979190332597421e-01,5.680337602700649691e-02,5.231395358670876128e-02,6.647870298247399168e-03,3.903599464317573930e-02,2.111936537079445175e-03,2.061628282285060676e-02,3.643849321605373975e-02,8.364854490103217077e-02,7.524268808888902316e-02,6.180403936475543925e-02,8.257048175039174986e-02,1.237893453556726392e-01,1.260257507258104870e-01,9.806730693461471193e-02,9.715982583264753947e-02,1.445411494211620573e-01,1.252774690322354390e-01,7.910680578260691209e-02,3.868986698689358406e-02,4.125469115582440505e-02,3.076114640071028750e-02,1.410121264440294953e-02,3.073827254413241672e-02,2.863066977921213674e-03,8.421781294443292376e-03,3.783108390485515060e-02,2.568168861174502382e-03,4.461498980512179635e-02,4.095647041818650802e-02,3.217453957517263374e-02,7.824649232134467391e-02,7.748465940487780923e-02,7.324228825982767588e-02,9.750790885300204824e-02,1.268404107556571070e-01,1.070505757662982282e-01,1.084077273206532077e-01,1.261019783320952714e-01,1.258243563440017976e-01,8.736403587299598761e-02,8.438681595097541344e-02,6.272790207568516851e-02,8.406334465541670520e-02,6.470427481580819096e-02,6.847230243068458400e-02,4.434080277999044584e-02,1.361997615385196481e-02,4.667424751398974170e-02,7.925354572615969651e-02,2.986477711417268033e-02,2.243424090417853525e-02,4.497381455402133660e-02,5.326410073319684524e-02,4.319230705268017889e-03,4.960654554164023455e-02,2.805573309048819963e-02,2.745216363141764204e-02,4.422680985281182697e-02,3.247545243164587370e-02,3.458395523335355826e-02,5.805351415319748298e-02,6.709133902069458477e-02,3.323843603768847355e-02,1.028481540260673677e-01
1.425929244905236870e-01,1.299143236712151650e-01,1.003685667194743336e-01,9.698696440381320005e-02,1.574741413202530027e-01,1.820373011588388990e-01,1.236985968843581085e-01,1.452018038129835875e-01,2.128914040556583176e-01,1.405610000835171569e-01,1.336593208654060783e-01,1.687677703060670997e-01,1.498511398033044451e-01,7.370840089330243927e-02,3.332379522017476364e-02,6.780486246676671602e-02,8.111059663963308963e-02,1.465087247915322632e-02,2.087966940510851618e-02,1.455866257889027598e-02,3.215969785573330464e-02,8.073481684003333547e-02,9.083083120780027775e-02,3.440309585466867770e-02,8.506406712667086145e-04,8.800015703088651109e-02,4.033851322779585802e-02,1.168808012858014445e-01,2.663172743689191657e-01,0.000000000000000000e+00,2.102350266453421046e-01,2.529678416272672647e-01,2.659552787610532376e-01,3.022827850192032484e-01,1.842329589672496992e-01,1.966939366708238823e-01,2.194013989238554341e-01,2.287914403689662035e-01,1.991622387672349337e-01,1.471504093241621514e-01,1.013986647205054603e-01,4.085974939519401022e-02,5.230969071356694061e-02,3.607121444120835879e-02,9.868738078210588516e-02,9.058268468846970844e-02,1.192985071460774260e-01,5.032700087388748689e-02,4.002723102910449304e-02,3.335131041020939630e-02,9.590350290658966603e-02,6.232524433287983667e-02,1.249972093305851129e-03,8.364884369353478566e-02,1.491757213081837397e-01,9.016863442305987630e-02,4.968448476173113054e-02,1.329291875947401502e-01,1.306964144746893541e-01,5.056565974596410884e-02,9.943749085784127362e-02,7.081543300118188500e-02,1.298808178230981270e-01,1.883882349805466594e-01,1.885118515962645180e-01,1.559682391588424477e-01,1.675906341923110165e-01,1.744511192977200864e-01,1.953434841333125116e-01,1.749471688978742889e-01,2.470919368842001695e-01,2.909163208025463687e-01,3.774006801513232756e-01,2.579911590985777270e-01,2.868473683533497853e-01,1.706299414225945221e-01,1.676157631553676364e-01,7.792222129631078131e-02,7.778064283467855944e-02,5.219960989468609702e-02,1.313035281770499052e-01,5.617127861682769813e-02,2.012837528982122648e-02,1.036073161934977227e-01,2.615600155724831510e-01,2.769129656896908709e-01,2.372081936706832428e-01,2.400152113632706974e-01,4.827447498143105920e-01,4.095375479163116395e-01,3.077038858034663038e-01,3.635610860257640908e-01,3.549866039146211683e-01,9.569489808060444025e-02,2.364899333786304667e-02,1.120480464386998214e-02,5.124034010802965694e-03,9.748061591575984952e-05,5.662343311834926174e-02,1.230823378001233426e-03,5.463450272483399983e-02,1.861274853985020461e-02,9.094541055182409073e-02,1.958556500817276724e-03,9.637713554410276551e-02,6.744480626053317440e-02,8.482957253947487342e-03,1.344754200495866248e-01,1.601736459970060089e-01,8.239961787632833767e-02,1.075163339380737493e-01,1.845569154969116665e-01,1.440966628416199269e-01,1.110636591676451013e-01,1.478602158093853258e-01,1.364506732660267507e-01,9.771833306828724142e-02,1.321963890152040855e-01,9.834799714236854007e-02,1.336281654844142797e-01,5.804786613040061050e-02,1.691901169924913198e-02,1.109217143914875692e-03,5.135614135562544674e-02,1.681619077752834202e-03,3.929750744863137746e-02,2.636398958431500350e-02,2.737185186711447310e-02,2.604558990776536381e-02,3.770867211720872747e-02,4.856517644740495493e-02,3.866993999389341935e-02,1.292768306724546151e-02,1.117468473816478347e-02,1.034437332851535635e-01,8.949038135289301421e-02,2.207228048604750748e-03,9.497348633163396614e-02,2.099456187039403510e-01,5.089369920663404379e-02,9.941233527489891364e-02
1.766370460389944386e-01,1.116069455525938725e-01,2.439112612634630750e-03,3.717625547208935899e-02,1.179415024174949589e-01,9.231657756927602598e-02,6.324144429361205910e-02,2.363160452520923771e-02,1.474839967275146380e-01,1.959949923266329774e-02,2.183702125220521317e-02,2.630963958183540896e-02,4.529390220557788505e-03,1.014496477134052277e-01,2.199236174969058377e-01,2.107252548761048838e-01,1.612308636812278539e-01,8.694682206833435900e-02,1.131016100937698859e-01,9.980479524395075019e-02,1.202200205956982515e-02,4.292518532578816493e-02,3.605320667730269046e-03,3.383417751243019550e-02,3.472168637515166134e-02,2.239252308265809455e-01,7.077435241994112225e-02,1.271630424983940522e-01,1.186387912936581746e-02,2.102350266453421046e-01,0.000000000000000000e+00,6.270818459209182016e-02,5.645734015098446967e-02,8.282885096744141418e-02,1.247402121345349002e-01,1.671983966258936416e-01,1.937423696733866496e-01,2.593986889367276838e-01,3.044232720472280773e-01,2.774744895701710123e-01,2.597732394687773394e-01,2.023892137887348674e-01,1.688633927660760647e-01,1.822694809745988298e-01,1.922909055369954046e-01,2.261420950019000231e-01,3.325148500165376886e-01,2.333038123323454005e-01,1.196734348487283051e-01,1.316992679738255012e-01,3.084580498175562013e-01,3.836333631555526313e-01,1.500809418102083681e-01,1.974945927115265565e-01,3.585727505817034033e-01,3.457184991306350708e-01,1.825011208421999376e-01,2.770058225411041741e-01,3.286296621678153063e-01,3.991717422562034850e-02,5.731538874507828563e-03,1.109171323122849218e-01,6.802400975576579356e-02,1.980704118778959799e-01,3.027967145088236167e-01,2.096503207971202598e-01,1.748731158362510363e-01,2.774774390200098195e-01,2.519485480882047712e-01,1.831775369110080209e-01,2.490802088420226434e-01,2.363087735759283881e-01,1.960040690778603878e-01,1.545946091027515790e-01,1.119374304453699676e-01,1.074594634616204414e-01,1.639135013239306216e-01,1.041007040926655303e-01,9.604353304049201290e-02,6.808309400313289350e-02,8.727242078165325934e-02,2.962610985193693536e-02,4.112889522393174679e-02,3.112411289623954330e-02,4.984939944477906337e-04,9.680744720513834167e-05,1.265515116505357973e-01,1.288754708512601377e-01,6.851435249534254535e-02,1.565167155484866734e-01,1.826221471619371428e-01,1.029954924969902486e-01,1.740028709335448287e-01,1.876082852271280799e-01,1.294979066473231077e-01,1.196603813353521589e-01,1.024775045800494361e-01,1.212046216097039109e-01,9.722250766353784934e-02,1.215363804281431315e-01,1.023426637594203048e-01,1.104911024868913128e-01,1.374095482620426301e-01,1.116539211713470647e-01,9.389806256198734991e-02,1.058167064251455958e-01,1.019555649167259576e-01,8.146190887537232972e-02,5.625495887148129759e-02,9.533119703662057409e-02,6.702626571142408785e-02,8.497926053957260972e-02,8.388016324514352418e-02,6.632633929655135097e-02,6.466054263945070213e-02,7.405284028815355135e-02,3.927819119560134464e-02,3.737715854972761820e-02,7.124897852724791647e-03,1.945335963303736204e-02,1.477618296523315958e-02,2.939312194156089297e-02,3.028217693070545113e-02,3.304334707870354437e-02,1.174350282882596908e-03,1.048223822486923917e-02,2.756031775423972707e-02,3.054368794725262348e-02,5.184086637754020677e-03,1.031872803811409445e-02,1.072682387765286627e-01,1.596131071449445049e-01,4.294238902791020634e-02,1.078142090224308014e-01,1.544773991070854946e-01,1.621337479595018616e-01,2.555898871952716478e-01,2.479311619474076078e-01,2.697690660088321035e-01,3.270137193062617187e-01,2.829412697794616016e-01
1.767696898402133787e-01,9.814176373027705402e-02,9.406668819792740610e-03,9.720090717548868220e-03,9.144004957864421135e-02,6.735604936548922339e-02,9.524010147667133497e-02,1.155772547552019747e-02,1.211037795947588203e-01,5.449082721433165521e-02,5.642827439204264883e-02,9.255414017498686530e-03,7.163094911761402894e-02,1.111686858064706851e-01,2.084881767474043579e-01,1.932611422556647085e-01,1.131971949073671824e-01,3.228779375975127097e-02,6.530679552592738579e-02,3.287620540213254117e-02,8.409582073049665096e-02,1.151426978008546209e-02,5.503606729653892637e-02,4.829845144318549444e-02,5.891382288260169076e-02,2.779583204983679390e-01,1.800774448678957862e-01,2.132352563248304245e-01,1.691123248074299923e-04,2.529678416272673758e-01,6.270818459209182016e-02,0.000000000000000000e+00,5.543926831344636597e-03,6.928304271359253530e-02,1.550119956409371502e-01,1.207913857705261718e-01,2.133426645750340356e-01,3.340826266588201032e-01,3.970831823617063661e-01,3.449632576860743871e-01,3.762168083250764239e-01,3.094030732443771026e-01,2.543227795817840642e-01,2.435729964018641669e-01,2.115837096733157452e-01,2.403893034701217735e-01,3.952719320783583679e-01,3.443934037917123492e-01,2.006238787205396057e-01,2.211647320675690087e-01,4.313840080278623645e-01,4.776343002202864119e-01,2.016781542634450419e-01,2.796998963723590359e-01,4.394165432747836886e-01,3.705018968163608650e-01,2.010041161192532289e-01,2.957664211405625632e-01,3.139914674105886983e-01,3.139951876798187380e-02,1.408443654704251424e-02,8.933096479564359149e-02,5.129020781623300218e-02,2.102557459860674438e-01,2.841883261669095329e-01,1.810180439685693810e-01,1.941801552463698344e-01,3.202587135273181063e-01,2.576941703737914979e-01,2.084145504839105545e-01,2.982893297638191665e-01,2.744536951710968009e-01,2.174952571727605810e-01,1.939758572866644992e-01,1.393435721772113833e-01,1.428964855864217620e-01,2.078845673328094668e-01,1.208361622713303718e-01,1.145903914700014958e-01,6.984662979452699316e-02,9.201919572959499360e-02,3.643066000279851502e-02,2.994411723100540157e-02,1.345653414574590756e-02,5.101067204803026722e-02,3.997334534150661506e-02,4.882658574320000722e-02,4.374612556686276882e-02,2.979104168198742908e-03,5.597621575820283663e-02,6.768449924769376347e-02,1.928256224603418223e-02,4.656045327668170697e-02,1.013955665471442114e-01,1.133494944217245115e-01,7.565034182130234153e-02,8.526859735462957723e-02,8.327180875678108496e-02,7.000918755220292278e-02,8.762400416492038824e-02,1.159001970967575845e-01,1.334918391779821856e-01,9.963101112949734883e-02,8.885086105121692279e-02,1.046542643742568446e-01,1.184700855141414544e-01,9.647662624509423246e-02,9.897899000560037019e-02,8.593452131509282665e-02,1.266213541893908556e-01,1.056862519081547824e-01,1.432755438228616174e-01,1.401849468981540281e-01,1.356439730527828624e-01,1.327513650879673102e-01,1.391995962733644787e-01,9.113772026703192974e-02,8.453202852968594305e-02,5.243029883020804138e-02,5.584568037907666066e-02,2.335947208716646073e-02,1.822440055522586699e-02,3.474257297338856354e-03,8.531390033809427287e-03,4.545076154599680951e-02,7.623287245296103687e-02,2.739977664523465806e-02,1.848511691244622557e-02,5.734415785972002411e-02,6.727621048671159065e-02,6.396009067949101623e-02,1.577488313063116765e-01,1.155927784727284885e-02,5.333635450709510450e-02,1.454274447699941408e-01,1.383938316331079776e-01,2.288188285661038046e-01,2.463805424337129901e-01,2.910940288216629646e-01,3.083700430213525134e-01,3.280576613708462985e-01
1.474492670705157549e-01,4.694942238755117625e-02,6.785195514784103654e-02,6.360332512569955021e-02,2.568623692988947216e-02,4.321194720567356207e-04,1.743851015503359303e-01,9.643262012111158965e-02,7.135838151900469883e-02,1.430404087444475669e-01,1.056821694908990084e-01,5.165787577326386160e-02,1.168782063856421832e-01,1.283877105702414811e-01,1.625475243121458913e-01,1.296284663638117562e-01,6.917236899996126454e-02,1.683964949743549377e-02,4.284981259557973932e-02,1.812646729549061142e-02,4.417179501368895256e-02,2.034728233567806299e-02,4.051887223804229166e-03,3.985598033425276354e-03,3.676679052781231527e-02,2.079346671566789095e-01,1.401663673655872966e-01,1.595350399699679844e-01,2.521170010503809289e-02,2.659552787610532931e-01,5.645734015098458070e-02,5.543926831344747619e-03,0.000000000000000000e+00,2.763324876597217372e-02,8.980174702972731904e-02,4.866039917484243915e-02,1.020046451979587099e-01,2.424844733264391872e-01,3.306222763418650290e-01,2.291108867750456524e-01,2.804558305120915529e-01,2.088867455404606055e-01,1.450219831094218814e-01,1.410632798003755850e-01,1.142780657791380161e-01,1.441793836657080385e-01,3.155325706089818216e-01,2.798235473738420742e-01,2.123588345126586341e-01,2.320387746119849104e-01,4.240569800078172746e-01,5.157037717846085778e-01,2.654104968423399713e-01,3.349196737439446014e-01,4.754570846807895101e-01,4.021832451110002316e-01,2.391504994172037046e-01,3.107099686736136124e-01,2.941779268917875112e-01,6.874827859696797105e-02,2.726802564168406828e-02,7.950324434222119652e-02,7.315228339765916798e-02,2.240065426745925514e-01,2.439567189102498368e-01,1.355383538928158216e-01,1.664613959099532914e-01,2.814147528985313507e-01,1.719975923850070587e-01,1.407896819383803177e-01,2.144098717202704840e-01,1.692314091988927904e-01,1.346692269048210266e-01,1.283387835736800042e-01,7.439142798057996053e-02,9.396225574585231888e-02,1.411146862572071337e-01,1.111962747836674759e-01,8.779154314092735278e-02,5.936259936346793831e-02,6.004381056082810919e-02,4.730558556151440858e-02,2.605600233882565675e-03,5.865302533471053459e-02,6.532330313543678602e-02,2.473758095482408298e-02,3.532854490513603896e-03,1.019517095427763254e-02,1.962139792638728508e-02,2.282221201184238962e-02,6.484795005732013617e-04,5.907335812763955807e-02,1.625616813046737441e-03,7.039114583245725809e-02,9.271844753697180974e-02,2.777520955065676533e-02,4.607122133307012257e-02,4.314953617892375304e-02,1.663706823706978533e-02,1.423005575109248522e-02,5.928262951296348060e-02,8.095950654710376559e-02,4.615289085581886219e-02,4.129813813227700692e-02,8.674766592912547258e-02,1.118529212242663218e-01,1.015174346487912604e-01,9.898535012613035589e-02,1.046593418984772816e-01,1.479602254476445056e-01,1.251540825827570091e-01,1.574169439049775687e-01,1.631500583865288789e-01,1.609005296769101812e-01,1.428071336212281550e-01,1.304804740586355538e-01,6.451658107338550940e-02,6.441094330157740022e-02,2.786175099555655149e-02,3.623710742512192828e-02,1.507057361108069156e-02,3.756515581863809072e-02,6.183845323361691904e-03,1.419438019146096464e-02,5.761372819474819273e-02,9.454400315755492890e-02,6.887848463430679136e-02,5.299080617325580000e-02,8.439728981717850576e-02,9.505090112005445957e-02,1.990929011719208552e-02,1.278429569953478673e-01,6.657269090509501663e-02,1.231160110653453654e-02,6.489234325720726060e-02,3.826584784125892924e-02,1.498307018531908619e-01,1.452765481285597238e-01,1.586126717746380033e-01,2.400006840642759098e-01,2.581957648511677417e-01
1.376211373895961099e-01,5.994137754095635318e-02,5.423413254434789055e-02,3.305347247265416621e-02,3.595189903986106827e-02,1.507635280143448941e-02,1.330183134027326797e-01,6.477640718085736493e-02,8.268368094819433800e-02,8.558087341644365909e-02,3.918411031346605289e-02,1.815195208642889080e-02,4.907171451374287008e-02,6.633138675832747633e-02,1.519838143193731894e-01,1.446677256322475291e-01,1.073569352184129411e-01,5.339701821824197059e-02,7.165521457852420950e-02,3.708038471748192899e-02,7.459533723413264150e-03,5.422440719809581977e-02,8.361983332251798906e-04,1.825777112055318452e-02,1.792684464362005736e-02,1.833059153369313299e-01,4.686107545141804387e-02,5.338184037362410372e-02,6.193559453197966524e-02,3.022827850192032484e-01,8.282885096744163622e-02,6.928304271359253530e-02,2.763324876597206270e-02,0.000000000000000000e+00,8.538884704300198081e-03,3.143186889327431732e-02,6.619197259588394111e-02,1.349176373593584666e-01,2.020975062344709805e-01,1.949382161353944709e-01,2.288497157045265018e-01,1.869531767569519165e-01,1.408852685637398960e-01,1.549739649476001846e-01,1.370166184098201012e-01,1.559082702526055630e-01,2.622757192364112977e-01,2.089017246463689692e-01,1.519093831250231119e-01,1.690234910307948368e-01,3.425607316644201372e-01,4.199838635123031572e-01,2.044754152180142948e-01,2.713189500110336216e-01,4.032271967883554464e-01,3.686325094905031352e-01,2.210510814147755576e-01,3.063165834592844194e-01,3.026333917525756978e-01,1.183061904334736930e-01,6.684178474871427245e-02,1.254278555686607899e-01,1.093842974018893466e-01,2.343884671186028112e-01,2.633427636256175930e-01,1.582729238140190842e-01,1.467400294691141860e-01,2.188194691274933379e-01,1.279097469194715453e-01,8.791038841229681378e-02,1.409418624644255269e-01,9.243673201407065498e-02,5.867481077459724137e-02,4.724404521848180050e-02,1.160668087552063632e-02,3.620595267361770286e-02,7.825148799754522155e-02,7.667870994522624217e-02,6.369806122919846603e-02,2.855200599003265838e-02,1.368493932100978139e-03,1.246833039448064229e-02,5.793603396662461158e-02,1.124453667359874565e-02,2.569089096602023004e-02,5.476951817479130957e-02,7.567361771123942704e-02,5.830510406370664755e-02,6.883629278510466909e-02,9.169339844934744355e-02,5.945306891349154410e-02,3.794290414501444442e-02,3.557497199433892754e-02,7.899783816591129937e-02,7.573613375526219715e-02,3.767520681523048309e-02,4.227527303475939191e-02,5.321865764589073233e-02,3.228599121492531365e-02,4.085722914151224128e-02,6.255686145087402394e-02,7.196662566370709557e-02,7.313748580387835485e-02,7.427357420653646347e-02,9.034897832362320802e-02,1.116447615786883840e-01,1.382729961508894767e-01,1.162762157179309253e-01,1.013749704369121818e-01,1.499142757583090957e-01,1.308947900647860485e-01,1.380027893111058224e-01,1.381956380882613244e-01,1.233221701990957209e-01,1.070073122672415417e-01,9.281987945867449519e-02,3.866518996915020712e-02,4.849408489365650277e-02,1.642232311409184964e-02,4.382285680530212391e-02,2.600142099400071238e-02,2.929893840544148254e-02,6.476948956731509721e-03,1.101265961678066230e-02,6.157130858538639728e-03,4.280439211834245056e-02,3.534752926172779475e-02,4.484553686789238824e-03,3.312092119802403922e-02,5.272328939766016825e-02,5.097585886488724405e-02,1.179288645606313968e-01,2.008621755131664161e-02,6.261296566808076391e-02,1.095239974791597792e-01,9.098534850776043847e-02,2.236661682289421693e-01,1.989100053548975289e-01,2.049087325181781494e-01,2.526471037490932714e-01,2.898802426326093085e-01
1.592636011219766834e-01,6.937606580414179547e-02,2.557321689586444791e-02,3.002056389848006823e-02,4.717730619727650287e-02,1.527994698958029529e-02,1.151233911068746396e-01,2.528077700484659962e-02,4.378061572822006253e-02,1.056001362560736179e-01,3.062963999467663290e-02,1.257226629810379026e-02,5.521032619347281123e-02,8.468926017270232698e-02,1.948860669779416410e-01,2.164475420810406947e-01,2.144967073478908637e-01,1.663186520501202248e-01,1.622415885964219040e-01,1.212691763164093772e-01,9.553906646821205828e-02,1.324310301868538153e-01,6.693123574244355667e-03,9.254292726211602038e-04,2.378206737606254617e-02,1.167022169975168167e-01,2.816946894666078061e-02,3.265722151262237527e-03,9.021404216034700774e-02,1.842329589672497547e-01,1.247402121345349002e-01,1.550119956409374833e-01,8.980174702972731904e-02,8.538884704300198081e-03,0.000000000000000000e+00,5.174443174965615011e-02,7.451438361488693651e-02,7.710637499998818090e-02,1.276330034403888591e-01,1.833889589038881773e-01,1.908143308984937558e-01,1.622946665526838472e-01,1.510479387736303747e-01,1.943724340597380307e-01,2.006105564291454924e-01,2.100435909179469707e-01,2.542036326131684731e-01,1.972548483288574239e-01,1.082954107415479150e-01,8.984462178930004150e-02,2.660768440824148873e-01,3.447808106886827706e-01,1.124731079025275693e-01,1.965311553632568264e-01,3.509031172636679630e-01,3.228743574956479123e-01,1.631536800030672918e-01,2.887989567827601300e-01,2.734049358225432158e-01,1.495960627962112377e-01,1.120774768927605552e-01,1.785707993863620835e-01,1.966824256731035114e-01,2.779423795621353555e-01,2.933295748272867209e-01,2.171470519943594635e-01,1.960957887638990482e-01,2.056645934425925804e-01,1.150537774744747610e-01,7.750310198334753320e-02,1.047972791255747937e-01,2.936813050347952814e-02,3.984601317436131662e-02,4.689877658186403231e-03,3.862592891345917323e-02,7.995719324336292289e-03,4.970217526562115129e-02,6.421241875346822559e-02,8.783850625380168475e-02,2.183096868128769907e-02,5.071958491177125383e-02,9.553984345742722040e-02,1.666504219021471833e-01,1.281353386840728137e-01,1.489846864137754079e-01,1.806643376601305140e-01,1.866802198131698454e-01,1.544964712969489340e-01,1.618471326146678491e-01,1.613932636295819789e-01,1.229308392923781357e-01,2.002253484160532865e-02,7.100794497830666130e-02,8.066051631306930814e-02,8.220242426071461272e-02,5.806126601056213477e-02,5.050403005276082880e-02,7.583136691741049207e-02,6.945886468288742233e-02,1.079152072589591449e-01,1.193281016141182205e-01,1.114769773800947106e-01,1.341640695340520772e-01,1.579461377757594986e-01,1.409050822306057160e-01,1.454862294254151422e-01,2.043033310882303444e-01,1.755935227205572546e-01,1.248725445746729223e-01,1.623159432788872925e-01,1.570892765008591874e-01,1.465368629493297714e-01,1.191165408710437024e-01,8.885771779859515107e-02,7.369284931498810975e-02,4.515390564827298503e-02,3.492845470366920391e-04,3.252239834657784379e-02,1.308154909465181204e-02,6.965519555409015184e-02,4.906808525462722642e-02,1.495508274696383255e-02,5.206313382680680113e-02,8.804602706689607095e-02,8.944473683644507678e-02,3.064789703461602566e-02,2.699847200698701766e-02,8.450314813560876048e-02,4.842732525066723026e-02,2.293315296910465595e-03,8.877195610830143635e-02,1.431450010172111154e-01,3.625073406580784502e-02,1.116676567224348660e-01,1.008905891848457664e-01,1.046295667111320771e-01,2.498849105794272440e-01,1.787520214359145931e-01,1.818504775741273671e-01,2.212376120856054673e-01,2.463329863105717388e-01
1.282613502447544351e-01,3.687111200823717239e-02,6.785083671786507065e-02,4.730402856342358353e-02,9.724839788606609581e-03,1.129316643016492483e-02,1.483853051249905963e-01,5.500514037069720308e-02,4.731242278096842169e-02,9.378560698433156817e-02,5.774934168137547952e-03,2.036762169935943390e-02,5.444567079081674699e-02,1.397711655647609907e-02,8.103478565107802289e-02,7.476157628436652658e-02,5.538774714640049002e-02,2.299789243028510510e-02,1.996584149563629396e-02,2.015919039065594554e-02,8.642567354460395368e-03,5.258886554745456632e-02,2.247571888318886102e-02,2.807857416099082681e-03,2.501248672550257512e-02,1.505357912129892950e-01,6.916953268233816399e-02,3.242004251864742670e-02,7.520114293884538892e-02,1.966939366708239378e-01,1.671983966258938636e-01,1.207913857705260607e-01,4.866039917484243915e-02,3.143186889327431732e-02,5.174443174965615011e-02,0.000000000000000000e+00,4.813873927699829913e-02,1.493568118241132003e-01,2.176384840056291292e-01,1.657462630611544752e-01,2.456766703427913923e-01,1.912945129913735665e-01,1.262302782976230109e-01,1.310510267407629104e-01,9.465301978347895329e-02,9.711178656869301484e-02,2.036732554139294438e-01,2.234410462614767334e-01,1.888377842003294005e-01,2.089592692835632870e-01,3.892238044781526352e-01,4.625391114449204921e-01,2.437323335690219084e-01,3.449223829860105228e-01,4.921474431907060243e-01,4.020986913642776717e-01,2.364121039312371275e-01,3.513268521689405510e-01,3.012482216429114845e-01,1.156263056792789096e-01,7.257531154135850315e-02,1.288662680997606225e-01,1.416364750072788836e-01,2.836747920276498913e-01,2.909437160445245696e-01,1.905322421783898212e-01,2.110858226853563058e-01,2.870695024781192428e-01,1.647182701898243229e-01,1.268613365643107560e-01,1.757957341526402706e-01,1.071750915318150366e-01,5.456928355492446370e-02,8.179065500103355202e-02,3.708635720594249952e-02,5.874777445112339125e-02,1.108457135500119928e-01,1.183493859376567592e-01,1.019242960686814747e-01,5.140952767914286348e-02,1.162044296849296110e-02,3.289580590609145205e-03,5.348026908952713265e-02,1.522743984865609912e-02,1.356675356459828563e-03,5.039194169287155439e-02,3.602391651440356446e-02,3.754855341624646625e-03,3.244870860188850403e-02,4.660398783342773604e-02,4.573872234751308330e-03,6.317335114371692983e-02,1.491084027568318621e-02,4.818170993482742692e-02,8.430698998433772129e-02,1.755992576687182005e-02,4.161902512492202111e-02,4.387929264200424173e-02,2.094987813724080716e-02,2.427741929427751355e-02,7.753442998033582834e-02,1.014887725364331805e-01,7.219331051680366595e-02,7.643622867177291003e-02,1.159562929792357089e-01,1.439912302620441342e-01,1.506710173850067946e-01,1.455533547911687653e-01,1.431883822567835696e-01,1.845483819167558215e-01,1.756065127904559153e-01,1.963100392992755405e-01,1.959155589217536353e-01,1.844666124165045828e-01,1.651248408415631197e-01,1.403728742969975463e-01,7.483753179222257801e-02,8.912516095518994985e-02,4.717424919881793577e-02,7.130201415130155151e-02,4.767153859929060961e-02,5.253906258578754096e-02,9.091181090686767385e-03,2.654258972562878460e-02,1.331256168094271941e-02,7.640262094210462096e-02,5.055008584446496478e-02,9.278385510573999850e-03,5.838693008565182252e-02,8.996937032754714902e-02,2.238390234161116710e-02,1.220479945720135406e-01,1.306758329894744386e-02,5.273543599502904244e-02,7.291693042916722045e-02,7.123771761513135459e-02,1.971927914641427027e-01,1.485419327806480339e-01,1.678354636922042009e-01,2.253095215084510716e-01,2.600100218950647246e-01
1.227938386485030176e-01,3.426135590615148052e-02,8.131616128466601090e-02,5.725225467353772801e-02,7.181349072254761268e-03,1.303107408574905035e-02,1.717937137054548202e-01,8.927187943212472332e-02,5.801335222712467043e-02,1.486026088737902040e-01,5.705069099063780902e-02,2.202770688094951579e-02,8.465674335863171418e-02,1.077142124421267555e-01,1.084228389244773494e-01,6.874123358454137245e-02,6.035081736980757450e-02,4.460032999832425071e-02,7.370925206235057203e-02,7.319790103720891228e-02,6.934344375557166540e-02,1.366347497566938463e-01,1.135077145351656436e-01,1.107853525222818047e-01,9.309866914136206983e-02,7.657742608358664160e-03,3.245837756278277531e-02,4.702876972053679494e-02,1.452292843580150483e-01,2.194013989238554063e-01,1.937423696733866496e-01,2.133426645750339246e-01,1.020046451979587099e-01,6.619197259588394111e-02,7.451438361488682549e-02,4.813873927699818811e-02,0.000000000000000000e+00,6.298101126125876803e-02,1.244504028270209117e-01,5.030855575640325039e-02,9.106743854283816386e-02,3.917988514300396741e-02,1.379465708803506718e-02,2.660049401955977277e-02,3.027485688952946674e-02,3.076198210122960131e-02,1.226537368696661856e-01,7.828199938790431078e-02,1.089649087830151797e-01,1.124637271667141974e-01,2.718410023556325772e-01,4.230554075980281770e-01,2.202777013423906638e-01,2.904866640818527523e-01,4.216265039806353365e-01,3.696614924502176769e-01,2.040257169205450527e-01,2.925008567746436583e-01,2.413929361683066765e-01,1.186629535958707293e-01,8.347036569293324326e-02,9.557031226821345593e-02,1.343475406717194176e-01,2.337244639502280008e-01,2.129595369545885797e-01,1.226288700265192877e-01,1.353671627323920212e-01,1.924022310787474321e-01,6.241781625210029993e-02,4.530017253317208947e-02,8.147451209994871490e-02,3.137977564349381243e-02,9.667587385636222663e-03,3.938928298944044393e-02,8.361727144297059766e-03,3.415756716681861427e-02,4.516038221324469859e-02,1.321219402244334651e-01,1.012618570260349349e-01,8.741875959408418328e-02,2.556815457345651410e-02,4.315090130677728952e-02,5.974031790406564291e-03,4.171753047828696825e-02,5.446971394668050082e-03,7.850076248864695794e-02,5.026310334596564844e-02,1.353454345007815141e-02,5.969400328196000638e-02,8.984673666110069845e-02,4.284240301609301693e-02,3.826701374413123136e-02,1.952822217056181253e-02,7.205432838330383394e-02,6.815088906595845319e-02,3.503566916056835567e-02,5.617986630831356409e-02,6.639498241986482863e-02,3.198181084980450395e-02,2.051212324146273192e-02,4.967555277575064210e-02,8.191796424198166671e-02,8.548148095700219828e-02,6.629792404454509791e-02,9.949080158385548156e-02,1.454561606905889481e-01,1.625016775741695563e-01,1.186901996038006168e-01,1.290597402665682736e-01,1.885813564426757349e-01,1.435270298140083611e-01,1.387398134259299198e-01,1.679614196128454418e-01,1.463037690287046777e-01,8.790834704734559746e-02,5.828860376065177207e-02,1.738455144232112226e-02,3.210246410591643951e-03,4.367491717189575517e-02,1.710101767492255842e-02,3.963705462161876136e-02,6.879312979009497009e-03,5.725709889675885400e-02,4.099831125956585054e-02,2.416164554270797127e-02,2.997756635517259682e-02,5.474350603260169645e-02,2.311854329740611891e-02,5.841778638845625260e-02,9.762446029579255335e-02,2.455417359405059896e-02,4.662041330983746068e-02,6.805058667831978547e-02,4.673926769977965190e-03,7.204379337204247502e-03,5.675622649067985082e-03,1.233678826972807174e-01,5.871408976647200795e-02,5.698746481454677881e-02,1.475721133913685812e-01,1.678345408867036315e-01
1.121425886574100028e-01,4.435761433062507253e-02,4.534889858374618887e-02,1.554403204728771470e-02,4.010033781530492059e-02,9.888156849503615398e-03,1.118402943956456619e-01,3.105970116097978018e-02,5.701484850185972730e-02,1.345767840126094461e-01,3.592978916231287512e-02,4.658643215113444924e-03,5.867068592308086195e-02,1.495659963449697538e-01,1.995051552674763917e-01,2.065740698725668789e-01,2.250963622163012767e-01,1.993027458421468001e-01,2.157068084337865899e-01,2.215204614811545902e-01,2.048323175512513361e-01,2.335118489102179229e-01,1.799997113031208129e-01,1.330049134348834095e-01,1.192754806238151000e-01,8.014720426895163841e-02,1.667359067665009631e-01,1.185718708426041906e-01,2.059114779903329917e-01,2.287914403689662035e-01,2.593986889367276838e-01,3.340826266588199922e-01,2.424844733264394092e-01,1.349176373593584666e-01,7.710637499998806987e-02,1.493568118241133114e-01,6.298101126125876803e-02,1.110223024625156540e-16,2.070622108324415844e-02,6.347359587820322613e-02,3.536972298419094329e-02,2.734971903246719016e-02,6.497569657099033780e-02,9.055560882333979489e-02,1.415829287897082955e-01,1.264814204500529504e-01,1.475613299916920251e-01,2.849716699908760864e-02,1.149580309832118341e-02,7.546204241396584078e-04,1.422171991652722567e-01,2.717545896551194495e-01,7.483917799666425785e-02,1.542939911814393827e-01,2.471846124802276057e-01,2.478320112826927213e-01,1.209521736557412630e-01,2.334976564420960243e-01,2.109335272033863173e-01,1.994052837182611337e-01,1.887461807426644433e-01,1.785005896744043530e-01,2.267280421591413297e-01,2.550322134227889781e-01,2.272008198331615381e-01,1.511709617206240530e-01,1.038181396036631510e-01,8.170409391747512906e-02,1.489534716234697242e-03,1.477030771875675885e-02,6.310935605400969095e-03,1.597794056414625352e-02,6.475274711914258408e-02,1.133847662891473984e-02,2.474127116104507529e-03,8.456494893803179203e-03,5.913752479889122782e-04,9.031347057722960425e-02,7.392227765044800947e-02,6.334316237590137399e-02,2.147447615683764632e-02,2.597404727997456447e-02,9.222330394562311406e-02,4.734452109918071971e-02,6.541577733740029654e-02,1.589484240254613323e-01,1.362513589042750328e-01,7.351802150999303676e-02,8.872657943358747135e-02,1.300474688364763043e-01,9.217288888791891344e-02,3.839589492220766426e-02,1.990344183954620427e-02,7.682483623033559139e-02,5.954517908259210346e-02,6.137950407755984883e-02,7.064016016333410364e-02,9.965560556219281441e-02,8.400646514473605886e-02,9.351673244313490896e-02,1.033848788674583963e-01,1.212630712464642102e-01,1.483123463473150772e-01,1.422397208393990087e-01,1.450141292271839855e-01,1.761239537053546078e-01,2.148843391661677815e-01,1.612730511489717800e-01,1.393778923146165860e-01,1.984393816117651088e-01,1.538945193910693510e-01,1.253994160056145502e-01,1.400199741916258178e-01,9.473673977357460751e-02,4.022761457708423638e-02,1.937437276958331456e-03,6.186819222731670953e-02,1.986801283950545560e-02,5.409827542968351222e-02,9.652098086357363549e-04,2.725039466814591083e-02,2.340431776942480946e-02,8.383917843006924442e-02,8.874333824453642383e-02,1.104920256846437104e-01,5.103578301360145453e-02,6.015662614144989817e-03,6.386329561359234408e-02,3.089369076034377548e-02,3.335533291133071371e-02,2.533007979950958888e-02,7.184835677186743319e-02,2.637462364349360544e-02,7.566023284810206861e-02,1.273116778283182871e-02,3.013762608350151195e-03,1.755722463228671926e-01,7.422028436383583394e-02,1.901778780559201798e-02,1.314139551631421376e-01,1.447886976561665873e-01
7.262430943970160646e-02,1.065669741006181059e-02,1.190006296628093319e-02,1.121295172131742124e-01,6.624817430375878891e-02,9.576786951415172666e-04,1.026304820294257625e-02,6.570311269738032811e-02,7.230396518921761162e-02,6.970462493629633882e-02,4.815774900788373503e-02,6.815685500197973812e-02,8.967204961572911026e-03,1.074901998797512664e-01,2.270398579203697365e-01,2.583699064514456967e-01,2.889236849607064728e-01,2.677197546880304979e-01,2.539593885741613932e-01,2.461650821103572029e-01,2.536368090206471693e-01,2.666397250856745171e-01,1.789832485915308913e-01,1.353870018119044949e-01,1.228851222903288715e-01,1.406166081329399131e-01,2.157401909564228282e-01,1.662746234696732273e-01,2.103606167035295404e-01,1.991622387672349892e-01,3.044232720472280773e-01,3.970831823617063661e-01,3.306222763418650845e-01,2.020975062344709805e-01,1.276330034403887481e-01,2.176384840056291292e-01,1.244504028270210227e-01,2.070622108324415844e-02,0.000000000000000000e+00,8.147351168318062165e-02,4.247474888058044851e-02,6.607422354390812824e-02,1.423454949965181626e-01,1.644857466218648812e-01,2.248113146355557590e-01,1.743081401588910673e-01,1.356948069331078699e-01,9.657955648643967717e-03,1.611708846232018377e-02,3.632547045076339742e-02,7.461740666409044653e-02,1.564571602807665052e-01,2.150785806508381803e-02,8.417857159196284744e-02,1.655537526103550983e-01,1.496225551211929350e-01,5.238163303554899120e-02,2.191724374870026026e-01,1.950771152777126538e-01,2.220022131719952829e-01,2.421344936132929782e-01,2.396034726514964797e-01,2.862863611356118443e-01,2.734180083068852851e-01,2.634906682916073883e-01,2.162496880302717805e-01,1.308030500338266955e-01,9.035346734946847480e-02,3.038545761093258690e-02,1.302466349771291831e-02,9.233108397999068018e-03,9.858449525510626366e-03,5.775253912683359081e-02,2.532624798775251485e-03,1.313299000373224779e-02,3.491381378571023486e-03,9.373978247367076300e-03,8.579614233909987897e-02,8.849343520227508086e-02,7.148965054450852341e-02,3.115682895515298201e-02,6.408138702107255003e-02,1.484912956253195970e-01,1.043698033279484017e-01,1.043322833620294876e-01,1.969208108196434659e-01,1.861973608492290544e-01,1.062584953391337850e-01,8.719604115563253655e-02,1.423906312336887248e-01,1.223171366647672204e-01,2.522194610305459467e-02,1.641335479998302926e-02,9.960460691554112733e-02,7.632706293095944949e-02,8.893877243679593203e-02,1.044322529139205535e-01,1.355569050608733672e-01,1.248454324436182594e-01,1.516638839639819492e-01,1.587263296692907610e-01,1.796554263889621472e-01,2.114610765351083999e-01,2.064748042106839820e-01,1.940367630112852793e-01,2.133173936582913321e-01,2.491447553924661662e-01,2.057156707726587597e-01,1.679896412175933273e-01,2.081971225707628936e-01,1.805822894809752943e-01,1.491387961175179577e-01,1.485867594314563556e-01,8.980156113117451766e-02,5.259051766259192906e-02,6.325656469669538318e-04,3.926814817670359892e-02,2.166924168666850559e-02,9.095567945379412489e-03,4.856650647218879735e-02,6.441975176654013424e-03,2.976671201707306591e-02,1.098542788421105337e-01,1.422365510956042911e-01,1.584641871441102023e-01,9.094723532397357146e-02,6.145102372424730841e-02,1.383179984426448073e-01,8.647821020565717165e-02,2.001279769055741738e-03,6.259121191174404908e-02,1.005843016654775907e-01,6.265221273767201948e-02,1.407584830701562872e-01,4.412140277850417486e-02,4.042846105686509484e-02,2.211290519474736205e-01,1.065604488105092451e-01,4.002604153995455161e-02,1.390608982848874076e-01,1.543650041863092459e-01
1.193287256221537418e-01,6.037002832654903006e-02,1.947982810277842924e-02,6.396007802274134013e-02,9.596027949450502970e-02,7.872119082389389400e-02,2.521040509236333049e-02,5.922124292291519598e-02,1.401294219787733164e-01,5.032698175678801400e-02,4.667097163467268106e-02,9.751532291321834967e-02,1.371332760848412158e-02,6.265508854319899734e-02,1.027451577874269328e-01,5.585558888975727942e-02,7.838357529672895785e-02,8.419825939930233871e-02,8.476563614209872699e-02,1.087925428983790854e-01,1.419631840615621365e-01,1.788338364931121305e-01,1.624152027719089342e-01,1.697131703288291549e-01,1.515324030606901018e-01,1.801810179694082747e-01,1.601850360690978414e-01,1.546045460432843299e-01,1.960357689920719793e-01,1.471504093241621236e-01,2.774744895701708458e-01,3.449632576860743871e-01,2.291108867750454858e-01,1.949382161353943599e-01,1.833889589038880663e-01,1.657462630611546972e-01,5.030855575640291732e-02,6.347359587820389226e-02,8.147351168318073267e-02,0.000000000000000000e+00,1.673211783470618386e-02,3.561215757902580492e-03,1.179357051652274446e-02,5.692008709922813381e-03,3.632963956776980030e-02,2.014348319613556981e-03,2.432186446036699312e-02,3.657184056615658818e-02,2.477820320509499519e-02,2.525370229684170686e-02,1.391122179252057833e-01,2.741707188962794750e-01,1.041979017445742173e-01,1.991539736779823766e-01,3.073061051868782867e-01,2.329469496136515327e-01,9.395869139326186448e-02,2.174873317348079149e-01,1.410507643760228191e-01,8.213075900377947436e-02,9.299745345185425616e-02,8.481563575452780168e-02,1.589142006996739076e-01,2.025582618005337121e-01,1.839390232773281952e-01,1.514811000438378852e-01,1.420935672842523201e-01,1.783226175615778564e-01,8.320217315600736407e-02,6.597101362018475967e-02,6.586527831753447026e-02,5.972109743554432360e-02,1.127966875413166647e-03,4.909094055863155726e-02,2.450435490096697366e-02,1.389828710563879161e-02,5.145831922405502690e-03,1.168394588081735908e-01,9.666629682684832470e-02,1.034810508640144344e-01,3.077455235025958191e-02,2.470145860893718792e-02,3.149338653935451759e-02,2.616693208676523774e-03,1.464412521434893533e-02,9.757953249787765237e-02,8.335783007344840789e-02,2.537670571728012359e-02,2.862447501715284504e-02,7.960042513718731949e-02,7.498821949082845606e-02,1.398887022577471016e-02,4.013030314968385470e-03,7.564447142661519241e-02,5.352529738260093650e-02,6.259683445241584487e-02,8.044881465491358907e-02,9.376459111233745314e-02,6.871519264815727224e-02,7.266323582606151743e-02,8.991485713749969300e-02,1.189705678915708026e-01,1.392689787587385875e-01,1.156079626392521598e-01,1.262352962742377405e-01,1.568791343687153672e-01,1.653462107102217638e-01,1.292088237401861073e-01,1.314281185625682524e-01,1.739185835796376034e-01,1.390142923655151852e-01,1.249172544250839179e-01,1.585694365642651982e-01,1.195972475224461179e-01,7.078903544294981587e-02,2.810763748139732954e-02,1.899368736117251766e-02,2.167942994235949605e-02,1.992039347071561384e-02,2.183211542278962192e-03,3.581272487712539032e-02,4.130453042448264944e-02,9.596492386215060844e-02,9.449576728972478024e-02,7.167495897471047595e-02,2.558071547942990243e-02,9.514618457565890419e-03,3.729016987215255652e-02,1.868821792254074521e-02,5.725299980154630042e-02,2.301019897446549001e-02,3.057867481338849558e-03,2.925435996010830597e-02,1.770886538214549999e-02,4.953193556480200987e-02,3.915531675982406035e-02,6.863402451266040205e-02,3.871696095762418299e-02,5.413376101315323097e-02,5.687479064976511123e-02,1.090638636708483877e-02
6.064882675290358960e-02,5.459040230455103337e-02,5.255657892470588788e-02,9.410706609367827657e-02,1.105139687052970610e-01,1.178057442060380655e-01,3.882743031376589826e-02,8.582874289564951242e-02,1.727112839125974908e-01,1.028365634783651172e-02,5.466204830839044293e-02,1.067188610994841969e-01,5.969053068633450865e-02,7.607635499354384323e-02,1.555869557956515992e-01,1.082388167448807559e-01,1.304179052842615594e-01,1.399958546792938741e-01,1.351338725283210140e-01,1.704487876335592234e-01,1.876255055082123591e-01,2.052250094466539776e-01,2.025566677424526507e-01,1.822693788382900582e-01,1.593444918762457474e-01,2.666359025789315496e-01,2.502112791239436973e-01,2.019534538952648672e-01,2.079202044574178787e-01,1.013986647205054326e-01,2.597732394687773949e-01,3.762168083250764794e-01,2.804558305120915529e-01,2.288497157045265573e-01,1.908143308984939224e-01,2.456766703427914478e-01,9.106743854283838591e-02,3.536972298419105432e-02,4.247474888058078157e-02,1.673211783470629488e-02,2.220446049250313081e-16,1.190372118522320388e-02,6.519086921942796042e-02,4.628523073818802125e-02,9.069547521766330167e-02,4.292499999014953715e-02,3.276720565643054250e-02,7.996374259181060484e-02,3.023113993345816208e-03,1.053863844266200722e-03,7.919637832514103692e-02,1.915464201632390284e-01,6.497092951898775226e-02,1.522497416255342295e-01,2.008814170262309129e-01,1.341910423726451473e-01,5.132123409265787473e-02,1.590014532417933502e-01,8.092343929195977559e-02,9.203320741103576674e-02,1.160973415932599062e-01,7.753747406873166825e-02,1.490702952372486012e-01,1.485581496597412343e-01,1.378613381396587012e-01,1.245274163834025338e-01,6.938763054035018696e-02,8.683185988564945390e-02,2.708537769004387696e-02,2.386963246921558479e-03,1.928284161116455842e-02,2.210835517772635761e-02,3.617943801268924675e-02,1.985555717111582574e-02,1.632416191165403374e-02,4.819265949674877980e-02,1.061003942696199798e-01,3.142150587027672803e-02,1.888648482880991852e-02,5.007520617868860269e-02,1.854053706953501246e-02,2.272940237109449813e-02,5.826752787251132659e-02,4.396511802848801498e-02,5.698929521218856764e-02,1.247294363739197276e-01,1.127294104873258068e-01,5.701830811507983821e-02,3.740783632062841257e-02,8.982007980187056706e-02,1.059767828437288423e-01,1.472523833749003752e-03,1.895705716275136732e-02,7.290965984453304238e-02,2.138500612295370085e-02,6.794399325810920875e-02,7.865368210368928192e-02,9.825522518790828774e-02,8.056577522630165022e-02,8.484633896899021477e-02,7.707860522956108684e-02,1.018439496854306459e-01,1.440028542951207746e-01,1.182597053095184314e-01,1.047432018363377848e-01,1.290753855773126291e-01,1.493917575600822722e-01,1.063088049916402766e-01,9.212832226421389936e-02,1.339131150973663087e-01,1.093918192362688946e-01,7.499769718276039221e-02,1.073791209920265388e-01,6.547329285782188535e-02,3.274956463605921408e-02,9.802466652153729587e-03,2.759961763030810422e-02,1.911533985658964152e-02,5.109573321721350148e-03,1.595127672413698683e-02,1.750938650331246293e-02,3.587667215438578028e-02,7.546179298932315094e-02,8.182620071826751662e-02,8.576412449308953856e-02,6.161656571529039450e-02,3.626226434512805352e-02,6.169261341051718306e-02,1.703827848486474950e-02,1.192897809177983354e-02,9.821613386685107416e-03,3.795196643120546387e-02,1.389328283803444031e-02,3.495958586589749395e-02,6.113624158267731701e-02,4.813143400292127505e-02,4.552239972100072252e-02,7.016416121949282936e-02,1.114908506906908403e-01,3.890410765832519324e-03,7.015756888876856223e-02
9.911251414749203126e-02,1.044690022911381189e-01,1.035334514686687690e-01,1.116151840747999779e-01,1.572193753242754344e-01,1.844764266538803654e-01,9.330533749215774719e-02,1.343264675889430382e-01,2.174750811982570642e-01,6.097010361170690507e-02,1.029374216847251666e-01,1.487374370134838808e-01,1.093809671054916666e-01,2.062128158946496814e-02,1.045391090787065602e-01,3.000719636848597771e-02,4.407561283536190477e-02,7.083508167010262035e-02,6.232448660658989475e-02,9.525701973261997690e-02,1.344287483379008330e-01,1.580128307846727365e-01,1.763429203575191395e-01,1.886487137404887215e-01,1.470619605088435422e-01,2.882078803148608315e-01,2.285273643329124582e-01,1.896755325368502665e-01,1.582629714616343164e-01,4.085974939519409349e-02,2.023892137887348952e-01,3.094030732443771026e-01,2.088867455404605777e-01,1.869531767569519165e-01,1.622946665526837917e-01,1.912945129913735665e-01,3.917988514300396741e-02,2.734971903246752323e-02,6.607422354390790620e-02,3.561215757902580492e-03,1.190372118522320388e-02,0.000000000000000000e+00,1.851962588811340016e-02,6.838989780748594427e-04,2.249449139612713644e-02,2.302747918642711333e-03,4.341437613482046487e-03,6.725776376681114055e-02,2.992012723958697995e-02,5.078616945338265687e-02,1.137723985026163342e-01,1.873004100395465610e-01,9.887896326888678811e-02,1.901158029083056533e-01,2.269855229399809493e-01,1.143774629646778229e-01,4.368265853104640745e-02,1.239879691485279017e-01,3.333341923950600139e-03,2.305436754206764347e-02,4.365280145905803266e-02,4.167936815001783632e-03,8.110863065540879768e-02,9.848773272446749438e-02,6.843517937109273863e-02,8.160701748158928626e-02,6.638795837748910633e-02,9.991881999070642562e-02,2.979440388095938586e-02,7.432417582470235429e-03,2.359706784805448709e-02,7.924696706553630010e-03,3.399366548229343366e-02,5.017990141225885103e-02,6.453460587625450828e-02,9.891730939194956496e-02,1.412103827711945758e-01,1.202790887141264031e-02,3.057957223149476711e-02,1.816366995296636588e-02,6.567599850405536621e-02,6.314711172242948312e-02,4.975890690541617811e-02,4.370167681502018509e-02,7.067399706440019580e-02,8.497838459724060822e-02,6.150788102890518416e-02,3.514335233337033404e-02,2.436059939252843698e-02,4.059245331015418068e-02,6.456833705081822805e-02,1.878228989342274613e-02,6.941343381681869262e-03,2.003692734859319202e-02,2.573991820371424044e-02,1.989676336331167028e-02,1.793708091428763973e-02,3.084353283328586381e-02,1.224644174782960060e-02,1.114009443754595402e-02,6.525078194230045370e-03,1.970989414423514330e-02,5.707158779762513956e-02,4.438632125630056352e-02,3.407980629219901220e-02,4.967528704483353819e-02,7.373415124224384776e-02,5.377484224747837438e-02,4.652322574908834829e-02,7.044245235615649581e-02,8.136528896466602157e-02,5.555082472884459444e-02,7.717250606241199407e-02,5.627008102256311761e-02,5.916732476440739186e-02,2.619478843521849676e-02,3.697053958461271606e-02,7.355053418589541092e-02,6.455422381345055083e-02,6.045729861087933976e-02,3.946329128895276206e-02,1.173440885114024335e-02,1.362604730135319464e-02,2.566911163429158593e-02,2.063188411560662461e-02,1.875965082927485983e-02,1.787699184874941630e-02,2.165317525928793160e-02,1.925800275096843997e-02,1.119209138199517284e-03,2.506785141633785519e-02,8.086544360180876467e-02,3.434204068314487823e-02,2.636280013904951369e-02,1.071103049730912915e-01,8.309759777012618032e-02,5.016867447647485601e-02,1.593211012749524147e-01,1.741641222009768231e-01,7.378941862667570684e-02,1.813090479174257197e-01
1.494690093144045440e-01,1.050585305268502689e-01,3.256022345225584314e-02,2.686732353006676677e-02,1.240259599084418962e-01,1.377197394685637510e-01,1.976188584436966433e-02,5.276073269648290376e-02,1.821310639099835704e-01,1.367268271312060968e-03,5.622339805112205879e-02,1.049392247485232410e-01,4.186807395490041439e-02,2.500424127823469567e-02,6.283463807336142626e-02,2.323310715076565280e-02,1.739505034149024798e-02,3.782754296756118961e-04,5.990053778407444796e-03,2.154905561531425540e-02,5.560201856367123774e-02,9.772568658594463220e-02,1.029617386288535497e-01,1.357390034231260312e-01,1.059990153481908948e-01,1.510379322370071220e-01,1.072134720345875869e-01,1.052992875076949192e-01,1.143759880641179172e-01,5.230969071356688510e-02,1.688633927660760647e-01,2.543227795817841752e-01,1.450219831094218814e-01,1.408852685637398960e-01,1.510479387736303747e-01,1.262302782976230109e-01,1.379465708803506718e-02,6.497569657099044882e-02,1.423454949965180516e-01,1.179357051652274446e-02,6.519086921942840451e-02,1.851962588811284505e-02,0.000000000000000000e+00,8.107325903402351486e-03,1.881857738952830150e-02,3.482692975395296209e-02,1.574367881318827767e-02,2.328773428210961782e-02,7.188165798266765716e-02,9.068363402289481012e-02,2.125635435836585874e-01,3.465169388257698380e-01,2.080096988374918188e-01,2.954029453374986125e-01,3.877847067538724435e-01,2.772954711041739628e-01,1.481040369951652225e-01,2.216547729845276815e-01,1.152135607876546425e-01,3.339822699709044107e-02,3.145207369794039004e-02,1.479086185573950940e-02,9.341820425725612387e-02,1.658010636899213130e-01,1.355329554096568745e-01,1.102046052243614016e-01,1.321090770762305411e-01,1.861175312160693041e-01,7.055506230346314522e-02,4.987294510597181652e-02,3.239123412189798268e-02,1.562942344807277673e-02,3.015112049782664450e-02,4.174169326366118302e-03,3.382664446450611706e-02,4.218257420751031495e-02,4.378021278537798378e-02,7.538568764320316418e-02,5.791409330265603894e-02,5.476184727695271315e-02,6.228959015150414835e-04,8.655912942456378545e-03,6.369457144799750559e-03,1.203661836634634108e-02,1.556955996733538905e-02,6.736360196541765766e-02,4.131524605015068907e-02,1.150224244789277428e-02,4.165155754798417764e-02,6.612161942453950725e-02,6.284725684549707925e-02,4.319453408787164717e-02,4.218271045185742474e-02,3.530450929401372784e-02,3.860056738631429622e-03,2.873958085806182366e-02,2.494476393342941190e-02,3.710231007754222210e-02,8.931474536457595370e-03,6.175096143420932826e-04,7.517343536218495936e-03,2.257853264483632855e-02,5.229216132214320467e-02,3.403530295042106468e-02,4.212888683845372739e-02,6.566605844785705637e-02,8.321656297401336388e-02,5.804618908382688791e-02,5.915278018585761605e-02,9.267060932607748547e-02,8.376774233555420168e-02,7.415896575126865176e-02,9.838557486415663855e-02,7.750142002344058423e-02,5.895686074963282786e-02,2.387791436452527116e-02,1.253661764613223095e-03,3.136294997094651871e-02,9.828651559163015250e-03,1.080916397743458823e-02,1.363910535604984098e-02,1.844121667105919071e-02,5.433398662398727930e-02,4.804034805188828888e-02,2.303015829793324254e-02,5.069707796448403442e-03,1.442753377122046876e-03,4.922362687196729647e-03,3.701031352830236321e-02,2.958952564163230825e-02,2.149255832590454829e-02,1.664826820371320681e-02,4.637060913517787597e-02,2.917175900962601376e-02,8.166993773719675997e-02,5.421208571073096727e-02,8.802636448853845552e-03,1.106237567782872716e-01,9.910410659910040554e-02,2.006688512009277559e-02,7.540882577069524251e-02
1.924112785742767562e-01,1.315648327570818621e-01,6.651560467492273476e-02,6.092989135574738979e-02,1.615569847181050900e-01,1.678304382524406502e-01,1.972492963089245155e-02,9.755596801361121617e-02,2.181121776852157912e-01,4.508583870914834035e-02,8.332890387504937602e-02,1.343548561557169063e-01,5.807168479942534378e-02,1.786549772565171681e-02,8.146228334369931545e-02,1.031746934509536473e-02,2.016073132954254721e-02,3.162383009641667186e-04,1.039215655086550560e-02,1.026323513009402832e-02,5.307405417750851728e-02,9.217513048201067538e-02,9.465956781319925795e-02,1.530265357508268642e-01,1.158775361545548582e-01,1.595050967298401456e-01,7.757324416214946006e-02,9.382143848411092502e-02,1.020899060740004111e-01,3.607121444120839349e-02,1.822694809745988853e-01,2.435729964018641946e-01,1.410632798003755850e-01,1.549739649476002679e-01,1.943724340597381417e-01,1.310510267407628548e-01,2.660049401955966175e-02,9.055560882333979489e-02,1.644857466218647701e-01,5.692008709922702359e-03,4.628523073818779920e-02,6.838989780753035319e-04,8.107325903402351486e-03,0.000000000000000000e+00,3.741489040921530673e-04,1.214640954841594844e-02,2.378712452685061152e-02,1.655668591243530940e-02,7.494055772153668249e-02,8.534513096976129032e-02,2.014077602364245934e-01,3.136632535005717259e-01,1.629610408765006790e-01,2.518562738055791228e-01,3.526418510879477108e-01,2.294539456015242951e-01,9.198380912616199723e-02,1.612635770169171812e-01,6.030122671494005104e-02,3.531851470299995910e-02,1.713614858034224336e-02,1.405999737588542464e-02,6.642272557832584745e-02,1.221540262551971123e-01,9.145498188377984561e-02,8.824714781229636706e-02,1.318974486649491240e-01,1.972915959462979707e-01,9.137541239414517791e-02,8.182270907606119248e-02,6.459386813390947946e-02,5.330632556915793074e-02,6.337925879155291431e-03,3.542829576264608371e-02,5.302683380401934654e-03,1.051069677819910231e-02,1.199404695218196648e-02,1.010206759188354009e-01,7.245889226084500923e-02,7.772275481343388082e-02,1.777560557246038453e-02,1.533659752444593849e-02,1.384270921657904108e-02,8.278759311347361205e-03,2.036691919145472429e-02,6.685274925760847919e-02,5.111484369413410445e-02,3.174514162248209814e-02,3.075465470355074477e-02,4.704458149060924271e-02,6.574167067257970232e-02,6.162386789286888877e-02,1.684272717588056190e-02,3.249627880631589250e-02,3.615932299442704140e-02,5.028063721082083604e-02,3.790756401063280490e-02,5.019065905031013658e-02,3.340442523298703392e-02,3.731711561413914024e-02,4.547383058613416185e-02,4.684425733873544967e-02,6.504061829678017825e-02,5.822215219596135749e-02,5.983997592591637493e-02,6.905268370674139122e-02,7.874425447252575427e-02,6.699453413145170511e-02,6.962104927138394739e-02,8.836157500876942739e-02,7.767844555528713446e-02,7.326609666728198245e-02,9.448814115056174134e-02,7.124219359832176246e-02,4.570984147166691491e-02,6.506841277628683251e-05,2.799127639839743553e-02,8.543835161309076831e-03,7.871767229141679589e-03,1.470720719266793708e-03,2.436834433619750051e-02,3.545960112284318733e-02,7.429651748893381646e-02,6.253127522724660770e-02,3.188776727989879600e-02,1.433109154081034509e-02,6.597943074017315057e-03,4.303231119816453010e-03,3.515380321353608895e-02,3.360035022318252906e-02,3.253692474021430137e-02,1.822012873414435852e-03,4.058442766348191455e-02,4.328069988735028240e-02,8.064870095239670689e-02,6.934995793618642379e-02,4.374507940385255478e-02,1.265849918027846244e-01,1.073609309420058139e-01,9.812178907903035263e-03,9.310123357329605498e-02
2.265152028928767436e-01,1.320481664126317844e-01,4.898132241443642343e-02,4.178983284122905761e-02,1.485311408806943012e-01,1.449476860228173236e-01,2.141072628310625170e-02,6.222704555867791809e-02,1.888530212721618029e-01,1.296523355328238480e-02,3.095628810422013100e-02,8.091911412795510516e-02,1.919382694044183268e-02,4.372105667779302429e-02,8.594339216693680505e-02,3.678330477460467485e-03,1.352189186368901730e-02,7.369387451403475175e-03,1.334000732178863835e-02,5.300251554597623649e-03,3.451126282683153468e-02,7.922216420718289354e-02,6.760773795749518145e-02,1.082543467223809064e-01,8.952616983123035110e-02,5.660032764601230504e-02,1.659050790771707251e-02,2.866660056866612849e-02,9.819330827581618237e-02,9.868738078210591291e-02,1.922909055369953490e-01,2.115837096733157729e-01,1.142780657791380161e-01,1.370166184098201012e-01,2.006105564291454924e-01,9.465301978347884226e-02,3.027485688952946674e-02,1.415829287897083510e-01,2.248113146355557590e-01,3.632963956776968928e-02,9.069547521766330167e-02,2.249449139612691440e-02,1.881857738952830150e-02,3.741489040923751119e-04,4.440892098500626162e-16,6.333694501986841807e-03,8.617711130710092871e-02,1.118061063101539743e-01,1.189647854486896583e-01,1.257265140542571935e-01,2.757906683824373761e-01,3.896853043493071489e-01,1.881095013559815066e-01,2.886955155776651516e-01,4.281617898653773957e-01,2.997420057954124362e-01,1.274537647509752514e-01,2.140804059781832858e-01,1.308198603966285734e-01,3.057878174843328689e-02,1.804631765006598637e-02,1.515198597393249691e-02,8.498233278544634062e-02,1.786099246646864758e-01,1.556341113056164960e-01,1.277250893699433953e-01,1.905844539520179515e-01,2.769321989150473895e-01,1.598077055489796061e-01,1.445551264552157045e-01,1.446314419634573967e-01,1.078596596142372133e-01,3.787998443796666836e-02,8.716827738486604416e-02,3.090287381228882038e-02,3.203042490496899042e-02,5.968629406757939432e-02,1.340391541434134692e-01,1.018998514849725201e-01,9.006112669494129030e-02,3.806109106121019492e-02,2.537571131050775364e-02,1.798996886107839810e-02,6.250209842315834763e-03,5.483911602710112021e-03,5.187570962968690580e-02,3.289917228146355122e-02,8.181057204288300078e-03,9.589796067255282330e-03,3.491771638783561921e-02,3.880656186478423364e-02,4.042239027097496717e-02,4.207313977975676855e-03,5.023678472865955591e-02,7.561655724388763322e-02,5.429217934701144332e-02,5.035017206162026998e-02,5.746871479420376239e-02,3.711502255066700950e-02,4.207462012284535202e-02,6.848037701583070680e-02,7.650399526919104964e-02,7.275278218524186546e-02,6.943709621742361060e-02,9.018320260238515962e-02,1.048963790317024858e-01,1.011145421024957081e-01,9.857711216014802824e-02,1.051981201992081005e-01,1.241796239935276380e-01,1.124288967761992303e-01,1.245274401346084248e-01,1.349357342403628146e-01,1.170388995083391503e-01,8.898084618296592252e-02,4.289017782241606735e-02,8.567324319025626522e-03,2.170823315890138550e-02,2.305989527810081707e-03,1.105527107516579566e-02,1.048583140817915815e-02,1.288647726070309141e-02,6.307917788480249532e-02,5.625122289554626565e-02,1.334726363038288288e-02,2.075198820500726016e-02,1.111015095088713212e-02,4.947339955638563325e-03,5.038005435976133928e-02,5.881578975887541416e-02,1.551572148446211941e-02,6.524265494951153599e-02,4.370480437803569984e-02,4.662887628648101912e-02,3.759276869842193003e-02,3.621191268923570905e-02,7.203064416107601842e-03,6.200400548694913472e-02,3.396208658254177420e-02,6.579366619135391947e-02,6.689642752098783410e-03
2.125860680945255710e-01,1.207232408093884546e-01,5.550621127012722589e-02,6.732453031654117570e-02,1.493860251057173572e-01,1.370611515391879642e-01,1.569372006900271455e-03,1.064222059111298302e-01,1.655158069781550445e-01,2.491881480746527266e-03,6.346627545906936840e-02,1.275162518037408210e-01,1.423693970040114214e-02,2.426946970835841544e-02,6.472679870844266770e-02,5.220637036281727816e-03,9.772699739981183242e-03,2.405695755325032437e-02,4.578651727606630750e-03,1.571041212793461428e-02,8.053396134115975435e-02,1.140298048962281041e-01,8.647441435451097558e-02,1.254467890776549688e-01,1.100036582907365501e-01,1.036176154528616750e-01,2.361600301157520260e-02,7.348402079897506378e-02,1.218989744303441147e-01,9.058268468846970844e-02,2.261420950019000231e-01,2.403893034701217735e-01,1.441793836657079275e-01,1.559082702526055630e-01,2.100435909179469152e-01,9.711178656869290382e-02,3.076198210122949028e-02,1.264814204500529504e-01,1.743081401588909563e-01,2.014348319613779026e-03,4.292499999014975920e-02,2.302747918642933378e-03,3.482692975395296209e-02,1.214640954841594844e-02,6.333694501986619763e-03,3.330669073875469621e-16,3.438701690052503590e-02,7.981575210682601007e-02,7.180983921767264411e-02,7.306839191590468185e-02,2.007438082502297494e-01,3.022721628431808139e-01,1.165819011998941723e-01,2.155257473232589094e-01,3.502605577565433559e-01,2.417610516667896559e-01,7.597645286561682809e-02,1.769690376671231857e-01,1.038724237765298597e-01,3.570134248414860711e-02,8.571375042518768889e-03,3.380211484552350654e-02,1.012370482331581001e-01,1.718402666588988437e-01,1.481150003400671378e-01,1.344414507931437630e-01,1.926638939548026841e-01,2.598138763911409521e-01,1.586989879284272098e-01,1.478399055079767099e-01,1.493563973129571065e-01,1.155943635924641388e-01,3.693199918291150546e-02,9.708041708812122084e-02,4.356728207805637965e-02,4.300034973015384732e-02,7.452044947189018220e-02,1.486825601484130510e-01,1.154641082306544636e-01,1.064269111183635264e-01,3.476346740608293739e-02,1.589414348128170840e-02,4.004955686453814945e-02,1.660075877437117153e-02,1.532897653789000447e-02,7.761477222160040323e-02,6.107280205193293954e-02,2.714296601763577232e-02,1.904036049945248554e-02,5.015691209696604425e-02,5.759803419294901028e-02,4.746548576507492179e-02,1.904580606793703293e-03,7.112491149022526216e-02,9.214300441838635392e-02,7.914550249198526455e-02,8.096953482392085788e-02,8.632418640578420899e-02,6.785632246760162078e-02,7.945452040319922471e-02,9.995030796786491534e-02,1.167901232370629899e-01,1.157953676845188407e-01,1.074730194247690562e-01,1.247281403803281175e-01,1.399312010850314869e-01,1.307993656147780903e-01,1.295524729597367086e-01,1.411547176856881025e-01,1.537785041953591281e-01,1.375126833973178420e-01,1.457282604605366627e-01,1.551456701463691246e-01,1.289946266659857399e-01,9.435566142719217786e-02,3.594895324033975381e-02,1.462061163896641140e-02,2.352541798963658781e-02,1.936805094980509345e-03,1.775845944543991139e-02,6.841891019403745222e-03,1.818356371717573527e-02,8.390062747254363462e-02,8.080502936853954654e-02,3.576583336112551526e-02,8.843963491816708711e-03,3.699841344229737317e-03,1.109858526867069095e-02,4.040408442084375551e-02,6.670526412474503397e-02,2.414658372210048976e-02,6.286493364073225676e-02,2.608147169786734221e-02,2.818313919038573090e-02,2.495790660837299280e-02,3.140822608355783863e-02,1.826880263761748724e-02,4.675617393115603926e-02,2.615767441121107789e-02,5.308133881856422209e-02,6.106797574851113505e-03
1.344771321304675804e-01,7.180162400214329388e-02,4.816480273869772066e-02,1.019836827912366517e-01,1.325381439377094073e-01,9.053532713196299486e-02,1.955422844593596166e-02,1.724907196261472597e-01,1.069929496886790066e-01,2.681807813565209586e-03,1.305383782311730634e-01,2.085848348140692254e-01,5.465227048263536502e-02,1.361516132818896274e-02,7.138666281314742790e-02,8.467241447390139175e-02,1.582024394878424056e-01,1.670242494667287803e-01,1.247015111099317175e-01,1.475237546324366100e-01,2.307079865399978558e-01,2.327663920884175397e-01,1.530159676792508527e-01,1.381742832374553420e-01,1.412218789330145774e-01,1.976510489511151547e-01,1.675814733646662780e-01,1.728506677734175934e-01,1.944112106641227855e-01,1.192985071460773983e-01,3.325148500165376331e-01,3.952719320783583679e-01,3.155325706089817661e-01,2.622757192364112422e-01,2.542036326131685287e-01,2.036732554139294438e-01,1.226537368696661856e-01,1.475613299916920806e-01,1.356948069331078699e-01,2.432186446036677108e-02,3.276720565643043148e-02,4.341437613481935465e-03,1.574367881318838869e-02,2.378712452685072254e-02,8.617711130710092871e-02,3.438701690052503590e-02,2.220446049250313081e-16,1.618259808884159323e-02,2.013926632413171047e-02,9.762200788534236562e-03,1.148725638001577565e-01,2.131830740620743736e-01,6.837079575974820689e-02,1.741650298313446310e-01,3.197954458257841748e-01,2.350108067578682569e-01,8.364511272944499809e-02,2.286672619001527129e-01,1.510681105486864073e-01,4.284546429149099778e-02,7.837048390648027052e-02,1.179624659592175828e-01,2.030403039924353892e-01,2.551770161196332265e-01,2.363405492406311925e-01,2.286121159936762015e-01,2.603227819649874819e-01,2.845256797801330451e-01,1.917622259565625042e-01,1.763185401083041670e-01,1.798475595190417442e-01,1.451550107476581863e-01,4.714634326871380843e-02,1.327649018912364365e-01,9.492429278813781235e-02,8.092471360149389170e-02,1.195685198854275488e-01,1.970755849309775987e-01,1.921254242797886813e-01,1.586073921571184986e-01,4.815929971189897296e-02,1.169908519265450142e-02,1.200504532238687583e-01,9.055633536925433713e-02,6.646544043481800168e-02,1.518811827363551192e-01,1.677859864254070410e-01,9.405636728009458825e-02,4.838340162229688712e-02,1.138082136706524139e-01,1.317210196651455723e-01,4.860434086018164401e-02,1.193069287941304901e-02,1.234888394789999816e-01,1.250449783198309128e-01,1.339441881080681018e-01,1.427135392846476947e-01,1.626639937491006216e-01,1.483542007394155759e-01,1.855813248449872943e-01,1.956625801243995211e-01,2.185341486606266759e-01,2.394153826808773644e-01,2.281220189954070443e-01,2.228149020839699512e-01,2.362308387608519356e-01,2.337535840004548171e-01,2.237654899049152935e-01,2.186163886645660914e-01,2.285282498808142160e-01,2.001878582513731408e-01,1.944492133344676577e-01,1.968052677514531834e-01,1.403630218511287553e-01,9.401533096175872239e-02,2.310405166325794554e-02,2.199485420102138822e-02,3.899195744826128296e-02,3.890464031674423229e-03,4.677169133430941761e-02,4.635350267572557748e-03,5.455434626259847430e-02,1.548247905567560756e-01,1.754683296912047386e-01,1.223595939252819648e-01,4.926480092812947353e-02,5.023360488940176172e-02,8.671444478961995439e-02,8.387572129445686198e-03,5.591504982318895589e-02,5.587268933405886706e-03,5.711768299078665012e-02,3.702563770139730148e-02,4.357418156599897341e-02,1.088381866259872932e-02,6.448436542260196913e-03,8.557965704680539631e-02,1.562400918813396447e-02,1.240298778565655097e-02,8.463981847984800022e-02,1.586118528070577099e-02
1.403859835256826838e-01,1.306036911236167219e-01,1.559271813466640011e-01,2.603544346875170667e-01,2.794226445830686467e-01,1.754781913089621947e-01,1.789347507392739511e-01,3.880738413183934532e-01,1.858599402471815265e-01,5.564283072151654519e-02,1.370616636620692330e-01,2.148034435869826675e-01,3.499272929676119914e-02,1.085190148748358535e-01,1.875700519658129450e-01,1.549721052283002942e-01,2.061410806576065569e-01,2.365508153489657706e-01,2.184301772439455613e-01,2.335970170503065269e-01,2.785971524770728402e-01,2.723099235648992478e-01,1.959783037089202762e-01,1.657885501440605758e-01,1.544385749161978627e-01,3.017535877509938680e-01,2.624364041427099670e-01,2.280605475044525376e-01,1.717293339433924315e-01,5.032700087388754240e-02,2.333038123323454283e-01,3.443934037917123492e-01,2.798235473738420742e-01,2.089017246463690247e-01,1.972548483288574517e-01,2.234410462614767612e-01,7.828199938790436629e-02,2.849716699908758089e-02,9.657955648643967717e-03,3.657184056615669920e-02,7.996374259181038280e-02,6.725776376681125157e-02,2.328773428210961782e-02,1.655668591243530940e-02,1.118061063101538632e-01,7.981575210682612109e-02,1.618259808884159323e-02,0.000000000000000000e+00,6.551824210619172639e-02,9.989051101207391259e-02,4.079330171242401271e-02,3.976166740815578748e-04,8.917386412230723924e-02,1.733853715468747225e-05,1.070540099460666195e-01,2.637258999427447362e-02,5.314122667665905492e-02,7.085504429422960493e-02,1.875291645988384770e-02,7.356688259765459259e-03,7.351758362974326888e-02,9.563857976546522033e-02,1.976424528566693706e-01,1.567873235636231821e-01,1.169405388688146280e-01,1.780450289164736688e-01,1.746385376715566262e-01,1.351065842467663036e-01,1.013048730639892619e-01,1.003071237184270659e-01,4.448998820621395678e-02,5.332971245323730319e-02,6.445818214481990882e-02,1.754313565177478829e-02,5.908407875020471600e-02,8.109326408159167610e-02,4.297398257773310526e-02,6.493762259493396360e-02,1.035840403061110693e-01,6.941193540650059113e-02,6.906332420638083835e-02,1.494273332265881882e-01,2.350184180764589015e-01,2.490026909565256630e-01,2.439293892818955034e-01,2.608959231663135481e-01,2.759093626346454386e-01,2.250975572026948368e-01,1.270403768240686015e-01,1.428219177089553871e-01,1.997818683068136036e-01,1.096718519128485336e-01,2.461972940061696313e-02,1.166503468075315714e-01,1.083201947745999622e-01,1.470032110287800564e-01,1.326638443818389801e-01,1.549299332863642853e-01,1.659310120879483041e-01,2.362563047383891557e-01,2.079793966129837579e-01,2.060712633121853377e-01,2.593229726393377899e-01,2.714470835615125921e-01,2.084297615571003015e-01,1.884217479990977773e-01,2.205524042132818163e-01,2.081258287598255763e-01,1.641991484740894514e-01,1.503336029820759312e-01,1.500969773920461103e-01,1.089542921734762970e-01,8.995069286964993416e-02,2.678053009377988347e-02,1.027176710228287770e-02,7.031128690929426550e-02,5.600384355278709148e-02,2.088699127860957350e-02,2.993922367801299389e-02,8.339866446042093484e-02,4.955948669197196566e-02,5.885903894143951209e-02,1.538912591880286507e-01,1.987689419569521609e-01,1.848287420097079470e-01,1.409928847417125375e-01,1.222406459544413126e-01,1.572829045286204819e-01,9.667678124195003275e-02,3.827698388569469867e-02,7.942194958275916594e-03,1.251032655106212865e-02,9.464578195167723529e-02,6.887949350676977889e-02,5.380120996621971102e-02,3.557331451434229269e-02,5.168446480324107029e-03,1.077030788239543152e-01,1.266014346841261018e-01,6.509903796789914820e-02,1.442919036177497116e-01
8.129357253742114375e-02,5.410751900441377465e-02,1.888936169977264989e-02,1.100175213444975486e-01,1.222415821098869482e-01,2.433790137684069266e-02,1.032392110738184210e-01,2.604687608501434770e-01,1.361205965806119855e-02,1.692734152503423684e-02,6.827070487617725725e-02,1.327573127806251085e-01,2.445750613784302557e-02,5.482198473769892000e-02,1.037798933304576038e-01,8.755905474059852422e-02,1.341715564389935889e-01,1.381419850076553990e-01,1.297158473979605209e-01,1.480846898364510944e-01,1.595734206721985959e-01,1.320394713589144731e-01,7.955327282346258411e-02,3.272665380127620649e-02,4.791515793663864153e-02,2.219084735050657342e-01,1.909368729096941886e-01,1.874863847840889108e-01,5.355803362676997414e-02,4.002723102910443753e-02,1.196734348487283051e-01,2.006238787205395502e-01,2.123588345126585786e-01,1.519093831250230564e-01,1.082954107415479983e-01,1.888377842003294005e-01,1.089649087830151519e-01,1.149580309832118341e-02,1.611708846232015602e-02,2.477820320509505070e-02,3.023113993345871719e-03,2.992012723958709097e-02,7.188165798266771267e-02,7.494055772153668249e-02,1.189647854486895889e-01,7.180983921767267186e-02,2.013926632413159945e-02,6.551824210619161537e-02,3.330669073875469621e-16,8.585917995492131638e-03,1.631283849951503662e-02,2.759684948871155008e-02,5.731276427740461532e-02,7.223374478977234725e-02,6.540408108391851383e-02,1.858514920051876351e-02,6.241777474207935161e-02,7.898817985093509186e-02,2.966487520110402953e-02,3.618853756832282609e-02,4.849419643639468758e-02,1.449772781718605685e-02,7.830952400178037287e-02,5.856682837346383064e-02,2.502865803675341505e-02,6.971421728091192760e-02,5.543070348008921622e-02,1.356413606838802188e-02,1.575346069277808181e-02,1.808986987954452896e-03,2.206954224900892214e-02,1.214795673768270801e-02,6.882405268783448049e-02,5.000421654097109148e-02,3.422293873226534000e-02,5.803016790986809115e-02,6.543482673365463853e-02,2.174699110309052941e-02,1.376162580137141322e-02,2.918115555209677137e-02,1.186819649722979375e-01,1.604208156696848020e-01,1.837865775286008363e-01,1.894658620938226290e-01,1.952231293736685636e-01,1.835549747685714106e-01,1.852967003102853061e-01,1.405822091070897950e-01,7.450513658710575249e-02,7.566167909417496895e-02,1.217900992634334961e-01,5.110313699898057227e-02,1.894699397534841540e-03,6.178123609922600568e-02,4.421453381554690809e-02,7.085185846837896428e-02,7.191055705992288605e-02,7.415511651517703307e-02,8.103625140319287157e-02,1.328131115381185057e-01,1.082499304798246742e-01,1.189391703651401233e-01,1.663098556359413061e-01,1.726202079138825229e-01,1.216685662162953485e-01,1.094672336933516510e-01,1.384646845410439642e-01,1.318558422600681901e-01,1.069949626216747385e-01,9.366532163025517721e-02,1.185590016918632444e-01,7.181812028441549034e-02,6.230717025148066468e-02,4.173061319830798088e-02,5.170432212273398664e-02,6.742707615585624703e-03,5.867453192088747937e-02,9.224641952845052950e-02,1.053082811265702023e-01,1.245358650339687123e-01,1.134943594786413934e-01,3.178134299683843533e-02,2.489742358297497571e-02,7.497659685467616963e-02,5.941343818342614824e-02,3.477685022130322379e-02,3.645558399365944613e-02,5.791066877329534290e-02,1.540853906847342025e-02,1.287623988009733988e-02,7.717653146574784961e-02,1.801714645420283700e-01,1.010676542751624690e-01,1.008605974999819410e-01,1.091855563243982336e-01,4.154699898706852579e-02,4.451172857530111271e-02,1.446657906094771517e-01,1.427563484218369039e-01,1.116918531251135105e-01,1.426606439969292373e-01
1.062974997204615968e-01,6.873740642575329463e-02,4.302321798762970273e-02,1.599645356704249566e-01,1.380958058555069312e-01,2.673272810778860517e-02,1.482170431577338188e-01,2.455432994854736539e-01,9.281998829278813312e-02,3.952817416439446951e-02,1.168030647878296052e-01,1.776698527746012890e-01,1.390437605322160652e-01,2.241721975557192659e-02,1.094132931029337674e-01,8.701246951654353912e-02,1.235625032804705814e-01,1.247890285710326341e-01,1.020344749844707133e-01,1.288185768039026846e-01,1.462216890172056694e-01,1.106967159864626349e-01,1.066981493027239214e-01,7.621868822192512383e-02,8.987149905087069013e-02,2.616959599765292799e-01,2.584461128277203423e-01,2.253145764554101427e-01,1.230281119901937142e-01,3.335131041020941711e-02,1.316992679738255290e-01,2.211647320675690087e-01,2.320387746119848271e-01,1.690234910307948368e-01,8.984462178929999987e-02,2.089592692835632870e-01,1.124637271667141836e-01,7.546204241396445300e-04,3.632547045076334191e-02,2.525370229684170686e-02,1.053863844266200722e-03,5.078616945338265687e-02,9.068363402289481012e-02,8.534513096976129032e-02,1.257265140542571658e-01,7.306839191590476512e-02,9.762200788534181051e-03,9.989051101207380157e-02,8.585917995492242660e-03,2.220446049250313081e-16,3.895164959322838794e-02,7.170917114100738843e-02,1.065864556556750387e-02,5.094821828300499789e-02,1.428998428893918371e-02,3.327433832408538406e-02,5.594778749730133782e-02,8.891903202492161540e-02,2.557182025037120499e-02,1.187635633266121427e-01,1.332394793636464958e-01,3.108250485083097203e-02,8.481720725371594272e-02,5.445938791689103331e-02,1.465372458150768220e-02,3.650640925652293145e-02,1.972879553873296832e-02,4.355440136649960103e-02,4.540177463665721891e-02,6.727852045463411645e-02,7.279684577564596304e-02,2.490677048222922352e-03,6.975419733119872512e-02,8.197348157513489886e-02,3.237574632074291525e-02,6.566074609496186376e-02,1.133420127197031224e-01,5.749701616622471256e-02,3.604678265485106170e-02,6.597897941554387025e-02,1.373866798225477082e-01,1.540571486375235111e-01,1.584024363788592293e-01,1.376791122514579024e-01,1.421180158312771447e-01,1.507951959556132759e-01,1.367782801107553514e-01,7.196824216106631478e-02,1.419909106778520502e-02,2.662087859768452747e-02,6.431120268044154820e-02,5.200352581272078833e-02,6.046565262466824242e-02,1.015009263780836113e-02,2.182742883537225342e-02,1.404300445206319026e-02,3.234976424216434721e-02,3.527455346697183636e-02,4.289638174553167538e-02,7.683215990560660069e-02,6.823014077522177034e-02,8.726174967268396365e-02,1.302865834991063232e-01,1.342594770554140782e-01,9.767653939166365262e-02,9.598857593708909342e-02,1.272577712738061917e-01,1.219291264548924975e-01,1.014715250291190196e-01,1.156791668986211219e-01,1.507534306320176820e-01,9.359998923531566428e-02,1.119235111065582239e-01,9.766752086513350029e-02,1.106352931325198519e-01,7.437923093615667058e-02,1.192126248358557072e-01,1.458643606105622936e-01,1.396953828649074580e-01,1.559045239215028911e-01,1.422151447352007492e-01,8.697135772523234554e-02,3.386525491383662878e-02,1.821997860162727356e-02,8.998245123472026208e-03,1.327986013189241810e-02,5.171269301740166746e-03,2.191077622424530968e-02,2.407200590581631827e-02,4.139729677590987811e-02,1.011897330963137664e-01,2.277963105106130814e-01,6.309212010603704179e-02,6.392143994769451665e-02,1.197625501148417981e-01,7.157084407382861835e-02,5.153185550446766350e-02,1.445237506375685599e-01,1.702282833878527302e-01,1.293032692867987499e-01,1.474900185282464471e-01
5.152769806549271914e-02,2.098328702564761228e-02,1.160975797470109316e-01,2.591621189362804945e-01,1.777329220803700038e-01,6.246893416746057692e-02,1.793335398607915909e-01,2.565304385783402918e-01,1.281812415923524462e-01,3.829608433348621888e-02,1.181476235909912770e-01,1.755683166995077593e-01,1.015814324931520185e-01,5.194448313673080686e-02,2.354406782866293457e-01,2.392746356069930802e-01,2.856748436440902927e-01,2.559946105970231645e-01,2.267523420801586531e-01,2.636513463874458618e-01,2.666275888874691802e-01,2.334171165206203602e-01,1.832974414969209542e-01,1.361512657367733026e-01,1.357506228101460766e-01,3.016518664279065343e-01,3.014522933425726192e-01,2.416738426168403842e-01,1.958307304449777853e-01,9.590350290658967991e-02,3.084580498175562013e-01,4.313840080278623090e-01,4.240569800078173301e-01,3.425607316644200817e-01,2.660768440824149428e-01,3.892238044781526352e-01,2.718410023556325772e-01,1.422171991652723122e-01,7.461740666409066858e-02,1.391122179252056723e-01,7.919637832514092590e-02,1.137723985026162232e-01,2.125635435836585319e-01,2.014077602364245934e-01,2.757906683824373761e-01,2.007438082502297494e-01,1.148725638001577565e-01,4.079330171242401271e-02,1.631283849951503662e-02,3.895164959322838794e-02,0.000000000000000000e+00,3.930612638281094640e-03,8.163175819589840732e-02,1.382763018054145032e-02,6.734290892188155020e-02,4.463292937163965135e-03,1.326890804109942534e-02,1.390562943008852304e-01,6.528386197204333330e-02,1.435523899404561599e-01,1.930938096993507214e-01,1.447838349961327042e-01,2.057945571402987062e-01,1.701120194235656857e-01,1.731231002829104748e-01,1.955253489070915562e-01,1.131186374634873815e-01,1.053687467705502756e-01,9.245837164225624571e-02,7.077187745838185717e-02,6.579567697195209952e-02,1.292199894946052252e-01,2.427346711522339329e-02,4.004133633993023356e-02,6.904996396591900343e-02,1.823581672438995271e-02,3.237177983993061448e-03,4.766090114340815198e-02,7.296718116973127666e-02,3.274803685903526773e-02,5.493308711215860729e-02,1.368080900561327584e-01,2.145428421066754021e-01,1.880880483536135905e-01,1.431958989124091919e-01,1.882337470731662576e-01,2.275481913328788464e-01,1.325097864453833874e-01,3.260434514827036112e-02,1.065165066751676548e-01,1.547750070627829100e-01,4.692094495266960208e-03,4.869677367115132771e-03,9.288585423294404286e-02,4.328528176730339627e-02,9.933812688364160315e-02,1.110357879176634421e-01,1.358848638659675701e-01,1.414786469192699236e-01,1.994037233578287438e-01,1.903145856083457432e-01,2.033165309961052214e-01,2.544961881842472406e-01,2.545716749919290089e-01,2.052112420193569486e-01,2.027267799550644400e-01,2.287432695068916666e-01,2.151928421846292516e-01,1.689896494996114829e-01,1.816436290894102301e-01,1.957599601605872763e-01,1.507416811751614572e-01,1.476252055996472856e-01,9.046200385010846889e-02,9.826630268980823812e-02,4.920723648845193310e-02,7.191012509317451507e-02,1.329586134771034156e-01,1.133391880449384770e-01,1.544018784795649357e-01,9.986750597450511080e-02,7.155198453896782773e-03,7.281179501951728916e-02,1.357391055979372818e-01,1.177346500706215049e-01,7.692455359830374650e-02,9.468012348343010642e-02,1.399908674663271346e-01,6.769586919182804530e-02,2.255470690807183376e-02,2.370894004160985918e-02,5.355713041059398383e-02,1.166586783288563189e-01,1.304166733063124584e-01,2.693371818456149341e-02,1.533808493047506341e-02,9.281222169676320299e-02,2.680893941707668607e-02,6.979235175553341608e-02,1.084028082383552138e-02,2.052557375621417296e-02
1.281565728134448634e-01,1.211286149975756427e-01,5.962929029243235757e-02,2.194012116226936038e-01,3.620963177645841746e-02,1.178162633750789168e-01,1.110805841783960024e-01,1.824804568562039542e-01,1.330989846652509967e-01,4.315142202659583148e-02,6.031694938668097361e-02,7.518247189578493306e-02,2.329307147607934808e-02,1.163703635630541772e-01,2.602037079785937679e-01,3.349855816360631788e-01,4.002322369509085931e-01,3.264986057693232135e-01,3.079477510196860224e-01,3.464148914536260837e-01,3.095074668331941892e-01,2.545756542353233010e-01,1.348457770171036241e-01,2.834990291789218908e-02,6.052896912704611165e-02,2.244698737596533267e-01,2.321891870397629343e-01,1.854966013192064500e-01,1.379912774567904898e-01,6.232524433287983667e-02,3.836333631555526313e-01,4.776343002202864674e-01,5.157037717846085778e-01,4.199838635123031017e-01,3.447808106886827151e-01,4.625391114449205476e-01,4.230554075980281770e-01,2.717545896551194495e-01,1.564571602807665052e-01,2.741707188962796971e-01,1.915464201632390284e-01,1.873004100395465610e-01,3.465169388257698380e-01,3.136632535005717259e-01,3.896853043493072044e-01,3.022721628431808694e-01,2.131830740620744291e-01,3.976166740816688971e-04,2.759684948871166110e-02,7.170917114100738843e-02,3.930612638280983617e-03,1.110223024625156540e-16,7.721305062603533997e-02,7.550491089453381655e-03,9.962384600532858681e-02,6.287892103016434753e-02,6.269086755229891228e-02,2.360788864907960583e-01,2.144240633623943071e-01,2.357664404112813916e-01,2.282962298421638003e-01,2.232343813529223675e-01,2.521509045724263376e-01,2.446194152482694673e-01,2.934845794283274523e-01,3.074572688705017875e-01,2.399047315758961740e-01,2.100251593469695255e-01,2.082837758611878753e-01,1.955608857337209905e-01,2.275789795155422901e-01,2.419526783968435346e-01,1.283017825302158466e-01,1.983985588854282334e-01,2.240309312421570054e-01,1.892962012112785475e-01,2.027176615566115003e-01,1.629805950602299935e-01,1.995798784421442817e-01,1.232330540761778226e-01,4.688027071545933233e-02,8.985740212134789295e-02,2.292122505625183160e-01,1.844764165911373932e-01,9.945346033700096233e-02,1.717509824426781684e-01,2.638653275030847789e-01,1.390741653120653454e-01,3.699307946589812379e-02,1.637057712647365659e-01,1.917474501082425675e-01,2.826885122448538623e-02,3.990390044732863850e-02,1.538875204795726592e-01,9.135330385240467144e-02,1.524173384279042254e-01,1.707918799742895732e-01,2.072142461623646126e-01,2.038877041323053363e-01,2.687602273013051102e-01,2.501865108688366424e-01,2.840050171688126568e-01,3.398259035596228328e-01,3.298200789459442284e-01,2.836724628922561720e-01,2.844754752898743244e-01,2.944375815512532690e-01,2.799241128271744428e-01,2.284594303702394136e-01,2.245706748840688993e-01,2.190581186210775744e-01,1.948845655234670016e-01,1.642433518282055971e-01,9.545872191905180326e-02,9.532693725695523534e-02,6.129902196754799526e-02,7.388047390368779332e-02,1.277097131936318908e-01,9.501232595485362142e-02,1.495680959541084154e-01,7.388593682410010688e-02,3.533660381742953494e-02,1.314778507352609704e-01,2.132369321295803921e-01,1.661954354075730889e-01,9.417451527388132071e-02,1.391909909825553293e-01,1.961214552690115354e-01,1.036038468619814856e-01,2.441286320750898908e-02,8.125006413349038226e-02,7.080636539375212424e-03,1.966972953026539794e-01,2.282743846817529842e-01,3.917682446281753328e-02,1.373556804240329277e-01,2.355615936042746716e-01,1.135489608994756788e-01,8.646404204386161363e-02,1.700120357190121334e-01,2.115427467384396742e-01
3.996681435698766771e-01,3.501299062532036155e-01,1.225323129541433520e-01,2.013884248673103450e-03,2.059941876723285215e-01,3.162676072508557867e-01,2.275507041538959996e-02,5.246490091352989937e-02,2.170654986457575819e-01,1.347783058805063217e-01,4.836971311911859861e-02,3.329280699069898930e-02,1.893716001070086530e-02,3.787079336876822411e-02,9.494673527882296904e-02,1.223895119243944563e-01,1.666834894358236729e-01,1.118071061277194356e-01,1.112237329898887461e-01,1.652912185510349019e-01,1.375409917988626440e-01,9.924145664382921783e-02,1.050012605534558774e-01,4.583383191099429932e-02,2.192191279344660182e-02,1.648386420036656308e-01,1.579076790133197572e-01,1.387782934978606109e-01,3.494243013477055237e-02,1.249972093305878884e-03,1.500809418102083959e-01,2.016781542634450142e-01,2.654104968423400268e-01,2.044754152180142115e-01,1.124731079025275554e-01,2.437323335690219361e-01,2.202777013423905250e-01,7.483917799666428561e-02,2.150785806508376252e-02,1.041979017445741756e-01,6.497092951898758573e-02,9.887896326888677423e-02,2.080096988374917355e-01,1.629610408765006235e-01,1.881095013559814788e-01,1.165819011998942278e-01,6.837079575974826240e-02,8.917386412230712822e-02,5.731276427740428225e-02,1.065864556556717080e-02,8.163175819589829629e-02,7.721305062603545100e-02,2.220446049250313081e-16,2.936597992780409783e-02,1.030874713444558388e-01,6.639371529419524354e-02,6.530229324437020200e-02,9.290493491119033997e-02,7.437451226782665348e-02,2.463449224097453150e-01,1.922407421433989239e-01,6.704921492165830110e-02,4.722362430908588760e-02,1.402389635044248156e-02,3.396765964337428861e-02,2.584792180707609632e-02,6.265852267981961154e-02,7.432511925362939031e-02,4.926205929419320839e-02,4.998935262037579319e-02,4.229586947552863019e-03,5.413885407837106672e-02,2.990593336387202539e-02,6.174657414144710255e-02,1.453056497175600204e-01,1.305987722516616933e-01,5.458802651434968567e-02,3.115953783152897172e-02,3.296723498548737030e-02,4.990672875336055192e-03,8.053931337272668411e-03,2.250505572171469792e-02,5.161125910500444225e-02,6.305833569453023202e-03,2.600282659149913411e-02,4.549677432224054352e-02,6.105904675862555697e-02,2.861982141266714019e-02,4.180190795569478646e-02,4.555080456746784384e-02,3.849490099601748927e-02,6.945310151498121365e-02,1.022679379093175550e-03,6.102564080834301657e-02,4.682869189171046109e-03,2.068431217875729700e-02,6.767071642847553858e-02,7.245243731310255231e-02,5.290456816679547924e-02,6.088020096602553277e-02,6.415538818833477208e-02,1.163224781849808431e-01,1.448026552493168195e-01,1.093152835596232775e-01,1.086716203558997507e-01,1.395862686957325682e-01,1.289487253758695995e-01,1.061228292599034617e-01,1.061991691014305683e-01,1.298190631574590859e-01,1.305560498502297551e-01,9.628304541629187363e-02,1.188738913875468511e-01,1.131328724769448124e-01,1.115233982801850376e-01,1.231951642684432358e-01,1.467172610819233447e-01,1.428898584884685796e-01,1.018035189319682898e-01,9.970723864023503524e-02,6.879893981198120789e-02,6.141784376564085601e-02,3.514508382066183767e-02,1.920267765071703714e-03,2.174485680432425294e-02,5.065282988926511631e-02,2.717066531129114226e-02,5.562268385513879920e-04,3.736799692430220476e-02,7.120000926767777738e-02,7.514253472880438878e-02,1.888213919208491520e-01,6.956760057775618344e-02,1.062677403909510487e-01,5.879826068787025184e-02,9.579548455601952228e-03,6.143912780764425319e-02,2.366029509371719852e-02,9.822299817212970519e-03,1.565544460821698125e-02,1.444758285672000375e-01
2.428184154832009334e-01,1.657702895656696374e-01,2.838448323611519886e-03,9.979066113092649459e-02,4.307198545845675186e-02,1.108170781380647535e-01,7.012120188246839803e-02,5.544838584777033591e-02,1.162385595511056247e-02,1.287625479713239152e-02,3.815433913770341356e-02,8.515724194794288548e-02,9.359478075046245849e-02,2.439799729596098254e-02,2.017082547907090018e-01,2.230057987054822333e-01,2.430674927639003002e-01,1.843708412327499935e-01,1.658192097620823091e-01,2.028738197054067438e-01,1.700011404746492594e-01,1.334988801560735849e-01,1.212334000495915443e-01,9.214058484857312603e-02,6.660023357881217354e-02,1.955739239225363080e-01,2.131002027297372869e-01,1.708563464881941718e-01,1.283410516676335988e-01,8.364884369353475790e-02,1.974945927115265287e-01,2.796998963723589804e-01,3.349196737439445459e-01,2.713189500110335661e-01,1.965311553632568820e-01,3.449223829860105783e-01,2.904866640818526968e-01,1.542939911814393827e-01,8.417857159196290295e-02,1.991539736779822933e-01,1.522497416255341185e-01,1.901158029083056533e-01,2.954029453374986125e-01,2.518562738055791228e-01,2.886955155776651516e-01,2.155257473232587984e-01,1.741650298313446310e-01,1.733853715463196110e-05,7.223374478977234725e-02,5.094821828300499789e-02,1.382763018054167237e-02,7.550491089453381655e-03,2.936597992780409783e-02,0.000000000000000000e+00,3.312742494567844087e-02,7.293097541819326679e-02,7.387407674132928648e-03,8.579126255553970459e-02,5.737376010089001444e-02,1.887444593716223751e-01,2.098142163463682097e-01,1.187896098851840415e-01,1.048169814909321873e-01,6.689821636701814844e-02,1.080180198015528725e-01,1.052987897338364953e-01,2.135899883181158199e-02,3.996770182262049387e-03,2.422410240939623649e-02,7.980004918487701437e-03,2.894311200200544443e-02,1.109040254570396872e-01,4.608373774859049476e-02,4.490783131936210149e-02,1.156843879825175114e-01,9.001000150348117956e-02,3.164046145521892672e-02,1.727099792089376029e-02,2.963537481468064838e-02,5.431516308635198076e-03,3.565950807402618050e-02,8.907321792155187268e-02,1.348194258043820259e-01,9.626645243941585328e-02,4.324063895906584548e-02,1.056369505394511576e-01,1.418456226587931357e-01,4.810567072504892683e-02,1.350924834219124904e-02,7.135541208539143698e-02,9.054577778625533258e-02,6.825988267193319747e-02,9.019207906480267156e-03,7.127768417519959876e-02,3.264657583372548855e-03,4.648927285737397552e-02,8.126444181429731684e-02,9.785881766459833542e-02,9.544972859760036954e-02,1.259411789707168827e-01,1.236613765015630029e-01,1.543872141883424476e-01,1.938224450228122064e-01,1.733167887224938419e-01,1.452182248373489470e-01,1.609552069384148909e-01,1.668727551859966740e-01,1.430748630585123027e-01,1.032176148469593768e-01,1.328867266686481474e-01,1.479619008555485005e-01,9.894808588264658589e-02,1.113606305019782527e-01,8.388002423766238724e-02,1.008281635473469162e-01,9.218164121126515287e-02,1.218406850611822856e-01,1.469738170949812517e-01,1.212443543447327410e-01,1.371421435106285891e-01,9.404775715348445697e-02,4.754266715618171713e-02,7.201290611717925394e-03,3.935740476845672742e-02,2.801629877559796977e-02,1.419838675625639812e-02,4.253794503266350446e-02,7.805738250383342791e-02,3.247338697205909286e-02,6.470614074455205422e-03,2.412788541960428357e-02,4.699699976133606127e-02,7.442263874697777060e-02,9.542281893151255412e-02,2.229705768479917083e-02,2.578910511475469153e-02,9.871469457344472787e-02,7.286506496377051501e-02,8.351531985095927285e-03,3.947310401067483099e-02,1.060255278258321054e-01
5.462407209406620889e-02,4.881225621908306944e-02,4.913205443204149425e-02,1.543333645777286989e-01,2.319365010775112368e-02,1.332676084543848172e-01,1.433373170248417039e-02,2.386259605494472913e-02,4.334619997571011185e-02,1.123488335202826316e-01,4.668006232380209064e-02,2.215400930402572355e-02,8.925400711050079927e-03,1.317580986153447931e-01,3.316849074304309974e-01,3.687018370586002680e-01,3.841820926477759190e-01,2.881286803507953631e-01,2.840501979622382933e-01,3.330834719350445061e-01,2.624066037503705040e-01,2.239112719437171550e-01,1.809814275616215828e-01,1.358069214033919558e-01,8.346644848417544837e-02,1.905608657077338119e-01,2.118384312745711373e-01,1.446667467783906147e-01,1.670081261679897400e-01,1.491757213081837119e-01,3.585727505817033478e-01,4.394165432747836331e-01,4.754570846807895657e-01,4.032271967883553354e-01,3.509031172636679630e-01,4.921474431907061353e-01,4.216265039806353920e-01,2.471846124802276057e-01,1.655537526103553203e-01,3.073061051868782312e-01,2.008814170262309684e-01,2.269855229399809216e-01,3.877847067538724990e-01,3.526418510879477108e-01,4.281617898653774512e-01,3.502605577565433559e-01,3.197954458257842303e-01,1.070540099460666750e-01,6.540408108391856934e-02,1.428998428893918371e-02,6.734290892188155020e-02,9.962384600532858681e-02,1.030874713444559498e-01,3.312742494567844087e-02,2.220446049250313081e-16,5.020344936186860174e-03,4.497464145086182974e-02,1.207851450172825469e-01,1.598794583509843825e-01,2.476551028432994739e-01,2.576199338212346590e-01,2.183091921009588654e-01,1.923704938557049271e-01,1.411546283875932395e-01,2.096074301217998315e-01,1.838140539126355277e-01,4.199100512165288013e-02,5.202024045701281185e-02,7.173034116303717012e-02,5.296111235371914194e-02,1.028790146578972275e-01,1.838970886315379194e-01,8.164602598133152700e-02,1.156294337735075117e-01,1.900717287390095434e-01,1.553905729115746259e-01,1.080522628631078175e-01,7.528587597798643005e-02,7.901238408105570876e-02,4.771615007500072669e-02,7.182052806178534921e-03,9.397490988531617684e-02,1.974412333827764987e-01,1.498604333889297924e-01,7.122532556019146865e-02,1.659289724883153683e-01,2.308905449606828975e-01,1.221256580784631091e-01,2.671766894330762643e-02,1.517746105625098485e-01,1.700841248091127800e-01,7.530139297435470280e-03,3.508100192791312882e-02,1.388247187248196346e-01,7.773899624288313492e-02,1.273769948594007384e-01,1.465901772736248887e-01,1.849096136097286847e-01,1.805274729184574434e-01,2.278413543869733382e-01,2.047349869663138422e-01,2.286750504439284404e-01,2.865953175715609813e-01,2.735050252185362574e-01,2.356062906247751165e-01,2.453775170212568468e-01,2.644852113991549292e-01,2.317827566588273602e-01,1.683484604741381507e-01,2.008150136302583044e-01,1.950760464459248555e-01,1.507639996362742374e-01,1.379605482343659872e-01,8.729911472077805934e-02,8.334398514159446769e-02,5.247883708436190675e-02,4.774103540380453259e-02,9.751675938050041736e-02,7.114408185535109341e-02,1.218470042386606278e-01,6.700488468473936310e-02,1.014580601126541248e-02,5.507249042661122029e-02,9.978559306012346752e-02,1.068258472464578557e-01,6.623837723460773708e-02,7.655227996051133799e-02,1.415675576969967486e-01,9.627365617337640957e-02,2.779514060201243586e-02,1.003449912269281930e-01,9.784465908798592459e-02,7.755106558826820040e-02,1.472243219387178448e-01,1.132775503941476081e-01,9.989212510983083715e-02,2.589756776785210879e-01,2.093533179404171718e-01,1.287652008642881651e-01,1.883929704945458972e-01,2.780549875409829008e-01
1.170150929119460337e-01,1.767918616193197012e-01,1.401823540700786186e-03,7.617453945398411363e-02,1.167215947636003059e-01,2.611636853162418448e-01,6.890959861897272276e-02,7.439164341632645283e-02,1.864941500441985034e-01,1.915785335311232518e-01,9.760232389169747058e-02,4.808535212866221764e-02,4.781341987134235527e-02,1.233047878290945559e-01,2.168503355198155291e-01,2.540362846123701557e-01,2.831741535975320079e-01,1.904965034093931697e-01,2.033208414566756161e-01,2.718685017204743870e-01,2.036344758493829898e-01,1.620245255278549013e-01,1.342487189259954361e-01,9.778051680494781461e-02,4.022485094906963488e-02,1.555394959862979598e-01,1.434651613814196813e-01,1.027327232876846658e-01,7.496089586497904633e-02,9.016863442305987630e-02,3.457184991306350152e-01,3.705018968163608095e-01,4.021832451110002871e-01,3.686325094905031352e-01,3.228743574956479123e-01,4.020986913642777827e-01,3.696614924502176769e-01,2.478320112826927768e-01,1.496225551211929350e-01,2.329469496136516160e-01,1.341910423726451196e-01,1.143774629646778090e-01,2.772954711041740739e-01,2.294539456015243228e-01,2.997420057954123251e-01,2.417610516667896003e-01,2.350108067578682292e-01,2.637258999427447015e-02,1.858514920051883290e-02,3.327433832408552283e-02,4.463292937163854113e-03,6.287892103016434753e-02,6.639371529419546558e-02,7.293097541819315577e-02,5.020344936186527107e-03,4.440892098500626162e-16,1.687203218558996909e-02,9.016754392316073119e-02,1.638303415995361334e-01,2.384496552534243197e-01,2.042053871191583936e-01,1.744691387170292374e-01,1.252474646911537204e-01,7.584504881893766592e-02,1.679026879852303367e-01,1.708602640308209686e-01,5.693672998735888058e-02,7.083995880220267383e-02,1.051779384398709993e-01,1.168438629912187804e-01,1.821170469974189299e-01,2.356208164324108678e-01,1.653619485613705975e-01,2.275718689891819135e-01,2.698740877051536424e-01,2.537372806231975586e-01,2.216443176637907242e-01,1.631640740634984765e-01,1.556287003987325834e-01,1.318753129119092371e-01,1.190429977985615617e-01,2.284050192642435306e-02,9.793512251617858544e-02,5.383359495717618404e-02,4.324775543464928762e-02,5.977051893443122849e-02,1.540997111727678559e-01,4.653775434136925293e-02,2.268998458325961060e-02,1.270795320648125393e-01,1.241650837101698490e-01,2.383401605368588166e-02,3.896298957634292126e-02,1.396590641602940552e-01,7.533177730410342554e-02,1.194013235508234461e-01,1.566751449681796082e-01,1.882345643963552473e-01,1.711562148022366392e-01,2.004329035082098032e-01,1.922059489311692126e-01,2.329055932963990938e-01,2.662940895724036361e-01,2.325434169847742094e-01,2.156937038521428152e-01,2.385663891539683557e-01,2.221831103688998166e-01,1.888695024337609663e-01,1.531298082947494255e-01,1.752893421636581572e-01,1.409150839758800400e-01,1.230598978279233702e-01,1.223041616185783775e-01,7.252308283021113855e-02,5.151231965733732432e-02,5.652712325722752951e-02,3.800005990274427092e-02,6.090344840699257745e-02,1.575696925107039625e-02,5.419727043092784080e-02,1.027109459938423119e-02,5.086752641256064855e-02,9.395021443179017717e-02,1.218578524992429135e-01,1.038037744028663945e-01,6.327718869346787844e-02,8.822850336717164010e-02,1.317972757781294135e-01,8.584089117745352659e-02,1.942976889004183194e-02,1.091686924244265611e-01,9.534134657701157090e-02,6.603954923472135641e-02,1.109818919088739891e-01,1.440272915495705019e-01,1.481280421578845541e-01,2.708507459163894127e-01,2.664582995425536782e-01,2.186818250985737011e-01,2.343925615387905670e-01,3.839093999544232472e-01
3.347137741243265685e-01,3.327943465002572987e-01,2.086166213310815531e-01,1.324699239952323859e-01,2.784186481110150768e-01,3.630356250588589462e-01,1.886266722793132622e-01,1.601060880962061062e-01,1.292667887687425354e-01,1.660042109875110028e-01,5.720348656818149968e-02,1.183157289632019715e-02,3.282117517965796316e-02,2.741815281862436393e-02,6.530601605093455664e-02,8.837972812061117844e-02,1.210750447637094218e-01,6.559921011488389908e-02,7.094321364819777820e-02,1.354680706180034500e-01,9.725042957476040528e-02,7.492412225985289886e-02,9.350325752490934450e-02,9.569332797180757355e-02,1.618051455340480116e-02,1.186362939350304457e-01,1.075624003452084199e-01,8.385327325740554727e-02,2.787455859916190826e-02,4.968448476173113054e-02,1.825011208421999376e-01,2.010041161192532566e-01,2.391504994172037046e-01,2.210510814147755576e-01,1.631536800030672918e-01,2.364121039312370998e-01,2.040257169205450805e-01,1.209521736557412352e-01,5.238163303554899120e-02,9.395869139326185060e-02,5.132123409265770819e-02,4.368265853104644908e-02,1.481040369951651670e-01,9.198380912616191396e-02,1.274537647509752514e-01,7.597645286561671707e-02,8.364511272944508136e-02,5.314122667665902716e-02,6.241777474207930998e-02,5.594778749730133782e-02,1.326890804109942534e-02,6.269086755229891228e-02,6.530229324436997995e-02,7.387407674132706603e-03,4.497464145086182974e-02,1.687203218558996909e-02,2.220446049250313081e-16,2.248324488208774952e-04,3.117571291783749476e-02,1.621693522372820162e-01,1.421466616574005859e-01,4.127956656312128936e-02,1.814176077248835783e-02,6.592244698468036068e-02,5.989902148783310398e-03,5.593757843066232693e-03,1.129736281023818872e-01,5.515779109270452230e-02,4.103741825343480698e-02,2.402316260577689461e-02,3.448034647896255911e-02,9.597984931192543590e-02,7.842916824313281299e-02,1.208380897822810551e-01,1.887565310991081435e-01,1.895643929686141593e-01,1.150517432010303848e-01,9.123193407233226582e-02,6.497084546331456656e-02,6.714448511522635998e-02,8.105321696038132739e-02,7.025592794400661867e-02,2.188557116382471024e-02,5.877518257192015927e-02,1.118037686936729502e-01,2.396897673296621845e-03,3.449876559890729943e-02,5.208748837549084798e-02,5.580247870262902005e-02,6.236808829890236328e-02,3.867097669925813330e-02,8.057396416767630132e-02,1.521138651552102206e-02,8.425982905975887283e-02,1.335254040889089638e-02,3.746175106599800020e-02,9.197061490908579884e-02,1.012864445170505445e-01,7.200246793081969965e-02,6.790588530523777866e-02,7.719839352094759466e-02,1.298074738569222897e-01,1.505463197142394571e-01,9.298474753970135953e-02,1.016565093699018235e-01,1.460235370726494231e-01,1.157547589097309287e-01,6.645055258961517219e-02,6.343146747897551729e-02,1.130981543522121824e-01,7.801859746018835473e-02,4.448934000670751177e-02,9.266387903168188389e-02,8.564474466400606723e-02,5.640003847652808044e-02,8.888201535302248102e-02,8.162915832483680356e-02,6.622046205369264138e-02,1.505511722887720172e-02,8.340100163696712032e-03,2.719497236663123707e-02,1.680146842015950437e-03,2.007767111401603799e-04,1.238106158426427461e-02,2.366683057379070920e-02,2.909202003900923650e-02,2.160422755303037512e-02,4.826599926694208342e-03,2.350233759272007950e-02,5.173449121579876131e-02,7.445115783748290639e-03,2.462903380226277861e-02,5.234122611650540713e-02,4.451504853637164305e-02,4.766339284846723978e-02,2.630119106869444057e-03,6.912062878335348270e-02,1.415666420618532650e-01,8.765345964162260528e-02,6.747261117703590161e-02,2.452419788286110958e-01
1.585754183239971304e-01,1.450650219644542827e-01,1.594209698265386388e-01,8.280241991480720432e-02,1.130570524434835189e-01,1.959978027150796609e-01,1.681888416782495177e-01,8.292647480292369977e-02,5.880941218460999931e-03,1.573002727166606940e-01,7.623301966816456443e-02,3.954107552680147242e-02,4.174425943245857473e-02,9.061556586669111679e-02,1.846620097987577980e-01,1.812276832717808484e-01,1.917910542187598877e-01,1.233751238728396787e-01,1.389566303032390426e-01,2.109293851373631457e-01,1.503078880087496683e-01,1.292809433462900892e-01,1.454229210370800163e-01,1.388810212600548044e-01,5.932400919213234869e-02,1.410211997066141976e-01,1.247903464709841648e-01,8.598343711282435686e-02,8.568697919252343809e-02,1.329291875947401502e-01,2.770058225411041741e-01,2.957664211405625632e-01,3.107099686736135569e-01,3.063165834592844750e-01,2.887989567827601300e-01,3.513268521689406065e-01,2.925008567746436583e-01,2.334976564420960798e-01,2.191724374870026582e-01,2.174873317348079982e-01,1.590014532417934612e-01,1.239879691485279295e-01,2.216547729845275982e-01,1.612635770169171534e-01,2.140804059781832858e-01,1.769690376671231580e-01,2.286672619001527407e-01,7.085504429422961881e-02,7.898817985093502247e-02,8.891903202492160152e-02,1.390562943008852859e-01,2.360788864907961138e-01,9.290493491119033997e-02,8.579126255553981562e-02,1.207851450172826580e-01,9.016754392316084221e-02,2.248324488208774952e-04,1.110223024625156540e-16,1.399283755589353362e-02,7.245600148111697170e-02,6.744587947811586659e-02,4.933710558419956982e-03,2.858489137129205382e-02,5.333924534882217294e-02,1.032666701654505470e-02,1.997395039774652048e-02,6.834491852321106231e-02,4.297429213044789975e-02,3.927233979932898134e-02,5.726283712879021159e-02,1.115272327804984753e-01,1.842969394214520606e-01,1.176040101859957970e-01,1.486425545224906997e-01,1.969557279803722250e-01,1.986368081776714867e-01,1.460369586659531205e-01,1.144303268571209842e-01,6.962011162689894783e-02,8.346639301367447805e-02,8.357641525981182595e-02,3.322040496664456499e-02,4.580219185095563833e-02,2.251818454599491259e-02,6.183461552041974452e-02,4.443207060566722877e-02,1.105613245925699401e-01,3.155030727509208766e-02,3.186632298746105985e-02,8.689120362204151571e-02,9.121923286043673307e-02,5.299543957570216485e-02,4.227606201123154661e-03,9.485238019368832929e-02,4.416741494448463146e-02,8.095923379216617144e-02,1.091743049451755765e-01,1.392482827483109975e-01,1.314655907247568034e-01,1.538711232300291609e-01,1.472286987133541170e-01,1.669585659846920811e-01,1.949134817732663949e-01,1.620460904620176223e-01,1.449519565453772918e-01,1.666319379733902095e-01,1.528907768243102094e-01,1.059656396266499545e-01,7.137954972754501082e-02,1.216312556114719223e-01,8.488431103761834295e-02,4.596734975299032744e-02,8.068702378676345655e-02,5.591310401978916156e-02,2.458725321843502343e-02,3.385226861020534939e-02,1.299596142549247491e-02,2.161475493974174267e-02,1.116520571170026566e-02,7.452677289883580247e-03,3.163376914455440225e-02,2.947414470044634749e-02,3.676403436847214268e-02,1.079734400343052014e-02,9.519442430566932289e-03,2.344228049030372407e-02,2.282409950954994438e-02,2.413186527171773399e-02,1.464835404433423305e-02,6.592486668457742116e-03,6.972468504879406059e-02,9.825168131383024694e-02,1.625614132483465812e-01,1.613548959956400963e-01,7.823519051184441020e-02,2.936797859094703034e-02,5.707021013308954949e-02,1.301657087065756224e-01,8.000469759955464166e-02,7.862093741434605931e-02,2.333839036531114575e-01
8.473661388981590381e-02,1.501260044528441029e-01,1.762365048764247266e-01,6.952329626723283140e-02,1.040779709042672641e-01,2.591443460058518999e-01,2.266349829104286062e-01,8.450141500888916357e-02,5.165851501138593593e-02,2.348063857393037634e-01,1.005634980504307996e-01,1.330045632090726127e-02,9.600770806031944105e-04,1.057345762435763226e-01,1.358400285242119809e-01,1.255666598842654913e-01,1.534942742656906223e-01,9.781593769264140814e-02,1.240288097351738283e-01,2.089869553023080417e-01,1.634435884829358310e-01,1.408428037942612288e-01,1.678350090433375352e-01,1.632029016726678217e-01,6.440285208176288467e-02,1.925795946617253063e-01,1.435139874357644063e-01,1.007461381365349767e-01,7.530287154368178748e-02,1.306964144746893819e-01,3.286296621678153063e-01,3.139914674105886983e-01,2.941779268917874557e-01,3.026333917525756978e-01,2.734049358225431603e-01,3.012482216429114290e-01,2.413929361683066765e-01,2.109335272033862063e-01,1.950771152777126538e-01,1.410507643760227636e-01,8.092343929195966457e-02,3.333341923950544627e-03,1.152135607876545870e-01,6.030122671494000941e-02,1.308198603966286011e-01,1.038724237765298042e-01,1.510681105486863518e-01,1.875291645988381994e-02,2.966487520110400178e-02,2.557182025037121192e-02,6.528386197204333330e-02,2.144240633623942793e-01,7.437451226782676450e-02,5.737376010089006995e-02,1.598794583509843825e-01,1.638303415995361334e-01,3.117571291783738374e-02,1.399283755589353362e-02,3.330669073875469621e-16,1.116938393087257841e-01,6.933373273719600771e-02,1.056692007712056736e-02,3.133700243464321300e-03,2.238430056406659485e-02,1.436713122778976448e-02,2.777457218547829676e-02,1.298208806970441165e-02,8.390983256786782585e-02,3.536854449555476565e-02,9.708474067670197494e-02,1.589202266048974077e-01,1.849667414980035174e-01,1.324906757420951930e-01,1.969023834936168837e-01,2.114098218762736348e-01,2.148767532126173163e-01,1.809300127113751822e-01,1.672796141200894593e-01,1.387963304588682445e-01,1.458225533766770998e-01,1.396200103914536084e-01,8.371964380684979168e-02,1.395056944547784158e-02,3.829812540522739561e-03,8.264007580003053521e-02,1.922743934216782774e-02,9.083385957072306893e-02,1.950814019222185669e-02,3.395183547034837795e-02,8.068700773623649347e-02,7.376076008098636505e-02,4.890247483811979018e-02,7.458659195736766501e-03,7.835871348153444771e-02,4.693084402212341355e-02,8.320216289956101907e-02,1.083507147534348569e-01,1.427525372116030256e-01,1.329698708809068930e-01,1.528195251539646859e-01,1.519164458741532331e-01,1.660631594063808336e-01,1.831963422990391666e-01,1.538567089538989408e-01,1.459358518323873033e-01,1.679273129667333553e-01,1.482931767606817941e-01,1.059576383571575742e-01,9.236048021480733339e-02,1.326549334207035580e-01,7.524232252935675325e-02,5.627935160092806255e-02,9.506994339730273635e-02,6.432205517334188549e-02,5.927867517002582964e-03,2.036395307490174167e-02,2.219380148275207354e-02,1.648609552217078500e-02,6.057626941110372254e-02,3.762084899784950975e-02,8.128924801413800472e-02,7.170805345300698685e-02,9.166368414559730726e-02,6.185110092958860661e-02,4.494085413198237178e-02,3.414445759542661385e-02,2.453679095193958548e-02,2.286855307207848881e-02,4.863502538369424144e-03,1.765092268860529723e-02,4.435202310990132846e-02,7.145976927478422946e-02,2.200575088349771558e-01,2.441950477668089758e-01,5.937551615407188343e-02,5.004524360972106845e-02,3.419479335866493219e-02,7.814116633247969457e-02,5.174504059393147948e-02,3.543815881678735735e-02,1.951133925295472915e-01
2.408998538877951123e-01,1.951424923650484089e-01,2.891531791621367309e-01,2.188615815967069889e-01,1.319475954643624938e-01,1.494990235127416356e-01,2.082969886548156346e-01,7.310793705132817566e-02,7.100996367464190717e-02,6.492161135915977543e-02,1.736639499752168359e-02,1.098535458997138559e-01,1.072773149142225435e-01,4.920133434507001358e-02,4.171293642087622877e-02,4.781723941884247209e-02,2.815205420716128393e-02,5.185259885474382407e-02,5.285318154310877925e-02,8.306720587542698597e-04,2.037560441254099297e-02,2.442345439091690718e-02,1.324594000525675108e-03,2.885027860956548840e-02,2.714989840438100654e-02,5.968904971414973337e-04,1.771495714874786465e-02,9.026466520303165486e-03,4.970510799071543862e-02,5.056565974596408108e-02,3.991717422562035544e-02,3.139951876798187380e-02,6.874827859696797105e-02,1.183061904334736514e-01,1.495960627962112655e-01,1.156263056792788957e-01,1.186629535958706877e-01,1.994052837182611615e-01,2.220022131719952552e-01,8.213075900377952987e-02,9.203320741103576674e-02,2.305436754206762959e-02,3.339822699709043413e-02,3.531851470299997298e-02,3.057878174843328689e-02,3.570134248414862099e-02,4.284546429149099778e-02,7.356688259765431503e-03,3.618853756832285384e-02,1.187635633266121288e-01,1.435523899404561876e-01,2.357664404112813916e-01,2.463449224097451762e-01,1.887444593716223196e-01,2.476551028432994461e-01,2.384496552534243197e-01,1.621693522372820162e-01,7.245600148111708272e-02,1.116938393087257841e-01,0.000000000000000000e+00,2.042550637754902976e-02,3.062724202316047251e-02,1.425141682923046771e-01,9.198951577037306482e-02,1.763336173228602366e-02,1.858011324323971536e-02,6.914571777870898162e-02,1.286498333316818121e-01,9.355443261463293469e-02,8.774384247582726892e-02,1.385171338733735547e-01,1.455010192051057194e-01,1.205068821279355606e-01,1.591903988781816770e-01,1.832973804344573410e-01,2.126492293246566856e-01,1.911883325238027120e-01,1.607963359693104222e-01,8.453558156898395570e-02,1.252094578381887646e-01,1.522256818964370095e-01,1.509938323273432859e-01,9.173665107993128620e-02,1.039465590196618633e-01,1.584570875023508518e-01,3.205984933695749800e-02,2.042933880644763611e-02,3.680828146498543729e-02,2.846172885711691081e-02,8.321144277819289559e-02,6.111471324058018184e-02,4.210490263007170275e-02,5.866672597160421665e-02,1.046808143330630186e-01,3.952879444663746217e-02,6.165028740606547791e-02,1.142961636566712791e-01,1.251743942222668937e-01,9.468536793877452284e-02,7.849074160800642574e-02,7.553499155522913622e-02,1.197008761144024436e-01,1.331417792160951574e-01,5.725273535487675203e-02,5.986295282618939173e-02,1.170631101528877976e-01,7.016600087573010569e-02,1.126006518744535057e-02,3.040135428575324594e-02,1.012362890171904506e-01,4.041660139199138024e-02,7.776330702060740840e-03,9.076368151344421653e-02,8.824321965812953472e-02,2.963155638482783960e-02,6.698086235962857904e-02,3.373500708026588857e-02,5.579932699648626482e-04,5.690968070501950526e-02,7.218145914915924388e-02,9.675974663542535881e-02,3.340694745907518692e-02,1.364453931851278279e-02,5.234466858672923162e-02,8.922106273779306651e-02,5.599499919119743652e-02,5.196351132483817414e-02,9.205960159393156150e-02,9.954666321384020300e-02,6.459728205572573545e-02,1.707940331367344133e-02,8.091353535466949687e-02,1.919834820653577301e-01,2.833220198942946189e-01,1.863115351124460251e-01,6.578391482270123936e-02,3.808545436679411367e-02,2.407939376495430439e-01,2.500771763245537294e-01,1.944479423644769889e-01,3.474977831743714662e-01
8.747981476094722486e-02,4.392772921739404590e-02,1.734722812802200753e-01,1.255203563508905384e-01,1.122268427346945208e-02,6.592251836445822688e-03,1.022043476900719450e-01,9.187350581053965737e-03,1.238111594049466913e-01,2.191821872491542256e-02,1.860794999514100989e-02,8.506878113720200973e-02,6.396412055148704978e-02,1.211783514929537509e-02,2.605590797985293805e-03,1.981183552284230404e-02,2.382126868790078456e-02,3.618576354748614943e-02,3.003005068130729441e-02,1.967106257948242343e-03,1.104491277405673239e-02,4.692949911407975211e-03,2.104843925306879027e-02,3.777513554564993631e-02,1.017169142927434877e-02,1.237958243280908727e-02,3.181331167449188979e-02,2.286898067958716141e-02,1.298489633609172314e-02,9.943749085784124586e-02,5.731538874507856318e-03,1.408443654704251424e-02,2.726802564168404053e-02,6.684178474871423081e-02,1.120774768927605414e-01,7.257531154135847540e-02,8.347036569293324326e-02,1.887461807426643878e-01,2.421344936132929226e-01,9.299745345185425616e-02,1.160973415932599340e-01,4.365280145905806042e-02,3.145207369794038310e-02,1.713614858034221561e-02,1.804631765006590310e-02,8.571375042518782766e-03,7.837048390648027052e-02,7.351758362974339378e-02,4.849419643639479860e-02,1.332394793636465513e-01,1.930938096993508324e-01,2.282962298421637448e-01,1.922407421433989794e-01,2.098142163463682097e-01,2.576199338212347145e-01,2.042053871191583936e-01,1.421466616574005859e-01,6.744587947811586659e-02,6.933373273719634078e-02,2.042550637754936282e-02,1.110223024625156540e-16,4.455183089302483523e-03,7.160829171573379615e-02,1.821202203613936366e-02,2.310003906193902612e-02,1.923486208537716902e-02,3.119779603905326049e-02,1.500327093847754756e-01,8.861165368282269972e-02,1.050352728535474955e-01,1.352012638966202940e-01,1.168827507125674431e-01,1.026857144106232272e-01,1.100535740373394800e-01,1.212046424527649657e-01,1.432358492872288780e-01,1.465728409586264935e-01,1.151734413572949173e-01,5.208466337108748345e-02,8.441931955728856907e-02,1.021382524961802485e-01,8.690829171835509626e-02,4.262071774590997508e-02,5.426267344160947553e-02,1.036884819224643678e-01,6.272012953983885364e-03,2.374526204922090128e-02,1.224319396291642659e-02,2.145962285569289266e-02,4.489924839622449343e-02,3.692232173844900434e-02,5.175504886763738349e-02,1.390221704519648341e-02,6.061893198965179197e-02,3.442235895530228185e-02,4.205979913432248557e-02,7.704010681238639136e-02,9.245632359085528829e-02,8.001420144707643844e-02,6.956424985345134593e-02,6.031658015073936008e-02,7.893777100722018658e-02,8.788568912972548330e-02,4.641801687282454125e-02,4.750570269418968872e-02,8.048917130950683507e-02,4.495673113420584066e-02,2.091208783996714726e-02,2.392595401696873125e-02,7.004944933483087111e-02,4.783045724942575072e-02,2.057214920661959434e-02,7.495885938106983115e-02,6.725918681042242220e-02,3.893393615352758186e-02,5.501145138925400691e-02,2.777456058515798132e-02,1.850714627455929406e-02,1.982496432791786001e-02,2.536500659557594517e-02,4.736882156191479787e-02,1.124654801219665545e-02,8.938723587432167994e-03,3.977030732962845427e-02,5.843263706656409012e-02,2.795961125169957318e-02,2.108416696200487994e-02,5.261010689796219442e-02,5.318348971057975522e-02,1.988200644404358730e-03,8.650184345643201211e-02,2.189304905898672993e-01,1.383710498864347271e-01,3.086020015571760977e-01,1.983876938588755579e-01,2.176106527175442062e-02,2.466350973189879170e-02,1.776716830299206462e-01,1.820978175069580818e-01,1.427110347968060244e-01,2.505613896888339021e-01
8.139443251523825751e-02,5.940041151351554971e-02,6.999215861673568906e-02,1.622345829790017291e-02,5.569866611436374848e-02,5.128410819508716356e-02,7.430418281568246242e-02,3.236032478948214219e-03,1.053047027105478151e-01,8.872343923827610834e-02,6.579808489273672456e-02,9.908929194728632872e-03,3.452965102642099882e-02,9.561862594080051958e-02,1.010345889797057833e-01,4.741203683825290227e-02,3.094458289332674417e-02,2.291703600916913941e-02,4.836009048438265345e-02,8.661114560662318274e-02,6.183724794076340958e-02,7.111088656468135538e-02,1.023996470264371128e-01,9.388150755997190511e-02,3.715810132505455166e-02,6.024953639650732634e-02,8.344746954506425396e-03,2.111626315038236945e-03,7.080344240194422212e-03,7.081543300118189888e-02,1.109171323122849356e-01,8.933096479564366088e-02,7.950324434222125203e-02,1.254278555686608454e-01,1.785707993863621112e-01,1.288662680997605947e-01,9.557031226821349756e-02,1.785005896744043252e-01,2.396034726514965629e-01,8.481563575452780168e-02,7.753747406873168213e-02,4.167936815001799244e-03,1.479086185573941226e-02,1.405999737588550791e-02,1.515198597393249691e-02,3.380211484552356205e-02,1.179624659592175551e-01,9.563857976546527584e-02,1.449772781718605685e-02,3.108250485083086101e-02,1.447838349961327042e-01,2.232343813529220899e-01,6.704921492165835661e-02,1.187896098851840138e-01,2.183091921009589209e-01,1.744691387170292651e-01,4.127956656312120609e-02,4.933710558419845960e-03,1.056692007712045633e-02,3.062724202316058353e-02,4.455183089302483523e-03,2.220446049250313081e-16,7.091973477660995506e-03,1.510686005785188968e-03,2.706397174330166244e-02,2.577373976821872859e-02,1.714984795601665057e-02,1.567892179019971521e-01,6.545254927394658639e-02,1.346912855011447308e-01,1.482217766067590037e-01,1.313774510358654835e-01,9.530764272511144108e-02,1.207074735031891943e-01,1.004444621129689380e-01,1.161495523550161724e-01,1.323827319079022846e-01,1.427417650438202457e-01,1.028160872111244795e-01,1.387437747834650292e-01,1.370811710696862307e-01,9.074777034790562635e-02,1.493083120393129404e-02,6.763117676327173866e-03,5.258369628323811273e-02,2.038439861742108450e-02,7.178447556454570222e-02,6.039244524885207382e-02,3.797274542043135859e-03,5.731618156006917930e-02,7.432076572166107509e-02,3.196471149432000836e-03,1.246518809927971150e-02,5.421390121732164169e-02,6.700064836917840605e-02,7.712595953956712103e-02,8.074287935285695550e-02,1.093460888227175132e-01,1.189822182439274345e-01,1.389152109619883890e-01,1.281028293055032075e-01,1.128034440292030316e-01,1.109372660299763336e-01,9.469739517854006139e-02,7.747485461019426589e-02,8.198421299703179121e-02,5.126270219151202179e-02,2.454506546764623209e-02,8.814356809190626585e-03,3.594673052042107741e-02,8.131558975062014305e-03,2.574522491027525506e-02,1.264084681552118949e-02,1.193133113892419495e-02,6.115843490547345773e-02,6.163654285397507371e-02,1.044048456721227702e-01,8.825647230590272230e-02,1.074794532074173636e-01,9.081519044913688443e-02,1.173256167862262167e-01,9.939074146515308739e-02,1.045777922789882519e-01,4.412137491404238832e-02,3.747981543189282672e-02,6.510993664969039196e-02,4.078812436764699123e-02,3.213041181900244680e-03,7.731350869874420439e-03,5.934617144284824036e-02,1.261020507966513216e-01,2.548050782868687136e-01,1.802485125375703490e-01,3.538015754314177141e-01,1.327722760344616226e-01,5.125621120040235734e-02,6.539347601756229089e-02,6.400285976763797624e-02,6.445124601577340018e-02,4.430270572303174337e-02,1.709485389589375237e-01
9.569466730690823209e-02,7.151134983323803596e-02,1.945224547318852304e-02,3.812273676524480237e-03,6.475496634770350202e-02,1.007386407575234788e-01,4.439837146933894862e-02,1.681475583813096808e-02,1.027999431712144918e-01,5.947772497709891137e-02,8.064840882358939589e-02,3.577393890502272855e-02,6.563534520246189219e-02,1.218085660060635594e-01,1.434342127309394255e-01,1.027849687904946741e-01,7.143280504149174259e-02,4.963883621595310824e-02,7.199604241537546634e-02,9.401905275433466991e-02,6.079847781793706885e-02,7.172950596062499518e-02,7.843000361238583462e-02,7.678715624556674280e-02,2.722981425787237078e-02,1.399837493849273584e-02,3.281299275007398819e-02,3.870501877261157270e-02,3.790601639068134909e-02,1.298808178230981270e-01,6.802400975576577968e-02,5.129020781623316871e-02,7.315228339765900145e-02,1.093842974018892356e-01,1.966824256731034559e-01,1.416364750072787726e-01,1.343475406717193898e-01,2.267280421591413853e-01,2.862863611356118998e-01,1.589142006996739354e-01,1.490702952372486290e-01,8.110863065540882544e-02,9.341820425725617938e-02,6.642272557832584745e-02,8.498233278544625735e-02,1.012370482331580723e-01,2.030403039924353892e-01,1.976424528566695371e-01,7.830952400178042838e-02,8.481720725371583169e-02,2.057945571402985951e-01,2.521509045724264486e-01,4.722362430908577657e-02,1.048169814909321734e-01,1.923704938557049549e-01,1.252474646911536926e-01,1.814176077248830232e-02,2.858489137129205382e-02,3.133700243464321300e-03,1.425141682923045661e-01,7.160829171573357410e-02,7.091973477660884484e-03,1.110223024625156540e-16,1.790048749335293454e-02,2.938313471402587140e-02,2.833584965411839462e-02,5.741853130116203463e-02,1.993981397741683703e-01,1.515076383758562628e-01,1.976700166552298743e-01,1.899530514005018378e-01,1.811161401083475342e-01,1.325281526424955669e-01,1.314297397308317739e-01,1.067505076152678312e-01,1.231541480989617049e-01,1.710953645378350818e-01,1.370843165964931443e-01,1.038576545040569843e-01,1.365022877919919719e-01,1.413605891275732940e-01,6.211078709573930601e-02,2.342137421918827345e-02,5.377370480971377376e-02,2.358443902110499146e-02,3.503782776513153507e-02,1.071363723514600075e-01,1.046838457097353514e-01,2.193493318206178946e-02,7.036040068996797514e-02,1.062087801488623418e-01,3.086037131597806765e-02,2.514643023613158390e-02,8.126923529662251344e-02,9.236403124102807172e-02,1.046273540281549425e-01,1.002813715214692925e-01,1.292343525522073322e-01,1.476073802915285338e-01,1.760085221751941098e-01,1.559678842002339694e-01,1.337157991133587354e-01,1.321520940648301112e-01,1.196603722939706405e-01,8.667019807931158892e-02,8.312490460106308765e-02,4.703563684739409112e-02,3.067707233930766497e-02,1.143291594626666408e-02,2.490265138406333456e-03,2.117950684664093863e-02,2.898574997093650296e-02,2.129585335144723590e-02,5.940763244187147185e-02,8.322349791408645281e-02,1.024379741739844529e-01,1.437623618150276616e-01,1.050960266613171212e-01,1.021576572066054678e-01,7.394781189481003381e-02,1.071079451025640505e-01,1.208494282884813725e-01,1.280698275932424801e-01,7.997295935567699798e-02,8.094676197375333393e-02,1.221650946240648572e-01,1.121962415493669707e-01,7.409627519936790030e-02,8.848471743339009210e-02,1.386958812241696481e-01,2.057640251885637095e-01,3.845177378442856120e-01,1.140550390948165127e-01,2.575281141692925546e-01,1.503332786710389612e-01,3.554073275376612440e-02,3.562306350199284655e-02,9.481907606704670366e-02,1.099194386551920477e-01,9.712244506980499681e-02,1.475421911580731271e-01
2.731505691862079477e-02,2.614713279093350273e-02,3.953348699951231282e-02,1.800170307998782970e-03,3.667728046694085364e-02,3.746441411423750978e-02,6.610351395360508642e-02,2.950786456060766616e-02,1.083363322645565785e-01,1.033740555591434462e-01,9.748016701590314637e-02,1.997074826749761778e-02,3.987652951419684566e-02,1.638787814330036896e-01,2.247623186395664718e-01,1.989575439912443233e-01,1.824729502581082241e-01,1.425235422689225262e-01,1.667167185642763894e-01,2.140755187833928430e-01,1.600747770685584104e-01,1.571590331307818611e-01,1.637149010506099844e-01,1.404410060230555646e-01,8.519052353850628534e-02,8.252213881348266500e-02,8.024796947186041418e-02,4.284127127229274412e-02,1.237923533447922025e-01,1.883882349805466871e-01,1.980704118778959799e-01,2.102557459860674438e-01,2.240065426745924959e-01,2.343884671186028112e-01,2.779423795621352999e-01,2.836747920276498913e-01,2.337244639502280008e-01,2.550322134227889226e-01,2.734180083068852296e-01,2.025582618005337676e-01,1.485581496597412621e-01,9.848773272446745275e-02,1.658010636899213408e-01,1.221540262551970846e-01,1.786099246646864480e-01,1.718402666588988437e-01,2.551770161196332265e-01,1.567873235636231821e-01,5.856682837346377513e-02,5.445938791689097780e-02,1.701120194235656857e-01,2.446194152482694117e-01,1.402389635044244687e-02,6.689821636701814844e-02,1.411546283875932395e-01,7.584504881893761041e-02,6.592244698468036068e-02,5.333924534882206192e-02,2.238430056406670587e-02,9.198951577037306482e-02,1.821202203613925263e-02,1.510686005784966923e-03,1.790048749335315659e-02,1.110223024625156540e-16,3.127913092247780469e-02,4.366337906049289064e-02,2.044900770149338243e-02,1.468198882882525425e-01,1.320945459900928487e-01,1.805340451296634230e-01,1.852916210936129127e-01,2.233431777591060596e-01,1.557299731712756263e-01,1.687379533689129518e-01,1.687136353850335335e-01,1.819042258340844431e-01,1.920301426945946188e-01,1.685527566021697565e-01,1.247910359983671891e-01,1.600812112754330108e-01,1.520909269422440480e-01,5.301424373568189297e-02,6.280251364980510287e-02,7.986181371042204435e-02,2.573893462316603070e-02,6.395011482195131491e-02,1.544516279782342516e-01,1.131170145465541094e-01,8.015525545302937260e-04,8.197023717082316252e-02,1.268458278248438820e-01,8.076026899774879642e-03,4.414390137177724716e-03,8.649407140443562958e-02,8.041559207210940974e-02,1.150400409650839811e-01,1.170059094964583657e-01,1.596977026640424291e-01,1.833566285649183281e-01,2.237642385098018161e-01,2.070170274533420507e-01,1.884197515081084684e-01,1.998199703719499842e-01,1.918374784473646233e-01,1.502655994750731472e-01,1.446679857981956752e-01,1.214671888475516437e-01,9.403521329223291092e-02,3.273570423015986774e-02,5.608077191296567676e-02,1.936982291913125209e-02,1.648356299914666145e-03,1.072952683210870450e-02,4.721415010016088987e-02,7.885926540179505340e-02,9.431671753434367478e-02,1.342702624326164718e-01,8.474484801658865862e-02,9.684122831877473025e-02,5.384159538747618212e-02,1.087797886453311658e-01,1.421990338251498953e-01,1.538879634219089410e-01,1.131486548040645523e-01,1.202030287008565568e-01,1.513467757437950145e-01,1.318745004267954102e-01,1.012021096136250797e-01,1.040519008739625301e-01,1.217463979577236288e-01,1.767384296398839261e-01,2.951319893499207425e-01,1.637897956110754283e-01,2.359696721216427984e-01,1.012708850779377723e-01,7.136023828287935133e-02,1.117335694510546151e-02,9.453897390053905836e-02,6.339462799282194472e-02,7.460084141707701288e-02,1.694474827903577618e-01
9.886866717918707526e-02,5.509824349619096839e-02,5.368872575651220669e-02,5.614691178203401467e-03,5.157245475311567073e-02,7.723353235607577361e-03,1.173426877562210313e-01,2.800365802341181487e-02,8.928672618448724174e-02,1.676256389295468219e-01,1.227443650645074491e-01,1.612743635653079988e-02,3.514248184973023381e-02,1.682745786437495061e-01,2.157240585923097254e-01,1.723629435243631547e-01,1.623483868003850472e-01,1.210986566577890999e-01,1.578994404991995726e-01,2.242720665376424782e-01,1.728497799532169588e-01,1.703018771561395361e-01,2.004283641648261782e-01,1.746525445401961307e-01,1.072556552629476412e-01,1.506471671797116330e-01,1.155202775472917581e-01,8.230501778935855883e-02,1.343059778122958903e-01,1.885118515962645458e-01,3.027967145088236167e-01,2.841883261669094773e-01,2.439567189102497258e-01,2.633427636256175930e-01,2.933295748272864989e-01,2.909437160445245696e-01,2.129595369545887462e-01,2.272008198331615936e-01,2.634906682916074439e-01,1.839390232773280009e-01,1.378613381396586457e-01,6.843517937109275251e-02,1.355329554096568190e-01,9.145498188377984561e-02,1.556341113056165237e-01,1.481150003400671378e-01,2.363405492406312203e-01,1.169405388688146419e-01,2.502865803675335954e-02,1.465372458150765445e-02,1.731231002829105026e-01,2.934845794283274523e-01,3.396765964337430943e-02,1.080180198015529280e-01,2.096074301217998315e-01,1.679026879852303922e-01,5.989902148783421421e-03,1.032666701654505470e-02,1.436713122778976448e-02,1.763336173228591264e-02,2.310003906193902612e-02,2.706397174330166244e-02,2.938313471402609345e-02,3.127913092247791571e-02,0.000000000000000000e+00,1.408510931071715877e-02,4.069830801095764006e-02,1.444102086515910432e-01,7.982310523061963980e-02,1.471231475280911916e-01,1.657862965402350786e-01,2.044068901665208049e-01,1.200205419814199537e-01,1.517768328123389188e-01,1.335395912251938766e-01,1.444017190799057881e-01,1.462972579672723872e-01,1.545537762686413075e-01,1.258360081060087565e-01,1.457503291951903202e-01,1.210285402543388455e-01,4.588872761230197717e-02,5.538783691089244066e-02,6.769013828222922302e-02,1.513737559716991921e-02,5.327594266181501226e-02,1.216626553696433521e-01,9.398441008243185735e-02,6.043028341755703366e-03,5.264182679665174724e-02,8.380510994194037555e-02,2.224450052260231944e-02,4.602417605813355350e-02,3.434486866183025788e-02,5.180120263492236921e-02,8.578383245554284386e-02,7.463564940068906362e-02,1.219885627211700074e-01,1.473617110835404032e-01,1.845964517260676174e-01,1.758190294624855377e-01,1.441354820438182083e-01,1.483881625364105172e-01,1.586392611075843617e-01,1.289279981304669032e-01,1.219432984732656822e-01,1.208496765425632891e-01,9.385594659822266150e-02,5.541856628935887263e-02,8.965751684324968496e-02,3.903918143749152136e-02,2.459714607320395707e-02,4.973889462246522397e-02,4.621228688925838046e-03,5.230101655825242224e-02,7.161824954365197948e-02,1.318155160926088032e-01,9.012124798504811407e-02,1.065507621837774588e-01,6.237534664232569082e-02,9.906427039840404181e-02,1.112173248384603491e-01,1.345367946812975890e-01,8.945269550030260364e-02,8.575205200653074344e-02,9.651982704696938919e-02,6.095147385353896774e-02,3.295502453370036111e-02,2.747810363276065315e-02,4.392984542729450048e-02,8.595094998107655204e-02,1.368294541045229629e-01,2.990763567178780780e-01,2.993539115573868870e-01,2.488452865697066141e-02,1.541430945703132771e-01,3.197825982649415977e-02,1.256797131374309817e-02,5.265763613998120096e-02,5.649863472210969739e-03,1.641767433948043142e-01
1.709934806745519453e-01,1.059671167710839468e-01,1.703078066220292675e-02,6.992126253795083457e-03,7.626385375219085772e-02,6.931588541983330076e-02,9.736578234352205596e-02,4.388238206962274957e-02,7.926529228507978031e-02,1.455515152373688392e-01,1.417838062539288624e-01,6.433975847566944517e-02,7.713028583531775229e-02,1.723265651298176993e-01,2.024337206567322078e-01,1.491593679542070616e-01,1.138129290064010535e-01,8.632315439048121597e-02,1.230472676882423122e-01,1.572205671002965266e-01,1.090128532316702870e-01,1.259712751203652670e-01,1.473714318721119354e-01,1.236524087337027428e-01,7.133159215460463387e-02,4.078808357575686161e-02,1.813868143929743548e-02,4.913960073610208409e-03,7.699584212409524286e-02,1.559682391588424755e-01,2.096503207971202598e-01,1.810180439685693254e-01,1.355383538928158216e-01,1.582729238140191397e-01,2.171470519943594080e-01,1.905322421783898768e-01,1.226288700265192322e-01,1.511709617206240530e-01,2.162496880302717805e-01,1.514811000438379129e-01,1.245274163834025061e-01,8.160701748158921687e-02,1.102046052243614294e-01,8.824714781229633931e-02,1.277250893699433953e-01,1.344414507931437353e-01,2.286121159936762015e-01,1.780450289164736410e-01,6.971421728091187209e-02,3.650640925652293145e-02,1.955253489070915007e-01,3.074572688705018431e-01,2.584792180707615183e-02,1.052987897338365231e-01,1.838140539126355277e-01,1.708602640308209408e-01,5.593757843066288205e-03,1.997395039774640946e-02,2.777457218547829676e-02,1.858011324323977087e-02,1.923486208537705799e-02,2.577373976821861756e-02,2.833584965411839462e-02,4.366337906049289064e-02,1.408510931071693673e-02,2.220446049250313081e-16,3.376411304024784510e-02,1.241540229923900895e-01,6.989561262674381936e-02,1.205934883340741282e-01,1.025036207564392621e-01,1.508259247448979212e-01,6.522905104088722039e-02,7.834741335837291931e-02,4.442619811494302740e-02,6.051626626711475998e-02,8.067943152129980477e-02,1.052900529724663803e-01,8.077077102912300077e-02,1.109157598627322633e-01,8.507972588482373699e-02,2.835905736928384657e-02,4.734981201257809635e-02,8.483757066090313881e-02,2.809702929499552360e-02,5.386613421097363741e-02,1.154222459186126093e-01,1.323356641970436787e-01,4.084045713334458899e-02,5.963653991046360958e-02,9.645890391081246573e-02,3.713643570823405016e-02,1.164937023918591330e-02,3.895802914088758451e-02,8.063121065466126447e-02,9.641578843822412592e-02,6.227447148647966002e-02,1.038372637434525347e-01,1.360147362104369428e-01,1.716801365482769071e-01,1.467517205806348479e-01,9.561587164440155107e-02,9.565324807878422542e-02,1.135647906303677845e-01,7.575899594115387270e-02,5.902859181625280671e-02,6.743661934023525983e-02,4.352976396655228175e-02,9.616267182919580048e-03,3.178954606511419367e-02,1.841848617992408732e-02,1.507399239986034756e-02,4.804015416053519782e-03,4.735768782037982905e-02,9.683669991453736081e-02,1.363250123401764380e-01,2.020588097665914074e-01,1.492614449839915758e-01,1.393332544765217840e-01,9.635924641287180181e-02,1.102395903365624708e-01,1.177231860059818336e-01,1.300009971107563833e-01,7.511360668114830386e-02,8.220732143683445736e-02,1.114467846705021747e-01,6.206208582148736719e-02,2.746851417396345418e-02,4.020313709376904798e-02,7.593367484296997816e-02,1.101898082308978566e-01,1.662807594064420469e-01,2.579693364839729108e-01,1.829330020035054294e-01,2.998058770179767851e-02,1.283226717914158765e-01,9.135048518300159515e-03,5.612253398095901069e-03,3.568344863048478199e-02,5.395933414741282963e-02,1.730239479331509567e-01
1.427296392670085456e-01,7.055668477253274062e-02,1.124599838885576020e-02,9.983087743865359798e-03,3.205098494884417448e-02,2.573138218626014329e-02,1.160257495868966537e-01,1.023955411204228727e-01,2.011592700825587388e-02,1.867079999692936587e-01,1.976713590554393662e-01,1.425105663441630921e-01,1.494291098681790331e-01,2.571815551597049221e-01,2.770159164491421411e-01,2.466943955989671644e-01,2.075697266767764781e-01,1.761437872357265455e-01,2.190780956961865811e-01,2.379680957701747201e-01,1.696954163995308684e-01,1.893209307944239139e-01,1.787745738620983293e-01,1.326839875348873599e-01,8.385878303376047282e-02,1.482183836909897745e-02,3.982954483511016996e-02,2.302089804062268374e-03,1.121230430748927365e-01,1.675906341923110165e-01,1.748731158362510363e-01,1.941801552463697234e-01,1.664613959099534024e-01,1.467400294691142415e-01,1.960957887638990482e-01,2.110858226853563058e-01,1.353671627323920768e-01,1.038181396036631510e-01,1.308030500338266955e-01,1.420935672842523756e-01,6.938763054035007594e-02,6.638795837748912021e-02,1.321090770762305411e-01,1.318974486649490685e-01,1.905844539520178960e-01,1.926638939548026841e-01,2.603227819649874819e-01,1.746385376715566262e-01,5.543070348008916071e-02,1.972879553873296832e-02,1.131186374634873815e-01,2.399047315758961463e-01,6.265852267981952828e-02,2.135899883181158199e-02,4.199100512165288013e-02,5.693672998735888058e-02,1.129736281023818456e-01,6.834491852321106231e-02,1.298208806970452267e-02,6.914571777870898162e-02,3.119779603905326049e-02,1.714984795601642853e-02,5.741853130116225667e-02,2.044900770149338243e-02,4.069830801095764006e-02,3.376411304024784510e-02,0.000000000000000000e+00,3.764162549034300032e-02,5.365833107282491632e-02,8.596434596816737717e-02,5.981015251683952094e-02,1.203623959919610797e-01,4.408210948313195932e-02,7.250689087745693095e-02,6.194878895451966239e-02,8.359040877868412212e-02,9.698490768910617010e-02,1.201965786744808584e-01,8.801941894125930865e-02,1.363667333651653601e-01,1.034278692965504565e-01,3.848370037065938776e-02,6.137860126471028632e-02,9.998750310897974725e-02,3.853998370502792481e-02,9.370267558792461093e-02,1.664525710823486493e-01,1.704802010191751593e-01,8.181662287764436547e-02,1.241300583103489008e-01,1.570363866439735689e-01,7.702780877050520447e-02,5.221315352251600095e-02,1.052437834870487976e-01,1.183312183789193006e-01,1.442181756078654842e-01,1.148942833814260434e-01,1.571932058656084485e-01,1.842828290255674739e-01,2.188398786521830452e-01,1.796404048274278797e-01,1.420456949508764333e-01,1.559149149418808111e-01,1.581327190978682462e-01,1.089492421991146709e-01,9.833604107346693990e-02,1.030506577321097517e-01,6.237057555012770482e-02,7.526314481466844786e-03,2.702043265059578259e-02,3.533026003037897933e-02,3.868068260001111813e-02,4.852187822365816583e-02,1.127582350880763085e-01,1.593519492038296959e-01,2.016303811265863499e-01,2.655480249003818738e-01,1.995194321253198899e-01,1.841618973236399948e-01,1.262130922823649359e-01,1.537062728601343298e-01,1.750282430291679736e-01,1.792477035218016934e-01,1.256779182505886050e-01,1.672957153982536083e-01,1.966869717084505920e-01,1.330649978042582893e-01,1.177236736453635135e-01,1.486002257446237818e-01,1.383169776874384471e-01,1.709236722327631686e-01,2.663833491064962478e-01,1.468237825718771150e-01,3.678097407389788187e-02,3.576676839968909172e-02,6.460964872319741037e-02,8.255977304096151492e-02,7.794747084213302091e-02,3.584862707012298477e-02,9.931553001357112942e-02,1.629375845074033102e-01
1.766962424327641057e-01,1.187203192424800546e-01,3.595750213855086752e-02,7.577416441005130343e-02,9.991624691147965587e-02,3.769278147165594506e-02,6.484796405848736178e-02,1.421976069754221639e-02,5.686542618947523775e-02,1.506832100707617139e-01,1.302253049621198144e-01,5.816194032497512545e-02,7.453786311812293786e-02,2.218929032742797958e-01,3.130246184934064591e-01,3.122733010153930788e-01,2.928325072012905039e-01,2.447518643750999090e-01,2.717091371764873697e-01,2.956737324833427216e-01,2.265753343662824104e-01,2.271903629608950093e-01,1.973124739697204033e-01,1.488496068827615815e-01,1.058857278348828562e-01,8.566141652989578414e-02,1.343775357305279639e-01,7.194069406931818955e-02,1.476454260501682825e-01,1.744511192977200864e-01,2.774774390200099305e-01,3.202587135273181618e-01,2.814147528985314062e-01,2.188194691274932269e-01,2.056645934425924693e-01,2.870695024781192428e-01,1.924022310787474321e-01,8.170409391747535111e-02,9.035346734946847480e-02,1.783226175615778564e-01,8.683185988564912083e-02,9.991881999070637010e-02,1.861175312160693041e-01,1.972915959462979429e-01,2.769321989150473895e-01,2.598138763911409521e-01,2.845256797801330451e-01,1.351065842467663036e-01,1.356413606838796637e-02,4.355440136649968430e-02,1.053687467705503034e-01,2.100251593469695255e-01,7.432511925362937644e-02,3.996770182262049387e-03,5.202024045701292287e-02,7.083995880220278485e-02,5.515779109270446678e-02,4.297429213044789975e-02,8.390983256786793687e-02,1.286498333316818121e-01,1.500327093847754478e-01,1.567892179019972076e-01,1.993981397741684536e-01,1.468198882882525425e-01,1.444102086515909322e-01,1.241540229923899785e-01,3.764162549034300032e-02,0.000000000000000000e+00,1.127243973736502536e-02,1.147933258722366734e-02,9.309109238705093325e-03,8.050939999882356091e-02,1.433361490225470991e-02,2.331521865483199285e-02,5.066826545556613048e-02,4.713668719686986419e-02,4.243773633567360370e-02,6.491807203657817826e-02,4.734691548982211673e-02,5.453842117197832406e-02,1.330779398995046714e-02,6.825878408816365983e-02,1.551820245705924917e-01,1.415996094758916468e-01,9.258189597740018595e-02,1.557656867729391714e-01,1.906680391601834335e-01,1.529157655533577298e-01,7.662017818839300665e-02,1.291513550655266906e-01,1.351021705980233467e-01,2.983380744725475098e-02,2.912676635776614148e-02,8.697133809586166109e-02,8.369443486724451042e-02,1.108279013735946894e-01,9.544235784494334296e-02,1.400662993805894263e-01,1.587620577588012838e-01,1.968006307052800608e-01,1.788175191764442562e-01,1.560532315644559964e-01,1.778887927144623404e-01,1.953130267338679671e-01,1.568339183178056873e-01,1.511054637470487516e-01,1.862273369360321618e-01,1.561697855023929105e-01,9.821289184942361139e-02,1.253251075930086889e-01,9.276473405698176800e-02,7.433309158851386655e-02,5.212554222251786218e-02,1.239592546412376928e-02,3.840114363868404879e-02,9.249161264448341191e-02,1.426202365796481464e-01,7.009410597303766810e-02,6.690871767978801010e-02,4.363386390357826272e-03,2.312886076693966564e-02,6.568732739541990884e-02,1.129015148703771121e-01,1.199241980853902878e-01,1.699646695320714274e-01,1.462885092757413297e-01,9.814646543011490420e-02,1.502205598112261176e-01,1.441699551608038865e-01,8.489263772485752813e-02,1.358278318726368616e-01,1.852270260064732277e-01,6.889694375217081390e-02,9.674036704938189513e-02,3.564866833085386655e-02,1.720288443304018866e-02,2.023474900521342601e-01,1.145695830344405641e-01,2.154453179213577929e-02,1.161788735339297496e-01,1.861728295031116753e-01
1.922349226603434491e-01,1.222812475765977513e-01,2.370605014421411916e-02,5.035653063695993970e-02,9.627169767472132378e-02,5.826688574837957102e-02,7.837945763630604912e-02,2.848447205223803014e-02,6.271422396314296765e-02,1.441895250473501089e-01,1.248713660751641641e-01,7.330617277202663984e-02,8.282422504884563719e-02,1.931361217963598331e-01,2.357403849784055205e-01,2.104142717855553291e-01,1.865463136652881493e-01,1.635890529318908548e-01,2.014169462334314820e-01,2.163987515748609924e-01,1.696284179367189837e-01,1.867509020335142433e-01,1.764862682555315143e-01,1.375031323793705629e-01,1.054105447686548569e-01,7.524710729280451038e-02,1.069781426505972549e-01,7.482805724462530950e-02,1.478510246537125539e-01,1.953434841333124561e-01,2.519485480882046602e-01,2.576941703737916645e-01,1.719975923850071697e-01,1.279097469194715453e-01,1.150537774744746500e-01,1.647182701898242119e-01,6.241781625210029993e-02,1.489534716234808265e-03,3.038545761093258690e-02,8.320217315600736407e-02,2.708537769004387696e-02,2.979440388095941361e-02,7.055506230346331176e-02,9.137541239414523342e-02,1.598077055489796061e-01,1.586989879284271543e-01,1.917622259565624765e-01,1.013048730639892619e-01,1.575346069277813732e-02,4.540177463665719115e-02,9.245837164225630123e-02,2.082837758611878476e-01,4.926205929419326390e-02,2.422410240939619486e-02,7.173034116303700358e-02,1.051779384398709438e-01,4.103741825343479310e-02,3.927233979932898134e-02,3.536854449555476565e-02,9.355443261463296245e-02,8.861165368282268584e-02,6.545254927394653088e-02,1.515076383758561240e-01,1.320945459900929042e-01,7.982310523061952878e-02,6.989561262674370834e-02,5.365833107282491632e-02,1.127243973736502536e-02,2.220446049250313081e-16,9.274047960057596462e-03,9.848706994419198502e-03,4.158966809760344940e-02,3.927381905752957980e-02,2.193290086214993995e-02,4.127670463128996214e-02,3.652874137448719472e-02,3.171046019000167693e-02,2.869475998301818098e-02,3.165894766053550802e-02,3.286845603792615256e-02,3.395037234032238782e-02,6.387046831657716695e-02,1.162986731855499556e-01,1.231016942694899974e-01,1.122865129015086783e-01,1.157672738366368886e-01,1.247325100767611994e-01,1.275028861308152017e-01,6.845575179292295864e-02,5.735163766602398294e-02,6.342782441926517190e-02,1.280199514366718583e-02,3.280109450079593536e-02,4.053778481490466490e-03,3.993683120862043245e-02,5.386491177603361380e-02,2.321634431488767136e-02,6.317982718520093188e-02,8.820839547542141945e-02,1.173097005478909716e-01,1.119206339638901260e-01,6.609663912148178166e-02,7.246863485739607480e-02,1.147086676054302479e-01,9.026122365284999782e-02,7.642666010362875184e-02,1.276151007054548425e-01,1.065537171482076606e-01,7.417963339849786841e-02,9.469616420249654665e-02,5.512832338075449035e-02,5.477247157003667377e-02,4.466378511251298256e-02,4.259453101125097729e-03,4.651000279492545353e-02,9.435045884947819428e-02,1.532572297663662708e-01,9.565512785016994091e-02,9.076855637241931785e-02,2.908114247783949446e-02,3.302334975578926496e-02,6.138224342903697561e-02,9.719706559645552302e-02,9.429348209630561417e-02,1.299130986218319517e-01,1.030129011602834432e-01,4.068096634839823977e-02,7.340148832934123568e-02,6.782530794353291981e-02,1.991303987228373873e-02,3.986977561820581606e-02,4.012789957304485622e-02,1.595938520045040998e-01,4.507379785272996875e-02,8.676441638557425007e-02,1.089884487599154239e-01,1.036933938677605527e-01,3.569940931641776838e-02,1.164215426175859713e-01,1.013837895069646944e-02,7.449440034544210776e-02
2.016778743604685786e-01,1.440636863287099723e-01,2.076894327933292983e-02,2.800708678213781333e-02,8.292911622372056701e-02,7.713310563768677186e-02,8.872580477025265866e-02,5.825493806141579523e-02,3.251879880756322616e-02,1.364631632853723908e-01,1.505583813549981054e-01,1.177826402693601254e-01,1.287067599354836112e-01,2.131081288824955289e-01,2.177421988057123559e-01,2.053865069541040977e-01,1.839619107936205922e-01,1.617732893112018844e-01,1.969049574391776303e-01,2.039558597199697398e-01,1.493887239765178676e-01,1.653280044888969791e-01,1.403012021740779880e-01,9.165803649882836579e-02,6.784246858220203957e-02,9.040646197130769446e-03,5.453718484656551457e-02,1.743246180148136371e-02,1.142008515493216636e-01,1.749471688978742889e-01,1.831775369110080764e-01,2.084145504839105545e-01,1.407896819383803177e-01,8.791038841229692480e-02,7.750310198334753320e-02,1.268613365643107560e-01,4.530017253317220050e-02,1.477030771875675885e-02,1.302466349771291831e-02,6.597101362018487070e-02,2.386963246921613990e-03,7.432417582470277062e-03,4.987294510597189978e-02,8.182270907606117860e-02,1.445551264552157045e-01,1.478399055079767099e-01,1.763185401083041670e-01,1.003071237184270104e-01,1.808986987954452896e-03,6.727852045463406094e-02,7.077187745838192656e-02,1.955608857337209350e-01,4.998935262037573768e-02,7.980004918487756949e-03,5.296111235371919745e-02,1.168438629912188081e-01,2.402316260577686685e-02,5.726283712879012833e-02,9.708474067670200269e-02,8.774384247582728280e-02,1.050352728535475233e-01,1.346912855011447863e-01,1.976700166552297078e-01,1.805340451296634785e-01,1.471231475280911916e-01,1.205934883340741282e-01,8.596434596816748819e-02,1.147933258722366734e-02,9.274047960057596462e-03,3.330669073875469621e-16,3.268881676328860841e-02,6.869503458477366209e-03,6.267729042547387497e-02,3.475258824093641064e-02,2.846335573289837662e-02,2.355981446033073023e-02,1.403408275327722166e-02,3.136683305043358461e-02,2.587040724692335480e-02,3.572723581063447229e-02,2.991290435385629554e-02,4.944064136750673383e-02,1.063021910404981230e-01,1.002980994466304843e-01,9.271252558582472603e-02,1.239301221404569275e-01,1.325159807875620488e-01,1.299948047572197507e-01,9.600325786117439031e-02,1.061800428950283870e-01,9.831369424142610836e-02,5.721541778298266240e-02,3.903290832304164709e-02,6.457786755766506404e-02,8.526769057027253074e-02,8.480035098318811082e-02,5.542562695023178776e-02,9.014124546727625420e-02,1.075070868495939802e-01,1.277059499194315162e-01,1.093413102078311661e-01,7.905629368142513824e-02,9.074523889721031189e-02,1.156210212005432947e-01,9.418194379495031798e-02,9.108622452186393437e-02,1.384173006099111147e-01,1.169251096149823699e-01,8.824729834938349615e-02,1.009706646227481602e-01,5.791587219834791467e-02,6.917454393144792379e-02,3.598398859662244043e-02,2.992799882328030237e-02,5.596739076971216087e-02,1.194755462510981581e-01,1.819988598389767342e-01,1.103284067510230948e-01,1.003186821552253943e-01,3.489434140097684434e-02,4.162894692931023988e-02,6.970918147513127661e-02,1.070036976992998490e-01,1.065036192252545311e-01,1.495295806874675226e-01,1.306200901413979709e-01,7.076670567590048755e-02,1.120032045957742306e-01,1.186521813864526709e-01,5.963645113756821381e-02,8.971653746598351464e-02,1.380408251596514368e-01,8.795082469154352767e-02,1.438780810854696224e-01,1.071203813055982002e-02,1.196226618030149513e-02,1.914541739330932468e-01,7.168000082898895453e-02,1.717811790202344868e-02,1.014297741550256315e-01,8.259430183797698832e-02
1.412742233436428130e-01,7.897187473630162824e-02,4.635596576777123445e-02,1.475888832267097106e-02,2.315595489037469701e-02,5.743941702113564141e-03,1.511533010801548726e-01,1.043203425268636741e-01,7.612851070265547193e-04,1.774613208211749948e-01,1.502625447475505749e-01,1.204891192424459301e-01,1.329933861248288329e-01,2.289639451673813053e-01,2.266017311940417001e-01,2.346048042357324337e-01,2.365282791287369735e-01,1.999515758791038655e-01,2.432266092420431458e-01,2.667207899951291039e-01,1.994755035935961429e-01,2.149145624563727763e-01,1.867578513689684416e-01,1.127087805189051495e-01,9.877580493384270632e-02,3.664051855969427396e-02,1.187962810554426124e-01,6.055007280892246713e-02,1.832897469271290714e-01,2.470919368842001695e-01,2.490802088420226434e-01,2.982893297638191665e-01,2.144098717202703730e-01,1.409418624644256379e-01,1.047972791255747937e-01,1.757957341526401596e-01,8.147451209994860388e-02,6.310935605400747050e-03,9.233108397999068018e-03,6.586527831753419271e-02,1.928284161116455842e-02,2.359706784805448709e-02,3.239123412189798268e-02,6.459386813390947946e-02,1.446314419634573412e-01,1.493563973129570510e-01,1.798475595190417442e-01,4.448998820621397066e-02,2.206954224900886663e-02,7.279684577564596304e-02,6.579567697195211340e-02,2.275789795155423734e-01,4.229586947552849141e-03,2.894311200200545137e-02,1.028790146578972275e-01,1.821170469974189299e-01,3.448034647896258686e-02,1.115272327804984753e-01,1.589202266048973800e-01,1.385171338733736102e-01,1.352012638966202940e-01,1.482217766067589204e-01,1.899530514005019766e-01,1.852916210936129127e-01,1.657862965402349675e-01,1.025036207564393731e-01,5.981015251683952094e-02,9.309109238705093325e-03,9.848706994419087479e-03,3.268881676328860841e-02,0.000000000000000000e+00,1.275022719324891973e-02,3.285348465467707868e-02,8.353542129085678170e-03,2.810366444055889534e-02,2.830006001315721331e-02,2.139280144443556075e-02,7.635314469166820661e-02,5.809718555633713866e-02,7.376591696801787501e-02,1.107326793868823600e-02,7.441513736266947010e-03,6.644969080703878872e-02,4.986967776876465031e-02,4.520589632097549160e-02,1.181787815506055994e-01,1.271430077433607642e-01,9.336586658830772767e-02,7.482793006200538777e-02,1.241401459998140444e-01,1.005411110133980490e-01,2.534282749823070502e-03,4.195881120260309960e-02,9.184283642690015126e-02,7.925450774448201952e-02,8.917795741935211074e-02,8.433507219885694184e-02,1.174974329297723274e-01,1.136544475713290314e-01,1.250893446323070313e-01,1.203783034226320048e-01,1.150231077184639683e-01,1.318623171129374438e-01,1.310927395617642599e-01,1.211202423783331872e-01,1.405548105796744496e-01,1.738236998986482928e-01,1.198826343858879762e-01,9.779363182094852336e-02,1.492594095493295359e-01,7.844894610169561577e-02,6.225847931945627245e-02,6.929448564227635998e-02,2.152165889723997583e-02,4.570910508010427031e-02,7.696716531103857395e-02,1.538652775849529419e-01,1.165024035527747470e-01,1.358907162854579853e-01,7.264946521911870569e-02,8.742573790772791009e-02,7.446536053111912912e-02,1.042769229357370930e-01,8.674059700605568635e-02,1.328589772806899882e-01,8.656254599148117956e-02,1.303428668412215385e-02,6.344460041895924607e-02,5.859377443719678002e-02,1.572876934051170572e-02,3.761127170597233782e-02,9.487646854278759811e-02,6.941897784109973824e-02,9.952928165117227999e-02,2.264852979897899465e-02,4.891117081201490358e-03,1.859399909962542730e-01,8.814485933467000600e-02,1.763393711716187973e-02,1.307955662140106168e-01,1.348896549607399020e-01
1.584694116680562814e-01,9.611950226770824002e-02,1.791257859757661164e-02,2.728638355290247119e-03,6.575980158320421376e-02,5.352554993122102256e-02,9.620284122661859616e-02,4.145992069057746754e-02,6.976871558017519459e-02,8.517400153133888874e-02,5.272809131816522110e-02,3.184003523869755048e-02,3.800993523784138017e-02,1.149683770586285847e-01,1.587493291867776990e-01,1.640950037680953266e-01,1.678894050358720746e-01,1.264683425185925691e-01,1.533002937423445788e-01,1.617973484572354237e-01,1.187011593771993556e-01,1.391104156018704296e-01,1.183580770268913562e-01,8.343197804950044927e-02,8.391697698829174434e-02,3.481086819624043538e-03,9.610440875180566167e-02,6.596246709163873512e-02,1.723250688336507852e-01,2.909163208025463687e-01,2.363087735759283881e-01,2.744536951710969119e-01,1.692314091988927904e-01,9.243673201407076601e-02,2.936813050347963916e-02,1.071750915318150366e-01,3.137977564349381243e-02,1.597794056414636454e-02,9.858449525510626366e-03,5.972109743554443462e-02,2.210835517772646863e-02,7.924696706553685521e-03,1.562942344807277673e-02,5.330632556915798625e-02,1.078596596142372410e-01,1.155943635924641666e-01,1.451550107476581863e-01,5.332971245323731013e-02,1.214795673768273576e-02,2.490677048222894596e-03,1.292199894946052807e-01,2.419526783968436179e-01,5.413885407837105285e-02,1.109040254570397149e-01,1.838970886315380304e-01,2.356208164324108678e-01,9.597984931192544977e-02,1.842969394214520606e-01,1.849667414980036284e-01,1.455010192051056639e-01,1.168827507125675125e-01,1.313774510358654557e-01,1.811161401083475897e-01,2.233431777591060596e-01,2.044068901665208049e-01,1.508259247448979212e-01,1.203623959919610797e-01,8.050939999882356091e-02,4.158966809760333838e-02,6.869503458477477231e-03,1.275022719324891973e-02,3.330669073875469621e-16,3.863348912655939493e-02,3.235707322250813700e-02,3.091959211522365969e-02,4.249870288360557691e-02,3.131019475693719301e-02,2.189804727967703535e-02,2.881876030363028640e-02,1.013910058038225426e-02,5.516889616683684494e-02,6.587750343078213611e-02,1.093637648452604333e-01,7.539121218889775766e-02,9.227623129327172657e-02,1.212372760061214416e-01,1.107913278646951577e-01,7.535682680219563112e-02,7.539830248454609807e-02,9.322557488692134742e-02,5.862214433683924503e-02,3.407022800744212432e-02,8.471909876725025601e-03,4.941995922293586363e-02,4.075816120429684442e-02,4.467130233200883316e-02,3.465623952632970739e-02,6.525675406497327691e-02,5.771282026877216920e-02,6.729316910099059079e-02,7.442404266408297886e-02,6.821965762411763556e-02,8.820917954542140116e-02,1.073692488819873725e-01,1.079864726544370879e-01,1.204861241948502193e-01,1.752656190686336379e-01,1.433279169774692718e-01,1.191448565500947132e-01,1.522001224943265452e-01,1.197096127901259577e-01,1.079860349376219053e-01,9.469460370244664471e-02,4.942529692684186071e-02,2.213164504566182689e-02,1.266010240421619470e-02,6.188562492753180155e-02,1.923583029117648113e-02,3.639160573642592766e-02,2.171046440354149065e-02,7.202318024736684143e-03,1.695432557419748743e-02,5.867060073366253681e-02,7.567847762134616296e-02,1.032830342861480177e-01,5.814552129220273979e-02,2.012435225783218429e-02,6.736436446670615585e-02,4.744705727143372354e-02,8.188441247806864734e-03,4.894666458792901187e-02,4.520108133482201446e-02,4.444570768230232671e-02,1.043536485224114407e-01,1.620979204429058573e-02,2.799338069790957562e-02,1.895214086016089317e-01,6.452293401722238031e-02,1.921569058503538874e-02,1.272785862790865585e-01,1.112018717043148919e-01
6.774713336781576500e-02,2.295511671683693466e-02,5.747553917060257977e-02,4.739894023701851644e-02,6.853523944940320689e-03,1.040176028610242942e-02,1.060252669650199320e-01,7.785598199846038847e-02,3.219621367563990644e-02,7.484051550426515376e-02,5.338716441205967889e-02,4.371070314937131052e-02,2.934502648640044398e-02,8.398539873809955647e-02,7.198087526649926682e-02,8.618328087707750884e-02,1.056670863869807742e-01,6.122070760050823957e-02,9.289581918204223299e-02,1.171929900286513837e-01,6.710653302011915233e-02,7.622394673246610242e-02,7.866337216549049161e-02,5.219314290273860402e-02,5.556041210584723722e-02,5.875970638541123947e-03,7.948399074671144704e-02,4.700842607386732097e-02,1.624344178748763634e-01,3.774006801513233311e-01,1.960040690778603878e-01,2.174952571727606365e-01,1.346692269048209156e-01,5.867481077459724137e-02,3.984601317436131662e-02,5.456928355492440819e-02,9.667587385636222663e-03,6.475274711914258408e-02,5.775253912683359081e-02,1.127966875413111136e-03,3.617943801268930226e-02,3.399366548229346141e-02,3.015112049782667225e-02,6.337925879155270614e-03,3.787998443796669612e-02,3.693199918291149159e-02,4.714634326871380843e-02,6.445818214481993658e-02,6.882405268783448049e-02,6.975419733119872512e-02,2.427346711522338288e-02,1.283017825302157910e-01,2.990593336387201151e-02,4.608373774859048089e-02,8.164602598133152700e-02,1.653619485613705697e-01,7.842916824313281299e-02,1.176040101859957554e-01,1.324906757420952763e-01,1.205068821279355884e-01,1.026857144106232272e-01,9.530764272511139945e-02,1.325281526424956779e-01,1.557299731712756818e-01,1.200205419814200092e-01,6.522905104088727590e-02,4.408210948313195932e-02,1.433361490225470991e-02,3.927381905752957980e-02,6.267729042547387497e-02,3.285348465467707868e-02,3.863348912655939493e-02,0.000000000000000000e+00,3.781548209137386429e-02,1.757689467159972985e-02,3.031630511649352488e-02,4.468883978811211133e-02,1.408051927976328166e-04,5.488770983587576424e-03,6.441210368900163186e-03,2.897569397903132504e-02,4.228932504925564384e-03,1.692859259439238873e-03,2.464074054954196180e-02,3.038153772474738723e-03,1.239700224532502837e-02,1.824223025922833141e-03,2.186331171229627390e-02,1.091622798884595014e-02,1.637509362866679252e-02,1.760906898272314447e-02,1.018383687684015770e-01,3.547101722775167221e-02,3.246654448138713150e-02,1.837033651752104091e-02,5.848290343710649264e-03,8.755064023197256518e-03,2.036046296303520298e-02,6.257247586621272895e-04,1.172306832206226890e-02,1.210326889944518536e-02,2.063671865363825297e-02,1.697835712130360553e-02,1.811381839808752503e-02,4.168409433129502406e-02,6.157351268104944986e-02,9.531104259467669537e-02,6.140428299171372950e-02,7.046747845511099062e-02,1.147670376406386694e-01,6.643269972323581629e-02,4.946014803827275541e-02,7.007741019905089352e-02,4.048518557802478768e-02,1.695539546253427288e-03,1.514340568374011875e-02,5.265332853952067738e-02,3.176656336041311368e-02,5.463071208951118807e-02,2.325129707459597586e-02,2.957284634118409472e-02,3.087481234430466959e-02,3.945497381634333056e-02,3.352615932072061655e-02,6.183220085424862011e-02,2.902250837778044129e-02,2.601367478282595735e-02,1.219843513578692390e-02,9.001506337884102038e-03,4.272606593425160720e-02,2.400655251402963875e-02,3.788628936076102183e-02,7.840344378772576284e-02,4.985532408859116860e-02,3.642894890375957678e-02,4.006390642645278610e-02,1.130329724317843398e-01,2.049754418587366317e-02,4.441987731995876432e-02,6.239775205785877410e-02,4.837894505288464070e-02
3.997268511665016955e-02,1.669944368836807913e-02,1.167314671913614599e-01,1.005661594192866770e-01,8.500979604623032371e-02,1.157461958150391573e-01,2.170877826301115532e-01,2.026931351173962836e-01,1.076344793216691964e-01,2.151449826387606401e-01,1.944813684173409829e-01,1.915250265026664511e-01,1.856835646797420636e-01,2.160444817485435431e-01,1.405320652851755336e-01,1.702233563464446986e-01,1.902481494629547076e-01,1.444321678932168063e-01,1.947582282591034386e-01,2.225301052785700062e-01,1.468890744138257320e-01,1.588259019459271892e-01,1.379989721128547231e-01,5.570868577610837979e-02,5.156062576541675657e-02,3.563041080173687258e-02,6.898272382071082842e-02,1.781915489809583752e-02,1.368562745331758923e-01,2.579911590985777825e-01,1.545946091027516900e-01,1.939758572866644992e-01,1.283387835736798932e-01,4.724404521848180050e-02,4.689877658186403231e-03,8.179065500103344100e-02,3.938928298944033290e-02,1.133847662891473984e-02,2.532624798775251485e-03,4.909094055863147399e-02,1.985555717111588125e-02,5.017990141225892042e-02,4.174169326366090546e-03,3.542829576264600044e-02,8.716827738486604416e-02,9.708041708812117920e-02,1.327649018912364365e-01,1.754313565177484380e-02,5.000421654097109148e-02,8.197348157513489886e-02,4.004133633993026131e-02,1.983985588854282056e-01,6.174657414144710255e-02,4.490783131936221251e-02,1.156294337735074840e-01,2.275718689891819135e-01,1.208380897822811106e-01,1.486425545224906997e-01,1.969023834936168282e-01,1.591903988781817048e-01,1.100535740373394938e-01,1.207074735031892498e-01,1.314297397308317739e-01,1.687379533689129518e-01,1.517768328123388910e-01,7.834741335837291931e-02,7.250689087745709749e-02,2.331521865483199285e-02,2.193290086214993995e-02,3.475258824093629961e-02,8.353542129085789192e-03,3.235707322250813700e-02,3.781548209137364225e-02,3.330669073875469621e-16,1.221712407719544036e-02,2.340734682888612195e-02,3.507701784423655766e-02,6.222312276106778395e-02,6.240137244973364972e-02,6.211913458291307144e-02,1.813160512624334419e-02,3.302960992088344039e-02,2.097183774721550487e-02,3.510913706322893457e-03,3.076429597837326835e-02,8.732618181138401825e-02,9.554364967599220104e-02,7.199459433394506114e-02,1.026228704624287946e-01,1.519781498093983330e-01,9.431476725555186513e-02,1.376870730424636924e-02,9.004894186817173629e-02,1.112549475157878082e-01,7.340200815006386881e-02,6.901978464637564814e-02,7.075967059239413048e-02,9.405533853552083823e-02,6.424090476340021949e-02,6.314779457315417011e-02,5.752091021040062202e-02,7.146842386522722634e-02,9.759336681317876128e-02,7.694541984059549700e-02,8.134295616330805556e-02,1.200079102370236739e-01,1.543318770202095902e-01,8.342492753604524580e-02,8.486493299864114603e-02,1.361706924910066341e-01,4.902046478054997158e-02,3.341018377874074852e-02,3.945326078713701223e-02,6.706165557325199922e-03,6.341135305526392207e-02,6.904245748451229292e-02,1.363012853589047613e-01,1.279358352267973564e-01,1.470012408439649310e-01,9.882824241106008545e-02,1.012706858176925517e-01,6.403495565749239837e-02,7.878292909567613522e-02,5.443670249576459952e-02,9.021914745680126302e-02,4.885558177298231219e-02,2.157735263261681413e-02,1.214847319873527121e-02,1.959773032236063195e-02,4.305429498893856288e-02,1.258239025068598818e-02,3.259814660168860317e-02,6.477579662236399027e-02,7.270635400849553842e-02,4.489883650019090011e-02,4.573671682411176165e-02,1.720001579896295041e-01,1.094776047224534227e-01,6.679412782313225161e-02,1.475276629078670076e-01,1.567901359376895620e-01
3.030348876936092561e-02,7.881216991346721989e-02,1.523349421928144598e-01,1.471835089790854700e-01,1.257243453270827371e-01,1.527077333549916038e-01,2.385519411849478244e-01,2.220931479885869253e-01,9.928644624044430378e-02,2.074282157117378900e-01,1.610065876981265909e-01,1.619714462778437947e-01,1.560099749287011950e-01,1.724560288145141340e-01,8.958749914750560595e-02,1.126431819436874565e-01,1.360148909883578949e-01,9.377431054518196862e-02,1.483070734539526370e-01,1.753159087764867563e-01,1.076998774561962746e-01,1.356036007249658837e-01,1.331721080130472412e-01,5.505492582960021253e-02,5.027600189237402262e-02,4.352348104455017186e-02,7.436303738820772280e-02,3.150442510661491391e-02,1.324613077383647586e-01,2.868473683533498964e-01,1.119374304453701896e-01,1.393435721772114944e-01,7.439142798058007156e-02,1.160668087552063632e-02,3.862592891345928425e-02,3.708635720594238849e-02,8.361727144297281811e-03,2.474127116104285484e-03,1.313299000373224779e-02,2.450435490096694591e-02,1.632416191165408925e-02,6.453460587625457767e-02,3.382664446450614482e-02,5.302683380401990165e-03,3.090287381228881691e-02,4.356728207805631026e-02,9.492429278813788174e-02,5.908407875020477151e-02,3.422293873226539551e-02,3.237574632074308179e-02,6.904996396591897567e-02,2.240309312421570331e-01,1.453056497175599926e-01,1.156843879825175114e-01,1.900717287390094878e-01,2.698740877051536424e-01,1.887565310991080325e-01,1.969557279803722805e-01,2.114098218762736348e-01,1.832973804344573132e-01,1.212046424527649935e-01,1.004444621129688686e-01,1.067505076152679144e-01,1.687136353850335890e-01,1.335395912251939599e-01,4.442619811494291637e-02,6.194878895451949585e-02,5.066826545556624151e-02,4.127670463129001766e-02,2.846335573289826559e-02,2.810366444055933943e-02,3.091959211522388173e-02,1.757689467159984087e-02,1.221712407719566240e-02,0.000000000000000000e+00,1.890570675776859222e-02,3.058958014261381475e-02,7.282345778261978264e-02,8.313601400647541162e-02,7.418508697790493489e-02,3.944702972205282876e-02,6.190502211537607380e-02,2.129269057453625491e-02,4.880212034152148215e-02,7.846644950148862208e-03,5.021472068957860690e-02,4.101726458756588256e-02,1.428978686595938630e-02,6.729587255198565821e-02,1.149541657111922133e-01,4.359918549928434167e-02,4.863806330798425837e-02,6.404101459997568746e-02,9.027303418042485761e-02,2.909735003768129658e-02,1.947956077040882694e-02,4.728377966993554948e-02,5.736586541872215617e-02,7.473254931320838512e-03,1.217380818970309475e-02,2.413149343923948198e-03,3.680977949134361937e-02,6.048589709254187374e-02,2.958061765687391986e-02,5.846911797750625750e-02,1.092283903225472752e-01,1.384808585481030752e-01,6.957510300930899727e-02,8.675952628585881232e-02,1.449782380958365147e-01,6.879119142604159243e-02,5.070533466894544539e-02,7.602357265731823910e-02,5.604682295373913936e-02,1.780133844476144978e-02,1.333342237675860797e-02,8.466267255633708189e-02,8.665621524252076213e-02,1.216381001943520890e-01,8.446656283732832671e-02,9.486662411769658521e-02,3.951279683091141193e-02,6.290663803320500902e-02,3.591174169391816995e-02,4.928587739554718405e-02,3.469842891227051251e-03,5.774802606470741395e-02,3.617377316526681347e-02,3.754225969246066663e-02,8.555031303672061549e-02,3.226079220161356953e-02,3.027214864827802027e-02,9.335773960990245701e-02,1.167491505255696151e-02,3.258497302181805055e-02,1.609204587167295530e-02,1.183058142132374507e-01,8.958659819545042313e-02,6.368513826243449305e-02,1.262367469658264851e-01,1.618432512891545272e-01
6.860858366860701774e-02,1.087089862975491872e-01,1.622895925893933500e-01,1.579301936865535327e-01,1.677261934865074966e-01,1.928871313616603300e-01,2.498654959227571415e-01,2.521827050739450238e-01,1.628268276719010421e-01,2.298849648244191413e-01,1.904159987997148529e-01,2.056589080153727322e-01,1.956863384867732480e-01,1.976705300748001770e-01,8.371123119294207604e-02,1.191453671750845600e-01,1.492663408311862838e-01,1.150414169759929606e-01,1.685879870411764736e-01,2.063034973543003969e-01,1.365003915101999088e-01,1.536228727667164062e-01,1.541580906553335351e-01,2.529269598532517260e-02,3.318278860468232283e-02,2.902878504516998026e-02,7.481029774997655091e-02,2.504116103285296269e-02,1.079786271581063550e-01,1.706299414225945776e-01,1.074594634616205524e-01,1.428964855864217620e-01,9.396225574585231888e-02,3.620595267361759184e-02,7.995719324336292289e-03,5.874777445112339125e-02,3.415756716681855876e-02,8.456494893803179203e-03,3.491381378571023486e-03,1.389828710563876385e-02,4.819265949674879368e-02,9.891730939194953720e-02,4.218257420751034270e-02,1.051069677819913006e-02,3.203042490496901817e-02,4.300034973015381956e-02,8.092471360149386395e-02,8.109326408159162058e-02,5.803016790986809115e-02,6.566074609496191927e-02,1.823581672438998047e-02,1.892962012112785752e-01,1.305987722516616378e-01,9.001000150348117956e-02,1.553905729115745982e-01,2.537372806231976696e-01,1.895643929686141871e-01,1.986368081776715422e-01,2.148767532126173996e-01,2.126492293246566856e-01,1.432358492872288225e-01,1.161495523550161724e-01,1.231541480989617882e-01,1.819042258340844709e-01,1.444017190799058159e-01,6.051626626711475998e-02,8.359040877868417763e-02,4.713668719686991970e-02,3.652874137448719472e-02,2.355981446033073023e-02,2.830006001315710229e-02,4.249870288360557691e-02,3.031630511649363591e-02,2.340734682888612195e-02,1.890570675776892529e-02,0.000000000000000000e+00,1.122247481381910550e-02,3.936310825804889557e-02,7.472215455256414618e-02,7.608138482251480816e-02,5.485298969115115497e-02,6.874437269000588380e-02,2.694931547519646697e-02,5.402384028716966657e-02,1.630106509737960785e-02,4.191437050952528942e-02,2.628601483658010024e-02,6.094546689611429757e-03,5.878202064365944945e-02,1.271143670518529445e-01,4.532090223870641893e-02,1.795893282170513833e-02,1.116310244170440891e-01,1.161683000002146915e-01,4.078920034621000279e-02,4.443705338808381922e-02,8.085600192047298629e-02,8.491572602497263200e-02,2.663317980232732252e-02,5.195450121910027974e-03,1.029612690339631875e-03,4.818836890615463275e-02,6.817795470331461383e-02,2.544285740736473844e-02,5.422384261810536676e-02,1.048710491224998931e-01,1.226713593838126004e-01,5.161200101991428313e-02,6.177486512862051526e-02,1.135614735093066208e-01,3.459441003177896046e-02,2.076671986142891724e-02,3.179413218625870563e-02,1.612437301719682470e-02,4.797054210611917391e-02,3.062587161167512617e-02,9.533369463763805007e-02,1.049807529768263387e-01,1.339631989419040048e-01,9.667631591836448046e-02,1.080770982432823213e-01,5.096030231413661848e-02,6.672703594078205347e-02,5.149442670837406366e-02,7.215969170727816462e-02,2.135031504460835339e-02,3.132818082805430282e-02,9.931453049623520379e-03,7.931987854560229589e-03,6.084813874329308980e-02,3.473000069567910852e-04,2.275719528169417583e-02,6.300829226322168797e-02,5.656379284787546417e-03,3.861355695922416564e-02,4.731083391999668653e-02,1.159016208778942958e-01,7.395159365067226209e-02,5.363393229315269184e-02,1.266642503053493074e-01,1.358278013166694387e-01
2.530376705104642188e-03,7.080400419200277851e-02,1.354873515551638374e-01,1.153192230343834668e-01,1.378261141365589859e-01,1.710443888726941863e-01,2.497898824603124179e-01,2.494523950284695812e-01,1.635824823880681622e-01,2.784469332496365412e-01,2.464942918551640272e-01,2.522042076064326954e-01,2.559031180627301394e-01,2.957284395826411671e-01,1.675056962683235673e-01,1.851601879837779241e-01,2.005402209175128070e-01,1.783041337242581292e-01,2.435035366075566643e-01,2.842333966439701265e-01,2.084274625300609751e-01,2.302156574603038131e-01,2.267800499618551902e-01,7.742961462988719179e-02,6.913522195131993620e-02,1.771342992629010293e-02,8.895816284667562579e-02,2.574365479296958359e-02,1.322979190332597421e-01,1.676157631553677196e-01,1.639135013239306216e-01,2.078845673328094112e-01,1.411146862572073002e-01,7.825148799754511053e-02,4.970217526562115129e-02,1.108457135500120483e-01,4.516038221324480961e-02,5.913752479888012559e-04,9.373978247367076300e-03,5.145831922405585956e-03,1.061003942696200353e-01,1.412103827711946313e-01,4.378021278537803235e-02,1.199404695218195260e-02,5.968629406757937350e-02,7.452044947189020996e-02,1.195685198854275488e-01,4.297398257773304975e-02,6.543482673365463853e-02,1.133420127197031224e-01,3.237177983993061448e-03,2.027176615566114726e-01,5.458802651434968567e-02,3.164046145521887121e-02,1.080522628631078175e-01,2.216443176637906687e-01,1.150517432010304125e-01,1.460369586659530927e-01,1.809300127113752099e-01,1.911883325238027120e-01,1.465728409586264380e-01,1.323827319079021458e-01,1.710953645378351096e-01,1.920301426945946188e-01,1.462972579672723317e-01,8.067943152129980477e-02,9.698490768910617010e-02,4.243773633567360370e-02,3.171046019000178795e-02,1.403408275327722166e-02,2.139280144443556075e-02,3.131019475693719301e-02,4.468883978811211133e-02,3.507701784423666869e-02,3.058958014261392577e-02,1.122247481381910550e-02,0.000000000000000000e+00,5.536024067038169960e-02,6.671488199641928407e-02,1.048345048439787153e-01,7.248241653857556699e-02,8.410395880250742806e-02,2.455262102205051089e-02,4.271481325122866712e-02,2.080211760885858352e-02,6.545925931066925996e-02,4.908951495114287356e-02,2.074872651526278935e-02,6.532537059059595475e-02,1.398760396939176531e-01,7.601743241512935734e-02,1.536858361388619351e-02,1.160479339693943901e-01,1.319331555349392837e-01,7.609575930284748213e-02,9.433981931606263971e-02,1.163955906420697101e-01,1.317388646141519626e-01,8.764008587672889039e-02,5.649844581526775045e-02,4.604583061945627387e-02,7.825563143126962329e-02,9.471943980428465526e-02,5.494946119028276676e-02,7.148252159091783575e-02,1.192372583235115635e-01,1.375549588335855944e-01,6.721059720733324472e-02,7.642158446852920228e-02,1.274562559748404489e-01,3.059928364788164212e-02,3.135650803868739178e-02,3.433295352076043416e-02,3.346137793293291196e-03,8.175859373513545691e-02,8.323659764414109707e-02,1.668817816520179464e-01,1.589340522648863829e-01,1.837431635931997820e-01,1.350418911348736373e-01,1.481216517183323589e-01,8.819353231117482705e-02,1.065377272802375819e-01,8.454585767727923473e-02,1.225138418728573819e-01,6.732972791073299490e-02,3.026908211633094758e-03,2.758067193763802383e-02,3.112162795648273222e-02,4.082146315625118094e-02,1.684992763533455645e-02,2.997501943983017086e-02,9.028837268538168759e-02,1.176920650334359331e-02,1.666230684858466260e-02,2.131500889202189719e-02,1.293111046385052032e-01,5.047175353614519189e-02,9.570101809380393565e-03,1.169601954128982046e-01,1.053884025181128226e-01
4.652027970073524532e-03,6.358911166312727903e-02,9.555919299897465413e-02,9.413351068752687234e-02,1.336640262904582599e-01,1.744724692366414476e-01,1.968173362024425999e-01,2.258164128887142630e-01,1.943120037318732396e-01,2.311058726055211232e-01,2.388668768463914349e-01,2.483546826927800488e-01,2.451234526091403965e-01,2.400705283614184837e-01,1.470834476494481402e-01,1.844688924391096330e-01,1.874459826362058212e-01,1.370380316579200008e-01,1.800671296800735455e-01,2.134488986533100707e-01,1.253771608779102320e-01,1.204168931189719405e-01,1.017841299156672930e-01,2.026888661715273154e-02,8.917501822632234454e-03,8.720728194353946638e-02,2.379431558292385840e-02,5.793476167148384204e-02,5.680337602700655242e-02,7.792222129631085070e-02,1.041007040926655303e-01,1.208361622713303163e-01,1.111962747836673926e-01,7.667870994522618666e-02,6.421241875346822559e-02,1.183493859376567869e-01,1.321219402244334651e-01,9.031347057722977079e-02,8.579614233909989285e-02,1.168394588081736185e-01,3.142150587027686681e-02,1.202790887141275133e-02,7.538568764320310867e-02,1.010206759188354009e-01,1.340391541434134970e-01,1.486825601484131065e-01,1.970755849309775709e-01,6.493762259493396360e-02,2.174699110309041838e-02,5.749701616622471256e-02,4.766090114340798545e-02,1.629805950602301046e-01,3.115953783152886070e-02,1.727099792089364927e-02,7.528587597798643005e-02,1.631640740634985320e-01,9.123193407233226582e-02,1.144303268571209287e-01,1.672796141200894038e-01,1.607963359693104499e-01,1.151734413572949450e-01,1.427417650438202457e-01,1.370843165964931165e-01,1.685527566021697010e-01,1.545537762686413075e-01,1.052900529724664080e-01,1.201965786744809139e-01,6.491807203657817826e-02,2.869475998301812547e-02,3.136683305043369563e-02,7.635314469166820661e-02,2.189804727967703535e-02,1.408051927976328166e-04,6.222312276106789497e-02,7.282345778261967162e-02,3.936310825804900659e-02,5.536024067038169960e-02,0.000000000000000000e+00,1.638613742331240797e-02,2.044021192093381512e-02,3.443504262927832293e-02,1.242391025241085245e-02,2.883093088973656681e-02,5.365871635528152161e-04,9.368659081117891585e-03,3.119527249290244414e-02,3.924062370550385204e-02,2.000006452318357775e-02,4.573978081178452920e-02,1.211991972395861789e-01,6.531436142660348998e-02,5.529762529930024040e-02,1.392675212597093148e-01,1.334799026356112694e-01,8.507551688713471671e-02,9.342182421462966180e-02,1.078881029377870421e-01,1.197417788646046866e-01,8.209005376449912683e-02,5.832526793471787263e-02,4.321751517766980744e-02,6.195469591029489909e-02,7.016895338782402902e-02,4.518879163109751351e-02,5.376192380962668826e-02,8.519006560303132858e-02,9.397088236878381462e-02,6.144668983559892217e-02,5.496283792000089541e-02,6.860605441412653827e-02,1.961874667969572272e-02,5.080537304452595326e-02,1.038865495411989137e-03,2.145650730203414736e-02,3.593802125947440085e-02,2.046071240471941666e-02,7.354400891829587783e-02,8.037168918681864005e-02,8.182925673005614353e-02,4.291449902209765188e-02,4.812524876110046979e-02,4.905817422237612746e-03,1.573015377152364724e-02,3.304162486528472442e-02,6.910744595703594007e-02,2.399731535246441005e-02,1.184535788888999019e-02,4.823061625209784653e-02,5.793657466559983676e-02,6.958395505786030277e-03,9.735861514703408881e-02,1.263479535101683648e-01,1.394709638457382328e-02,9.342799626034739569e-02,9.975779849446365921e-02,1.326767367614715976e-01,1.763104078675150621e-01,1.151123113786943208e-01,8.705335768066130298e-02,1.561124529516457748e-01,1.494899697159263185e-01
1.775324144788023584e-02,5.009177871504991164e-02,1.052478586602024480e-01,1.119905590410465168e-01,1.361483870249381167e-01,1.652814890292999550e-01,2.118074995867533783e-01,2.459956813887329841e-01,1.877209844925306070e-01,2.498468934895950455e-01,2.766688832968265954e-01,2.725537337922728232e-01,2.737687724717915438e-01,2.685453807439557306e-01,1.448312140970851591e-01,1.569502882437289748e-01,1.480793386919611876e-01,1.044936814966909711e-01,1.624616332356840775e-01,1.976612716826736116e-01,1.074785306388637007e-01,1.106509461048596488e-01,1.045436846397475028e-01,1.145502172189616363e-03,8.345192324898387248e-04,9.918993578012311185e-02,6.207778627033483376e-02,9.016675098967238955e-02,5.231395358670876128e-02,7.778064283467858719e-02,9.604353304049195739e-02,1.145903914700014958e-01,8.779154314092740830e-02,6.369806122919846603e-02,8.783850625380162924e-02,1.019242960686814470e-01,1.012618570260348794e-01,7.392227765044778742e-02,8.849343520227506699e-02,9.666629682684826919e-02,1.888648482880983526e-02,3.057957223149498915e-02,5.791409330265598343e-02,7.245889226084503698e-02,1.018998514849725201e-01,1.154641082306544497e-01,1.921254242797887368e-01,1.035840403061111803e-01,1.376162580137163527e-02,3.604678265485106170e-02,7.296718116973127666e-02,1.995798784421442262e-01,3.296723498548731479e-02,2.963537481468064838e-02,7.901238408105565325e-02,1.556287003987325557e-01,6.497084546331458044e-02,6.962011162689892008e-02,1.387963304588683278e-01,8.453558156898396958e-02,5.208466337108747651e-02,1.028160872111245350e-01,1.038576545040568455e-01,1.247910359983671613e-01,1.258360081060087843e-01,8.077077102912300077e-02,8.801941894125936416e-02,4.734691548982211673e-02,3.165894766053550802e-02,2.587040724692324378e-02,5.809718555633702763e-02,2.881876030363017538e-02,5.488770983587520913e-03,6.240137244973364972e-02,8.313601400647541162e-02,7.472215455256414618e-02,6.671488199641928407e-02,1.638613742331240797e-02,0.000000000000000000e+00,3.466878807629780734e-02,5.863582064355876700e-02,5.123716874254846676e-02,5.980817735472189478e-03,1.161126451173310342e-02,2.537178491304820094e-02,2.772732819833260975e-02,5.144665245301610623e-02,4.999655946563076603e-02,6.192136740537210193e-02,1.297834191522332370e-01,9.578666197397017745e-02,9.934205782180768884e-02,1.363242285747499616e-01,1.424449592566913725e-01,1.150288824335262555e-01,1.239512453044211704e-01,1.189947096803889159e-01,1.360059813060818801e-01,1.107670281639080989e-01,9.158895319046650441e-02,5.816892078803748145e-02,6.578869868132292131e-02,7.751078310408204830e-02,4.612721265442731866e-02,4.216183984196941736e-02,7.368000008814384882e-02,6.531460709979647339e-02,2.491672170911729545e-02,1.266369679094647704e-02,3.372861630785733977e-02,2.352061195207200139e-02,9.248162320702524308e-03,3.025053321631765435e-02,4.096663498504468648e-02,7.297427990296559419e-02,6.400206759654919475e-02,1.325588625144329402e-01,1.425458609549042355e-01,1.350238409099633330e-01,1.026111731247904557e-01,9.401496447270563106e-02,2.856030421730204605e-02,1.973406062699245567e-02,9.916730521027039558e-03,5.597298743549761202e-02,2.995959682041726690e-02,6.111278376369266851e-03,3.416533893212692075e-02,5.744325044134881986e-02,1.332657874125389719e-02,9.367145451835751091e-02,1.753573149832716727e-01,2.474047424988117666e-02,8.375616153318522772e-02,8.005476137851931517e-02,8.595912443062295183e-02,1.597566403068245433e-01,1.150388689366962924e-01,8.205673280890872501e-02,1.505025548617077713e-01,1.355115854478465276e-01
2.068142196399819221e-02,4.102673857018952069e-02,8.495353767708847814e-02,8.601124701368696723e-02,1.281082470958516961e-01,1.797256506926235842e-01,1.814950900413295209e-01,2.199757449227615624e-01,2.122597946189778984e-01,2.205308172517643495e-01,2.466382923067813870e-01,2.577344360800172263e-01,2.698497351745615669e-01,2.119374252160338978e-01,8.485429680957319587e-02,1.222497383606605814e-01,1.333937168792261596e-01,8.025749795785559748e-02,1.219062004497161456e-01,1.478218823085623579e-01,6.474586650961261514e-02,5.460791941205617173e-02,2.225585206620733780e-02,3.299287361955074993e-02,3.787276338967393574e-02,1.478717270657136651e-01,8.929343476199791407e-02,1.125360212151496064e-01,6.647870298247399168e-03,5.219960989468608314e-02,6.808309400313294901e-02,6.984662979452699316e-02,5.936259936346793831e-02,2.855200599003276940e-02,2.183096868128764356e-02,5.140952767914286348e-02,8.741875959408419716e-02,6.334316237590131848e-02,7.148965054450852341e-02,1.034810508640144067e-01,5.007520617868860269e-02,1.816366995296647691e-02,5.476184727695260213e-02,7.772275481343388082e-02,9.006112669494134582e-02,1.064269111183635819e-01,1.586073921571184431e-01,6.941193540650059113e-02,2.918115555209666034e-02,6.597897941554387025e-02,3.274803685903526773e-02,1.232330540761777671e-01,4.990672875336110703e-03,5.431516308635142565e-03,4.771615007500071282e-02,1.318753129119092093e-01,6.714448511522638774e-02,8.346639301367445030e-02,1.458225533766770998e-01,1.252094578381888201e-01,8.441931955728868009e-02,1.387437747834650570e-01,1.365022877919919442e-01,1.600812112754330108e-01,1.457503291951903202e-01,1.109157598627323188e-01,1.363667333651653601e-01,5.453842117197832406e-02,3.286845603792609705e-02,3.572723581063441678e-02,7.376591696801787501e-02,1.013910058038225426e-02,6.441210368900107675e-03,6.211913458291296042e-02,7.418508697790482387e-02,7.608138482251480816e-02,1.048345048439786042e-01,2.044021192093381512e-02,3.466878807629780734e-02,0.000000000000000000e+00,2.265828884911347263e-02,1.368353195437377323e-03,3.459409332413643234e-02,1.312169520687153645e-02,3.499966827158806915e-03,1.673870679545379214e-02,3.388012218747291082e-02,3.042265659561331492e-02,5.296976432328485279e-02,1.035899270174243381e-01,5.072484509057123558e-02,8.399811507241024267e-02,1.230552078593008247e-01,1.096110712172669310e-01,8.848505500876366336e-02,7.422110250911825857e-02,6.932552609293368695e-02,7.937459841864064058e-02,5.448237496405777813e-02,4.894431572488466831e-02,3.656578954143741012e-02,3.634509433651256227e-02,4.028416755467661980e-02,3.387625019247009206e-02,4.173550999511177473e-02,6.365088472907454165e-02,7.070032170938156391e-02,5.267012105766072372e-02,4.454444786236178011e-02,4.186504413017849702e-02,5.657460481732039248e-03,4.813739858802595917e-02,1.980259225105290843e-02,2.774156474876639245e-02,3.542453357080715959e-02,1.680630100380420267e-02,6.438544061377116101e-02,7.338414636446533024e-02,6.226082776645980310e-02,3.516387119008024253e-02,2.955726274360437333e-02,7.278793724499688089e-03,1.408432413530613658e-03,1.943560301148472558e-02,5.495760354128687020e-02,1.218297063041529071e-02,4.960399669792114885e-03,4.797797796827932282e-02,5.921399215520942866e-02,9.407691652641853031e-03,9.088431217540965390e-02,1.464001975417641155e-01,2.038571350894008427e-02,1.203761232745935994e-01,8.499112000605882344e-02,1.195056873946468423e-01,1.861414566576957141e-01,1.378264625231556406e-01,1.027898813705668823e-01,1.537189481781177369e-01,1.457661603028524988e-01
1.013620945572354243e-02,5.325488335705024640e-02,1.073542700051632187e-01,1.023074091181085388e-01,1.265626062506463312e-01,1.717707842752112524e-01,1.791841489919434316e-01,2.031406932699539869e-01,1.933194982168897902e-01,1.915657603645035956e-01,1.999826649732767692e-01,2.054958881747871446e-01,2.099587103451486803e-01,1.652887877041549214e-01,1.651566149118052773e-02,6.835505762409482822e-02,1.031696107436914089e-01,5.452679818157864927e-02,9.776494016472239701e-02,1.339841389833964502e-01,5.952391990049063497e-02,4.687425113739596139e-02,2.887931167898183382e-02,1.551808187206604739e-02,1.683822038314949920e-02,1.002193191658234950e-01,3.158494113412363413e-02,6.483154433694493513e-02,3.903599464317576706e-02,1.313035281770499052e-01,8.727242078165325934e-02,9.201919572959499360e-02,6.004381056082805368e-02,1.368493932100922628e-03,5.071958491177136485e-02,1.162044296849296110e-02,2.556815457345651410e-02,2.147447615683759081e-02,3.115682895515295078e-02,3.077455235025958191e-02,1.854053706953501246e-02,6.567599850405531070e-02,6.228959015149859724e-04,1.777560557246027351e-02,3.806109106121019492e-02,3.476346740608299291e-02,4.815929971189897296e-02,6.906332420638083835e-02,1.186819649722978265e-01,1.373866798225477082e-01,5.493308711215860729e-02,4.688027071545941560e-02,8.053931337272668411e-03,3.565950807402618050e-02,7.182052806178514104e-03,1.190429977985615895e-01,8.105321696038128576e-02,8.357641525981185371e-02,1.396200103914536639e-01,1.522256818964369540e-01,1.021382524961803040e-01,1.370811710696861752e-01,1.413605891275732662e-01,1.520909269422440480e-01,1.210285402543388733e-01,8.507972588482370924e-02,1.034278692965504565e-01,1.330779398995052265e-02,3.395037234032233231e-02,2.991290435385629554e-02,1.107326793868823600e-02,5.516889616683684494e-02,2.897569397903132504e-02,1.813160512624345522e-02,3.944702972205271774e-02,5.485298969115093293e-02,7.248241653857545597e-02,3.443504262927843396e-02,5.863582064355898904e-02,2.265828884911347263e-02,1.110223024625156540e-16,6.655123261353534936e-03,2.712261083284239760e-02,5.083192447024820204e-03,7.354938557252443943e-03,3.894060628568918325e-02,3.084790671566595144e-02,1.013502021266700359e-02,5.860128739295422662e-02,9.726836825192647362e-02,2.223800715266008310e-02,2.563220921467919758e-02,8.016392312670475584e-02,7.066189948058521075e-02,4.419351004848154352e-02,2.332444200323247063e-02,2.220281650568767251e-02,2.947943676141046021e-02,2.112546438187923314e-03,6.251272741338298466e-04,8.614141875356973177e-03,1.622516552195724104e-02,3.178856190649270719e-02,3.580870261356533524e-02,6.180441370715183957e-02,8.221952399352835950e-02,1.210947847147730433e-01,9.169616278666778419e-02,1.004466400322166497e-01,1.068549579002860961e-01,5.046956564738686035e-02,5.962354152627635795e-02,2.017537134929220377e-02,2.767723898688401185e-03,4.197086973084823702e-02,4.249775561495200416e-02,8.629387874980098960e-02,8.093646810655125146e-02,8.489858671687366964e-02,4.612913975911847597e-02,4.002501055966578569e-02,2.330143899050163281e-02,4.434091376937887574e-02,4.941697091840585587e-02,8.766717864582074249e-02,2.986892162416920904e-02,2.011073492575021771e-02,3.373048359326264595e-02,4.300615096155457895e-02,4.116348257685291390e-02,5.561026702201973815e-03,2.590115531186304443e-02,1.181019600007132686e-03,1.181537255739812942e-01,5.434946781072731020e-02,7.959039652680263699e-02,1.730566474118243048e-01,1.265219137063599286e-01,7.945555899646801479e-02,1.166037273879211023e-01,1.103858570293119595e-01
1.189908640625016722e-01,1.244961638484627098e-01,1.074558582934909690e-01,9.899592657058625678e-02,1.645253761020820660e-01,2.239844884824472027e-01,1.330656799514571831e-01,1.780250853241265863e-01,2.290941657760345584e-01,1.411840808571861172e-01,1.404552502038830530e-01,1.625860139318041631e-01,1.571357610848465036e-01,8.685077378924924152e-02,4.772760743131621020e-02,3.332582013528462284e-02,9.093854444043991681e-02,4.226859209628924807e-02,6.612176108196904378e-02,1.021663284658704957e-01,3.609785563329666325e-02,3.441768427835140143e-03,2.359306203249467160e-02,4.239008946555913870e-02,3.721471061068598596e-02,8.443591018399110304e-02,5.032314910485870263e-03,4.553970111092579126e-02,2.111936537079472931e-03,5.617127861682771894e-02,2.962610985193690760e-02,3.643066000279850114e-02,4.730558556151429062e-02,1.246833039448058678e-02,9.553984345742717876e-02,3.289580590609145205e-03,4.315090130677720626e-02,2.597404727997455753e-02,6.408138702107255003e-02,2.470145860893713241e-02,2.272940237109460915e-02,6.314711172242959414e-02,8.655912942456267523e-03,1.533659752444549440e-02,2.537571131050753159e-02,1.589414348128193044e-02,1.169908519265472346e-02,1.494273332265880772e-01,1.604208156696847465e-01,1.540571486375235111e-01,1.368080900561328139e-01,8.985740212134783744e-02,2.250505572171467017e-02,8.907321792155181717e-02,9.397490988531617684e-02,2.284050192642439470e-02,7.025592794400660479e-02,3.322040496664453724e-02,8.371964380684984719e-02,1.509938323273433136e-01,8.690829171835517952e-02,9.074777034790562635e-02,6.211078709573925050e-02,5.301424373568180970e-02,4.588872761230197717e-02,2.835905736928384657e-02,3.848370037065930449e-02,6.825878408816368759e-02,6.387046831657713919e-02,4.944064136750677546e-02,7.441513736266919254e-03,6.587750343078224713e-02,4.228932504925619895e-03,3.302960992088344039e-02,6.190502211537596278e-02,6.874437269000632789e-02,8.410395880250753908e-02,1.242391025241051938e-02,5.123716874254835574e-02,1.368353195437377323e-03,6.655123261354090047e-03,0.000000000000000000e+00,1.610671988540124389e-02,5.949427052668099236e-03,1.072947796341383597e-02,6.727066891678901150e-03,4.980869795118691989e-04,3.194666026111342427e-02,9.146556889109425104e-03,5.308422393704038261e-02,1.501726042324247334e-02,1.997810476224860105e-02,6.043806216442416945e-02,4.900303424059299084e-02,3.083694188219882060e-03,9.027004124898430071e-03,6.099089285581060782e-03,2.278090033900392886e-03,3.145654941970180141e-02,2.338607347817925342e-02,7.970550468863121796e-04,1.552083072279794584e-02,2.254106655073626064e-02,2.118481936290020351e-02,4.326222105373028759e-02,5.150424520560721586e-02,7.041657387847866101e-02,4.511588334125626876e-02,4.660172830419426204e-02,3.827901165554740276e-02,4.601810627671232279e-03,3.995336517355729811e-03,3.534999182517456484e-02,3.291701084027091190e-02,5.244969394690418563e-02,1.063508617284393554e-02,7.201383589933052498e-03,2.876632901244735585e-02,3.020721833642903142e-02,1.387504481168455595e-02,1.493624692581829727e-02,1.308749415028787055e-02,1.257887730684731364e-02,2.758800943155098606e-02,5.811385257147066302e-02,1.302706776835044211e-02,1.525998064828654188e-02,1.731214371218076087e-02,2.393522307698492391e-02,3.054979241285638025e-02,1.035047976113834256e-02,6.918752840886421840e-02,3.802680077898956679e-02,5.920003748335384008e-02,3.422662896351971740e-02,7.678563648706422662e-02,9.946228424709196991e-02,1.086373940648523440e-01,8.059220517213100399e-02,6.352747464192989857e-02,9.778038998205990096e-02
1.838665775454766949e-01,1.349689606112765006e-01,6.665881294554854009e-02,6.593897456053804396e-02,1.402590873388906423e-01,1.694990367582276947e-01,3.276033126683181029e-02,9.315387927635365717e-02,1.707021960477201894e-01,1.762504963947827963e-02,1.844395944866977777e-02,5.843166589063603089e-02,2.718894403966406331e-02,3.671630161216375005e-02,1.223046592466132121e-01,4.049658169249770179e-02,2.318324341678490441e-02,7.421965543796760212e-03,7.262354876274690341e-03,1.747665825375732673e-02,1.721914311427696909e-02,5.667956534838725080e-02,7.004571940589032764e-02,6.763262386577152674e-02,4.458030448485810621e-02,2.471683741738741474e-02,3.662946852271534159e-02,3.143256414496087281e-03,2.061628282285060676e-02,2.012837528982126811e-02,4.112889522393171210e-02,2.994411723100554035e-02,2.605600233882565675e-03,5.793603396662461158e-02,1.666504219021471833e-01,5.348026908952724368e-02,5.974031790406730824e-03,9.222330394562314182e-02,1.484912956253196525e-01,3.149338653935440657e-02,5.826752787251138210e-02,4.975890690541617811e-02,6.369457144800083626e-03,1.384270921657893005e-02,1.798996886107839810e-02,4.004955686453814945e-02,1.200504532238688693e-01,2.350184180764587905e-01,1.837865775286007808e-01,1.584024363788592016e-01,2.145428421066754854e-01,2.292122505625183715e-01,5.161125910500452552e-02,1.348194258043821092e-01,1.974412333827764432e-01,9.793512251617852993e-02,2.188557116382466861e-02,4.580219185095565221e-02,1.395056944547788669e-02,9.173665107993125845e-02,4.262071774590997508e-02,1.493083120393129404e-02,2.342137421918827345e-02,6.280251364980510287e-02,5.538783691089232963e-02,4.734981201257826289e-02,6.137860126471011979e-02,1.551820245705925194e-01,1.162986731855499556e-01,1.063021910404981230e-01,6.644969080703883035e-02,1.093637648452605027e-01,1.692859259439294384e-03,2.097183774721550487e-02,2.129269057453625491e-02,2.694931547519641146e-02,2.455262102205042762e-02,2.883093088973648355e-02,5.980817735472127028e-03,3.459409332413643234e-02,2.712261083284239760e-02,1.610671988540124389e-02,1.110223024625156540e-16,7.443776172609495312e-03,6.663153593131632135e-03,2.749691031907630645e-02,3.172962872579043747e-02,6.512524387377338631e-02,2.627170218841873295e-02,1.191425230129727897e-02,5.527184385948240297e-02,7.214422624982104459e-02,1.270280809025275959e-03,2.228120609620458381e-02,6.675627363736796882e-02,7.571386798334833745e-02,5.990511199356682304e-02,7.190543629075886456e-02,9.088196412507054678e-02,7.244111563298089029e-02,3.126507915366022461e-02,1.919211810031956622e-02,1.781764007875985545e-02,9.547109301992540153e-03,3.700716628132316721e-03,9.373803503315403240e-03,3.560591370631027708e-03,7.653593506035005767e-03,1.144519123513088044e-02,2.612998345534212064e-02,2.246050027822460438e-02,6.310242687597727995e-02,6.184286926843645532e-02,4.686522953260731372e-02,5.000445242728403239e-02,3.022614872635914773e-03,4.730722912708484884e-02,2.584308315540678747e-02,2.464700602715930167e-02,2.201024398798179238e-02,2.016064714909837630e-02,1.116009061830436355e-02,7.892718815199942228e-03,5.260983735503432790e-03,3.065840101904154791e-02,1.410587588542744353e-02,1.114238690752444860e-02,2.293430685587072304e-04,7.786714130909588860e-03,1.972259975071694038e-02,6.849753639745953526e-02,1.734673796826209369e-01,3.855046364645603463e-02,2.581898130681548054e-03,5.535558058540279713e-03,1.998716864252175762e-02,2.317281692864381348e-03,4.953055581060575308e-02,3.641359520054446297e-02,3.229591111844856699e-02,3.301757713661593145e-03
2.178776209737077751e-01,1.684656664564377349e-01,9.045623188987039764e-02,7.794820450345285590e-02,1.398883856997972797e-01,1.671485473594948035e-01,4.853186292582095662e-02,8.283590569630072675e-02,1.218230513184934694e-01,1.216148495182332867e-02,9.971549868856071849e-03,1.370563759365580475e-02,2.327730319271456572e-02,3.722275402507244091e-02,8.445015826565249739e-02,3.110081608692638611e-06,7.241021875874786851e-02,3.554608978739992597e-02,3.652072594175292952e-02,7.267983714094183867e-02,2.967727048218521402e-02,8.941253414399275012e-03,1.261898422284651877e-02,2.958746622231919754e-02,9.829817698311565932e-03,2.706020237880749080e-02,1.087808731159238262e-01,6.468543875619463257e-02,3.643849321605369812e-02,1.036073161934976672e-01,3.112411289623959187e-02,1.345653414574582429e-02,5.865302533471050683e-02,1.124453667359880116e-02,1.281353386840728414e-01,1.522743984865604361e-02,4.171753047828669070e-02,4.734452109918071971e-02,1.043698033279484294e-01,2.616693208676634796e-03,4.396511802848807049e-02,4.370167681502024060e-02,1.203661836634617455e-02,8.278759311347472227e-03,6.250209842315945785e-03,1.660075877437139358e-02,9.055633536925455918e-02,2.490026909565257185e-01,1.894658620938226012e-01,1.376791122514579302e-01,1.880880483536135905e-01,1.844764165911373655e-01,6.305833569453078713e-03,9.626645243941588104e-02,1.498604333889297091e-01,5.383359495717610077e-02,5.877518257192021478e-02,2.251818454599494035e-02,3.829812540522795072e-03,1.039465590196618910e-01,5.426267344160944778e-02,6.763117676327173866e-03,5.377370480971377376e-02,7.986181371042204435e-02,6.769013828222919527e-02,8.483757066090324983e-02,9.998750310897969173e-02,1.415996094758916191e-01,1.231016942694899141e-01,1.002980994466304288e-01,4.986967776876470582e-02,7.539121218889778542e-02,2.464074054954190629e-02,3.510913706322893457e-03,4.880212034152131562e-02,5.402384028716972209e-02,4.271481325122861161e-02,5.365871635527597050e-04,1.161126451173311383e-02,1.312169520687139768e-02,5.083192447024764693e-03,5.949427052667988214e-03,7.443776172609495312e-03,2.220446049250313081e-16,1.912043014622299975e-02,2.843155114799345018e-02,3.926441232427357875e-03,4.439296611224474720e-02,3.665093460444235340e-02,6.316818954170633216e-03,2.906854081919796329e-02,1.021396283404175931e-01,1.075267269526834768e-02,1.436281409845076122e-02,8.177182558466745965e-02,6.917335060496752897e-02,4.776602074154508160e-02,4.496480827106395101e-02,5.468829580393168299e-02,3.246245597054381316e-02,1.364801880184224325e-02,5.176468292168001639e-03,1.109032075927884886e-02,5.412332883303561104e-03,6.542913000553429725e-04,3.837669171990854000e-03,1.527840549293280059e-03,2.168754169682685085e-02,1.544003997976346049e-02,2.030688856229702355e-02,2.257554909502453716e-02,6.072888072374098278e-02,3.310900427149238157e-02,2.470569615240841843e-02,4.609679297594984626e-02,5.815761339321046108e-03,3.215462961136802966e-02,8.410096097237897139e-03,2.026168533232480806e-03,1.892320302011085698e-03,9.871724129339176645e-03,6.794662938844578393e-03,1.003979020381384757e-02,1.367692817490351320e-02,2.012362175788207086e-03,1.667398465293290499e-03,3.039028244846597726e-02,4.608037821873961493e-02,4.205385964885244299e-02,3.369954790548934653e-02,7.499144032801768889e-02,1.776363551016642006e-01,2.336719131605463629e-02,5.006476671596973849e-02,7.516031636150860562e-03,1.084043699181841403e-02,2.280226212339020453e-02,4.536635536501968519e-02,2.079533679632377535e-02,2.631768725404203327e-02,3.580174735178692086e-02
1.744270948060160087e-01,1.631978964114758901e-01,1.197988921261127215e-01,1.015912772424817367e-01,1.378014628103201300e-01,1.700170420897066936e-01,1.048518212111317349e-01,1.207829131128523165e-01,1.064350711554914314e-01,6.589195831924447855e-02,2.709071770200326135e-02,4.300989584800549159e-02,9.536239945953539632e-03,1.076942867954111538e-02,5.500057512093137202e-02,2.384838111864773236e-02,9.198793711401215267e-02,4.782047408356604468e-02,6.160867903689809522e-02,9.821802029200776829e-02,4.949544434732611187e-02,2.433863699100291544e-02,2.812887026994904949e-02,5.690801760808758547e-03,9.906493476298983483e-03,6.140661379911503681e-03,1.175594234230944168e-01,6.895441598447067666e-02,8.364854490103219853e-02,2.615600155724830955e-01,4.984939944477906337e-04,5.101067204803025334e-02,6.532330313543668887e-02,2.569089096602028555e-02,1.489846864137754356e-01,1.356675356459884074e-03,5.446971394667982427e-03,6.541577733740031042e-02,1.043322833620295154e-01,1.464412521434899084e-02,5.698929521218859540e-02,7.067399706440030682e-02,1.556955996733538905e-02,2.036691919145483531e-02,5.483911602710000999e-03,1.532897653789022652e-02,6.646544043481800168e-02,2.439293892818954479e-01,1.952231293736685358e-01,1.421180158312771447e-01,1.431958989124091919e-01,9.945346033700090682e-02,2.600282659149907860e-02,4.324063895906576221e-02,7.122532556019138539e-02,4.324775543464928762e-02,1.118037686936729225e-01,6.183461552041964737e-02,8.264007580003052134e-02,1.584570875023508241e-01,1.036884819224643817e-01,5.258369628323808498e-02,2.358443902110501922e-02,2.573893462316605152e-02,1.513737559716991227e-02,2.809702929499549584e-02,3.853998370502795257e-02,9.258189597740024146e-02,1.122865129015086783e-01,9.271252558582469827e-02,4.520589632097543609e-02,9.227623129327178209e-02,3.038153772474738723e-03,3.076429597837326835e-02,7.846644950148862208e-03,1.630106509737949683e-02,2.080211760885852801e-02,9.368659081117947096e-03,2.537178491304814543e-02,3.499966827158806915e-03,7.354938557252554965e-03,1.072947796341439108e-02,6.663153593131632135e-03,1.912043014622322179e-02,1.110223024625156540e-16,1.321583077268351225e-02,1.531068002713431575e-02,2.812488852449168686e-02,1.516043987485460320e-02,5.607781821035290326e-02,9.530463804094335689e-03,9.152923193129264279e-02,1.512562579973275589e-02,2.299038544131864342e-02,8.507003820376848879e-02,6.369993234358631295e-02,3.134384882376178849e-02,2.263205517540099743e-02,6.552025880779903388e-02,6.813032531885634957e-02,4.523495269262248208e-02,7.097450730869390989e-03,2.728933319855375572e-02,5.942146737964171255e-03,2.355753138423613557e-02,4.775493063906454533e-02,7.246145803192971524e-02,2.110600585326996570e-02,3.109877434565840731e-02,4.877919799166240133e-02,2.082420561549767554e-02,1.896162031591676345e-02,4.879618625321546777e-03,1.080537950203741548e-03,3.891362674831630453e-02,1.057684672942754700e-02,1.149102902797538572e-02,2.515651817605943363e-02,4.207678478852745763e-02,2.207439081456952223e-02,3.120623482863404963e-02,1.410388076465891871e-02,1.492249351770173760e-02,7.578134776935613326e-03,2.422803507339160722e-02,6.942782538905178935e-03,3.949635319961586344e-02,3.533396646850606171e-02,3.247079671920355404e-02,5.001772514711405604e-02,6.160140826697535488e-02,1.200391758614522408e-01,3.492843278655480277e-02,2.123086964850556813e-02,9.905987880186428729e-03,3.134158269903486449e-04,3.966805906921545138e-02,7.040705933365777602e-02,3.231853939356316152e-02,2.755889334730710766e-02,8.192381817912094966e-02
1.247207292577691695e-01,1.073578565317722944e-01,5.527454938575818155e-02,4.885431134920661944e-02,6.609144935932936837e-02,5.931605456381114361e-02,1.613104426541449310e-02,4.125233743917211537e-02,1.957226964794279295e-02,2.816497660700612721e-02,4.201442084640615027e-02,1.201591431829719669e-02,5.107831824501835039e-02,4.736091793564706220e-02,9.066137345585156826e-02,4.786555904634676173e-02,9.711142796960392509e-04,2.106779902536559668e-02,1.096336931452529528e-02,1.119766584301362666e-02,1.255999017098607951e-02,2.846623326601233073e-02,3.957916723884402632e-03,5.997033031886256360e-03,8.213386345179249370e-03,4.211113893360821092e-02,1.002527970343761177e-01,6.891172244392460011e-02,7.524268808888902316e-02,2.769129656896909819e-01,9.680744720513834167e-05,3.997334534150662200e-02,2.473758095482405522e-02,5.476951817479133733e-02,1.806643376601305140e-01,5.039194169287155439e-02,7.850076248864697182e-02,1.589484240254613323e-01,1.969208108196434381e-01,9.757953249787773564e-02,1.247294363739196860e-01,8.497838459724059434e-02,6.736360196541765766e-02,6.685274925760859022e-02,5.187570962968696131e-02,7.761477222160045875e-02,1.518811827363551192e-01,2.608959231663136036e-01,1.835549747685714106e-01,1.507951959556132759e-01,1.882337470731662576e-01,1.717509824426782239e-01,4.549677432224048801e-02,1.056369505394511576e-01,1.659289724883153128e-01,5.977051893443122155e-02,2.396897673296614906e-03,4.443207060566725652e-02,1.922743934216782774e-02,3.205984933695751882e-02,6.272012953983968631e-03,2.038439861742108450e-02,3.503782776513147956e-02,6.395011482195139818e-02,5.327594266181501226e-02,5.386613421097363741e-02,9.370267558792456930e-02,1.557656867729391714e-01,1.157672738366368609e-01,1.239301221404569553e-01,1.181787815506056549e-01,1.212372760061215526e-01,1.239700224532502837e-02,8.732618181138390723e-02,5.021472068957871793e-02,4.191437050952528942e-02,6.545925931066928771e-02,3.119527249290242332e-02,2.772732819833260975e-02,1.673870679545380602e-02,3.894060628568918325e-02,6.727066891679012173e-03,2.749691031907652849e-02,2.843155114799389427e-02,1.321583077268329021e-02,3.330669073875469621e-16,1.649896086884194979e-02,4.213776358405774136e-02,1.350537567756660007e-02,1.878932779110220608e-04,3.795117076200155148e-02,1.057915830238471688e-01,3.051980087942293696e-02,7.647747234467872079e-03,6.975489222584803362e-02,7.387313840650683305e-02,5.595518121136636158e-02,6.396314283984147475e-02,9.421278203023514264e-02,8.933124127740418863e-02,5.208531496104529257e-02,2.387320608996493232e-02,4.099672218411398728e-03,6.123323060217455982e-03,1.585127666357749598e-02,2.264504085173119075e-02,4.386568172605054272e-02,5.400210650784997846e-03,9.066309350775625386e-03,1.624886765303762415e-02,6.291253380954986429e-03,6.569527648233877692e-02,2.973654910174650459e-02,4.100207808213865435e-02,6.840038792721764294e-02,5.850025190962371280e-02,2.599828174428053806e-02,2.187526057033514770e-02,3.356881299488601034e-02,2.639619655190691971e-02,2.852997759841097158e-02,5.959442422145724838e-02,2.908027609821467463e-02,8.571334629978388797e-03,3.784171637927336018e-02,4.741603017055034952e-02,1.164580096148332133e-02,1.365238811771024574e-02,1.418368746476161846e-03,2.588015623091252659e-02,9.234552532205608788e-02,1.618937858089145032e-01,1.757867690506176306e-02,8.286852787189297187e-03,1.913005511153967331e-02,2.976670657056873504e-02,6.557059515449187304e-03,4.501523086857139866e-03,2.382927057372272173e-02,4.842673394888680205e-02,7.151319940979314338e-02
1.810370085583256627e-01,1.284405644971314264e-01,2.368016079436130461e-02,1.610467258337822116e-02,5.377984347193776049e-02,3.713717115654760481e-02,5.257189374050666442e-02,1.733431902517765244e-02,1.178162177542448064e-02,9.641314615701994384e-02,1.083210240339262248e-01,7.274998906394261611e-02,1.242892154934541193e-01,1.037856016834241557e-01,8.771807517595975323e-02,3.817607814298062952e-02,1.770567074539386443e-02,2.870400691590613285e-03,8.856448746328071664e-03,2.140861589875586724e-03,4.666335763414242166e-03,3.501347905071083844e-02,2.162311691026558291e-02,7.055392014153255564e-03,1.793777369368879104e-03,7.997904494204097214e-02,1.431680433676120745e-01,1.219695672531855846e-01,6.180403936475543925e-02,2.372081936706832428e-01,1.265515116505357418e-01,4.882658574319997946e-02,3.532854490513659407e-03,7.567361771123938541e-02,1.866802198131698176e-01,3.602391651440350895e-02,5.026310334596570395e-02,1.362513589042750606e-01,1.861973608492289989e-01,8.335783007344840789e-02,1.127294104873257791e-01,6.150788102890520498e-02,4.131524605015074458e-02,5.111484369413421547e-02,3.289917228146355122e-02,6.107280205193293954e-02,1.677859864254071520e-01,2.759093626346454386e-01,1.852967003102853616e-01,1.367782801107552959e-01,2.275481913328788464e-01,2.638653275030847234e-01,6.105904675862550146e-02,1.418456226587931912e-01,2.308905449606828975e-01,1.540997111727678281e-01,3.449876559890729943e-02,1.105613245925699262e-01,9.083385957072305505e-02,2.042933880644769162e-02,2.374526204922086658e-02,7.178447556454564671e-02,1.071363723514599520e-01,1.544516279782342238e-01,1.216626553696434077e-01,1.154222459186126093e-01,1.664525710823486770e-01,1.906680391601834335e-01,1.247325100767611716e-01,1.325159807875622153e-01,1.271430077433607642e-01,1.107913278646951716e-01,1.824223025922777630e-03,9.554364967599218716e-02,4.101726458756588256e-02,2.628601483658018351e-02,4.908951495114284580e-02,3.924062370550390755e-02,5.144665245301621725e-02,3.388012218747291082e-02,3.084790671566597225e-02,4.980869795118136878e-04,3.172962872579088156e-02,3.926441232427690942e-03,1.531068002713431575e-02,1.649896086884183877e-02,1.110223024625156540e-16,5.119265679700446547e-03,1.581687454151881056e-02,1.349748411020412764e-02,5.329410245355492570e-03,6.783188134448303597e-02,2.746026436826443096e-02,1.674242438005985045e-02,9.769132952979781015e-02,8.032527523104698863e-02,6.883745605830451919e-02,7.321089353050730386e-02,8.589897719931494091e-02,6.969009569323247888e-02,6.847268300107434147e-02,5.730147395032286761e-02,2.156279701925045700e-02,3.280433266131943526e-02,4.980703495788785240e-02,5.161223881663085100e-02,4.896335911163474108e-02,6.701933719295977143e-02,5.389162743286537993e-02,5.628576750569200260e-02,4.277751103465536608e-02,9.666522869382632166e-02,4.780247915704735617e-02,4.885657635483398042e-02,5.969361967369857247e-02,3.265875084853131494e-02,1.322536489219300337e-02,3.444314249806623707e-03,1.109190069040311144e-03,8.091142003817670958e-03,1.636604419367337915e-02,2.725042963339707747e-02,8.653479134821617791e-03,2.735581216826221684e-02,1.186564309209570123e-02,2.581206126953639046e-02,7.529075961933640038e-03,3.807970295372570257e-02,2.069827749712466192e-02,7.180793976586108407e-04,8.023287247125454602e-02,1.099131267262196121e-01,8.212330142370050101e-03,5.007069743947772933e-02,3.081860079796389096e-02,5.902723888523403462e-02,8.743806383359525869e-02,2.299175010223805660e-02,4.196619594521536212e-02,9.557010702621698828e-02,7.773304470118207188e-02
1.873942825224481912e-01,1.349935518358787445e-01,8.039762583578374811e-02,6.905608031971705030e-02,7.674142806060621491e-02,6.539680680020047709e-02,1.970602923627108594e-02,3.015394821127112546e-02,1.345453810401057819e-02,5.028770290936893095e-02,8.122641809935568502e-02,6.571620903430702709e-02,1.223532178192840159e-01,7.650243318003607795e-02,4.944653124905651342e-02,3.994474275874626557e-04,4.826681867139592796e-02,2.359572418841460184e-02,2.277066216785084141e-02,4.014004633809220568e-02,1.351429373216561647e-02,5.721060234665786837e-03,1.093115974582881123e-02,6.461460069611957291e-03,9.652583959450095064e-03,5.787643894380600784e-02,1.519630418074801315e-01,1.268618161535708388e-01,8.257048175039173599e-02,2.400152113632706696e-01,1.288754708512601099e-01,4.374612556686282433e-02,1.019517095427763254e-02,5.830510406370663368e-02,1.544964712969489340e-01,3.754855341624674381e-03,1.353454345007812365e-02,7.351802150999302288e-02,1.062584953391337295e-01,2.537670571728012359e-02,5.701830811507983821e-02,3.514335233337022302e-02,1.150224244789274652e-02,3.174514162248209814e-02,8.181057204288300078e-03,2.714296601763577232e-02,9.405636728009453273e-02,2.250975572026947258e-01,1.405822091070897950e-01,7.196824216106634253e-02,1.325097864453833874e-01,1.390741653120653454e-01,2.861982141266702917e-02,4.810567072504901009e-02,1.221256580784630952e-01,4.653775434136926681e-02,5.208748837549079247e-02,3.155030727509205990e-02,1.950814019222187057e-02,3.680828146498543729e-02,1.224319396291645434e-02,6.039244524885214321e-02,1.046838457097353098e-01,1.131170145465540816e-01,9.398441008243185735e-02,1.323356641970436787e-01,1.704802010191751316e-01,1.529157655533577298e-01,1.275028861308151740e-01,1.299948047572197507e-01,9.336586658830765828e-02,7.535682680219563112e-02,2.186331171229632941e-02,7.199459433394506114e-02,1.428978686595938630e-02,6.094546689611429757e-03,2.074872651526282752e-02,2.000006452318352917e-02,4.999655946563077991e-02,3.042265659561331492e-02,1.013502021266704523e-02,3.194666026111342427e-02,6.512524387377338631e-02,4.439296611224474720e-02,2.812488852449168686e-02,4.213776358405774136e-02,5.119265679700446547e-03,1.110223024625156540e-16,6.861373854321062282e-03,5.500780347831302208e-04,5.824336014262465611e-03,7.767300116602426918e-02,2.487465031003488480e-02,1.908373162687998503e-02,1.037645549136442247e-01,7.675653196545756396e-02,6.209103442220248459e-02,5.770386717166997581e-02,6.981943531461515251e-02,7.301032392214990008e-02,9.326301498869232764e-02,7.544221234247028285e-02,3.481738075143253619e-02,6.723516445451471757e-02,7.916662722734729707e-02,6.231969169111643836e-02,5.917881954593734450e-02,8.185354512749853928e-02,5.108273846468988633e-02,2.799654931614578568e-02,2.881612249541382065e-02,6.631628029655867174e-02,6.453857873719937022e-03,2.102279337503565326e-03,1.747852294312934873e-02,1.527618899656224549e-02,3.151040883583322572e-02,5.910831122612203448e-03,1.079404991305538131e-02,2.694813666294745835e-02,3.001514274483763067e-02,1.388670354369087034e-02,4.425104230026472019e-02,7.400705484175357229e-02,6.803351963916970391e-02,3.314231083306884429e-02,6.079357731407258880e-02,9.336844001201338727e-02,7.518377415178190137e-02,3.742848609818300032e-02,7.753619198579586591e-02,9.306446476947510815e-02,6.582278057543086702e-02,8.706361075101082259e-02,2.701875568203415678e-02,7.499683552780925244e-02,7.659557619058439404e-02,1.513596025316865656e-03,2.286074106332780520e-02,5.038362296737825680e-02,6.460414367460951685e-03
7.833132213937830934e-02,8.819602282090251155e-02,5.369454581255560244e-02,4.770763318031541467e-02,2.398244972989276372e-02,2.932932169955687618e-03,1.498603935578286805e-02,1.399330889071691286e-02,8.015001167078926458e-02,5.406970768338614786e-02,7.719198269450189276e-02,7.145008729670584979e-02,1.125056571023387575e-01,6.187286156551347061e-02,2.169634832021427595e-02,1.979304639195766935e-03,2.969643166328150841e-02,9.526177633117693944e-03,5.005600064567905516e-03,1.541489548852581493e-03,2.270282158796149696e-02,2.922301122611398183e-02,1.439869777151997488e-02,9.385322534305545750e-03,9.566991372538080629e-03,2.225338695802438205e-02,8.245177332276204529e-02,8.532961957901244454e-02,1.237893453556726531e-01,4.827447498143105920e-01,6.851435249534232330e-02,2.979104168198742908e-03,1.962139792638722957e-02,6.883629278510466909e-02,1.618471326146678491e-01,3.244870860188847628e-02,5.969400328195995087e-02,8.872657943358747135e-02,8.719604115563250879e-02,2.862447501715280340e-02,3.740783632062835706e-02,2.436059939252846474e-02,4.165155754798417070e-02,3.075465470355074477e-02,9.589796067255310086e-03,1.904036049945251330e-02,4.838340162229691488e-02,1.270403768240686015e-01,7.450513658710573861e-02,1.419909106778521196e-02,3.260434514827031255e-02,3.699307946589808216e-02,4.180190795569480033e-02,1.350924834219127679e-02,2.671766894330759867e-02,2.268998458325958284e-02,5.580247870262902005e-02,3.186632298746108760e-02,3.395183547034837102e-02,2.846172885711695938e-02,2.145962285569287184e-02,3.797274542043108103e-03,2.193493318206177906e-02,8.015525545302867871e-04,6.043028341755705100e-03,4.084045713334463062e-02,8.181662287764435160e-02,7.662017818839299277e-02,6.845575179292295864e-02,9.600325786117439031e-02,7.482793006200533226e-02,7.539830248454609807e-02,1.091622798884595014e-02,1.026228704624287946e-01,6.729587255198554718e-02,5.878202064365939394e-02,6.532537059059592699e-02,4.573978081178452226e-02,6.192136740537210193e-02,5.296976432328487361e-02,5.860128739295428213e-02,9.146556889109425104e-03,2.627170218841856641e-02,3.665093460444229789e-02,1.516043987485460320e-02,1.350537567756660007e-02,1.581687454151892158e-02,6.861373854321062282e-03,0.000000000000000000e+00,5.842019427801159459e-03,2.396940992741147802e-02,6.870695805568327597e-02,4.340416101503696833e-02,5.201169262408156246e-03,9.536667177895857828e-02,6.017037194052761440e-02,5.909246145017871266e-02,5.211758292621275490e-02,9.257100682664069768e-02,1.116578095940372051e-01,1.180043111316858295e-01,9.859307115501014795e-02,4.961062234080720890e-02,6.176264711988063705e-02,4.441295439934615785e-02,1.729958947969478800e-02,9.952377580027482740e-03,1.224537662384885851e-02,1.312636723374535630e-02,3.506212186676304493e-02,3.535857678566206586e-02,9.457330399810559562e-03,3.530744802129726079e-02,3.068986501365905673e-02,2.488813298856179523e-02,2.323146095774897280e-02,1.934111654203957142e-02,1.410731063201786650e-02,5.855852992036891802e-04,7.989426855190828736e-03,1.138435508185291212e-02,3.200867552876682232e-02,4.466304629831413520e-02,5.902497123010055913e-02,4.780188300462642759e-02,3.013232246188640717e-02,5.378741773817957705e-02,5.612281350379080824e-02,4.235638745310044140e-02,3.219647106444556428e-02,2.868078392021200518e-02,6.553924405419492283e-03,3.658133560314466570e-02,2.002373221621459032e-02,2.796895012963321325e-02,6.859912704733103772e-02,1.079921019109596203e-02,9.681215869610126923e-03,3.805615131826764475e-02,4.932144381591757609e-03,1.933239641053309532e-02
6.391507669676174674e-02,3.711802551557924490e-02,2.759609777661386001e-02,2.078240237740532070e-02,3.596297198809615681e-02,8.426757106451034096e-02,9.815972631235950208e-02,7.183426920825204676e-02,1.382244251421747561e-01,1.453638572025417186e-01,1.413393714004352042e-01,1.272101278605356212e-01,1.825245797568626205e-01,1.208346730636611910e-01,4.712672332486855797e-02,4.616635153520837198e-02,2.999866565519365702e-02,4.201032128746245986e-02,5.458955562250455973e-02,5.822280250949851688e-02,5.368915860593420630e-02,6.513749423291770313e-02,3.097745737334089977e-02,1.030326808969117547e-02,3.789932817370222917e-03,2.667600158153426992e-02,8.522362501757116404e-02,1.288354209966470210e-01,1.260257507258105147e-01,4.095375479163116395e-01,1.565167155484867290e-01,5.597621575820287826e-02,2.282221201184241044e-02,9.169339844934748518e-02,1.613932636295820067e-01,4.660398783342779849e-02,8.984673666110071233e-02,1.300474688364763320e-01,1.423906312336887248e-01,7.960042513718736112e-02,8.982007980187059482e-02,4.059245331015409741e-02,6.612161942453945174e-02,4.704458149060927047e-02,3.491771638783570247e-02,5.015691209696607200e-02,1.138082136706524555e-01,1.428219177089553316e-01,7.566167909417499671e-02,2.662087859768461073e-02,1.065165066751676270e-01,1.637057712647365659e-01,4.555080456746773976e-02,7.135541208539149249e-02,1.517746105625098485e-01,1.270795320648125393e-01,6.236808829890232164e-02,8.689120362204150183e-02,8.068700773623649347e-02,8.321144277819289559e-02,4.489924839622446567e-02,5.731618156006931808e-02,7.036040068996791963e-02,8.197023717082316252e-02,5.264182679665174724e-02,5.963653991046363734e-02,1.241300583103489424e-01,1.291513550655266906e-01,5.735163766602389274e-02,1.061800428950284009e-01,1.241401459998139611e-01,9.322557488692140293e-02,1.637509362866684803e-02,1.519781498093984440e-01,1.149541657111921855e-01,1.271143670518529167e-01,1.398760396939175976e-01,1.211991972395861927e-01,1.297834191522331537e-01,1.035899270174242826e-01,9.726836825192651526e-02,5.308422393704036180e-02,1.191425230129733448e-02,6.316818954170744238e-03,5.607781821035284775e-02,1.878932779109110385e-04,1.349748411020423866e-02,5.500780347831302208e-04,5.842019427801159459e-03,0.000000000000000000e+00,1.072480953279986160e-02,1.200683065533869609e-02,1.547509714273698211e-02,7.957436858995969864e-03,1.269413031874380704e-01,6.760538333166044023e-02,6.998469721371025631e-02,8.029033576395644412e-02,1.144660062897737973e-01,1.309314219716677941e-01,1.452956094438176415e-01,1.218960904297415326e-01,5.999066386657181393e-02,7.821019955611624441e-02,7.766416227168368436e-02,5.766546320760312927e-02,3.846203123278119085e-02,5.754396796842329437e-02,4.947735085054089099e-02,3.548726287580510064e-02,6.597523822629194901e-03,4.471031101031008870e-02,2.707232365542702746e-02,2.632613331036570692e-02,2.892230490434799517e-03,6.605905395237754441e-04,3.366311529315091366e-02,3.010927637766630527e-02,3.858176438479105075e-02,3.417643506290990452e-02,4.221199711815470934e-02,3.733878826438385978e-02,7.051809766597610940e-02,7.222412254657362141e-02,4.944153191348493737e-02,2.082552290618211455e-03,3.736902327242552779e-03,1.946529266234348077e-02,6.381239340345679079e-03,3.364402950691897098e-02,4.288491404625394132e-04,2.702529303120543291e-02,2.925085849944625283e-02,6.661904810481344974e-03,4.256562872576891143e-02,6.425567257080949668e-02,7.751997951908634610e-02,5.930092225435679154e-02,8.747524682128399176e-02,8.125863679534112149e-02,1.349902703988216934e-01
1.186243228873563871e-01,7.201475861042061499e-02,3.887015971649518398e-03,2.692086016757133660e-03,6.506432156430291824e-03,3.867045008214612528e-02,7.494818442086063903e-02,6.444925961121164559e-02,1.044599519764312090e-01,1.222223641416650131e-01,1.358781908957944207e-01,1.261140262871419671e-01,1.730005440153316587e-01,1.102303780181292936e-01,5.022160782552442804e-02,3.583351457422412345e-02,8.114159053884684170e-05,6.495657837519708266e-03,2.204435072259591788e-02,1.213008385905900433e-02,1.081277895068044614e-02,3.754225174137471033e-02,1.073430393071350686e-02,6.002243536839535487e-03,1.691184308282982218e-02,7.533460594711355318e-02,1.392683452627041796e-01,1.610564246632526231e-01,9.806730693461468418e-02,3.077038858034661928e-01,1.826221471619371428e-01,6.768449924769377735e-02,6.484795005732291173e-04,5.945306891349151635e-02,1.229308392923781357e-01,4.573872234751363841e-03,4.284240301609305857e-02,9.217288888791891344e-02,1.223171366647671093e-01,7.498821949082844218e-02,1.059767828437288700e-01,6.456833705081811703e-02,6.284725684549703761e-02,6.574167067257975783e-02,3.880656186478417813e-02,5.759803419294895477e-02,1.317210196651456278e-01,1.997818683068135481e-01,1.217900992634334545e-01,6.431120268044154820e-02,1.547750070627828545e-01,1.917474501082425398e-01,3.849490099601757254e-02,9.054577778625536033e-02,1.700841248091127800e-01,1.241650837101698490e-01,3.867097669925814718e-02,9.121923286043670531e-02,7.376076008098639281e-02,6.111471324058018184e-02,3.692232173844900434e-02,7.432076572166104733e-02,1.062087801488622585e-01,1.268458278248439097e-01,8.380510994194043106e-02,9.645890391081249349e-02,1.570363866439735967e-01,1.351021705980233190e-01,6.342782441926511638e-02,9.831369424142610836e-02,1.005411110133980490e-01,5.862214433683926584e-02,1.760906898272314447e-02,9.431476725555179574e-02,4.359918549928430004e-02,4.532090223870642587e-02,7.601743241512939897e-02,6.531436142660337896e-02,9.578666197397026072e-02,5.072484509057129110e-02,2.223800715266013861e-02,1.501726042324251151e-02,5.527184385948248624e-02,2.906854081919785227e-02,9.530463804094335689e-03,3.795117076200144046e-02,5.329410245355159503e-03,5.824336014262576633e-03,2.396940992741136700e-02,1.072480953279986160e-02,0.000000000000000000e+00,3.479767067225192356e-02,2.716350285053181768e-02,1.727287060265503271e-02,1.189868971946924647e-01,4.333922454903227361e-02,3.490850400562667266e-02,5.095970644365743762e-02,6.436952830713593698e-02,6.476182222598236837e-02,9.091293775697928403e-02,7.472043933647709579e-02,2.396237494376651789e-02,5.964090479798506150e-02,7.373804175139596351e-02,6.291704194431312069e-02,7.020297822144114241e-02,8.645164235031578548e-02,6.899854751954245802e-02,5.282609760578159397e-02,4.534463462989041238e-02,7.472037713488544064e-02,3.294568189584928808e-02,2.539813443684030281e-02,1.923283101172434950e-02,2.583057821685108557e-03,2.030435413629871899e-02,6.044890341406206069e-04,3.733207286610640274e-03,2.130230940695110320e-02,1.832325233694570565e-02,1.462080671878807081e-02,5.664353787674614171e-02,7.634783015288243435e-02,6.873574126420667341e-02,1.607497561490339733e-02,1.864470608979568178e-02,5.155601833437972736e-02,3.064598210955649105e-02,9.904609347070769676e-03,1.613981777804224249e-02,1.659304986338205889e-03,6.561148982672210250e-03,2.706572995782827173e-02,3.420664115496543922e-02,6.444397288661857237e-02,9.555803532554754676e-02,4.741477388683740246e-02,7.106596290885924816e-02,7.045143161603500959e-02,9.362768417325537107e-02
9.191426849508205210e-02,4.160617108542715575e-02,3.204802535800371777e-02,3.391789435918684398e-02,1.710757559134408468e-02,4.344671576017422598e-02,5.064609198119990330e-02,6.249642370905029998e-02,1.473167345626371083e-01,1.260142777926940016e-01,1.456964618091612929e-01,1.781706830553261289e-01,2.166716283241104934e-01,1.404956655986638325e-01,7.640287929085065599e-02,6.842509785159411884e-02,3.899565231278859234e-02,8.297582849638052149e-02,9.338193089520230306e-02,4.777432108521656451e-02,7.602037607291348142e-02,1.105403510480001961e-01,4.344411530623515372e-02,6.437340240193259455e-02,5.217693442694668060e-03,6.429014307630306901e-03,6.440837995057825671e-02,8.641138316654542462e-02,9.715982583264753947e-02,3.635610860257640353e-01,1.029954924969902486e-01,1.928256224603414060e-02,5.907335812763954419e-02,3.794290414501438891e-02,2.002253484160534600e-02,6.317335114371688820e-02,3.826701374413125217e-02,3.839589492220764344e-02,2.522194610305467793e-02,1.398887022577466679e-02,1.472523833749059263e-03,1.878228989342274613e-02,4.319453408787163329e-02,6.162386789286887490e-02,4.042239027097495330e-02,4.746548576507486628e-02,4.860434086018164401e-02,1.096718519128485614e-01,5.110313699898055839e-02,5.200352581272078833e-02,4.692094495267001841e-03,2.826885122448537235e-02,6.945310151498114426e-02,6.825988267193330850e-02,7.530139297435491097e-03,2.383401605368589901e-02,8.057396416767631520e-02,5.299543957570216485e-02,4.890247483811980406e-02,4.210490263007171663e-02,5.175504886763745982e-02,3.196471149431976549e-03,3.086037131597806765e-02,8.076026899774879642e-03,2.224450052260226393e-02,3.713643570823405016e-02,7.702780877050516284e-02,2.983380744725471281e-02,1.280199514366718930e-02,5.721541778298266240e-02,2.534282749823028869e-03,3.407022800744212432e-02,1.018383687684016048e-01,1.376870730424635536e-02,4.863806330798434163e-02,1.795893282170515221e-02,1.536858361388618484e-02,5.529762529930030285e-02,9.934205782180768884e-02,8.399811507241027042e-02,2.563220921467925656e-02,1.997810476224856635e-02,7.214422624982111398e-02,1.021396283404176486e-01,9.152923193129269830e-02,1.057915830238471133e-01,6.783188134448303597e-02,7.767300116602415816e-02,6.870695805568327597e-02,1.200683065533869609e-02,3.479767067225192356e-02,1.110223024625156540e-16,2.439381705055654326e-02,6.327635043710511109e-02,2.208746987169022957e-01,8.007173301402331633e-02,9.494454295205023708e-02,6.444199583892865069e-02,1.030108971627050063e-01,1.491589548548861999e-01,1.717997113681869747e-01,1.481190035229944524e-01,7.864090644971968858e-02,1.129180408722585682e-01,9.036032349972958344e-02,6.373953677557259168e-02,5.780530817689542161e-02,5.227405098865048338e-02,2.092625791895813547e-02,1.310997037738004245e-02,4.218804152590774348e-02,4.834674910975989004e-02,7.295567981101797050e-02,9.392281215471764977e-02,1.302016199822995657e-01,1.430504128787034035e-01,1.373603646831650926e-01,1.074838938070829253e-01,8.123154425898887476e-02,5.951585025599104295e-02,6.314368306782591755e-02,1.200724629705911817e-01,1.430363023096701547e-01,1.404510364894103469e-01,1.556874943867555261e-01,1.287807951867820933e-01,8.375600334093635801e-02,9.062348824274524262e-02,9.022342137023747766e-02,4.315980349773321234e-02,1.263712918270876173e-03,4.594987920085513711e-02,1.239742635614207722e-02,2.446987203131642530e-02,4.811908716672133601e-02,6.841150945287338692e-02,4.223946816564547180e-02,2.575450466444084707e-02,7.610319572850951508e-02,9.305583673804268541e-03,2.720897904609054230e-02
7.020648021497268368e-03,4.027719842137390815e-02,3.659388085252196499e-02,2.938948079317216244e-02,7.990716950004428387e-02,1.225443528962663342e-01,9.371187972768477148e-02,8.671734842636763529e-02,1.761039670291848214e-01,1.450232938060899701e-01,1.363025960211415588e-01,1.523977425649062911e-01,2.079888961445467421e-01,1.051627693870541558e-01,3.969389784740345872e-03,1.623490907290350838e-02,1.712975509504273408e-02,3.416673619750637547e-02,4.615921812067644292e-02,3.884912106687807287e-02,5.735548823989311540e-02,5.235957272678642971e-02,2.663257312901901042e-03,4.460699929173757294e-02,1.738049090695664711e-02,6.318101596844581669e-02,3.131992903841800124e-02,1.429375239465595915e-01,1.445411494211620296e-01,3.549866039146211127e-01,1.740028709335448842e-01,4.656045327668176248e-02,1.625616813046737441e-03,3.557497199433892754e-02,7.100794497830668905e-02,1.491084027568316886e-02,1.952822217056184029e-02,1.990344183954617652e-02,1.641335479998302926e-02,4.013030314968274448e-03,1.895705716275136732e-02,6.941343381681869262e-03,4.218271045185739698e-02,1.684272717588058965e-02,4.207313977975669916e-03,1.904580606793684211e-03,1.193069287941302299e-02,2.461972940061694926e-02,1.894699397534831131e-03,6.046565262466824242e-02,4.869677367115188282e-03,3.990390044732868013e-02,1.022679379093092283e-03,9.019207906480281034e-03,3.508100192791315658e-02,3.896298957634297677e-02,1.521138651552100818e-02,4.227606201123154661e-03,7.458659195736822012e-03,5.866672597160420277e-02,1.390221704519651463e-02,1.246518809927971150e-02,2.514643023613150757e-02,4.414390137177717777e-03,4.602417605813355350e-02,1.164937023918599657e-02,5.221315352251607034e-02,2.912676635776617270e-02,3.280109450079594924e-02,3.903290832304170954e-02,4.195881120260307184e-02,8.471909876724970090e-03,3.547101722775164445e-02,9.004894186817172241e-02,6.404101459997571522e-02,1.116310244170440613e-01,1.160479339693944456e-01,1.392675212597092871e-01,1.363242285747499616e-01,1.230552078593008108e-01,8.016392312670483911e-02,6.043806216442422496e-02,1.270280809025289837e-03,1.075267269526826441e-02,1.512562579973281141e-02,3.051980087942293696e-02,2.746026436826431993e-02,2.487465031003477378e-02,4.340416101503685731e-02,1.547509714273687109e-02,2.716350285053181768e-02,2.439381705055654326e-02,2.220446049250313081e-16,9.804500979231578484e-03,1.118240324556514231e-01,1.531916389500975750e-02,1.768726390694158601e-02,3.211806664347882645e-02,5.351752700143394548e-02,9.119661310150348199e-02,1.212216689787971313e-01,9.908054211510476661e-02,3.917174716808186075e-02,6.547796043980765035e-02,5.990453664984314586e-02,4.115028601806685477e-02,3.393900393857960524e-02,4.165041443603037519e-02,5.419871303128553919e-02,3.509362781546693233e-02,2.297357428176327598e-03,1.086698351215764635e-02,2.131635862897535150e-02,4.657414012025851147e-03,5.287770705317940134e-02,5.476383903237702633e-02,7.459300538323759833e-02,6.243796645252405741e-02,7.418567897925137933e-02,6.537455520575352619e-02,7.357310582547926803e-02,8.289186506224724416e-02,1.148791681824959388e-01,9.625727782521865949e-02,7.987444549564198804e-02,3.731993653371515340e-02,3.066657244019860284e-03,5.407723176987094815e-03,8.017292364355915746e-03,4.939926868836896912e-02,7.109735196982402972e-02,7.745001350311395139e-02,6.294855414608474531e-02,4.240694749728460278e-02,1.732545514818567556e-02,2.689908550629027673e-02,3.607103880307721555e-02,3.515039124481400545e-02,6.513982294666775807e-02,1.148476067791781574e-03,1.274701136783137623e-01
2.803849115993836683e-02,3.207682277236964530e-02,4.793313471704797879e-02,4.667317201185927633e-02,6.956691034567084875e-02,1.103907126959635387e-01,1.149062508337874572e-01,1.069489896092302300e-01,1.428192441161647286e-01,1.475042633465828423e-01,1.583000861716302721e-01,1.510430909374633757e-01,1.791252438603302133e-01,1.300897109258623840e-01,6.690956227533470524e-02,7.603423219537400191e-02,7.414821636935048366e-02,4.176352882880068895e-02,6.189006035251193305e-02,7.318860130424686972e-02,3.815165039200624220e-02,2.367995052918275833e-02,2.636384211735426364e-02,2.425956005688570394e-02,2.805442437341215678e-02,8.497757416392318075e-02,9.312615872212220980e-02,1.480002544717093638e-01,1.252774690322353834e-01,9.569489808060439862e-02,1.876082852271280244e-01,1.013955665471442530e-01,7.039114583245731360e-02,7.899783816591134100e-02,8.066051631306922487e-02,4.818170993482745468e-02,7.205432838330380618e-02,7.682483623033557751e-02,9.960460691554111345e-02,7.564447142661508139e-02,7.290965984453301463e-02,2.003692734859308100e-02,3.530450929401365845e-02,3.249627880631590637e-02,5.023678472865960448e-02,7.112491149022523440e-02,1.234888394789999400e-01,1.166503468075315575e-01,6.178123609922600568e-02,1.015009263780836113e-02,9.288585423294407062e-02,1.538875204795726870e-01,6.102564080834296800e-02,7.127768417519954325e-02,1.388247187248196068e-01,1.396590641602939997e-01,8.425982905975880344e-02,9.485238019368832929e-02,7.835871348153441995e-02,1.046808143330629770e-01,6.061893198965179197e-02,5.421390121732153067e-02,8.126923529662259671e-02,8.649407140443568509e-02,3.434486866183023013e-02,3.895802914088758451e-02,1.052437834870488531e-01,8.697133809586161945e-02,4.053778481490438734e-03,6.457786755766514730e-02,9.184283642690013738e-02,4.941995922293586363e-02,3.246654448138713150e-02,1.112549475157877527e-01,9.027303418042488536e-02,1.161683000002146776e-01,1.319331555349392560e-01,1.334799026356111584e-01,1.424449592566913725e-01,1.096110712172669588e-01,7.066189948058515524e-02,4.900303424059296309e-02,2.228120609620455606e-02,1.436281409845070745e-02,2.299038544131862954e-02,7.647747234467872079e-03,1.674242438005985045e-02,1.908373162687998503e-02,5.201169262408156246e-03,7.957436858995969864e-03,1.727287060265503271e-02,6.327635043710511109e-02,9.804500979231689506e-03,3.330669073875469621e-16,7.832777039216898274e-02,2.334939065794627844e-03,3.950361046009887023e-02,2.528111076156902559e-02,2.521910682658179415e-02,6.270243368658023897e-02,8.338439517533689782e-02,3.600363166680387028e-02,5.829971789136856319e-03,6.953494107863712748e-02,8.420369312327820321e-02,4.629967955402447544e-02,6.058679265809879116e-02,9.759924795298532962e-02,1.134667714790416893e-01,7.602304234186220422e-02,4.977504083007602831e-02,8.122194954535313927e-02,7.277757594873504599e-02,4.730698744526024013e-02,8.807518139988368411e-03,2.594379627481396833e-02,7.458112409327644077e-02,5.412609999211143164e-02,7.371214450682161967e-02,3.628649106278691860e-02,4.372437712701615631e-02,5.581571695915193976e-02,9.764160871463903324e-02,8.721358616790472751e-02,6.554225493664472824e-02,1.246399984572432729e-02,2.246766954295481566e-02,1.291925800429638560e-03,1.909928006203126527e-02,7.354251797011579495e-02,4.332305481633330624e-02,1.981068231071136942e-03,7.253063505660847787e-02,2.973073736376855014e-02,3.556221583710844625e-02,2.911149935243906306e-02,5.315917037707645898e-02,4.777318148803277875e-03,3.094646068180367804e-02,3.938220301363731801e-02,1.540971870216721051e-01
6.270389000728167350e-02,1.771350936010305729e-02,1.429615475108074463e-02,1.556334647634055601e-02,1.928583710956417729e-02,7.810493911387937638e-02,5.405543332826290293e-02,5.825816934405123049e-02,9.972876675888189824e-02,1.198386312636321310e-01,1.439359304030714826e-01,1.269040056221982793e-01,1.470359443249586451e-01,1.410226333657559061e-01,1.101206646367921260e-01,1.088609068569172389e-01,1.066068528742868393e-01,7.141175795356469180e-02,9.178582956247355318e-02,1.058308597905034953e-01,6.465286464215941331e-02,4.979936198824597149e-02,7.941556488757717247e-03,2.957179293489042848e-02,1.334893314054380609e-02,8.270561902258155573e-02,8.142261213962548316e-02,1.037462541950519845e-01,7.910680578260695373e-02,2.364899333786306054e-02,1.294979066473230800e-01,1.133494944217245115e-01,9.271844753697183750e-02,7.573613375526219715e-02,8.220242426071455721e-02,8.430698998433761027e-02,6.815088906595845319e-02,5.954517908259207570e-02,7.632706293095939398e-02,5.352529738260092262e-02,2.138500612295365921e-02,2.573991820371410166e-02,3.860056738631419213e-03,3.615932299442702752e-02,7.561655724388761934e-02,9.214300441838629840e-02,1.250449783198309406e-01,1.083201947745999344e-01,4.421453381554688034e-02,2.182742883537217016e-02,4.328528176730339627e-02,9.135330385240468531e-02,4.682869189170962843e-03,3.264657583372548855e-03,7.773899624288312105e-02,7.533177730410343942e-02,1.335254040889091026e-02,4.416741494448461758e-02,4.693084402212341355e-02,3.952879444663746217e-02,3.442235895530226103e-02,6.700064836917839217e-02,9.236403124102804396e-02,8.041559207210943749e-02,5.180120263492239696e-02,8.063121065466123671e-02,1.183312183789192590e-01,8.369443486724444103e-02,3.993683120862029368e-02,8.526769057027247523e-02,7.925450774448192237e-02,4.075816120429684442e-02,1.837033651752104091e-02,7.340200815006381330e-02,2.909735003768118555e-02,4.078920034621003055e-02,7.609575930284741274e-02,8.507551688713471671e-02,1.150288824335262555e-01,8.848505500876369112e-02,4.419351004848165454e-02,3.083694188219798793e-03,6.675627363736796882e-02,8.177182558466747353e-02,8.507003820376846104e-02,6.975489222584801974e-02,9.769132952979769913e-02,1.037645549136442247e-01,9.536667177895849501e-02,1.269413031874380704e-01,1.189868971946924647e-01,2.208746987169022957e-01,1.118240324556514231e-01,7.832777039216898274e-02,1.110223024625156540e-16,9.605413031527881840e-02,2.295060969643292204e-02,9.149602953607088862e-02,5.226543751238243996e-02,8.183089288773925940e-02,6.745640382765541454e-02,4.169013547528105379e-02,6.967678525134379797e-02,1.079511193388294071e-01,1.095096934757579243e-01,9.003456399701942336e-02,9.742249862527588289e-02,1.012185008124656532e-01,9.690027945670115495e-02,4.787153542232140679e-02,2.035081298772545289e-02,3.862312979918372524e-02,5.318195835492700585e-03,3.207446361254778777e-02,6.750898944470512530e-02,9.393158360218817338e-02,1.221856464807078713e-01,9.394828158549137220e-02,8.992536319392072097e-02,4.040486364853176915e-02,4.555528278877490900e-02,9.029815000203006425e-02,1.161623656108305425e-01,1.132030542661876249e-01,1.042154444909570710e-01,7.849793981198552317e-02,4.924869867713876914e-02,6.655576973428484200e-02,5.652135587403078754e-02,7.566873091436943088e-03,3.294321925104462534e-02,7.277562936547660177e-02,1.183851284414438876e-02,4.328092226088438299e-02,1.055027875205785670e-02,8.284106892567894009e-03,6.810886416218597805e-02,5.211129692385213508e-03,4.383211673803905084e-02,3.867763183466904620e-02,9.117731979211468607e-02
9.232058167434276097e-02,3.419612124161112987e-02,5.851189818778315677e-03,3.381544505980466075e-03,1.873771937958174094e-02,6.421444668777048781e-02,8.599361844073356853e-02,7.818969939414281700e-02,1.016861884961163393e-01,1.349836038898554469e-01,1.527434965622758156e-01,1.445978798038457247e-01,1.794217339799699107e-01,1.410876147050273421e-01,8.730371628270064410e-02,8.437941941855758854e-02,6.911728199202982204e-02,5.344572723115587065e-02,6.911572217699640808e-02,5.908467941009898361e-02,3.600899938150914359e-02,4.396163218105714199e-02,4.674661397326584922e-03,1.292857613209205669e-02,2.592161340491755395e-02,9.237308489737194872e-02,9.334699442835397987e-02,1.396244635002495960e-01,3.868986698689352854e-02,1.120480464386996999e-02,1.196603813353521312e-01,7.565034182130234153e-02,2.777520955065682084e-02,3.767520681523059412e-02,5.806126601056213477e-02,1.755992576687182005e-02,3.503566916056832792e-02,6.137950407755983495e-02,8.893877243679590427e-02,6.259683445241585875e-02,6.794399325810919488e-02,1.989676336331172579e-02,2.873958085806179938e-02,5.028063721082087073e-02,5.429217934701149884e-02,7.914550249198529230e-02,1.339441881080681018e-01,1.470032110287800842e-01,7.085185846837893653e-02,1.404300445206319026e-02,9.933812688364165866e-02,1.524173384279042254e-01,2.068431217875724148e-02,4.648927285737400328e-02,1.273769948594006829e-01,1.194013235508234183e-01,3.746175106599801408e-02,8.095923379216611593e-02,8.320216289956104683e-02,6.165028740606546404e-02,4.205979913432243006e-02,7.712595953956713490e-02,1.046273540281549841e-01,1.150400409650839811e-01,8.578383245554289938e-02,9.641578843822412592e-02,1.442181756078654287e-01,1.108279013735947172e-01,5.386491177603366931e-02,8.480035098318811082e-02,8.917795741935205522e-02,4.467130233200883316e-02,5.848290343710593753e-03,6.901978464637570365e-02,1.947956077040888245e-02,4.443705338808379146e-02,9.433981931606261195e-02,9.342182421462966180e-02,1.239512453044211981e-01,7.422110250911825857e-02,2.332444200323252614e-02,9.027004124898402315e-03,7.571386798334835133e-02,6.917335060496752897e-02,6.369993234358636847e-02,7.387313840650683305e-02,8.032527523104698863e-02,7.675653196545761947e-02,6.017037194052760052e-02,6.760538333166044023e-02,4.333922454903227361e-02,8.007173301402326082e-02,1.531916389500992404e-02,2.334939065794516821e-03,9.605413031527881840e-02,2.220446049250313081e-16,7.143313047306198982e-03,7.954976522170620346e-02,5.987547570308476841e-02,7.801653307880446198e-02,8.875140137351408831e-02,7.016587070259122649e-02,6.959567797002341738e-02,1.040520478101608637e-01,8.894117205521055725e-02,8.145270216576047662e-02,1.467199672048848103e-01,9.947379343584249189e-02,8.946212018055874071e-02,7.603072608284180967e-02,4.511054222456040153e-02,5.864427221939289003e-02,3.323500914643970350e-02,8.128344949773935735e-03,2.548138074130290587e-02,4.444554838760322868e-02,7.105756986292890987e-02,4.904383984814106312e-02,5.159931531720479692e-02,1.448038034120491258e-02,1.731463816870026928e-02,5.933672683216667521e-02,9.610922321994508355e-02,9.951577837348610234e-02,9.034138860698676110e-02,4.710446518846106434e-02,2.351986998961380637e-02,5.438483952453471160e-02,3.751373751287656599e-02,1.837707906033969607e-02,1.841587386974738449e-02,4.196302930285589206e-02,2.022568616035225197e-03,3.576944203557289037e-02,2.219450586287330385e-02,4.118747345132561799e-02,9.466894319875532315e-02,4.421702547631994884e-02,4.354720635882691759e-02,7.560562976545112668e-02,1.088411543724180225e-01
3.328914515203468261e-02,1.634398928483398600e-02,5.267118779074438789e-02,5.203143044626405700e-02,6.166996675450982929e-02,1.052782966684050470e-01,1.187308330181502669e-01,1.087608125151578592e-01,1.211091731806343968e-01,1.429089785942136426e-01,1.560078339100628431e-01,1.393786345561113527e-01,1.525636049473965139e-01,1.294607573034385617e-01,7.695422663268697283e-02,8.089491808056939459e-02,7.623500062563456914e-02,4.036106733465255614e-02,6.017903740997476714e-02,7.091413190144146839e-02,2.928394474411899484e-02,1.824278668576467810e-02,1.220075041834428609e-02,5.038652387845174441e-02,3.329055102356792695e-02,9.616499625396446316e-02,8.699509654006720716e-02,1.213015183498487165e-01,4.125469115582440505e-02,5.124034010802969163e-03,1.024775045800493528e-01,8.526859735462963275e-02,4.607122133307017808e-02,4.227527303475936415e-02,5.050403005276077328e-02,4.161902512492199335e-02,5.617986630831361961e-02,7.064016016333415915e-02,1.044322529139205397e-01,8.044881465491365846e-02,7.865368210368917090e-02,1.793708091428772300e-02,2.494476393342938414e-02,3.790756401063280490e-02,5.035017206162031855e-02,8.096953482392083012e-02,1.427135392846476669e-01,1.326638443818390078e-01,7.191055705992291380e-02,3.234976424216434721e-02,1.110357879176634976e-01,1.707918799742896010e-01,6.767071642847563573e-02,8.126444181429731684e-02,1.465901772736248887e-01,1.566751449681795250e-01,9.197061490908578496e-02,1.091743049451755210e-01,1.083507147534348569e-01,1.142961636566712513e-01,7.704010681238634972e-02,8.074287935285702489e-02,1.002813715214692925e-01,1.170059094964583796e-01,7.463564940068900810e-02,6.227447148647971553e-02,1.148942833814260156e-01,9.544235784494334296e-02,2.321634431488761585e-02,5.542562695023173225e-02,8.433507219885691408e-02,3.465623952632970739e-02,8.755064023197256518e-03,7.075967059239415824e-02,4.728377966993568826e-02,8.085600192047291690e-02,1.163955906420697101e-01,1.078881029377870282e-01,1.189947096803888604e-01,6.932552609293363144e-02,2.220281650568778353e-02,6.099089285581171804e-03,5.990511199356685079e-02,4.776602074154510241e-02,3.134384882376178849e-02,5.595518121136636158e-02,6.883745605830451919e-02,6.209103442220245683e-02,5.909246145017871266e-02,6.998469721371025631e-02,3.490850400562672817e-02,9.494454295205023708e-02,1.768726390694153050e-02,3.950361046009887023e-02,2.295060969643292204e-02,7.143313047306198982e-03,2.220446049250313081e-16,1.192714566566721590e-02,9.355651628987771140e-03,3.972874087384764552e-02,5.228542191100807313e-02,1.375948028459827999e-02,2.600694249150803383e-02,7.690629948594085441e-02,7.480972656944914756e-02,4.648783448228777093e-02,1.092933878612007692e-01,1.034337444024117647e-01,1.021656098756263398e-01,8.754812755294467952e-02,6.647538166852928754e-02,8.455460778074677664e-02,6.687220735954232942e-02,4.728515829349688726e-02,6.030285665536150308e-03,1.496916271545073451e-02,5.667330373395620957e-02,4.006061194985965912e-02,5.399343845902018768e-02,1.379139570405313320e-02,1.149919766326157333e-02,2.741018801650380032e-02,6.755163316947543350e-02,6.314873196989914672e-02,5.018609867929213486e-02,4.446214959640482078e-03,2.336623532856363372e-02,9.661162082261143258e-03,7.220084588690028893e-03,5.725423139585783527e-02,1.092763782489131197e-02,3.609569575674748121e-02,4.219947707596313768e-02,6.194735898682746100e-03,8.511195896879930611e-03,5.400336529008176178e-03,8.089622191063272627e-02,4.212442287332593405e-02,2.275696569995416807e-02,7.852063417866073092e-02,1.366435475051515358e-01
5.888328671368353584e-02,9.301309777159566528e-03,5.677202585409617253e-02,4.959309786164489697e-02,5.901462210997490687e-02,1.012744513851863981e-01,1.366295251552582801e-01,1.185266062175572704e-01,1.177688516507346961e-01,1.646413437065725738e-01,1.733342430570031234e-01,1.520312758658303176e-01,1.774437327712138357e-01,1.515780548601568245e-01,8.808271063900088849e-02,9.044478822205009871e-02,8.230548043603735930e-02,4.963692957167781250e-02,7.152231255995061820e-02,7.690989735084324819e-02,3.721722138301380989e-02,4.192062000580776271e-02,8.593544414353782024e-03,9.752512303211113842e-03,1.782876350984985425e-02,1.210413139508389746e-01,1.009443078897674650e-01,1.065723056885829745e-01,3.076114640071025974e-02,9.748061591575984952e-05,1.212046216097039386e-01,8.327180875678108496e-02,4.314953617892364202e-02,5.321865764589073233e-02,7.583136691741049207e-02,4.387929264200418622e-02,6.639498241986482863e-02,9.965560556219281441e-02,1.355569050608733117e-01,9.376459111233745314e-02,9.825522518790835713e-02,3.084353283328591933e-02,3.710231007754217353e-02,5.019065905031019903e-02,5.746871479420376239e-02,8.632418640578420899e-02,1.626639937491006216e-01,1.549299332863643130e-01,7.415511651517708858e-02,3.527455346697194738e-02,1.358848638659676533e-01,2.072142461623646681e-01,7.245243731310255231e-02,9.785881766459833542e-02,1.849096136097286847e-01,1.882345643963552473e-01,1.012864445170504751e-01,1.392482827483109142e-01,1.427525372116030256e-01,1.251743942222668382e-01,9.245632359085526053e-02,1.093460888227174993e-01,1.292343525522072767e-01,1.596977026640424291e-01,1.219885627211699797e-01,1.038372637434525902e-01,1.571932058656084208e-01,1.400662993805893708e-01,6.317982718520093188e-02,9.014124546727614318e-02,1.174974329297722719e-01,6.525675406497327691e-02,2.036046296303514747e-02,9.405533853552078272e-02,5.736586541872210065e-02,8.491572602497243771e-02,1.317388646141519626e-01,1.197417788646046588e-01,1.360059813060817968e-01,7.937459841864064058e-02,2.947943676141051572e-02,2.278090033900448397e-03,7.190543629075894783e-02,4.496480827106392325e-02,2.263205517540105294e-02,6.396314283984141924e-02,7.321089353050730386e-02,5.770386717166997581e-02,5.211758292621274102e-02,8.029033576395644412e-02,5.095970644365738211e-02,6.444199583892853966e-02,3.211806664347882645e-02,2.528111076156902559e-02,9.149602953607105515e-02,7.954976522170609243e-02,1.192714566566710488e-02,0.000000000000000000e+00,1.068997978416730277e-02,5.095560356818529257e-02,7.006506423067121458e-02,3.562905825608475574e-02,5.212700519368107521e-02,9.899678827650143509e-02,1.157655630580046308e-01,9.675569931895824927e-02,1.210649128242546613e-01,1.372935215543817922e-01,1.371184975383485660e-01,1.134625712975934897e-01,9.224932105679609085e-02,1.178687410810270730e-01,8.830502875422654996e-02,6.094704559060087901e-02,1.999485111399657011e-02,9.530137989979647895e-03,6.152997625858969144e-02,3.306494006893678783e-02,4.743730773055843120e-02,1.080399800494069584e-03,6.295133062787339195e-03,2.362962201823920472e-02,7.713478131900258772e-02,7.765466880090399204e-02,6.114831466562570261e-02,6.130557689615012684e-03,1.534338882844366037e-02,2.342409345029594636e-02,4.963986480184257033e-04,6.121732428939413717e-02,1.338424344488525763e-02,1.086187321449493537e-01,1.870728223097067877e-02,2.642721752529952894e-02,3.291974032388828020e-02,4.507759536013700163e-02,1.177905020917336121e-01,4.982338345994638540e-02,2.823753422795144408e-02,1.195272499675260058e-01,1.889728703809016863e-01
9.394707883662956061e-02,2.179023673206292866e-02,2.592465270964830482e-02,2.173306671373465004e-02,2.797785258200535807e-02,6.521231266692396888e-02,1.064652901476954017e-01,9.047124585132983177e-02,7.662138357696637869e-02,1.447489241070679111e-01,1.582730710875085156e-01,1.354493190765740929e-01,1.668540855925868815e-01,1.452844895286672655e-01,8.331233370247892456e-02,7.056385082279148513e-02,5.343158627721428244e-02,2.880102250320526469e-02,5.038994258000301096e-02,4.988506172847334552e-02,2.002815969420862485e-02,3.210744119201819347e-02,9.492146227539910441e-03,1.407881133073046742e-02,1.962660211110364705e-02,1.213477635118027920e-01,1.160060467285939367e-01,1.164557605866546330e-01,1.410121264440292177e-02,5.662343311834926174e-02,9.722250766353784934e-02,7.000918755220292278e-02,1.663706823706989635e-02,3.228599121492531365e-02,6.945886468288731130e-02,2.094987813724080716e-02,3.198181084980450395e-02,8.400646514473603110e-02,1.248454324436182455e-01,6.871519264815738326e-02,8.056577522630170574e-02,1.224644174782951733e-02,8.931474536457539859e-03,3.340442523298702004e-02,3.711502255066700950e-02,6.785632246760164854e-02,1.483542007394155204e-01,1.659310120879482486e-01,8.103625140319298259e-02,4.289638174553161987e-02,1.414786469192698681e-01,2.038877041323053640e-01,5.290456816679542373e-02,9.544972859760036954e-02,1.805274729184574434e-01,1.711562148022366392e-01,7.200246793081967189e-02,1.314655907247568034e-01,1.329698708809068930e-01,9.468536793877452284e-02,8.001420144707648008e-02,1.189822182439275178e-01,1.476073802915285060e-01,1.833566285649183558e-01,1.473617110835404864e-01,1.360147362104369706e-01,1.842828290255674739e-01,1.587620577588012283e-01,8.820839547542141945e-02,1.075070868495939802e-01,1.136544475713289759e-01,5.771282026877216920e-02,6.257247586621272895e-04,6.424090476340016398e-02,7.473254931320783001e-03,2.663317980232726701e-02,8.764008587672883488e-02,8.209005376449907132e-02,1.107670281639081544e-01,5.448237496405772262e-02,2.112546438187812292e-03,3.145654941970169038e-02,9.088196412507060229e-02,5.468829580393164136e-02,6.552025880779900613e-02,9.421278203023511488e-02,8.589897719931494091e-02,6.981943531461515251e-02,9.257100682664076707e-02,1.144660062897738528e-01,6.436952830713582596e-02,1.030108971627050063e-01,5.351752700143388997e-02,2.521910682658184966e-02,5.226543751238249547e-02,5.987547570308476841e-02,9.355651628987715629e-03,1.068997978416730277e-02,1.110223024625156540e-16,9.334660473827915972e-03,2.402743206493374029e-02,1.361019369157179248e-02,5.560548406546184097e-02,9.010017352056626239e-02,1.137231860771596159e-01,1.158556131114211463e-01,1.507690017409655525e-01,1.499928325272198992e-01,1.388180898965343524e-01,1.230752839321340164e-01,1.058605799282785476e-01,1.263542223816781218e-01,7.745278308653727461e-02,4.934331065014568862e-02,2.778520542852419561e-02,1.132080720152334186e-02,6.029434553383195006e-02,2.397005625792830719e-02,2.959468455773839324e-02,2.005685029375681161e-02,2.046780311070406366e-02,1.101121258719439666e-02,7.007772261526107327e-02,8.242838122424478442e-02,7.269520236523135948e-02,1.888593212340466954e-02,8.351389088980698538e-03,5.221448168491804598e-02,3.140726292206985626e-02,2.802075498309730683e-02,5.200937892022708398e-02,1.233329335005699523e-01,1.286707593213515244e-02,6.099299858080772796e-02,4.663497335024638368e-02,6.388708055147571119e-02,1.309943014992781263e-01,5.833490747480823968e-02,4.186620011040131928e-02,1.212509497965444105e-01,1.376894016017129185e-01
1.595662042945472647e-01,6.451627406425977651e-02,1.125766392299010210e-02,1.475915769028229851e-02,8.641702344321766649e-03,2.780904946764928276e-02,1.110142865145508501e-01,8.393316654752455697e-02,5.837457475823666642e-02,1.632912809129763443e-01,1.815092421197993522e-01,1.472260237988778364e-01,1.948898281601784410e-01,1.745572071024592553e-01,1.156125161669359080e-01,8.228364073459126793e-02,4.378891920879812716e-02,2.525800921911458552e-02,5.094692673912193381e-02,4.722102369336822481e-02,2.086632937271093446e-02,3.826085299760728642e-02,1.009875529344572698e-02,1.108027810624351295e-02,1.760096366206562180e-02,1.333816330212001244e-01,1.461054350617199682e-01,1.493452065612607405e-01,3.073827254413244447e-02,1.230823378001191792e-03,1.215363804281431037e-01,8.762400416492038824e-02,1.423005575109237419e-02,4.085722914151218577e-02,1.079152072589592004e-01,2.427741929427740253e-02,2.051212324146284294e-02,9.351673244313485345e-02,1.516638839639819214e-01,7.266323582606160070e-02,8.484633896899017313e-02,1.114009443754596096e-02,6.175096143420377715e-04,3.731711561413922351e-02,4.207462012284546304e-02,7.945452040319911369e-02,1.855813248449870723e-01,2.362563047383891002e-01,1.328131115381185889e-01,7.683215990560676723e-02,1.994037233578286883e-01,2.687602273013050547e-01,6.088020096602547726e-02,1.259411789707169937e-01,2.278413543869733382e-01,2.004329035082098309e-01,6.790588530523763988e-02,1.538711232300291054e-01,1.528195251539647137e-01,7.849074160800639799e-02,6.956424985345142920e-02,1.389152109619884723e-01,1.760085221751940820e-01,2.237642385098018438e-01,1.845964517260678117e-01,1.716801365482768515e-01,2.188398786521831563e-01,1.968006307052800608e-01,1.173097005478910271e-01,1.277059499194314607e-01,1.250893446323071423e-01,6.729316910099081284e-02,1.172306832206232441e-02,6.314779457315428113e-02,1.217380818970315026e-02,5.195450121910194508e-03,5.649844581526763942e-02,5.832526793471776161e-02,9.158895319046628236e-02,4.894431572488455728e-02,6.251272741337743355e-04,2.338607347817922566e-02,7.244111563298086254e-02,3.246245597054420173e-02,6.813032531885637733e-02,8.933124127740410536e-02,6.969009569323225683e-02,7.301032392215001110e-02,1.116578095940370940e-01,1.309314219716676275e-01,6.476182222598225735e-02,1.491589548548860333e-01,9.119661310150364852e-02,6.270243368658001692e-02,8.183089288773937042e-02,7.801653307880446198e-02,3.972874087384753450e-02,5.095560356818540360e-02,9.334660473827804950e-03,0.000000000000000000e+00,1.322036161529493992e-02,2.794072027534899583e-02,5.138568192039794091e-02,6.617427358297600648e-02,1.100483941326990123e-01,1.338717238691817246e-01,1.704310615956817210e-01,1.465763781671035326e-01,1.329638106505775796e-01,1.309184173854317235e-01,9.280068795936841086e-02,1.225930927229027245e-01,5.630077719755702259e-02,3.624489181428564022e-02,2.722290412521388703e-02,1.746132747802187080e-02,7.000723284058790741e-02,4.452944422349108811e-02,4.304719584289712353e-02,3.278530217764474841e-03,9.372825536506590449e-03,9.740911296405529995e-03,6.250472175994670199e-02,7.962565580736458148e-02,7.817083084452658426e-02,2.046975077551771438e-02,1.971697764074936687e-02,7.501265524729844314e-02,5.858939731593604261e-02,2.601118234114851990e-03,9.556133450205395174e-02,1.374785775053163905e-01,3.255282943087611791e-02,8.672423807615470270e-02,5.653100978907193985e-02,7.659225204598446579e-02,1.575275125433421297e-01,7.451502648670466078e-02,6.181411570743725048e-02,1.440043934279404136e-01,1.208170969630945057e-01
1.318799654865734916e-01,3.684100093140416088e-02,2.521044857517834581e-02,2.929088792712153388e-02,2.501705180853852628e-02,6.684979552632974720e-03,1.038489191481905549e-01,6.767227979035889129e-02,2.698816772896324434e-02,1.483868157836701895e-01,1.624374890046747233e-01,1.150150667314775998e-01,1.526946219507948621e-01,1.686007423846950792e-01,1.394516713141419340e-01,1.099807181253393273e-01,7.759110734751417660e-02,4.654593221396241542e-02,6.804168614778144386e-02,8.162078746025419607e-02,4.500279078740299088e-02,4.029256113120766036e-02,1.919807580073784603e-02,8.299191239000941467e-03,9.581661617806380704e-03,8.701109539484319644e-02,8.944709556311164489e-02,1.052563022088041367e-01,2.863066977921213674e-03,5.463450272483394432e-02,1.023426637594203048e-01,1.159001970967575845e-01,5.928262951296348060e-02,6.255686145087402394e-02,1.193281016141182205e-01,7.753442998033582834e-02,4.967555277575064210e-02,1.033848788674583963e-01,1.587263296692907055e-01,8.991485713749977626e-02,7.707860522956107296e-02,6.525078194230036696e-03,7.517343536218440425e-03,4.547383058613424511e-02,6.848037701583065129e-02,9.995030796786491534e-02,1.956625801243994933e-01,2.079793966129837857e-01,1.082499304798247852e-01,6.823014077522193688e-02,1.903145856083457432e-01,2.501865108688366424e-01,6.415538818833482759e-02,1.236613765015630029e-01,2.047349869663138144e-01,1.922059489311692682e-01,7.719839352094762241e-02,1.472286987133541447e-01,1.519164458741532608e-01,7.553499155522913622e-02,6.031658015073940171e-02,1.281028293055032075e-01,1.559678842002339416e-01,2.070170274533420507e-01,1.758190294624856209e-01,1.467517205806347924e-01,1.796404048274278797e-01,1.788175191764442007e-01,1.119206339638901260e-01,1.093413102078311105e-01,1.203783034226319493e-01,7.442404266408297886e-02,1.210326889944524087e-02,5.752091021040062202e-02,2.413149343924003709e-03,1.029612690339631875e-03,4.604583061945621836e-02,4.321751517766969641e-02,5.816892078803742594e-02,3.656578954143741012e-02,8.614141875357028688e-03,7.970550468863468740e-04,3.126507915366028012e-02,1.364801880184224325e-02,4.523495269262245433e-02,5.208531496104526481e-02,6.847268300107434147e-02,9.326301498869221662e-02,1.180043111316858295e-01,1.452956094438176138e-01,9.091293775697922852e-02,1.717997113681869470e-01,1.212216689787971174e-01,8.338439517533692558e-02,6.745640382765538678e-02,8.875140137351408831e-02,5.228542191100796210e-02,7.006506423067121458e-02,2.402743206493385131e-02,1.322036161529493992e-02,3.330669073875469621e-16,1.210396636856436725e-02,3.756585645189802758e-02,2.563441537787214397e-02,5.714969321717822126e-02,8.017994238538100893e-02,1.123753406065053917e-01,9.302741496922484199e-02,8.792646316401021844e-02,1.067767171156312339e-01,6.008900406171070741e-02,9.166542453934746482e-02,3.932678363769476215e-02,3.330819566042331203e-02,2.645899124816625259e-02,8.441532742654134225e-03,5.779442554188063408e-02,5.447962258215705011e-02,5.445843718198817296e-02,3.669852043778393247e-02,1.441737788109215268e-02,2.506062157604849183e-03,3.216326539428060460e-02,4.198922491675327606e-02,4.798008286515359488e-02,2.676915002222335360e-03,1.563431814213700477e-03,5.264589892762167045e-02,4.339422482229104983e-02,7.516849801850328250e-03,9.780048185695555674e-02,1.445829132379846671e-01,2.256493757948543899e-02,5.255618567215109005e-02,6.328408419321507328e-02,6.037409673005111888e-02,1.382159410975041247e-01,7.671918361697976918e-02,7.096361556661083536e-02,1.443581216432477943e-01,1.019820818493363257e-01
7.318409558798219527e-02,2.901873026655399368e-03,6.801888683127524371e-02,7.538351309919871790e-02,2.782761682517420621e-02,6.014079727943483222e-02,1.483700005087994767e-01,1.133614708262062343e-01,6.704353399369031297e-02,1.663501567717268759e-01,1.802397770311824354e-01,1.331655369131726496e-01,1.607286280430310632e-01,1.756913124193271170e-01,1.410164640705313943e-01,1.259196328746047810e-01,1.053194216725745758e-01,6.161830741197837913e-02,8.672790830298543474e-02,1.123193227059285926e-01,5.713560361214264915e-02,4.028810471929561432e-02,1.576789611067830332e-02,2.426920780623958995e-02,1.359322178590111063e-02,8.089760102516058149e-02,7.555958916111327195e-02,1.088041603166191029e-01,8.421781294443236865e-03,1.861274853985023237e-02,1.104911024868912572e-01,1.334918391779821856e-01,8.095950654710371008e-02,7.196662566370715108e-02,1.114769773800946551e-01,1.014887725364330695e-01,8.191796424198155568e-02,1.212630712464642102e-01,1.796554263889621472e-01,1.189705678915708442e-01,1.018439496854307014e-01,1.970989414423517105e-02,2.257853264483632161e-02,4.684425733873549824e-02,7.650399526919107740e-02,1.167901232370630177e-01,2.185341486606266759e-01,2.060712633121853377e-01,1.189391703651401233e-01,8.726174967268396365e-02,2.033165309961051381e-01,2.840050171688126568e-01,1.163224781849808154e-01,1.543872141883425309e-01,2.286750504439284126e-01,2.329055932963990661e-01,1.298074738569222619e-01,1.669585659846920533e-01,1.660631594063808336e-01,1.197008761144024436e-01,7.893777100722018658e-02,1.128034440292031149e-01,1.337157991133588741e-01,1.884197515081084684e-01,1.441354820438182083e-01,9.561587164440160658e-02,1.420456949508764333e-01,1.560532315644560519e-01,6.609663912148178166e-02,7.905629368142502722e-02,1.150231077184639683e-01,6.821965762411758005e-02,2.063671865363825297e-02,7.146842386522722634e-02,3.680977949134356386e-02,4.818836890615463275e-02,7.825563143126973431e-02,6.195469591029484357e-02,6.578869868132297682e-02,3.634509433651250676e-02,1.622516552195724104e-02,1.552083072279791809e-02,1.919211810031945520e-02,5.176468292167946128e-03,7.097450730869377111e-03,2.387320608996493232e-02,5.730147395032275659e-02,7.544221234247028285e-02,9.859307115501013408e-02,1.218960904297414771e-01,7.472043933647698477e-02,1.481190035229944246e-01,9.908054211510473885e-02,3.600363166680387028e-02,4.169013547528102603e-02,7.016587070259119874e-02,1.375948028459822448e-02,3.562905825608486676e-02,1.361019369157168146e-02,2.794072027534943992e-02,1.210396636856458930e-02,0.000000000000000000e+00,1.358092753194495295e-02,1.168427521211445885e-02,3.259282078111203074e-02,2.936170023083595204e-02,6.808163591225291356e-02,7.681807828716774589e-02,8.096125288870942294e-02,1.048453854516407935e-01,6.599760460973520815e-02,1.030044727650189645e-01,6.833333951597568567e-02,7.032307802991971668e-02,5.073093750007817704e-02,2.285788387377007957e-02,4.059509308288355989e-02,3.862760239812601526e-02,5.061546615781875591e-02,3.365406146693755707e-02,8.341827504571408536e-03,2.643966289286359128e-02,1.413995194877193384e-02,1.701213349235108918e-02,1.799070196243707231e-02,3.735777049689947837e-02,4.534421297676605178e-02,5.816798940182499322e-03,2.271627927335373442e-03,4.862135789820459797e-02,5.901068223785105316e-02,9.729352163135052134e-02,5.247149005349949213e-02,1.893090689234983026e-02,4.933903756635715787e-02,1.819605317501149511e-02,1.167115829630601953e-01,8.486632522772638576e-02,7.341111971934846658e-02,1.333603046562816252e-01,1.235495445578211338e-01
1.014087327402888317e-01,3.429494048453904376e-02,7.370901277583677413e-02,7.800492274637005341e-02,3.594739239752564597e-02,7.112435232937615315e-02,1.684591043102824925e-01,1.290908935711420624e-01,8.679765123911774294e-02,1.831795819843574369e-01,1.895161617867989756e-01,1.486645073018205421e-01,1.850216364340295794e-01,1.710935253102086329e-01,1.301899773390274573e-01,1.128422561991009876e-01,7.957066507910082187e-02,4.893289127461447618e-02,7.818339663644574555e-02,8.685723376250475969e-02,4.011791190936342399e-02,5.090677113359176609e-02,1.978972621624125461e-02,1.356525493903923407e-02,1.231009707087449279e-02,1.300070313238274877e-01,1.233590918738194375e-01,1.424848564136267648e-01,3.783108390485520611e-02,9.094541055182417399e-02,1.374095482620427133e-01,9.963101112949723781e-02,4.615289085581891770e-02,7.313748580387841036e-02,1.341640695340518552e-01,7.219331051680355493e-02,8.548148095700236482e-02,1.483123463473151604e-01,2.114610765351083721e-01,1.392689787587386152e-01,1.440028542951207191e-01,5.707158779762513956e-02,5.229216132214317692e-02,6.504061829678019213e-02,7.275278218524186546e-02,1.157953676845187574e-01,2.394153826808774477e-01,2.593229726393377899e-01,1.663098556359416391e-01,1.302865834991060456e-01,2.544961881842472406e-01,3.398259035596227773e-01,1.448026552493169583e-01,1.938224450228121509e-01,2.865953175715609813e-01,2.662940895724036361e-01,1.505463197142395404e-01,1.949134817732663394e-01,1.831963422990392221e-01,1.331417792160951574e-01,8.788568912972546943e-02,1.109372660299763336e-01,1.321520940648301112e-01,1.998199703719500397e-01,1.483881625364103507e-01,9.565324807878422542e-02,1.559149149418807001e-01,1.778887927144622849e-01,7.246863485739601929e-02,9.074523889721025638e-02,1.318623171129374438e-01,8.820917954542151218e-02,1.697835712130353614e-02,9.759336681317887230e-02,6.048589709254192925e-02,6.817795470331483587e-02,9.471943980428476628e-02,7.016895338782414004e-02,7.751078310408204830e-02,4.028416755467673083e-02,3.178856190649292923e-02,2.254106655073626064e-02,1.781764007875991096e-02,1.109032075927884886e-02,2.728933319855375572e-02,4.099672218411398728e-03,2.156279701925056802e-02,3.481738075143253619e-02,4.961062234080709787e-02,5.999066386657170291e-02,2.396237494376618482e-02,7.864090644971968858e-02,3.917174716808174972e-02,5.829971789136911831e-03,6.967678525134371470e-02,6.959567797002330636e-02,2.600694249150808934e-02,5.212700519368118623e-02,5.560548406546217404e-02,5.138568192039749682e-02,3.756585645189802758e-02,1.358092753194506397e-02,1.110223024625156540e-16,1.122106131333844292e-02,3.396904934100630769e-02,3.221579059654644528e-02,6.286445621141678597e-02,7.963712024504476794e-02,8.915400815110091637e-02,1.054802063369225107e-01,6.946311543949690304e-02,1.251733589971838478e-01,8.648648284297834332e-02,9.025202037084778528e-02,7.386506255844721425e-02,5.388194772160936896e-02,1.798197083186570122e-02,1.806264332432572228e-02,3.273936203035104908e-02,1.808866452740726105e-02,1.198438912370702880e-03,4.257722819811560200e-02,2.350932980069608824e-03,9.074022163508499439e-03,1.283972195932236993e-03,6.035732578321895136e-02,5.598554749412731901e-02,8.374496277242793330e-03,2.238210616249697305e-02,5.990502576680126201e-02,5.753650044226360505e-02,8.624242882272764588e-02,6.295298478358790639e-02,3.216743773241326210e-03,3.027256286901169879e-02,2.126227328630947433e-02,1.210985401500784819e-01,8.013153150818769221e-02,6.841310301631886581e-02,1.433324906356742701e-01,1.826056471844122175e-01
1.586962280768052236e-01,7.662274572758470681e-02,2.787340935594445623e-02,3.097561998387471371e-02,2.451588251429398513e-02,3.415057418338945938e-03,1.228044289612653106e-01,7.833559846134929838e-02,9.574407463198764123e-03,1.499494115709351649e-01,1.563080969090687444e-01,1.153712396716634336e-01,1.605625121795024590e-01,1.650730276761639137e-01,1.520768856236373590e-01,1.121930102563780118e-01,6.649416300234589627e-02,4.879999954794989048e-02,7.650719255472820945e-02,7.456645552931318033e-02,4.414485752782065786e-02,6.767664853075200382e-02,4.445134890835289454e-02,2.784832364494690959e-02,6.047979289278526682e-03,1.093028463374311754e-01,1.100093261145069223e-01,1.096874284598915728e-01,2.568168861174530138e-03,1.958556500817359991e-03,1.116539211713469815e-01,8.885086105121692279e-02,4.129813813227722896e-02,7.427357420653640796e-02,1.579461377757598317e-01,7.643622867177274349e-02,6.629792404454520893e-02,1.422397208393990087e-01,2.064748042106839265e-01,1.156079626392521875e-01,1.182597053095184175e-01,4.438632125630055658e-02,3.403530295042114795e-02,5.822215219596141300e-02,6.943709621742349958e-02,1.074730194247691673e-01,2.281220189954070443e-01,2.714470835615127031e-01,1.726202079138824397e-01,1.342594770554140782e-01,2.545716749919291200e-01,3.298200789459441173e-01,1.093152835596232775e-01,1.733167887224938697e-01,2.735050252185363684e-01,2.325434169847742372e-01,9.298474753970134565e-02,1.620460904620176501e-01,1.538567089538989685e-01,5.725273535487676591e-02,4.641801687282449962e-02,9.469739517854008914e-02,1.196603722939706405e-01,1.918374784473646510e-01,1.586392611075845283e-01,1.135647906303678956e-01,1.581327190978683017e-01,1.953130267338679671e-01,1.147086676054303034e-01,1.156210212005436277e-01,1.310927395617642044e-01,1.073692488819873725e-01,1.811381839808753891e-02,7.694541984059560802e-02,2.958061765687394762e-02,2.544285740736465518e-02,5.494946119028254472e-02,4.518879163109768005e-02,4.612721265442742968e-02,3.387625019247009206e-02,3.580870261356536299e-02,2.118481936290020351e-02,9.547109301992540153e-03,5.412332883303561104e-03,5.942146737964226766e-03,6.123323060217233937e-03,3.280433266131976833e-02,6.723516445451488410e-02,6.176264711988063705e-02,7.821019955611613339e-02,5.964090479798522804e-02,1.129180408722585960e-01,6.547796043980760872e-02,6.953494107863723850e-02,1.079511193388293655e-01,1.040520478101607249e-01,7.690629948594086829e-02,9.899678827650143509e-02,9.010017352056631790e-02,6.617427358297611750e-02,2.563441537787181090e-02,1.168427521211434783e-02,1.122106131333844292e-02,1.110223024625156540e-16,1.174200476673759042e-02,3.137584821700556414e-02,5.052477115628273285e-02,5.249004294190384723e-02,6.686603248931316523e-02,8.452684100953411495e-02,4.282702488236184157e-02,1.094597836687250247e-01,6.551885254325594266e-02,6.111239923475220159e-02,5.781908704820387657e-02,3.371047103345164997e-02,3.847730124170017918e-02,3.970410054856482462e-02,4.421752013652657798e-02,3.517824163948318761e-02,1.871908487653012321e-02,3.165616746073679488e-02,8.883432507573729708e-04,3.212503102810293498e-03,8.615495466619105258e-03,4.550936725147558537e-02,2.708682792099653680e-02,7.529232538921015738e-03,3.409506429613573530e-05,2.236312783427324424e-02,1.055897639899955887e-01,1.731604061954300777e-01,2.295623120497197744e-02,4.714885806373814159e-02,3.618999180113574576e-02,4.178402771330480547e-02,1.164347270199998508e-01,5.470273847473675066e-02,4.438710907025461561e-02,1.386405241991493509e-01,1.508717118894257747e-01
1.041704849968386748e-01,3.618073326376081145e-02,4.033750081871634308e-02,3.861948985139079804e-02,9.402356647946419343e-03,1.510414175812610504e-02,1.227684377848670128e-01,7.761122138125731151e-02,8.162042259164462021e-03,1.390942924363406108e-01,1.406760916389966087e-01,1.043924698505349635e-01,1.378149140854067478e-01,1.601772677473966566e-01,1.651409470543233060e-01,1.444685605320214505e-01,1.193204752501895727e-01,8.941465588502656159e-02,1.132219267223936454e-01,1.205940082299025717e-01,7.782865320038495627e-02,8.166101618030183196e-02,5.206843875398950439e-02,4.038482660007818026e-02,1.762085405269231408e-02,6.532199753981260404e-02,3.643747741151395769e-02,5.416017304173123548e-02,4.461498980512174084e-02,9.637713554410284877e-02,9.389806256198734991e-02,1.046542643742567336e-01,8.674766592912558361e-02,9.034897832362337455e-02,1.409050822306058270e-01,1.159562929792357644e-01,9.949080158385553707e-02,1.450141292271841797e-01,1.940367630112852515e-01,1.262352962742378515e-01,1.047432018363377848e-01,3.407980629219902607e-02,4.212888683845368576e-02,5.983997592591631942e-02,9.018320260238529840e-02,1.247281403803281452e-01,2.228149020839698957e-01,2.084297615571003570e-01,1.216685662162950710e-01,9.767653939166376365e-02,2.052112420193569764e-01,2.836724628922561164e-01,1.086716203558997784e-01,1.452182248373490303e-01,2.356062906247751720e-01,2.156937038521428152e-01,1.016565093699018235e-01,1.449519565453772918e-01,1.459358518323873311e-01,5.986295282618939867e-02,4.750570269418968872e-02,7.747485461019426589e-02,8.667019807931158892e-02,1.502655994750731472e-01,1.289279981304670142e-01,7.575899594115409474e-02,1.089492421991148374e-01,1.568339183178057428e-01,9.026122365284988680e-02,9.418194379495037349e-02,1.211202423783331317e-01,1.079864726544373099e-01,4.168409433129496855e-02,8.134295616330800005e-02,5.846911797750625750e-02,5.422384261810553330e-02,7.148252159091755820e-02,5.376192380962668826e-02,4.216183984196963941e-02,4.173550999511183024e-02,6.180441370715181182e-02,4.326222105373025983e-02,3.700716628132316721e-03,6.542913000553429725e-04,2.355753138423616333e-02,1.585127666357744047e-02,4.980703495788763036e-02,7.916662722734729707e-02,4.441295439934616479e-02,7.766416227168371211e-02,7.373804175139590800e-02,9.036032349972965283e-02,5.990453664984307647e-02,8.420369312327817546e-02,1.095096934757579799e-01,8.894117205521057112e-02,7.480972656944900878e-02,1.157655630580045752e-01,1.137231860771594216e-01,1.100483941326990123e-01,5.714969321717811024e-02,3.259282078111203074e-02,3.396904934100652973e-02,1.174200476673759042e-02,1.110223024625156540e-16,9.788447646187470319e-03,2.125657330795194255e-02,2.313544463332584122e-02,4.486119802363253140e-02,6.428913769275412804e-02,1.150623145629470212e-02,8.153602186544645081e-02,5.370375576706284959e-02,4.702092376802750884e-02,3.497531133325856856e-02,2.701833762770311509e-02,4.844838807359735933e-02,6.052974705180383386e-02,6.896498077412005490e-02,6.124973009630772097e-02,4.862609485293892253e-02,2.293803570977076545e-02,4.157280278674235774e-03,9.170269322306467963e-03,2.256979691000182697e-02,4.606437787321698840e-02,3.426005918220131896e-02,1.507782159154302803e-02,1.884840066848236795e-02,2.484231146155965742e-02,9.941354366328628012e-02,1.511805462371567654e-01,4.290066840879175336e-02,3.109653611120755112e-02,2.918288068320112894e-02,2.131228970758597407e-02,9.559391829650354389e-02,5.831461588966196929e-02,3.195536959791347997e-02,1.288516854678175283e-01,1.706574734838186003e-01
4.543249165358270725e-02,3.917823784964136191e-03,7.497975903543893650e-02,7.069180035362357395e-02,3.529878735710614834e-02,6.454739355586947003e-02,1.483364731568946604e-01,1.036424933302316220e-01,5.284716315429040245e-02,1.528817801158213752e-01,1.475711335576195826e-01,1.072332924214377398e-01,1.285473289458863022e-01,1.573397562544074646e-01,1.588225120839115156e-01,1.581964583387248102e-01,1.461173244098308843e-01,1.044758206414564961e-01,1.291345140580211492e-01,1.477848144195522129e-01,9.128514202660342747e-02,8.468752031878740150e-02,5.232159569663011323e-02,2.043554235535358088e-02,1.476546517061566588e-02,6.414346266587450662e-02,2.421033348591761225e-02,4.485124813156859958e-02,4.095647041818645251e-02,6.744480626053314665e-02,1.058167064251456235e-01,1.184700855141415099e-01,1.118529212242663218e-01,1.116447615786883840e-01,1.454862294254150312e-01,1.439912302620441342e-01,1.454561606905889204e-01,1.761239537053546633e-01,2.133173936582913877e-01,1.568791343687153672e-01,1.290753855773126846e-01,4.967528704483356594e-02,6.566605844785702861e-02,6.905268370674141898e-02,1.048963790317024719e-01,1.399312010850314314e-01,2.362308387608519356e-01,1.884217479990977773e-01,1.094672336933517620e-01,9.598857593708909342e-02,2.027267799550644956e-01,2.844754752898743799e-01,1.395862686957325960e-01,1.609552069384149187e-01,2.453775170212567913e-01,2.385663891539683557e-01,1.460235370726495063e-01,1.666319379733902095e-01,1.679273129667334385e-01,1.170631101528878532e-01,8.048917130950689058e-02,8.198421299703162468e-02,8.312490460106286561e-02,1.446679857981956752e-01,1.219432984732657377e-01,5.902859181625280671e-02,9.833604107346705092e-02,1.511054637470487516e-01,7.642666010362875184e-02,9.108622452186398988e-02,1.405548105796745051e-01,1.204861241948502470e-01,6.157351268104942904e-02,1.200079102370236184e-01,1.092283903225472752e-01,1.048710491224998931e-01,1.192372583235115635e-01,8.519006560303143960e-02,7.368000008814395985e-02,6.365088472907470818e-02,8.221952399352830398e-02,5.150424520560718811e-02,9.373803503315625285e-03,3.837669171990770733e-03,4.775493063906453839e-02,2.264504085173119075e-02,5.161223881663079549e-02,6.231969169111641754e-02,1.729958947969473249e-02,5.766546320760307376e-02,6.291704194431307906e-02,6.373953677557259168e-02,4.115028601806683395e-02,4.629967955402448931e-02,9.003456399701946500e-02,8.145270216576047662e-02,4.648783448228779869e-02,9.675569931895824927e-02,1.158556131114211185e-01,1.338717238691818356e-01,8.017994238538111995e-02,2.936170023083595204e-02,3.221579059654666732e-02,3.137584821700556414e-02,9.788447646187692364e-03,0.000000000000000000e+00,1.756521353014639519e-02,4.448554321120057331e-02,8.018364001075328762e-02,9.104884271093660608e-02,4.558754230497691351e-02,1.172580214336095827e-01,9.895086174922790301e-02,8.330733913412885494e-02,5.724733017901931925e-02,5.615161800006185366e-02,3.245344803436261971e-02,4.143155829483985420e-02,6.254496636277753763e-02,3.868861459004649395e-02,3.635510002046338229e-02,3.467767153553497073e-02,3.186379441245668076e-03,1.034427952615435409e-03,2.007258224642438638e-02,5.766767414543871872e-02,4.789250206618522743e-02,3.160326434706811627e-02,4.690442063669156281e-02,4.784191559825799051e-02,7.764867772134134705e-02,1.052110887264816053e-01,7.271126487354928614e-02,3.630567696339792594e-03,2.604088478043425914e-02,1.251411537141550179e-02,9.431182331365500771e-02,7.294230265277967806e-02,4.108649944295256207e-02,1.402052813278374943e-01,2.217633656977737733e-01
8.383605618817879801e-02,3.993569128569310345e-02,4.197565202812067464e-02,3.474342975694527658e-02,2.106432887130638143e-03,1.680852537162563776e-02,1.109565919698670411e-01,6.156022261912150184e-02,9.607661563250893821e-03,1.209876737944516611e-01,1.104845041936424743e-01,7.071791999029510001e-02,1.002288694369734973e-01,1.279917184920486561e-01,1.534164883467002416e-01,1.368878334758429904e-01,1.114440845408915526e-01,8.607988914066100339e-02,1.063303762353133564e-01,1.154095762938367464e-01,7.720773439965950002e-02,8.915855708507802735e-02,6.500634577910141543e-02,3.333161700232420421e-02,1.715089432351354914e-02,6.404077872173749575e-02,4.387577321553895460e-02,4.086056458326337015e-02,3.217453957517257823e-02,8.482957253947542853e-03,1.019555649167259576e-01,9.647662624509420470e-02,1.015174346487912327e-01,1.382729961508895600e-01,2.043033310882302889e-01,1.506710173850067391e-01,1.625016775741695285e-01,2.148843391661678370e-01,2.491447553924662217e-01,1.653462107102217638e-01,1.493917575600822167e-01,7.373415124224387551e-02,8.321656297401330837e-02,7.874425447252578203e-02,1.011145421024957081e-01,1.307993656147780903e-01,2.337535840004548171e-01,2.205524042132818163e-01,1.384646845410439087e-01,1.272577712738063027e-01,2.287432695068916388e-01,2.944375815512533245e-01,1.289487253758695440e-01,1.668727551859966740e-01,2.644852113991548181e-01,2.221831103688998166e-01,1.157547589097309287e-01,1.528907768243102094e-01,1.482931767606818496e-01,7.016600087573010569e-02,4.495673113420595168e-02,5.126270219151202179e-02,4.703563684739398010e-02,1.214671888475516437e-01,1.208496765425633446e-01,6.743661934023520432e-02,1.030506577321097517e-01,1.862273369360321895e-01,1.276151007054548980e-01,1.384173006099110592e-01,1.738236998986482928e-01,1.752656190686336934e-01,9.531104259467669537e-02,1.543318770202095624e-01,1.384808585481031584e-01,1.226713593838125727e-01,1.375549588335855944e-01,9.397088236878381462e-02,6.531460709979658441e-02,7.070032170938156391e-02,1.210947847147730572e-01,7.041657387847863325e-02,3.560591370630916686e-03,1.527840549293224548e-03,7.246145803192982626e-02,4.386568172605032068e-02,4.896335911163474108e-02,5.917881954593731675e-02,9.952377580027427229e-03,3.846203123278124636e-02,7.020297822144114241e-02,5.780530817689542855e-02,3.393900393857963993e-02,6.058679265809879810e-02,9.742249862527591064e-02,1.467199672048848103e-01,1.092933878612007692e-01,1.210649128242546890e-01,1.507690017409655525e-01,1.704310615956816100e-01,1.123753406065053917e-01,6.808163591225302458e-02,6.286445621141700801e-02,5.052477115628273285e-02,2.125657330795194255e-02,1.756521353014639519e-02,2.220446049250313081e-16,1.538040818275865362e-02,2.702029192881694186e-02,2.629023245348383053e-02,7.092984302199512037e-03,7.904468542639259132e-02,5.634474561796298797e-02,5.038815957952273716e-02,4.388105127051925708e-02,5.788388355281876008e-02,2.138826150933814674e-02,3.912336677354963377e-02,5.419363998455158093e-02,4.633270044304568791e-02,5.433146678196430074e-02,2.442512222845191761e-02,8.924098892530096805e-03,1.330188317498287587e-02,4.900584744593045050e-02,5.930657541934081234e-02,1.684047708895378137e-02,2.744893014539895315e-02,4.519420273093927021e-02,1.263310985950363841e-02,1.147080194397400027e-01,1.694976995743088521e-01,4.885129890484907200e-02,1.805141834987167293e-02,4.925387741441861200e-02,4.646674787445137511e-02,8.948697327191101891e-02,6.091799142194043171e-02,4.830178263366294300e-02,1.426411462708360722e-01,2.079770365831699330e-01
1.049060236671641722e-01,4.641648416361601748e-02,1.713784503801202286e-02,1.215401413404371134e-02,3.917386343396411785e-02,4.122017938507743784e-02,8.521377444841493620e-02,3.469584024398897348e-02,6.691567358152758493e-02,9.152227291420089728e-02,8.267693096459258206e-02,4.681088356477755563e-02,6.611106245847941931e-02,1.303350322462229205e-01,1.868969415574550097e-01,1.526111737543004720e-01,1.184912415875690184e-01,1.003029011977299156e-01,1.216239701504399640e-01,1.231948139998624292e-01,9.177390816383010352e-02,1.106605738146795720e-01,1.008384681479911338e-01,7.576216059495555211e-02,4.237581834170539574e-02,1.521071211369025289e-02,5.937260121077564401e-03,5.542560670244348064e-03,7.824649232134467391e-02,1.344754200495866248e-01,8.146190887537227421e-02,9.897899000560037019e-02,9.898535012613030037e-02,1.162762157179309253e-01,1.755935227205571159e-01,1.455533547911688208e-01,1.186901996038005613e-01,1.612730511489717244e-01,2.057156707726587874e-01,1.292088237401861905e-01,1.063088049916402766e-01,5.377484224747837438e-02,5.804618908382686016e-02,6.699453413145164959e-02,9.857711216014808375e-02,1.295524729597367086e-01,2.237654899049152935e-01,2.081258287598255763e-01,1.318558422600681901e-01,1.219291264548924419e-01,2.151928421846292516e-01,2.799241128271744428e-01,1.061228292599034617e-01,1.430748630585123027e-01,2.317827566588273047e-01,1.888695024337609940e-01,6.645055258961517219e-02,1.059656396266498990e-01,1.059576383571576019e-01,1.126006518744535057e-02,2.091208783996711951e-02,2.454506546764606556e-02,3.067707233930766497e-02,9.403521329223291092e-02,9.385594659822266150e-02,4.352976396655228175e-02,6.237057555012770482e-02,1.561697855023927994e-01,1.065537171482077161e-01,1.169251096149822589e-01,1.198826343858878651e-01,1.433279169774692996e-01,6.140428299171368093e-02,8.342492753604524580e-02,6.957510300930902503e-02,5.161200101991419986e-02,6.721059720733324472e-02,6.144668983559886666e-02,2.491672170911729545e-02,5.267012105766077923e-02,9.169616278666781195e-02,4.511588334125643529e-02,7.653593506035005767e-03,2.168754169682696187e-02,2.110600585326999346e-02,5.400210650784886823e-03,6.701933719295977143e-02,8.185354512749851152e-02,1.224537662384883076e-02,5.754396796842328743e-02,8.645164235031577160e-02,5.227405098865048338e-02,4.165041443603037519e-02,9.759924795298532962e-02,1.012185008124656671e-01,9.947379343584245026e-02,1.034337444024117647e-01,1.372935215543817922e-01,1.499928325272198437e-01,1.465763781671034494e-01,9.302741496922484199e-02,7.681807828716769038e-02,7.963712024504476794e-02,5.249004294190362518e-02,2.313544463332573020e-02,4.448554321120057331e-02,1.538040818275876465e-02,0.000000000000000000e+00,2.116732635839668752e-03,1.196540898589348867e-02,2.456508919465727470e-02,4.230167919212424188e-02,2.800793766931725104e-02,7.552853727781777549e-03,1.385680178242282290e-03,4.454752935457613472e-04,7.937860723133735585e-02,8.111901291774376022e-02,8.165734908587193863e-02,6.209784847266047736e-02,7.341133809179886671e-02,9.341430487577670472e-04,3.603670523742164011e-03,1.504850781484823319e-02,3.870709592980137170e-02,1.545562112177667480e-02,9.001279653929328273e-03,2.301300610570211624e-02,2.476217926708768058e-02,3.146444102751062150e-02,1.278215064469191420e-01,2.000949336169603465e-01,7.442136096415630231e-02,1.140018510155271780e-02,3.585448866879287211e-02,1.540227992823672842e-02,5.955273504236857640e-02,2.442262175982901073e-02,3.123550261604379763e-03,1.083877589226452942e-01,1.578811866701747002e-01
2.897328606312685184e-02,1.357780672998454286e-02,4.856462916778486738e-02,5.011523099960174532e-02,2.177093246617112232e-02,1.304807296067267419e-02,1.079676543016979684e-01,7.968066495432160612e-02,1.192082532654814564e-02,1.015198885654001876e-01,9.713383632631000797e-02,6.918569767912655100e-02,5.953062168095572815e-02,1.290685187693267622e-01,1.804507906755059843e-01,1.667809429885924732e-01,1.434061547191075037e-01,1.141766559870713710e-01,1.359558522760851984e-01,1.420377595586788388e-01,9.252598451378032940e-02,9.845654328630894236e-02,8.407444765582812451e-02,5.234570088101988400e-02,2.954288167607626442e-02,1.671389972671272206e-02,2.691785145457037398e-02,1.857383751051677745e-02,7.748465940487783699e-02,1.601736459970060644e-01,5.625495887148129759e-02,8.593452131509279890e-02,1.046593418984773094e-01,1.013749704369121263e-01,1.248725445746729779e-01,1.431883822567835696e-01,1.290597402665684124e-01,1.393778923146165583e-01,1.679896412175933273e-01,1.314281185625682524e-01,9.212832226421388548e-02,4.652322574908836911e-02,5.915278018585763686e-02,6.962104927138394739e-02,1.051981201992081005e-01,1.411547176856881025e-01,2.186163886645660637e-01,1.641991484740894514e-01,1.069949626216748495e-01,1.014715250291190196e-01,1.689896494996114829e-01,2.284594303702394413e-01,1.061991691014305267e-01,1.032176148469593491e-01,1.683484604741381507e-01,1.531298082947494532e-01,6.343146747897548954e-02,7.137954972754501082e-02,9.236048021480730563e-02,3.040135428575321819e-02,2.392595401696878676e-02,8.814356809190571074e-03,1.143291594626666408e-02,3.273570423015981223e-02,5.541856628935881712e-02,9.616267182919580048e-03,7.526314481466900297e-03,9.821289184942361139e-02,7.417963339849781290e-02,8.824729834938341289e-02,9.779363182094846785e-02,1.191448565500947132e-01,7.046747845511097674e-02,8.486493299864109052e-02,8.675952628585881232e-02,6.177486512862051526e-02,7.642158446852914677e-02,5.496283792000095092e-02,1.266369679094658807e-02,4.454444786236189113e-02,1.004466400322166497e-01,4.660172830419423429e-02,1.144519123513093595e-02,1.544003997976345355e-02,3.109877434565837956e-02,9.066309350775625386e-03,5.389162743286537993e-02,5.108273846468988633e-02,1.312636723374535630e-02,4.947735085054086324e-02,6.899854751954249965e-02,2.092625791895821874e-02,5.419871303128562245e-02,1.134667714790417031e-01,9.690027945670112719e-02,8.946212018055872683e-02,1.021656098756263398e-01,1.371184975383485383e-01,1.388180898965343524e-01,1.329638106505775241e-01,8.792646316401020457e-02,8.096125288870936743e-02,8.915400815110086086e-02,6.686603248931322074e-02,4.486119802363242037e-02,8.018364001075328762e-02,2.702029192881694186e-02,2.116732635839668752e-03,0.000000000000000000e+00,9.586904834349541105e-03,4.413003075182420076e-02,1.121317187324721854e-02,1.384745748685167754e-02,3.809255077939405210e-02,3.702598807024387595e-02,1.466882644056394236e-02,8.478870387935905084e-02,9.508901757415963441e-02,9.037753302565047775e-02,5.831259629257828925e-02,7.793588049464306167e-02,7.073887728718870893e-03,1.838131421033784019e-03,2.459201043138037335e-02,3.480760266713711637e-02,5.505281216575466652e-03,2.872202498937600351e-02,2.686991344730402242e-02,2.504308024095758950e-02,7.001859168513471787e-02,1.360626932528263278e-01,1.293157906489771913e-01,7.616631060573686440e-02,1.714366706977801802e-02,4.230258330344371931e-02,2.362755874955213553e-02,5.602643889836617097e-02,4.436860107058560043e-02,2.792427394083224490e-03,1.022862874420090162e-01,1.803136318434188090e-01
1.264246437367999576e-04,1.767432937617861854e-02,6.102689466645849770e-02,5.465643556166427386e-02,2.312792624014570197e-02,2.677214831940290946e-02,9.984771648121223975e-02,6.146580487427169559e-02,7.944537141753832410e-03,8.040516253367081811e-02,6.438088881208177405e-02,2.516571356789956693e-02,1.965212591095832906e-02,9.226146843058533054e-02,1.566522952923113110e-01,1.670621536411831809e-01,1.583576669707546236e-01,1.184322365876889632e-01,1.289891443595574394e-01,1.481059856389350671e-01,9.602497435255762104e-02,8.699519869342162148e-02,6.766881958859272128e-02,3.575027317974722313e-02,2.742562361484553179e-02,1.144028406586443392e-02,4.214239072606494607e-02,1.930183557403268579e-02,7.324228825982762037e-02,8.239961787632833767e-02,9.533119703662065736e-02,1.266213541893908834e-01,1.479602254476445888e-01,1.499142757583090402e-01,1.623159432788873202e-01,1.845483819167558215e-01,1.885813564426757349e-01,1.984393816117650255e-01,2.081971225707628936e-01,1.739185835796375756e-01,1.339131150973663087e-01,7.044245235615645417e-02,9.267060932607747159e-02,8.836157500876942739e-02,1.241796239935276658e-01,1.537785041953591281e-01,2.285282498808140772e-01,1.503336029820759867e-01,9.366532163025523272e-02,1.156791668986211219e-01,1.816436290894102301e-01,2.245706748840688993e-01,1.298190631574590304e-01,1.328867266686481474e-01,2.008150136302583044e-01,1.752893421636581295e-01,1.130981543522121824e-01,1.216312556114718113e-01,1.326549334207034470e-01,1.012362890171906171e-01,7.004944933483098213e-02,3.594673052042091088e-02,2.490265138406333456e-03,5.608077191296573227e-02,8.965751684324951842e-02,3.178954606511419367e-02,2.702043265059567156e-02,1.253251075930086889e-01,9.469616420249651889e-02,1.009706646227481325e-01,1.492594095493295914e-01,1.522001224943265452e-01,1.147670376406386417e-01,1.361706924910065786e-01,1.449782380958365147e-01,1.135614735093066208e-01,1.274562559748404489e-01,6.860605441412653827e-02,3.372861630785728426e-02,4.186504413017838599e-02,1.068549579002860961e-01,3.827901165554742358e-02,2.612998345534203737e-02,2.030688856229707906e-02,4.877919799166241521e-02,1.624886765303756864e-02,5.628576750569201648e-02,2.799654931614581344e-02,3.506212186676301024e-02,3.548726287580512839e-02,5.282609760578156621e-02,1.310997037738007021e-02,3.509362781546698784e-02,7.602304234186224585e-02,4.787153542232143455e-02,7.603072608284175415e-02,8.754812755294476279e-02,1.134625712975934897e-01,1.230752839321340442e-01,1.309184173854318622e-01,1.067767171156312617e-01,1.048453854516407935e-01,1.054802063369224829e-01,8.452684100953417046e-02,6.428913769275407253e-02,9.104884271093649506e-02,2.629023245348383053e-02,1.196540898589315560e-02,9.586904834349541105e-03,1.110223024625156540e-16,1.173160957472307864e-02,2.352086233339423238e-02,1.412475949704272704e-02,1.443765904345317708e-02,1.610725007754842952e-02,6.131173955149943344e-02,1.785787934417033818e-03,2.440059062911023591e-02,3.398775478475239004e-02,9.850250422542727868e-03,3.880595945407001868e-02,2.778983297508139105e-02,2.718198868391727419e-02,2.965175780015075202e-02,4.504314384768334789e-02,3.050135220238020528e-02,1.596727168969938604e-02,2.601521566026592305e-02,4.340133764789988469e-02,4.357625342357446252e-02,1.314059770579388275e-01,9.948398579143695464e-02,5.725898829549599944e-02,3.014168973578626454e-02,5.701906753556329477e-02,4.500404087827386546e-02,6.828671301619698708e-02,7.771352390266300647e-02,4.713968815236005416e-02,1.246054161995175935e-01,2.100272889224532868e-01
1.959577080297496277e-02,1.562484568699808174e-02,2.663791880005465795e-02,1.808543718032429304e-02,4.000874246729946293e-02,6.428916829479067174e-02,3.938678607033535561e-02,1.465439025798270789e-02,1.225582350699646605e-01,5.831893819023187264e-03,1.885540136051155891e-02,6.113724572443812733e-02,7.763176970898930107e-02,4.065212929203496084e-02,1.695463573273208735e-01,1.521377586135947702e-01,1.280507726457468243e-01,1.101742576205936436e-01,1.130765996025451942e-01,1.200431488339804842e-01,9.564033581512709770e-02,1.014842941131590681e-01,1.047808594393596915e-01,7.314821250165097488e-02,5.486362933557916571e-02,6.184665362571482861e-02,9.124935739488948538e-02,8.020278908495884207e-02,9.750790885300204824e-02,1.075163339380737770e-01,6.702626571142408785e-02,1.056862519081547130e-01,1.251540825827569814e-01,1.308947900647860207e-01,1.570892765008592151e-01,1.756065127904559431e-01,1.435270298140083889e-01,1.538945193910693510e-01,1.805822894809753498e-01,1.390142923655153240e-01,1.093918192362689223e-01,8.136528896466602157e-02,8.376774233555420168e-02,7.767844555528713446e-02,1.124288967761992025e-01,1.375126833973178420e-01,2.001878582513731686e-01,1.500969773920461381e-01,1.185590016918632861e-01,1.507534306320176543e-01,1.957599601605872763e-01,2.190581186210776021e-01,1.305560498502297828e-01,1.479619008555485282e-01,1.950760464459248278e-01,1.409150839758800955e-01,7.801859746018835473e-02,8.488431103761834295e-02,7.524232252935675325e-02,4.041660139199149127e-02,4.783045724942580623e-02,8.131558975062180838e-03,2.117950684664110517e-02,1.936982291913125209e-02,3.903918143749152136e-02,1.841848617992408732e-02,3.533026003037909035e-02,9.276473405698182351e-02,5.512832338075454586e-02,5.791587219834787303e-02,7.844894610169561577e-02,1.197096127901259716e-01,6.643269972323578854e-02,4.902046478054997852e-02,6.879119142604171733e-02,3.459441003177893270e-02,3.059928364788164212e-02,1.961874667969577823e-02,2.352061195207200139e-02,5.657460481732046187e-03,5.046956564738680484e-02,4.601810627671287790e-03,2.246050027822454886e-02,2.257554909502453022e-02,2.082420561549771024e-02,6.291253380954986429e-03,4.277751103465536608e-02,2.881612249541376514e-02,3.535857678566203810e-02,6.597523822629194901e-03,4.534463462989030136e-02,4.218804152590774348e-02,2.297357428176272087e-03,4.977504083007608382e-02,2.035081298772539737e-02,4.511054222456034601e-02,6.647538166852931529e-02,9.224932105679614636e-02,1.058605799282784643e-01,9.280068795936857740e-02,6.008900406171067965e-02,6.599760460973516651e-02,6.946311543949693079e-02,4.282702488236192484e-02,1.150623145629470212e-02,4.558754230497691351e-02,7.092984302199512037e-03,2.456508919465749674e-02,4.413003075182420076e-02,1.173160957472296761e-02,1.110223024625156540e-16,9.353277729763687098e-03,2.879739083618637618e-02,2.439073471080976940e-02,3.117709965962311980e-02,4.839921889243115061e-02,7.244848965123895645e-04,1.783563653220077150e-03,5.933364902173110522e-03,1.306192730529665003e-02,1.536186340272482909e-02,4.296155057437833769e-02,3.931553132461612643e-02,4.893572768930538885e-02,6.005506099894851457e-02,1.968532764377908806e-02,1.432585422590229585e-02,3.765724158634339847e-02,4.353031615591492626e-02,6.075457912001430705e-02,1.059090224773836797e-01,1.100811185369441059e-01,1.023796606854707469e-01,1.017497210172350064e-01,1.724564431945938003e-02,2.735439739675910031e-02,7.101423417386953929e-03,1.036126708291373877e-02,1.108800696968584298e-02,6.504528591075842137e-02,1.412594128936654758e-01
3.511723311050496399e-02,2.254894063477119737e-02,2.259436923828971044e-02,1.245834934633058277e-02,5.084372172650511446e-02,7.618750135818563862e-02,4.737051061300792676e-02,6.628661005296132558e-03,1.258825784042141016e-01,2.041983033864308572e-02,5.203924643004675943e-04,4.772273370460300423e-02,7.413301029433394529e-02,7.871924668582902518e-02,1.993018371074363193e-01,1.839220496512105896e-01,1.675178618995749047e-01,1.477433676968313292e-01,1.593813093216908117e-01,1.744021819378415716e-01,1.403011659313511683e-01,1.454135336774763920e-01,1.537847984863416340e-01,9.733467805581487442e-02,7.547434187039553377e-02,9.479866663513226988e-02,1.327591517342168181e-01,1.072243160384641902e-01,1.268404107556571070e-01,1.845569154969116665e-01,8.497926053957260972e-02,1.432755438228616174e-01,1.574169439049775965e-01,1.380027893111057669e-01,1.465368629493297992e-01,1.963100392992755405e-01,1.387398134259299753e-01,1.253994160056145502e-01,1.491387961175178467e-01,1.249172544250839456e-01,7.499769718276033670e-02,5.555082472884464995e-02,7.415896575126862400e-02,7.326609666728196857e-02,1.245274401346084248e-01,1.457282604605366627e-01,1.944492133344676299e-01,1.089542921734763664e-01,7.181812028441543483e-02,9.359998923531565040e-02,1.507416811751614294e-01,1.948845655234669738e-01,9.628304541629191526e-02,9.894808588264653038e-02,1.507639996362742374e-01,1.230598978279234257e-01,4.448934000670756728e-02,4.596734975299038295e-02,5.627935160092811806e-02,7.776330702060685329e-03,2.057214920661959434e-02,2.574522491027503301e-02,2.898574997093639194e-02,1.648356299914888190e-03,2.459714607320395707e-02,1.507399239986029205e-02,3.868068260001100711e-02,7.433309158851381104e-02,5.477247157003661826e-02,6.917454393144795155e-02,6.225847931945621694e-02,1.079860349376218498e-01,4.946014803827271378e-02,3.341018377874069301e-02,5.070533466894550090e-02,2.076671986142891724e-02,3.135650803868739178e-02,5.080537304452595326e-02,9.248162320702496553e-03,4.813739858802593835e-02,5.962354152627635795e-02,3.995336517355674300e-03,6.310242687597727995e-02,6.072888072374101748e-02,1.896162031591673569e-02,6.569527648233883244e-02,9.666522869382626615e-02,6.631628029655861623e-02,9.457330399810559562e-03,4.471031101031008870e-02,7.472037713488544064e-02,4.834674910975994555e-02,1.086698351215770186e-02,8.122194954535300049e-02,3.862312979918366973e-02,5.864427221939283452e-02,8.455460778074683215e-02,1.178687410810270453e-01,1.263542223816781773e-01,1.225930927229026690e-01,9.166542453934746482e-02,1.030044727650188952e-01,1.251733589971839311e-01,1.094597836687250525e-01,8.153602186544639530e-02,1.172580214336096383e-01,7.904468542639259132e-02,4.230167919212413086e-02,1.121317187324755160e-02,2.352086233339423238e-02,9.353277729763687098e-03,0.000000000000000000e+00,4.149882563199591701e-03,3.968046685569914800e-02,4.796690489774801947e-02,5.575618577294971789e-02,1.068569773226753505e-01,7.695329817930296468e-02,7.079902945066307574e-02,1.734739432927723257e-02,5.835107099481706694e-02,3.558982548071260021e-02,4.315472137092907223e-02,1.280296295470584322e-02,1.451280206913532766e-02,7.231331177423139245e-02,7.077716790474418429e-02,8.847660600758144867e-04,6.077611522273783373e-03,1.069652659862143085e-01,1.229532680455986959e-01,1.098765295192001695e-01,1.154373319561954880e-01,8.158831799358839953e-02,3.497383139452955869e-02,1.877205946231697009e-02,8.186208427122809717e-04,1.420781230449597032e-02,1.578026535462667690e-02,6.109177378024738259e-02,1.150642569347309629e-01
2.391069850643689348e-02,5.637719724491549456e-03,5.824664972693931186e-02,4.923742905595877850e-02,9.400036402674297187e-03,2.733263469028698184e-02,5.802088637758592155e-02,1.764354435118550835e-02,8.466905675286615085e-02,7.980186760522534062e-03,1.132984865212349757e-02,6.089150496609252450e-02,1.002510461903004524e-01,3.644987487716278007e-02,1.557512132249699310e-01,1.700194949026826996e-01,1.663575282440257763e-01,1.272003937855361588e-01,1.317921756094055930e-01,1.558156277784582544e-01,1.072769985632327921e-01,9.328747620936983509e-02,9.307104819329400924e-02,5.533345760286762643e-02,4.502503751250619413e-02,5.337177264754407874e-02,1.152116095705446180e-01,8.466879124836777792e-02,1.070505757662982282e-01,1.440966628416199824e-01,8.388016324514352418e-02,1.401849468981539171e-01,1.631500583865288789e-01,1.381956380882613244e-01,1.191165408710437301e-01,1.959155589217536075e-01,1.679614196128454695e-01,1.400199741916258178e-01,1.485867594314563833e-01,1.585694365642651704e-01,1.073791209920264555e-01,7.717250606241202182e-02,9.838557486415663855e-02,9.448814115056174134e-02,1.349357342403627591e-01,1.551456701463691523e-01,1.968052677514531557e-01,8.995069286964993416e-02,6.230717025148052590e-02,1.119235111065582100e-01,1.476252055996473134e-01,1.642433518282056248e-01,1.188738913875468234e-01,1.113606305019781972e-01,1.379605482343660428e-01,1.223041616185783775e-01,9.266387903168193940e-02,8.068702378676345655e-02,9.506994339730273635e-02,9.076368151344421653e-02,7.495885938106983115e-02,1.264084681552124501e-02,2.129585335144718039e-02,1.072952683210881553e-02,4.973889462246522397e-02,4.804015416053408760e-03,4.852187822365816583e-02,5.212554222251791769e-02,4.466378511251298256e-02,3.598398859662244043e-02,6.929448564227652652e-02,9.469460370244664471e-02,7.007741019905089352e-02,3.945326078713701223e-02,7.602357265731835012e-02,3.179413218625865012e-02,3.433295352076060070e-02,1.038865495411989137e-03,3.025053321631759884e-02,1.980259225105286680e-02,2.017537134929218642e-02,3.534999182517458566e-02,6.184286926843640675e-02,3.310900427149260361e-02,4.879618625321546777e-03,2.973654910174654276e-02,4.780247915704735617e-02,6.453857873719937022e-03,3.530744802129720528e-02,2.707232365542694419e-02,3.294568189584934359e-02,7.295567981101797050e-02,2.131635862897546252e-02,7.277757594873515701e-02,5.318195835492756096e-03,3.323500914643970350e-02,6.687220735954232942e-02,8.830502875422649445e-02,7.745278308653738564e-02,5.630077719755702259e-02,3.932678363769478991e-02,6.833333951597561629e-02,8.648648284297832944e-02,6.551885254325592878e-02,5.370375576706275245e-02,9.895086174922790301e-02,5.634474561796293246e-02,2.800793766931725104e-02,1.384745748685167754e-02,1.412475949704272704e-02,2.879739083618615414e-02,4.149882563199591701e-03,2.220446049250313081e-16,9.923984666133423005e-03,1.253869049372235978e-02,4.138775852875287153e-02,1.720372089757304934e-02,1.931356079211582477e-02,1.956877850106414352e-02,5.371159003622100192e-02,1.615809077774926772e-02,3.769015432094957596e-02,3.904638190153114641e-02,4.095225599147261919e-02,2.666523337508333591e-02,1.412712696218954012e-02,4.274997818249942627e-02,7.707444141419439454e-03,6.064230277772586497e-03,9.884926589833442634e-02,1.395137468775744793e-01,6.693169804037786552e-02,6.609569355733763141e-02,7.766927340817991743e-02,3.779615543376443898e-02,1.842267878033010398e-02,2.450769112868056432e-02,5.415447534356790382e-02,2.076109704388506838e-02,8.606578605941717086e-02,1.662676072093319246e-01
7.583147621576369346e-02,2.826684455665545714e-02,6.752908076176075691e-02,4.978026017944411907e-02,3.753062752827683590e-03,1.955901063636003578e-02,3.365986550464703658e-02,8.741347722011058585e-03,8.968405580886182338e-02,2.799147587547407001e-02,5.776440673005039939e-02,1.046827880639021879e-01,1.508995825047791950e-01,5.874930170892300740e-03,1.265766675351440718e-01,1.524927153185730022e-01,1.609042033347987399e-01,1.315611324873985355e-01,1.278239720543312141e-01,1.506276655614380289e-01,1.157442039273238188e-01,9.711535051671305041e-02,9.775649290042262574e-02,5.783284014388037630e-02,5.496544275234345467e-02,9.363853707369793056e-02,1.592519670556923617e-01,1.212727745091084081e-01,1.084077273206531800e-01,1.110636591676450735e-01,6.632633929655135097e-02,1.356439730527828069e-01,1.609005296769101534e-01,1.233221701990956098e-01,8.885771779859520658e-02,1.844666124165045828e-01,1.463037690287047055e-01,9.473673977357460751e-02,8.980156113117462868e-02,1.195972475224461179e-01,6.547329285782188535e-02,5.627008102256313149e-02,7.750142002344059811e-02,7.124219359832173470e-02,1.170388995083390671e-01,1.289946266659857399e-01,1.403630218511286998e-01,2.678053009377998062e-02,4.173061319830796007e-02,9.766752086513350029e-02,9.046200385010849665e-02,9.545872191905180326e-02,1.131328724769448679e-01,8.388002423766255378e-02,8.729911472077805934e-02,7.252308283021136059e-02,8.564474466400617825e-02,5.591310401978916156e-02,6.432205517334188549e-02,8.824321965812953472e-02,6.725918681042247771e-02,1.193133113892402841e-02,5.940763244187136083e-02,4.721415010016077884e-02,4.621228688925727024e-03,4.735768782037984292e-02,1.127582350880762946e-01,1.239592546412382479e-02,4.259453101125104668e-03,2.992799882328030237e-02,2.152165889724000358e-02,4.942529692684181908e-02,4.048518557802478768e-02,6.706165557325172166e-03,5.604682295373925038e-02,1.612437301719665816e-02,3.346137793293291196e-03,2.145650730203420287e-02,4.096663498504465872e-02,2.774156474876639245e-02,2.767723898688428941e-03,3.291701084027081475e-02,4.686522953260718882e-02,2.470569615240847394e-02,1.080537950203797060e-03,4.100207808213859884e-02,4.885657635483398042e-02,2.102279337503565326e-03,3.068986501365905673e-02,2.632613331036576243e-02,2.539813443684024730e-02,9.392281215471759426e-02,4.657414012025795635e-03,4.730698744526018462e-02,3.207446361254778777e-02,8.128344949773880224e-03,4.728515829349688726e-02,6.094704559060082349e-02,4.934331065014579965e-02,3.624489181428552920e-02,3.330819566042325652e-02,7.032307802991960566e-02,9.025202037084778528e-02,6.111239923475220159e-02,4.702092376802749496e-02,8.330733913412885494e-02,5.038815957952272329e-02,7.552853727781722037e-03,3.809255077939421863e-02,1.443765904345317708e-02,2.439073471080976940e-02,3.968046685569925902e-02,9.923984666133423005e-03,1.110223024625156540e-16,5.633330690169247035e-03,4.492846289751750710e-02,4.806692759132846771e-02,3.414049168811139623e-02,2.530568955402606734e-02,4.620749035535243188e-02,1.576266156102168470e-02,3.327486090323905632e-02,4.558778978785266167e-02,5.095702973893401211e-02,2.855255927291572293e-02,3.048760867481292713e-03,1.726376063214951628e-02,1.970875099928665053e-02,1.465874781947951178e-02,6.193910990087925228e-02,9.242893679867819623e-02,9.499642109969674841e-03,3.631087407661704597e-02,1.213662318841067927e-01,9.587838540834725531e-03,3.455104826591268163e-03,2.562736222855202528e-02,2.834084493390529036e-02,1.465198923499499983e-02,4.762140809366890992e-02,1.481769233256017282e-01
5.197649949310911843e-02,2.149136779724752054e-03,3.459498353737687493e-02,1.976037856121092007e-02,5.993091097147457830e-02,1.024049713204071566e-01,1.538726375074381258e-02,7.351548629012369385e-02,1.861386456023509106e-01,8.803624823500971752e-02,1.238067439685381910e-01,1.763671040861700123e-01,2.336392390667124119e-01,4.903381033574005787e-02,1.233544661138952225e-01,1.188338866955069850e-01,1.165783889389538919e-01,1.072744122531183453e-01,9.830587817254915484e-02,1.165147178432718866e-01,1.075279639707694690e-01,1.019098018861762101e-01,1.306318694235310551e-01,8.095555760202902129e-02,8.258590666012453896e-02,1.690544676937817126e-01,1.994615551449403501e-01,1.714892130182026631e-01,1.261019783320952992e-01,1.478602158093853258e-01,6.466054263945075764e-02,1.327513650879672547e-01,1.428071336212281550e-01,1.070073122672414861e-01,7.369284931498813751e-02,1.651248408415631475e-01,8.790834704734565297e-02,4.022761457708423638e-02,5.259051766259192906e-02,7.078903544294978811e-02,3.274956463605926960e-02,5.916732476440750288e-02,5.895686074963282786e-02,4.570984147166688716e-02,8.898084618296592252e-02,9.435566142719217786e-02,9.401533096175875015e-02,1.027176710228290546e-02,5.170432212273400052e-02,1.106352931325198519e-01,9.826630268980823812e-02,9.532693725695520759e-02,1.115233982801849821e-01,1.008281635473469162e-01,8.334398514159446769e-02,5.151231965733732432e-02,5.640003847652808044e-02,2.458725321843513445e-02,5.927867517002527453e-03,2.963155638482783960e-02,3.893393615352769288e-02,6.115843490547323569e-02,8.322349791408650832e-02,7.885926540179494237e-02,5.230101655825247775e-02,9.683669991453736081e-02,1.593519492038297514e-01,3.840114363868402103e-02,4.651000279492548128e-02,5.596739076971217475e-02,4.570910508010427031e-02,2.213164504566182689e-02,1.695539546253399532e-03,6.341135305526393595e-02,1.780133844476133875e-02,4.797054210611920166e-02,8.175859373513547079e-02,3.593802125947445636e-02,7.297427990296559419e-02,3.542453357080715959e-02,4.197086973084823702e-02,5.244969394690421338e-02,5.000445242728399076e-02,4.609679297594984626e-02,3.891362674831630453e-02,6.840038792721772620e-02,5.969361967369857247e-02,1.747852294312934873e-02,2.488813298856173972e-02,2.892230490434855028e-03,1.923283101172446052e-02,1.302016199822994547e-01,5.287770705317934583e-02,8.807518139988312900e-03,6.750898944470512530e-02,2.548138074130290587e-02,6.030285665536316841e-03,1.999485111399657011e-02,2.778520542852414010e-02,2.722290412521388703e-02,2.645899124816614156e-02,5.073093750007806602e-02,7.386506255844743629e-02,5.781908704820382106e-02,3.497531133325867958e-02,5.724733017901927762e-02,4.388105127051925708e-02,1.385680178242337801e-03,3.702598807024393146e-02,1.610725007754848503e-02,3.117709965962311980e-02,4.796690489774779742e-02,1.253869049372247080e-02,5.633330690169358057e-03,4.440892098500626162e-16,1.646410186824098787e-04,4.271269173251268647e-03,2.034577981421803461e-02,1.532969813476747767e-02,3.983714240103053417e-02,1.609828582637251593e-02,1.930746337777722310e-02,2.656405952463847253e-02,5.078731808237213485e-02,3.571089228239299196e-02,2.186640557430874487e-02,8.257481895455054399e-03,4.519761982954137447e-02,3.764360945817363246e-02,5.288805404537338939e-02,2.688298210890666118e-02,4.235676742531223338e-02,1.078525624156584650e-01,1.607037024561665528e-01,1.786437540373891908e-02,8.399771031147204581e-02,8.754612196652700185e-02,3.384851391566551237e-02,5.272113815707531181e-02,2.229029257343601023e-02,4.023731611207179149e-02
9.632382788709129007e-02,2.234311940493999282e-02,8.159328447636399195e-02,7.025097811463486275e-02,2.860737480185269674e-02,7.942493050901064389e-02,1.409055973015767294e-02,4.944187784622049164e-02,1.536044769120336329e-01,8.258656240005984861e-02,1.197137509973690839e-01,1.900323834442509408e-01,2.612543252314473152e-01,6.840223503970549457e-02,5.908407264975329420e-02,6.531650261823640502e-02,7.529065688451613836e-02,6.825961528686064206e-02,6.508248003603356313e-02,1.010893143046326381e-01,9.153345840269233591e-02,8.178586508638202579e-02,1.303691275505698965e-01,6.534490439045348431e-02,8.463504197380290750e-02,1.789422897221607245e-01,2.019004756509927279e-01,1.729430393591498971e-01,1.258243563440017698e-01,1.364506732660267507e-01,7.405284028815357911e-02,1.391995962733644787e-01,1.304804740586355538e-01,9.281987945867450907e-02,4.515390564827298503e-02,1.403728742969975185e-01,5.828860376065175819e-02,1.937437276958331456e-03,6.325656469669538318e-04,2.810763748139732954e-02,9.802466652153729587e-03,2.619478843521855227e-02,2.387791436452521565e-02,6.506841277634234366e-05,4.289017782241598409e-02,3.594895324033969830e-02,2.310405166325791085e-02,7.031128690929427938e-02,6.742707615585596947e-03,7.437923093615672610e-02,4.920723648845193310e-02,6.129902196754802302e-02,1.231951642684431802e-01,9.218164121126515287e-02,5.247883708436185124e-02,5.652712325722764053e-02,8.888201535302248102e-02,3.385226861020534939e-02,2.036395307490168616e-02,6.698086235962846802e-02,5.501145138925378486e-02,6.163654285397512922e-02,1.024379741739842864e-01,9.431671753434350824e-02,7.161824954365197948e-02,1.363250123401764102e-01,2.016303811265863499e-01,9.249161264448349518e-02,9.435045884947823591e-02,1.194755462510981858e-01,7.696716531103853232e-02,1.266010240421616695e-02,1.514340568374017426e-02,6.904245748451227904e-02,1.333342237675863573e-02,3.062587161167515393e-02,8.323659764414109707e-02,2.046071240471941666e-02,6.400206759654925026e-02,1.680630100380420267e-02,4.249775561495200416e-02,1.063508617284394941e-02,3.022614872635942529e-03,5.815761339320824064e-03,1.057684672942760251e-02,5.850025190962371280e-02,3.265875084853131494e-02,1.527618899656213447e-02,2.323146095774891728e-02,6.605905395237199329e-04,2.583057821685108557e-03,1.430504128787034035e-01,5.476383903237702633e-02,2.594379627481396833e-02,9.393158360218811787e-02,4.444554838760311766e-02,1.496916271545067900e-02,9.530137989979647895e-03,1.132080720152345288e-02,1.746132747802209284e-02,8.441532742654078714e-03,2.285788387377007957e-02,5.388194772160947998e-02,3.371047103345170548e-02,2.701833762770300407e-02,5.615161800006177040e-02,5.788388355281873232e-02,4.454752935458029806e-04,1.466882644056391460e-02,6.131173955149948895e-02,4.839921889243115061e-02,5.575618577294971789e-02,4.138775852875287153e-02,4.492846289751739608e-02,1.646410186825209010e-04,0.000000000000000000e+00,4.428325180809600248e-03,5.734447283467725143e-03,2.678366981189550522e-02,2.333974453570197838e-03,1.039729018522084214e-02,1.354198053042254823e-02,2.643895824039355080e-02,7.333549658575932995e-02,5.856015804876768538e-02,2.030462464688709279e-02,6.486576685079648019e-02,1.058739671026166507e-01,9.878475460592794910e-02,3.628644558755872440e-02,6.744900729765587744e-02,1.388801468128147143e-01,1.206446181649612481e-01,1.615149540547331508e-01,2.717133406907519533e-02,9.554811938339743960e-02,9.230638440173649650e-02,2.373594066720441376e-02,4.577280228396569950e-02,2.892576857812226288e-02,3.393075057296393582e-02
1.073500702306008081e-01,2.715136351454643104e-02,7.617494000430938272e-02,8.451456823896119630e-02,2.705732399942280264e-02,1.059096452338470773e-01,1.500709464092891965e-03,5.556724291359529944e-02,1.733752106878881927e-01,1.120568333893970925e-01,1.399543899616295661e-01,2.058616453811434321e-01,2.928353899347833078e-01,1.113099756799857953e-01,1.683904930169116687e-02,4.222145302272495293e-03,9.233996565424784642e-03,7.769186437300845682e-04,5.763933879262217452e-03,2.256921752048968166e-02,3.311564490704188568e-02,3.659203314083120384e-02,1.082621136347611257e-01,3.260818041263624512e-02,7.210234590801684051e-02,1.733958112379332395e-01,1.619685201741904723e-01,1.546700661680840416e-01,8.736403587299597373e-02,9.771833306828722754e-02,3.927819119560133077e-02,9.113772026703188811e-02,6.451658107338553716e-02,3.866518996915019324e-02,3.492845470367197946e-04,7.483753179222257801e-02,1.738455144232112226e-02,6.186819222731673729e-02,3.926814817670359892e-02,1.899368736117257317e-02,2.759961763030821524e-02,3.697053958461266054e-02,1.253661764613167584e-03,2.799127639839746329e-02,8.567324319025650808e-03,1.462061163896638018e-02,2.199485420102140210e-02,5.600384355278706372e-02,5.867453192088739611e-02,1.192126248358557072e-01,7.191012509317451507e-02,7.388047390368784884e-02,1.467172610819232337e-01,1.218406850611821746e-01,4.774103540380453259e-02,3.800005990274427092e-02,8.162915832483674805e-02,1.299596142549253042e-02,2.219380148275207354e-02,3.373500708026599959e-02,2.777456058515798132e-02,1.044048456721227702e-01,1.437623618150275506e-01,1.342702624326164718e-01,1.318155160926088587e-01,2.020588097665913518e-01,2.655480249003818738e-01,1.426202365796481186e-01,1.532572297663662431e-01,1.819988598389767342e-01,1.538652775849529419e-01,6.188562492753182931e-02,5.265332853952073289e-02,1.363012853589048445e-01,8.466267255633708189e-02,9.533369463763805007e-02,1.668817816520178354e-01,7.354400891829587783e-02,1.325588625144329402e-01,6.438544061377116101e-02,8.629387874980093409e-02,7.201383589932941476e-03,4.730722912708486966e-02,3.215462961136802966e-02,1.149102902797538572e-02,2.599828174428053806e-02,1.322536489219300337e-02,3.151040883583328123e-02,1.934111654203946040e-02,3.366311529315096918e-02,2.030435413629871899e-02,1.373603646831649538e-01,7.459300538323754282e-02,7.458112409327635750e-02,1.221856464807078713e-01,7.105756986292888211e-02,5.667330373395612630e-02,6.152997625858969144e-02,6.029434553383195006e-02,7.000723284058790741e-02,5.779442554188068959e-02,4.059509308288344887e-02,1.798197083186586775e-02,3.847730124170040122e-02,4.844838807359735933e-02,3.245344803436245318e-02,2.138826150933809123e-02,7.937860723133732810e-02,8.478870387935903696e-02,1.785787934416978306e-03,7.244848965123340534e-04,1.068569773226752950e-01,1.720372089757293832e-02,4.806692759132846771e-02,4.271269173251157625e-03,4.428325180809378203e-03,0.000000000000000000e+00,1.288507208518607783e-02,2.533579652135586890e-02,2.501406032318154171e-02,1.877236241824009610e-03,3.893500083845402582e-02,7.486030707564328424e-02,1.406536360991809120e-01,1.293414406730484245e-01,6.906213951131778828e-02,1.233954975855273140e-01,1.699158291928828390e-01,1.541081370556942887e-01,6.943779703492466981e-02,1.415553422928347849e-01,2.128027827385717830e-01,1.713389914360248234e-01,1.847424210570775827e-01,5.857397309093503868e-02,1.584226400078284913e-01,1.378857570286650125e-01,6.392096019089973935e-02,8.317341766818833748e-02,8.547381391455315114e-02,5.576890558954454569e-02
4.917587053516120355e-02,3.272024008665025407e-03,3.462117465356627510e-02,5.213376628842186777e-02,6.006932482733547130e-02,1.480450571416046801e-01,1.869552842479174637e-02,6.752422684568631928e-02,2.090667375441818410e-01,1.167278809094474123e-01,1.297825424903164548e-01,1.888370660927241595e-01,2.724734976972502665e-01,8.768880177645443919e-02,6.193648252773023555e-02,2.428696956672923846e-02,2.324499090097575937e-03,5.609253939967862035e-03,2.567164445165082132e-03,2.158692004403139908e-02,2.955509130712330457e-02,4.085084237004366070e-02,1.104649791972636130e-01,2.957050938296679199e-02,6.397483871287415469e-02,1.470946245571052580e-01,1.282233051938377888e-01,1.333361377138153614e-01,8.438681595097537180e-02,1.321963890152040577e-01,3.737715854972761820e-02,8.453202852968592917e-02,6.441094330157737247e-02,4.849408489365647501e-02,3.252239834657784379e-02,8.912516095518992210e-02,3.210246410591643951e-03,1.986801283950551111e-02,2.166924168666845008e-02,2.167942994235949605e-02,1.911533985658975254e-02,7.355053418589541092e-02,3.136294997094651871e-02,8.543835161309076831e-03,2.170823315890135774e-02,2.352541798963658781e-02,3.899195744826125520e-02,2.088699127860960125e-02,9.224641952845055726e-02,1.458643606105622936e-01,1.329586134771034156e-01,1.277097131936319185e-01,1.428898584884685796e-01,1.469738170949812517e-01,9.751675938050041736e-02,6.090344840699252194e-02,6.622046205369258587e-02,2.161475493974185369e-02,1.648609552217084051e-02,5.579932699649181593e-04,1.850714627455918304e-02,8.825647230590261128e-02,1.050960266613171212e-01,8.474484801658854760e-02,9.012124798504822509e-02,1.492614449839915758e-01,1.995194321253199454e-01,7.009410597303772361e-02,9.565512785016994091e-02,1.103284067510230254e-01,1.165024035527746638e-01,1.923583029117650889e-02,3.176656336041311368e-02,1.279358352267973287e-01,8.665621524252073438e-02,1.049807529768263248e-01,1.589340522648863829e-01,8.037168918681869556e-02,1.425458609549041800e-01,7.338414636446521921e-02,8.093646810655114043e-02,2.876632901244741136e-02,2.584308315540678747e-02,8.410096097237917956e-03,2.515651817605946139e-02,2.187526057033511995e-02,3.444314249806623707e-03,5.910831122612203448e-03,1.410731063201786650e-02,3.010927637766636078e-02,6.044890341406206069e-04,1.074838938070828420e-01,6.243796645252411293e-02,5.412609999211145939e-02,9.394828158549139996e-02,4.904383984814097985e-02,4.006061194985965912e-02,3.306494006893678783e-02,2.397005625792841821e-02,4.452944422349119913e-02,5.447962258215716114e-02,3.862760239812601526e-02,1.806264332432566677e-02,3.970410054856488014e-02,6.052974705180388937e-02,4.143155829483982644e-02,3.912336677354960601e-02,8.111901291774373246e-02,9.508901757415957889e-02,2.440059062911020815e-02,1.783563653220188172e-03,7.695329817930296468e-02,1.931356079211560273e-02,3.414049168811117418e-02,2.034577981421792359e-02,5.734447283467614120e-03,1.288507208518607783e-02,0.000000000000000000e+00,1.517854630623483025e-03,3.118430387729853592e-03,1.722118285810814164e-02,4.763867374255104092e-02,7.246724108919055940e-02,1.218429285078899693e-01,1.187741805412933505e-01,4.134703851937288066e-02,7.079450697672384774e-02,1.247281970358562891e-01,1.082791464329336539e-01,3.593982725200828982e-03,6.218564500015155705e-02,1.000959938337873667e-01,1.792203919490450992e-01,1.622806413312948282e-01,3.333232019643400657e-02,1.419167826690564960e-01,1.066775895392339246e-01,5.567184287457935254e-02,8.068830126397827374e-02,6.125741981160776062e-02,5.704005342717226312e-02
1.617176174197359692e-02,2.597026255435377906e-02,1.039613823433044315e-02,3.714476390995327670e-03,9.099422674350562956e-02,1.752961330291765152e-01,6.462309401390253782e-02,1.095054061421596447e-01,2.322514643864284911e-01,1.418955534372086658e-01,1.547783764194656242e-01,1.964611901729143850e-01,2.644164290696583430e-01,1.019793090918628686e-01,5.264009498284136224e-02,1.924688409784954153e-03,3.137487820700709390e-02,1.035848155140675630e-02,2.074020913076124462e-02,1.840342233851000042e-02,1.340569533845559214e-02,3.269449254879031042e-02,9.893535813280557312e-02,2.841530135361652887e-02,6.348198486788886319e-02,1.569566890147399141e-01,1.168773855345867640e-01,1.284420955353481608e-01,6.272790207568512688e-02,9.834799714236854007e-02,7.124897852724798586e-03,5.243029883020798587e-02,2.786175099555652374e-02,1.642232311409186352e-02,1.308154909465179122e-02,4.717424919881792189e-02,4.367491717189581069e-02,5.409827542968351222e-02,9.095567945379412489e-03,1.992039347071561384e-02,5.109573321721350148e-03,6.455422381345066185e-02,9.828651559163015250e-03,7.871767229141679589e-03,2.305989527810137218e-03,1.936805094980342812e-03,3.890464031674367718e-03,2.993922367801316042e-02,1.053082811265701468e-01,1.396953828649074580e-01,1.133391880449385880e-01,9.501232595485359367e-02,1.018035189319682898e-01,1.212443543447326300e-01,7.114408185535109341e-02,1.575696925107039625e-02,1.505511722887722947e-02,1.116520571170015463e-02,6.057626941110369478e-02,5.690968070501950526e-02,1.982496432791786001e-02,1.074794532074173081e-01,1.021576572066056343e-01,9.684122831877461923e-02,1.065507621837774033e-01,1.393332544765217007e-01,1.841618973236399670e-01,6.690871767978795459e-02,9.076855637241917907e-02,1.003186821552255054e-01,1.358907162854579853e-01,3.639160573642596930e-02,5.463071208951124358e-02,1.470012408439649587e-01,1.216381001943521167e-01,1.339631989419040048e-01,1.837431635931997820e-01,8.182925673005614353e-02,1.350238409099633330e-01,6.226082776645991412e-02,8.489858671687378067e-02,3.020721833642914245e-02,2.464700602715930167e-02,2.026168533232536317e-03,4.207678478852747150e-02,3.356881299488601034e-02,1.109190069040366655e-03,1.079404991305543682e-02,5.855852992035504023e-04,3.858176438479116177e-02,3.733207286610640274e-03,8.123154425898884701e-02,7.418567897925137933e-02,7.371214450682161967e-02,8.992536319392072097e-02,5.159931531720479692e-02,5.399343845902018768e-02,4.743730773055843120e-02,2.959468455773839324e-02,4.304719584289690149e-02,5.445843718198811745e-02,5.061546615781870040e-02,3.273936203035110459e-02,4.421752013652649471e-02,6.896498077412008265e-02,6.254496636277756538e-02,5.419363998455158093e-02,8.165734908587202190e-02,9.037753302565043612e-02,3.398775478475236922e-02,5.933364902173110522e-03,7.079902945066307574e-02,1.956877850106419903e-02,2.530568955402606734e-02,1.532969813476736665e-02,2.678366981189539420e-02,2.533579652135564686e-02,1.517854630623483025e-03,0.000000000000000000e+00,7.602314564481016390e-05,1.537188062422900625e-02,2.866926679623571506e-02,4.715862587276753448e-02,9.179982794161545279e-02,9.160066298567545728e-02,1.610727351743812541e-02,4.555736015511957504e-02,9.468822087104582230e-02,7.950489658979553731e-02,8.712687159422527472e-03,7.131582892116222760e-02,8.902191480541701840e-02,1.598564491986208258e-01,1.526839552448733262e-01,5.538926866647045366e-02,1.602320624417604145e-01,1.310646361144034711e-01,9.867046984913863117e-02,1.099248983479751696e-01,9.611072519122101920e-02,1.145450390888856917e-01
3.784122152510521753e-02,5.282858804415288545e-02,2.040088523051231117e-02,1.634209541363199070e-02,1.114277184330060844e-01,1.840513204640618627e-01,5.268751628699919198e-02,1.115854956075225113e-01,2.504249676943294256e-01,1.137068948735418528e-01,1.351688394170835750e-01,1.767696058199926812e-01,2.150179795597919052e-01,6.618073238245414380e-02,8.920612071210679006e-02,2.414013972948665654e-02,1.413543333318972861e-02,6.540978993175551592e-03,9.023889434653653563e-04,3.533708601040075337e-03,2.608609999834354820e-02,5.458739951619873132e-02,1.113705107127027083e-01,7.062742437335023382e-02,7.267311402644063834e-02,1.401521432909092202e-01,1.035797707036982818e-01,1.207797416825305697e-01,8.406334465541669132e-02,1.336281654844143074e-01,1.945335963303740368e-02,5.584568037907661209e-02,3.623710742512192828e-02,4.382285680530212391e-02,6.965519555409013797e-02,7.130201415130155151e-02,1.710101767492244740e-02,9.652098086356808437e-04,4.856650647218885286e-02,2.183211542278962192e-03,1.595127672413698683e-02,6.045729861087956181e-02,1.080916397743458823e-02,1.470720719266793708e-03,1.105527107516568464e-02,1.775845944543996691e-02,4.677169133430947312e-02,8.339866446042104586e-02,1.245358650339688511e-01,1.559045239215028911e-01,1.544018784795648247e-01,1.495680959541084154e-01,9.970723864023507688e-02,1.371421435106286446e-01,1.218470042386604890e-01,5.419727043092786162e-02,8.340100163696712032e-03,7.452677289883635758e-03,3.762084899784945424e-02,7.218145914915929939e-02,2.536500659557588966e-02,9.081519044913682892e-02,7.394781189480997829e-02,5.384159538747607110e-02,6.237534664232574633e-02,9.635924641287174630e-02,1.262130922823649359e-01,4.363386390357826272e-03,2.908114247783946671e-02,3.489434140097685821e-02,7.264946521911871957e-02,2.171046440354149065e-02,2.325129707459598974e-02,9.882824241106008545e-02,8.446656283732829895e-02,9.667631591836445271e-02,1.350418911348736928e-01,4.291449902209765188e-02,1.026111731247904557e-01,3.516387119008013151e-02,4.612913975911858699e-02,1.387504481168455595e-02,2.201024398798168136e-02,1.892320302011085698e-03,2.207439081456952223e-02,2.639619655190700298e-02,8.091142003817629325e-03,2.694813666294751386e-02,7.989426855190717713e-03,3.417643506290996003e-02,2.130230940695121422e-02,5.951585025599104295e-02,6.537455520575352619e-02,3.628649106278691860e-02,4.040486364853176915e-02,1.448038034120485706e-02,1.379139570405313320e-02,1.080399800494125095e-03,2.005685029375686712e-02,3.278530217764474841e-03,3.669852043778393247e-02,3.365406146693755707e-02,1.808866452740734432e-02,3.517824163948318761e-02,6.124973009630774873e-02,3.868861459004651476e-02,4.633270044304567403e-02,6.209784847266053287e-02,5.831259629257828925e-02,9.850250422542838891e-03,1.306192730529665003e-02,1.734739432927723257e-02,5.371159003622089090e-02,4.620749035535237637e-02,3.983714240103042314e-02,2.333974453570308860e-03,2.501406032318131967e-02,3.118430387729853592e-03,7.602314564469914160e-05,2.220446049250313081e-16,2.094189819506597772e-03,3.340693369065950158e-02,3.835945755213637787e-02,7.753136788210548969e-02,8.743137015972435311e-02,1.962314807583659393e-02,3.049233179867624766e-02,7.952679913184551586e-02,7.125792020698737406e-02,1.590718128377954788e-02,2.536743648928796446e-02,1.135300292252228171e-02,1.532224327038227973e-01,1.318025815371784148e-01,3.569850122581766372e-02,1.311564514691000438e-01,1.034265037276385080e-01,9.033516996628476736e-02,9.915347574720577428e-02,5.823243464294797223e-02,6.996519078989207885e-02
2.186509033692190032e-02,5.374793756636414566e-02,4.011976661974572811e-02,4.712874116101929689e-02,1.249715689054277379e-01,1.899680663049816698e-01,9.547349369874835734e-02,1.554430735765138238e-01,2.576543951690152268e-01,1.487678054148456330e-01,1.788124319208961033e-01,2.113265061061943839e-01,2.395078742047185294e-01,1.044594044227601937e-01,6.494735564813072792e-02,4.244581296131588743e-03,2.879769615342083963e-02,9.758406866486032949e-03,9.179141515864741585e-03,2.712365512349007579e-02,2.219798383523036156e-02,4.842399782351153315e-02,9.098476671467298216e-02,8.443263365300385237e-02,7.651919312902033532e-02,1.669659919672832338e-01,1.293809778011942024e-01,1.416661045624122983e-01,6.470427481580814932e-02,5.804786613040061050e-02,1.477618296523313182e-02,2.335947208716644685e-02,1.507057361108068115e-02,2.600142099400071238e-02,4.906808525462719173e-02,4.767153859929064430e-02,3.963705462161878912e-02,2.725039466814585531e-02,6.441975176654068935e-03,3.581272487712544583e-02,1.750938650331235191e-02,3.946329128895287308e-02,1.363910535604984098e-02,2.436834433619761153e-02,1.048583140817915815e-02,6.841891019403745222e-03,4.635350267572557748e-03,4.955948669197196566e-02,1.134943594786413934e-01,1.422151447352007492e-01,9.986750597450511080e-02,7.388593682410007912e-02,6.879893981198131891e-02,9.404775715348456799e-02,6.700488468473936310e-02,1.027109459938424507e-02,2.719497236663123707e-02,3.163376914455440225e-02,8.128924801413806023e-02,9.675974663542535881e-02,4.736882156191485338e-02,1.173256167862262167e-01,1.071079451025642171e-01,1.087797886453311658e-01,9.906427039840404181e-02,1.102395903365624708e-01,1.537062728601343020e-01,2.312886076693969339e-02,3.302334975578918863e-02,4.162894692931030927e-02,8.742573790772793785e-02,7.202318024736670266e-03,2.957284634118406697e-02,1.012706858176925517e-01,9.486662411769647418e-02,1.080770982432823213e-01,1.481216517183323589e-01,4.812524876110035876e-02,9.401496447270574208e-02,2.955726274360437333e-02,4.002501055966578569e-02,1.493624692581851932e-02,2.016064714909837630e-02,9.871724129339232157e-03,3.120623482863404963e-02,2.852997759841094383e-02,1.636604419367340690e-02,3.001514274483765843e-02,1.138435508185291212e-02,4.221199711815465383e-02,1.832325233694576117e-02,6.314368306782597307e-02,7.357310582547926803e-02,4.372437712701615631e-02,4.555528278877490900e-02,1.731463816870021377e-02,1.149919766326157333e-02,6.295133062787394707e-03,2.046780311070395264e-02,9.372825536506423916e-03,1.441737788109215268e-02,8.341827504571408536e-03,1.198438912370647369e-03,1.871908487653009545e-02,4.862609485293888090e-02,3.635510002046332678e-02,5.433146678196426604e-02,7.341133809179892222e-02,7.793588049464306167e-02,3.880595945407004643e-02,1.536186340272505113e-02,5.835107099481706694e-02,1.615809077774926772e-02,1.576266156102162919e-02,1.609828582637240491e-02,1.039729018522073112e-02,1.877236241824009610e-03,1.722118285810814164e-02,1.537188062422900625e-02,2.094189819506597772e-03,0.000000000000000000e+00,1.045506670741092048e-02,2.631578519937893823e-02,6.130316233545574089e-02,7.257149982861982318e-02,5.845824380153463729e-04,4.133693858839049273e-03,5.903888975523000071e-02,5.354875471636762196e-02,3.496111657011641283e-02,1.975201849344590532e-02,2.249206920956350886e-02,1.076973722118647891e-01,1.441363064995810350e-01,5.763099888253639391e-02,1.334024527261629123e-01,1.440449750707969434e-01,1.173145199246122400e-01,1.102032005392287878e-01,9.316484432487363854e-02,8.762430374885626927e-02
7.138072644101520203e-02,7.298541905362332383e-03,9.563233135998036594e-03,3.358090553571532744e-02,8.365389566090290774e-02,1.162004193913358241e-01,9.863096852832092809e-02,1.602464020780322573e-01,1.993729017467342213e-01,1.548092028664676267e-01,2.080031997436653790e-01,2.348957328055846783e-01,2.605368677731949578e-01,1.396132391070568635e-01,1.620444096905745979e-02,1.093006434386145642e-03,2.424724995709337527e-03,3.595096161891847553e-02,5.268102282887987542e-03,3.089237141544021181e-03,4.474606095221711488e-02,4.904047741674838479e-02,7.495725178553741541e-02,7.540181204365076217e-02,7.536377475123870462e-02,1.913791211189163344e-01,1.858416171875361678e-01,1.743962694834703953e-01,6.847230243068461175e-02,1.691901169924913198e-02,2.939312194156096236e-02,1.822440055522581148e-02,3.756515581863803521e-02,2.929893840544145478e-02,1.495508274696380480e-02,5.253906258578754096e-02,6.879312979009502213e-03,2.340431776942481987e-02,2.976671201707303815e-02,4.130453042448281598e-02,3.587667215438583579e-02,1.173440885114029886e-02,1.844121667105924622e-02,3.545960112284318733e-02,1.288647726070309141e-02,1.818356371717566589e-02,5.455434626259844655e-02,5.885903894143951209e-02,3.178134299683837982e-02,8.697135772523201247e-02,7.155198453896893795e-03,3.533660381742959045e-02,6.141784376564080050e-02,4.754266715618171713e-02,1.014580601126541248e-02,5.086752641256064855e-02,1.680146842016005948e-03,2.947414470044634749e-02,7.170805345300698685e-02,3.340694745907524243e-02,1.124654801219671096e-02,9.939074146515303187e-02,1.208494282884813031e-01,1.421990338251499786e-01,1.112173248384602797e-01,1.177231860059818058e-01,1.750282430291680014e-01,6.568732739541990884e-02,6.138224342903697561e-02,6.970918147513127661e-02,7.446536053111907361e-02,1.695432557419748743e-02,3.087481234430461408e-02,6.403495565749245388e-02,3.951279683091130090e-02,5.096030231413667400e-02,8.819353231117471603e-02,4.905817422237723768e-03,2.856030421730204605e-02,7.278793724499688089e-03,2.330143899050163281e-02,1.308749415028764851e-02,1.116009061830441906e-02,6.794662938844509004e-03,1.410388076465893259e-02,5.959442422145729695e-02,2.725042963339702196e-02,1.388670354369081483e-02,3.200867552876685007e-02,3.733878826438385978e-02,1.462080671878795979e-02,1.200724629705910984e-01,8.289186506224718864e-02,5.581571695915193976e-02,9.029815000203017528e-02,5.933672683216656418e-02,2.741018801650380032e-02,2.362962201823920472e-02,1.101121258719428564e-02,9.740911296405418973e-03,2.506062157604738161e-03,2.643966289286348026e-02,4.257722819811537995e-02,3.165616746073701693e-02,2.293803570977070994e-02,3.467767153553485970e-02,2.442512222845200087e-02,9.341430487577358222e-04,7.073887728718870893e-03,2.778983297508141881e-02,4.296155057437828217e-02,3.558982548071260021e-02,3.769015432094968698e-02,3.327486090323905632e-02,1.930746337777722310e-02,1.354198053042232619e-02,3.893500083845402582e-02,4.763867374255104092e-02,2.866926679623571506e-02,3.340693369065939056e-02,1.045506670741103150e-02,1.110223024625156540e-16,2.722311253935738584e-03,2.219096208538340331e-02,2.936063565076463266e-02,1.006629219312071832e-02,1.255613726051096890e-04,4.447909323947296656e-02,5.003790874307711967e-02,1.075742305746002492e-02,3.910431424177793214e-02,1.057252220319727376e-01,3.842868350127141841e-02,1.606566854927094501e-01,4.018572532431702315e-02,9.151067795654536929e-02,1.535767447563699539e-01,7.950838983510266633e-02,6.067019315716751238e-02,8.997256623404498166e-02,3.130831776526364629e-02
1.020426651319777389e-01,1.796117794659998768e-02,9.878126600386172296e-03,2.817524490350831190e-02,6.928259783356877088e-02,9.789739013430642789e-02,1.166904132456653143e-01,1.677493322369879858e-01,1.663782219554864050e-01,1.784754960638151866e-01,2.325993733725203461e-01,2.509414308001330918e-01,2.761425940270202384e-01,1.934451525332600008e-01,7.370775339445914676e-02,7.344516183085589289e-02,5.464494344374726253e-02,1.734308049401389606e-02,5.339869702801258722e-02,5.961124127553890650e-02,6.686351576957738629e-04,2.315944916803869269e-03,2.594865437636711958e-02,5.190580968639435522e-02,6.054752017928491381e-02,1.836620592628240012e-01,1.761127434001680814e-01,1.683198035706518492e-01,4.434080277999041808e-02,1.109217143914882631e-03,3.028217693070542338e-02,3.474257297338911865e-03,6.183845323361636392e-03,6.476948956731592988e-03,5.206313382680677337e-02,9.091181090686767385e-03,5.725709889675886788e-02,8.383917843006925830e-02,1.098542788421105615e-01,9.596492386215063619e-02,7.546179298932315094e-02,1.362604730135319464e-02,5.433398662398727930e-02,7.429651748893389973e-02,6.307917788480262022e-02,8.390062747254367626e-02,1.548247905567561311e-01,1.538912591880286507e-01,2.489742358297508673e-02,3.386525491383662878e-02,7.281179501951728916e-02,1.314778507352610259e-01,3.514508382066167114e-02,7.201290611717925394e-03,5.507249042661122029e-02,9.395021443179013554e-02,2.007767111401603799e-04,3.676403436847214268e-02,9.166368414559729338e-02,1.364453931851278279e-02,8.938723587432140238e-03,1.045777922789882519e-01,1.280698275932423413e-01,1.538879634219088854e-01,1.345367946812976168e-01,1.300009971107563833e-01,1.792477035218018044e-01,1.129015148703771398e-01,9.719706559645541200e-02,1.070036976992998490e-01,1.042769229357370930e-01,5.867060073366248130e-02,3.945497381634341383e-02,7.878292909567613522e-02,6.290663803320500902e-02,6.672703594078205347e-02,1.065377272802375819e-01,1.573015377152353622e-02,1.973406062699234464e-02,1.408432413530835703e-03,4.434091376937887574e-02,1.257887730684736916e-02,7.892718815199983862e-03,1.003979020381384757e-02,1.492249351770173066e-02,2.908027609821467463e-02,8.653479134821673302e-03,4.425104230026472019e-02,4.466304629831416295e-02,7.051809766597616491e-02,5.664353787674619722e-02,1.430363023096701269e-01,1.148791681824959526e-01,9.764160871463906100e-02,1.161623656108305425e-01,9.610922321994508355e-02,6.755163316947537799e-02,7.713478131900258772e-02,7.007772261526101776e-02,6.250472175994681301e-02,3.216326539428049358e-02,1.413995194877193384e-02,2.350932980069386780e-03,8.883432507574839931e-04,4.157280278673902707e-03,3.186379441245668076e-03,8.924098892530207827e-03,3.603670523742108500e-03,1.838131421033784019e-03,2.718198868391727419e-02,3.931553132461611255e-02,4.315472137092903060e-02,3.904638190153114641e-02,4.558778978785266167e-02,2.656405952463847253e-02,2.643895824039355080e-02,7.486030707564339526e-02,7.246724108919044838e-02,4.715862587276753448e-02,3.835945755213637787e-02,2.631578519937882721e-02,2.722311253935738584e-03,0.000000000000000000e+00,1.944914237454720141e-02,3.572723762430884964e-02,1.669107923402557425e-02,3.763917800058369512e-02,6.786830441013719240e-02,8.104932799713437941e-02,5.437113955184147418e-02,1.273986358519391682e-01,2.313523501460930110e-01,1.810029923192756768e-02,1.296998625850334097e-01,7.295676995696660783e-02,9.947745298086513310e-02,1.640967917551692246e-01,9.987287972947293813e-02,8.001819190342129851e-02,1.333398046211076438e-01,8.315510466355199859e-02
1.287276489298552762e-01,3.996675314344988461e-02,1.726215098772598822e-02,3.744869442414339167e-02,3.952116696792218331e-02,3.535855085713085488e-02,1.219860120559235483e-01,1.534358458417675597e-01,9.094872125061163881e-02,1.667372353733878876e-01,2.202989093710318591e-01,2.172386293663431667e-01,2.360395690904971699e-01,1.982858432388698577e-01,1.080859848525824174e-01,7.564508357952437478e-02,3.871864958200238460e-02,9.831226563840389510e-03,5.248151240177573174e-02,5.877771416720389830e-02,3.684391604682535348e-03,2.315462832620601707e-02,1.720621590558557568e-02,6.425157434732625683e-03,2.798016782496565158e-02,1.478434434626701433e-01,1.572672067020768893e-01,1.415400064912267220e-01,1.361997615385190930e-02,5.135614135562547450e-02,3.304334707870354437e-02,8.531390033809649331e-03,1.419438019146090912e-02,1.101265961678060679e-02,8.804602706689601543e-02,2.654258972562884011e-02,4.099831125956587830e-02,8.874333824453634056e-02,1.422365510956042911e-01,9.449576728972480799e-02,8.182620071826748887e-02,2.566911163429150267e-02,4.804034805188826807e-02,6.253127522724670484e-02,5.625122289554621013e-02,8.080502936853957430e-02,1.754683296912047386e-01,1.987689419569521609e-01,7.497659685467583657e-02,1.821997860162738458e-02,1.357391055979370043e-01,2.132369321295805586e-01,1.920267765071592692e-03,3.935740476845661640e-02,9.978559306012350916e-02,1.218578524992428580e-01,1.238106158426421910e-02,1.079734400343049239e-02,6.185110092958859274e-02,5.234466858672928713e-02,3.977030732962843346e-02,4.412137491404238832e-02,7.997295935567688696e-02,1.131486548040644413e-01,8.945269550030265915e-02,7.511360668114819283e-02,1.256779182505884940e-01,1.199241980853902323e-01,9.429348209630578070e-02,1.065036192252546421e-01,8.674059700605563084e-02,7.567847762134610745e-02,3.352615932072056104e-02,5.443670249576459952e-02,3.591174169391808668e-02,5.149442670837409142e-02,8.454585767727923473e-02,3.304162486528472442e-02,9.916730521027150580e-03,1.943560301148450353e-02,4.941697091840596689e-02,2.758800943155105545e-02,5.260983735503321768e-03,1.367692817490356871e-02,7.578134776935752104e-03,8.571334629978277775e-03,2.735581216826221684e-02,7.400705484175357229e-02,5.902497123010050362e-02,7.222412254657356590e-02,7.634783015288248986e-02,1.404510364894103747e-01,9.625727782521861786e-02,8.721358616790478302e-02,1.132030542661876249e-01,9.951577837348607458e-02,6.314873196989914672e-02,7.765466880090399204e-02,8.242838122424467340e-02,7.962565580736491455e-02,4.198922491675327606e-02,1.701213349235108918e-02,9.074022163508499439e-03,3.212503102810293498e-03,9.170269322306467963e-03,1.034427952615490920e-03,1.330188317498298689e-02,1.504850781484812217e-02,2.459201043138059539e-02,2.965175780015077978e-02,4.893572768930540273e-02,1.280296295470589873e-02,4.095225599147250123e-02,5.095702973893390109e-02,5.078731808237246792e-02,7.333549658575932995e-02,1.406536360991808565e-01,1.218429285078900248e-01,9.179982794161545279e-02,7.753136788210547581e-02,6.130316233545585192e-02,2.219096208538318127e-02,1.944914237454720141e-02,4.440892098500626162e-16,1.592695592895387868e-02,3.192271060119200587e-02,3.108671789948103115e-02,3.294845483037300848e-02,5.981644556294041237e-02,7.160777192887557430e-02,1.297839638491825043e-01,2.625830599674947585e-01,7.803509913351905358e-02,4.021382910890988760e-02,5.814546379621605976e-02,2.482870387194252570e-02,1.065172718916841954e-01,7.174970133090113888e-02,5.802700504613781535e-02,1.120023458691946916e-01,6.007745425455169458e-02
1.524222918672901717e-01,5.305694428838625409e-02,2.861485399540564245e-02,8.202831218583839235e-03,3.983156327417025633e-03,2.072899840142056194e-03,6.598942028872639698e-02,9.478539712164379960e-02,7.137978736722420947e-02,1.174136946437148304e-01,1.698406736091473135e-01,1.779011746517555337e-01,2.178416188919456153e-01,1.459762023047133095e-01,5.365056883023183731e-02,1.878082562973515390e-02,1.516792505610353725e-02,2.905633774419569271e-02,1.838672233939964151e-03,6.777300007280384619e-03,3.331012804996014154e-02,1.395556148751453396e-02,2.812702534639255347e-02,1.960771668099342557e-02,4.060365904417090333e-02,1.531105241543438134e-01,1.837478632324462957e-01,1.538169304185214026e-01,4.667424751398982496e-02,1.681619077752813385e-03,1.174350282882583030e-03,4.545076154599664298e-02,5.761372819474813722e-02,6.157130858538695239e-03,8.944473683644506290e-02,1.331256168094271941e-02,2.416164554270795739e-02,1.104920256846437382e-01,1.584641871441102579e-01,7.167495897471050370e-02,8.576412449308953856e-02,2.063188411560673563e-02,2.303015829793324254e-02,3.188776727989887927e-02,1.334726363038304942e-02,3.576583336112557077e-02,1.223595939252820064e-01,1.848287420097078082e-01,5.941343818342609273e-02,8.998245123472137230e-03,1.177346500706213384e-01,1.661954354075733109e-01,2.174485680432425294e-02,2.801629877559796977e-02,1.068258472464579389e-01,1.038037744028663945e-01,2.366683057379054267e-02,9.519442430566821267e-03,4.494085413198239953e-02,8.922106273779306651e-02,5.843263706656402767e-02,3.747981543189268794e-02,8.094676197375316740e-02,1.202030287008566262e-01,8.575205200653085447e-02,8.220732143683434634e-02,1.672957153982534972e-01,1.699646695320710388e-01,1.299130986218317851e-01,1.495295806874674116e-01,1.328589772806900438e-01,1.032830342861480455e-01,6.183220085424863399e-02,9.021914745680137404e-02,4.928587739554712160e-02,7.215969170727816462e-02,1.225138418728576317e-01,6.910744595703621762e-02,5.597298743549783406e-02,5.495760354128698122e-02,8.766717864582071473e-02,5.811385257147064914e-02,3.065840101904165893e-02,2.012362175788151575e-03,2.422803507339138518e-02,3.784171637927341569e-02,1.186564309209570123e-02,6.803351963916959289e-02,4.780188300462656636e-02,4.944153191348504839e-02,6.873574126420678443e-02,1.556874943867556649e-01,7.987444549564197416e-02,6.554225493664464497e-02,1.042154444909571265e-01,9.034138860698684437e-02,5.018609867929199608e-02,6.114831466562575812e-02,7.269520236523135948e-02,7.817083084452669528e-02,4.798008286515376142e-02,1.799070196243662823e-02,1.283972195932125970e-03,8.615495466618994236e-03,2.256979691000193800e-02,2.007258224642455291e-02,4.900584744593017295e-02,3.870709592980087210e-02,3.480760266713722739e-02,4.504314384768332014e-02,6.005506099894855621e-02,1.451280206913532766e-02,2.666523337508325264e-02,2.855255927291588947e-02,3.571089228239293645e-02,5.856015804876768538e-02,1.293414406730487576e-01,1.187741805412933505e-01,9.160066298567531851e-02,8.743137015972433923e-02,7.257149982861987869e-02,2.936063565076474369e-02,3.572723762430873862e-02,1.592695592895387868e-02,0.000000000000000000e+00,9.453697135530569895e-03,2.240107427763626813e-02,1.914556383517518334e-02,3.066512340056137820e-02,5.183301874749446370e-02,1.112338557290303287e-01,2.684488560589085582e-01,4.626374494391166659e-02,2.827298344701889565e-02,5.240167861849148734e-02,2.324376135020730927e-02,7.560401417913220623e-02,4.907231265528071845e-02,5.894371632134257077e-02,9.554940493272173763e-02,3.066058479548139371e-02
1.610417788132478267e-01,7.854198506428106130e-02,6.854402180660235100e-02,3.872334531021504045e-02,2.203418929411249394e-02,2.588787886036969521e-02,1.312189714229847204e-02,4.828094016494932639e-02,5.827364225319091318e-02,7.150917462805264635e-02,1.247159963040471164e-01,1.466593340952132563e-01,1.912311879461952024e-01,8.622233890492014829e-02,9.617979528341757955e-03,4.376466302906462102e-02,7.460711490958948922e-02,7.819120211449148705e-02,6.333890799914720926e-02,7.756311357022094288e-02,8.334809460608300080e-02,6.635820330356945185e-02,7.981524895905556249e-02,5.016763021210532414e-02,5.928826127057190698e-02,1.540586135461661788e-01,2.014624728393982767e-01,1.622880464799356659e-01,7.925354572615962712e-02,3.929750744863137746e-02,1.048223822486925652e-02,7.623287245296112014e-02,9.454400315755503992e-02,4.280439211834242974e-02,3.064789703461600484e-02,7.640262094210450994e-02,2.997756635517244417e-02,5.103578301360145453e-02,9.094723532397354371e-02,2.558071547942990590e-02,6.161656571529033899e-02,1.875965082927485983e-02,5.069707796448443340e-03,1.433109154081038672e-02,2.075198820500731567e-02,8.843963491816875244e-03,4.926480092812947353e-02,1.409928847417125375e-01,3.477685022130311276e-02,1.327986013189241810e-02,7.692455359830363548e-02,9.417451527388120969e-02,5.065282988926500529e-02,1.419838675625628710e-02,6.623837723460801463e-02,6.327718869346787844e-02,2.909202003900912548e-02,2.344228049030372407e-02,3.414445759542666936e-02,5.599499919119726998e-02,2.795961125169962869e-02,6.510993664969041972e-02,1.221650946240648711e-01,1.513467757437949868e-01,9.651982704696937532e-02,1.114467846705022303e-01,1.966869717084507307e-01,1.462885092757413297e-01,1.030129011602833045e-01,1.306200901413979709e-01,8.656254599148116569e-02,5.814552129220267734e-02,2.902250837778039619e-02,4.885558177298221505e-02,3.469842891226967985e-03,2.135031504460840890e-02,6.732972791073302266e-02,2.399731535246432679e-02,2.995959682041743344e-02,1.218297063041517969e-02,2.986892162416915353e-02,1.302706776835046987e-02,1.410587588542744353e-02,1.667398465293290499e-03,6.942782538905289957e-03,4.741603017055023850e-02,2.581206126953627944e-02,3.314231083306884429e-02,3.013232246188629615e-02,2.082552290618211455e-03,1.607497561490361937e-02,1.287807951867820377e-01,3.731993653371531994e-02,1.246399984572416075e-02,7.849793981198566195e-02,4.710446518846117536e-02,4.446214959640315545e-03,6.130557689615012684e-03,1.888593212340461402e-02,2.046975077551749234e-02,2.676915002222279849e-03,3.735777049689931184e-02,6.035732578321895136e-02,4.550936725147525230e-02,4.606437787321704391e-02,5.766767414543871872e-02,5.930657541934075683e-02,1.545562112177650826e-02,5.505281216575411141e-03,3.050135220238021916e-02,1.968532764377917132e-02,7.231331177423133694e-02,1.412712696218965114e-02,3.048760867481292713e-03,2.186640557430918896e-02,2.030462464688687074e-02,6.906213951131801032e-02,4.134703851937321373e-02,1.610727351743812541e-02,1.962314807583667720e-02,5.845824380154018840e-04,1.006629219312082935e-02,1.669107923402579630e-02,3.192271060119189485e-02,9.453697135530347850e-03,1.110223024625156540e-16,2.297464401740689777e-02,4.255945274746497642e-02,4.108850125259444486e-02,3.101103068439781119e-02,5.920775246155318694e-02,1.740628095702651534e-01,2.519008202922473627e-02,9.194602284003366988e-02,3.142306039434280412e-02,2.482672737344833458e-02,9.918882391938090015e-02,3.666569494225777742e-02,3.072389418115366311e-02,6.248811622180925479e-02,3.339691772014544147e-02
1.767050777189059230e-01,1.081091198881679594e-01,5.759579432617983885e-02,3.091453346666350743e-02,5.653193770654102446e-02,7.410788547240262925e-02,2.134213266354506588e-02,2.856895453250926642e-02,1.002199079715992286e-02,6.221892510488660072e-02,1.026349930486125939e-01,9.988071194661640728e-02,1.300263064699825055e-01,8.827345099670166895e-02,2.576979019811437288e-02,2.186800013736267534e-02,5.563991863097794699e-02,5.308397981292795054e-02,3.289061839256263164e-02,3.923401622038880099e-02,4.560938372506889715e-02,2.185496198039416083e-02,1.594904932515053830e-02,2.726141959952688154e-03,1.441578675047550107e-02,7.848964287951003260e-02,1.277186654200109239e-01,9.943932391383979164e-02,2.986477711417266298e-02,2.636398958431502085e-02,2.756031775423968544e-02,2.739977664523468581e-02,6.887848463430684687e-02,3.534752926172773924e-02,2.699847200698693439e-02,5.055008584446502029e-02,5.474350603260166870e-02,6.015662614144962062e-03,6.145102372424728066e-02,9.514618457565945930e-03,3.626226434512802577e-02,1.787699184874936079e-02,1.442753377121949732e-03,6.597943074017342813e-03,1.111015095088713212e-02,3.699841344229626294e-03,5.023360488940173396e-02,1.222406459544412294e-01,3.645558399365947388e-02,5.171269301740166746e-03,9.468012348343010642e-02,1.391909909825553293e-01,2.717066531129119777e-02,4.253794503266350446e-02,7.655227996051133799e-02,8.822850336717164010e-02,2.160422755303031961e-02,2.282409950954988886e-02,2.453679095193958548e-02,5.196351132483822965e-02,2.108416696200485219e-02,4.078812436764695654e-02,1.121962415493668597e-01,1.318745004267953824e-01,6.095147385353896774e-02,6.206208582148736719e-02,1.330649978042582893e-01,9.814646543011490420e-02,4.068096634839807324e-02,7.076670567590048755e-02,1.303428668412215385e-02,2.012435225783215653e-02,2.601367478282595735e-02,2.157735263261681413e-02,5.774802606470740007e-02,3.132818082805429588e-02,3.026908211633094758e-03,1.184535788889000407e-02,6.111278376369377874e-03,4.960399669792114885e-03,2.011073492575016219e-02,1.525998064828651413e-02,1.114238690752455962e-02,3.039028244846569971e-02,3.949635319961580793e-02,1.164580096148337685e-02,7.529075961933640038e-03,6.079357731407258880e-02,5.378741773817963256e-02,3.736902327242608290e-03,1.864470608979573729e-02,8.375600334093630250e-02,3.066657244019888040e-03,2.246766954295487118e-02,4.924869867713879690e-02,2.351986998961375086e-02,2.336623532856368923e-02,1.534338882844366037e-02,8.351389088980809561e-03,1.971697764074914483e-02,1.563431814213700477e-03,4.534421297676605178e-02,5.598554749412731901e-02,2.708682792099681436e-02,3.426005918220159652e-02,4.789250206618517192e-02,1.684047708895372586e-02,9.001279653929272762e-03,2.872202498937598963e-02,1.596727168969938604e-02,1.432585422590237911e-02,7.077716790474418429e-02,4.274997818249931525e-02,1.726376063214973833e-02,8.257481895455054399e-03,6.486576685079648019e-02,1.233954975855273695e-01,7.079450697672375059e-02,4.555736015511956810e-02,3.049233179867623378e-02,4.133693858839077029e-03,1.255613726051096890e-04,3.763917800058369512e-02,3.108671789948103115e-02,2.240107427763515791e-02,2.297464401740700879e-02,0.000000000000000000e+00,1.512027510558222598e-02,1.882657896828943134e-02,1.275456132881425120e-02,3.360992445428756525e-03,8.346717683015536515e-02,1.173893682542537231e-01,5.500075936938150778e-02,1.541423155508703235e-03,4.883562733277457824e-02,7.535312214158813859e-02,1.106581562379356856e-02,1.447188767229803247e-02,3.200380681573371938e-02,5.907041328689069393e-02
1.974630052127270274e-01,1.138486533295131053e-01,5.664215254609117345e-02,4.294499163064613434e-02,7.864922038007515770e-02,1.036709501211612316e-01,1.899706432781084198e-02,1.371448068369035544e-02,4.119958406205051493e-02,6.416938784991454980e-02,9.846951083184608822e-02,8.613818667676825802e-02,1.196872559306978723e-01,1.008746319520456847e-01,6.075561723168937389e-02,5.969127647165728412e-04,4.051677587496077537e-02,3.365212790545429877e-02,1.238450555494197136e-02,1.456113776870943122e-02,2.263348107303164713e-02,4.764123066936631901e-03,1.450962855842763410e-02,2.346504045691840540e-02,4.517004118565114135e-03,5.848794868787433876e-02,1.115359080082782006e-01,8.701791987702274522e-02,2.243424090417852138e-02,2.737185186711450779e-02,3.054368794725261654e-02,1.848511691244619781e-02,5.299080617325574449e-02,4.484553686789266580e-03,8.450314813560876048e-02,9.278385510574055361e-03,2.311854329740609115e-02,6.386329561359231632e-02,1.383179984426447795e-01,3.729016987215250101e-02,6.169261341051720388e-02,2.165317525928803916e-02,4.922362687196785158e-03,4.303231119816453010e-03,4.947339955638618836e-03,1.109858526867080197e-02,8.671444478961992663e-02,1.572829045286204819e-01,5.791066877329534290e-02,2.191077622424536520e-02,1.399908674663271069e-01,1.961214552690115354e-01,5.562268385513879920e-04,7.805738250383342791e-02,1.415675576969967486e-01,1.317972757781294135e-01,4.826599926694319365e-03,2.413186527171770623e-02,2.286855307207846799e-02,9.205960159393156150e-02,5.261010689796224993e-02,3.213041181900189169e-03,7.409627519936790030e-02,1.012021096136250797e-01,3.295502453370036111e-02,2.746851417396345418e-02,1.177236736453634025e-01,1.502205598112260065e-01,7.340148832934118017e-02,1.120032045957742861e-01,6.344460041895930158e-02,6.736436446670612810e-02,1.219843513578687533e-02,1.214847319873528508e-02,3.617377316526682041e-02,9.931453049623562013e-03,2.758067193763802383e-02,4.823061625209786041e-02,3.416533893212703177e-02,4.797797796827929506e-02,3.373048359326270840e-02,1.731214371218076087e-02,2.293430685587072304e-04,4.608037821873944839e-02,3.533396646850600620e-02,1.365238811771019023e-02,3.807970295372564706e-02,9.336844001201338727e-02,5.612281350379083600e-02,1.946529266234348077e-02,5.155601833437972736e-02,9.062348824274515935e-02,5.407723176987039304e-03,1.291925800429583049e-03,6.655576973428484200e-02,5.438483952453468384e-02,9.661162082261143258e-03,2.342409345029589085e-02,5.221448168491804598e-02,7.501265524729822110e-02,5.264589892762167045e-02,5.816798940182610345e-03,8.374496277242571285e-03,7.529232538920904716e-03,1.507782159154313906e-02,3.160326434706811627e-02,2.744893014539895315e-02,2.301300610570206073e-02,2.686991344730396691e-02,2.601521566026590224e-02,3.765724158634338459e-02,8.847660600758283644e-04,7.707444141419494965e-03,1.970875099928665053e-02,4.519761982954137447e-02,1.058739671026168172e-01,1.699158291928827558e-01,1.247281970358561365e-01,9.468822087104586394e-02,7.952679913184557137e-02,5.903888975523001459e-02,4.447909323947307758e-02,6.786830441013719240e-02,3.294845483037300848e-02,1.914556383517518334e-02,4.255945274746486540e-02,1.512027510558222598e-02,0.000000000000000000e+00,5.841910261029981122e-03,5.133233927517133477e-02,6.162639443188289157e-02,1.441239009703347840e-01,1.308823122574110931e-01,4.505335007062666319e-02,2.865309162021545397e-03,7.902660495726776535e-02,1.034939698392634000e-02,2.013076147550671435e-02,2.081297161676967655e-02,3.429010238506052799e-02,1.573381203680021892e-02
1.882112541577251608e-01,1.035992751316969496e-01,8.798424479181327085e-02,7.320050979247683109e-02,8.000876236129161878e-02,9.273170743095063284e-02,1.950000272323515471e-02,1.753437768667062691e-02,2.401670586938296770e-02,3.497931727190724260e-02,6.576896219048314340e-02,7.407641089100426568e-02,1.216126155740407666e-01,6.565771095424588477e-02,4.695243584847019758e-03,5.036327036499260723e-02,7.751305319050921794e-02,5.671146685994943315e-02,4.565452380537732280e-02,5.579170192424581787e-02,4.320912429394374588e-02,1.992441246316273284e-02,1.889752127322374964e-02,3.001863747853952824e-03,8.573835962683941381e-03,4.744202959492217764e-02,1.158071321822545102e-01,8.684823303106353753e-02,4.497381455402132966e-02,2.604558990776535687e-02,5.184086637754013738e-03,5.734415785972002411e-02,8.439728981717856127e-02,3.312092119802404616e-02,4.842732525066720251e-02,5.838693008565185028e-02,5.841778638845621097e-02,3.089369076034374426e-02,8.647821020565713002e-02,1.868821792254068970e-02,1.703827848486477725e-02,1.925800275096847813e-02,3.701031352830239096e-02,3.515380321353608895e-02,5.038005435976122826e-02,4.040408442084364449e-02,8.387572129445741709e-03,9.667678124195001887e-02,1.540853906847342025e-02,2.407200590581642929e-02,6.769586919182804530e-02,1.036038468619814856e-01,3.736799692430214925e-02,3.247338697205914837e-02,9.627365617337640957e-02,8.584089117745352659e-02,2.350233759272013501e-02,1.464835404433417754e-02,4.863502538369479655e-03,9.954666321384020300e-02,5.318348971057978991e-02,7.731350869874531462e-03,8.848471743339009210e-02,1.040519008739624884e-01,2.747810363276065315e-02,4.020313709376915901e-02,1.486002257446237818e-01,1.441699551608038865e-01,6.782530794353294756e-02,1.186521813864526709e-01,5.859377443719676615e-02,4.744705727143372354e-02,9.001506337884102038e-03,1.959773032236068746e-02,3.754225969246061112e-02,7.931987854560229589e-03,3.112162795648271835e-02,5.793657466559985064e-02,5.744325044134877822e-02,5.921399215520944254e-02,4.300615096155455119e-02,2.393522307698475737e-02,7.786714130909533349e-03,4.205385964885255401e-02,3.247079671920355404e-02,1.418368746476161846e-03,2.069827749712455089e-02,7.518377415178190137e-02,4.235638745310044140e-02,6.381239340345679079e-03,3.064598210955649105e-02,9.022342137023742215e-02,8.017292364355804724e-03,1.909928006203132078e-02,5.652135587403084305e-02,3.751373751287648273e-02,7.220084588690028893e-03,4.963986480184257033e-04,3.140726292206991177e-02,5.858939731593604261e-02,4.339422482229110534e-02,2.271627927335262420e-03,2.238210616249691753e-02,3.409506429619124646e-05,1.884840066848236795e-02,4.690442063669156281e-02,4.519420273093932572e-02,2.476217926708768058e-02,2.504308024095761726e-02,4.340133764789988469e-02,4.353031615591489850e-02,6.077611522273783373e-03,6.064230277772586497e-03,1.465874781947951178e-02,3.764360945817352144e-02,9.878475460592794910e-02,1.541081370556942887e-01,1.082791464329336539e-01,7.950489658979555119e-02,7.125792020698737406e-02,5.354875471636766360e-02,5.003790874307711967e-02,8.104932799713443492e-02,5.981644556294041237e-02,3.066512340056126718e-02,4.108850125259455588e-02,1.882657896828943134e-02,5.841910261029870099e-03,1.110223024625156540e-16,2.751655988726775526e-02,8.784071579340912983e-03,7.024294684873277905e-02,9.566329823651353870e-02,7.994504384916167883e-03,1.322027725438040813e-02,6.951338597103312589e-02,5.768557802565132953e-03,3.139817433122547158e-02,2.499526742053118089e-02,4.375018728397080114e-03,8.767651125463443718e-02
1.697333421085005789e-01,1.189918954044510979e-01,1.162473940405663320e-01,9.959988712670847510e-02,1.111150866664065706e-01,1.218745460469930764e-01,7.424654674721578584e-02,7.770068267144193686e-02,6.680501105000885564e-02,2.209328855625118659e-02,4.244403297498401673e-03,6.394672360055420057e-03,4.543201509323434306e-02,5.559169068411445869e-03,3.775535052934148039e-02,8.955000389760692237e-02,1.152377668325373361e-01,8.612799413494592882e-02,8.946368217510430876e-02,1.051497536593387072e-01,7.236447488775127335e-02,5.119775570217369176e-02,3.951761228885147803e-02,1.185299666432857932e-02,1.224857977817763593e-02,1.233452953417181822e-02,9.288476212355410710e-02,5.973209550467168533e-02,5.326410073319687299e-02,3.770867211720876910e-02,1.031872803811412220e-02,6.727621048671157677e-02,9.505090112005445957e-02,5.272328939766008499e-02,2.293315296910507228e-03,8.996937032754712127e-02,9.762446029579249784e-02,3.335533291133068595e-02,2.001279769055726125e-03,5.725299980154632817e-02,1.192897809177975721e-02,1.119209138199572795e-03,2.958952564163225274e-02,3.360035022318264009e-02,5.881578975887535865e-02,6.670526412474503397e-02,5.591504982318901140e-02,3.827698388569472643e-02,1.287623988009733295e-02,4.139729677590985035e-02,2.255470690807186152e-02,2.441286320750896133e-02,7.120000926767772187e-02,6.470614074455205422e-03,2.779514060201243586e-02,1.942976889004188745e-02,5.173449121579881682e-02,6.592486668457797627e-03,1.765092268860529723e-02,6.459728205572573545e-02,1.988200644404330975e-03,5.934617144284826118e-02,1.386958812241695926e-01,1.217463979577236705e-01,4.392984542729456293e-02,7.593367484297003367e-02,1.383169776874384471e-01,8.489263772485756976e-02,1.991303987228379424e-02,5.963645113756832483e-02,1.572876934051171960e-02,8.188441247806831774e-03,4.272606593425165578e-02,4.305429498893852125e-02,8.555031303672055998e-02,6.084813874329308980e-02,4.082146315625118094e-02,6.958395505786030277e-03,1.332657874125388331e-02,9.407691652641839153e-03,4.116348257685287920e-02,3.054979241285654679e-02,1.972259975071677385e-02,3.369954790548934653e-02,5.001772514711400053e-02,2.588015623091252659e-02,7.180793976586108407e-04,3.742848609818300032e-02,3.219647106444561979e-02,3.364402950691902650e-02,9.904609347070714165e-03,4.315980349773321234e-02,4.939926868836913565e-02,7.354251797011590597e-02,7.566873091436943088e-03,1.837707906033966831e-02,5.725423139585783527e-02,6.121732428939408166e-02,2.802075498309727908e-02,2.601118234114907501e-03,7.516849801850328250e-03,4.862135789820443144e-02,5.990502576680126201e-02,2.236312783427307771e-02,2.484231146155974068e-02,4.784191559825797663e-02,1.263310985950363147e-02,3.146444102751065619e-02,7.001859168513477338e-02,4.357625342357446252e-02,6.075457912001436256e-02,1.069652659862143362e-01,9.884926589833431532e-02,6.193910990087936330e-02,5.288805404537344490e-02,3.628644558755883542e-02,6.943779703492466981e-02,3.593982725200811634e-03,8.712687159422610739e-03,1.590718128377960339e-02,3.496111657011639895e-02,1.075742305746008043e-02,5.437113955184147418e-02,7.160777192887562981e-02,5.183301874749424165e-02,3.101103068439781119e-02,1.275456132881425120e-02,5.133233927517133477e-02,2.751655988726775526e-02,2.220446049250313081e-16,3.843736652788121155e-02,2.525212507108631765e-02,2.964859650857526452e-02,8.413101038972120582e-02,1.664694410339576103e-02,4.472663257352030297e-02,5.025954701168097727e-02,2.061956639363872121e-02,3.805648894706364221e-02,1.704547362793007101e-02,1.446111556127923914e-01
2.310459087169130232e-01,1.676046549048272050e-01,1.171460018021237559e-01,1.334928935314957932e-01,1.665097753063182751e-01,1.474773808819096477e-01,5.761095433139318267e-02,1.067352569551499319e-01,1.107415199589394522e-01,1.681757419841470313e-02,9.651829144328230581e-03,1.514407761785517212e-02,3.445660293296123194e-02,5.588508037772419584e-02,3.966044383194333722e-02,9.944340508124538403e-03,2.242824523309916440e-02,9.734700452002087445e-04,6.817466896177154512e-03,1.840173955590301835e-02,3.108770135886008978e-02,4.464966906152030568e-02,5.802756392289525056e-02,5.681090650781153717e-02,4.331919430565459028e-02,6.847157832160594149e-02,1.718287682315623038e-04,2.648236622562888387e-04,4.319230705267990134e-03,4.856517644740496881e-02,1.072682387765286627e-01,6.396009067949100235e-02,1.990929011719211328e-02,5.097585886488725793e-02,8.877195610830146411e-02,2.238390234161111159e-02,2.455417359405057121e-02,2.533007979950956112e-02,6.259121191174403520e-02,2.301019897446549001e-02,9.821613386685107416e-03,2.506785141633788294e-02,2.149255832590463156e-02,3.253692474021430137e-02,1.551572148446211941e-02,2.414658372210037873e-02,5.587268933405831195e-03,7.942194958275888839e-03,7.717653146574784961e-02,1.011897330963137942e-01,2.370894004160988694e-02,8.125006413349032675e-02,7.514253472880422224e-02,2.412788541960428357e-02,1.003449912269281652e-01,1.091686924244266166e-01,7.445115783748346150e-03,6.972468504879401896e-02,4.435202310990134233e-02,1.707940331367346909e-02,8.650184345643205375e-02,1.261020507966515436e-01,2.057640251885635152e-01,1.767384296398839261e-01,8.595094998107649653e-02,1.101898082308978566e-01,1.709236722327631686e-01,1.358278318726368616e-01,3.986977561820587157e-02,8.971653746598351464e-02,3.761127170597239333e-02,4.894666458792909514e-02,2.400655251402961099e-02,1.258239025068602635e-02,3.226079220161355565e-02,3.473000069567633297e-04,1.684992763533453564e-02,9.735861514703411657e-02,9.367145451835751091e-02,9.088431217540966778e-02,5.561026702202043204e-03,1.035047976113856461e-02,6.849753639745936873e-02,7.499144032801768889e-02,6.160140826697535488e-02,9.234552532205608788e-02,8.023287247125465704e-02,7.753619198579592142e-02,2.868078392021203293e-02,4.288491404625394132e-04,1.613981777804229800e-02,1.263712918270876173e-03,7.109735196982402972e-02,4.332305481633325073e-02,3.294321925104462534e-02,1.841587386974738449e-02,1.092763782489131197e-02,1.338424344488525763e-02,5.200937892022719500e-02,9.556133450205400726e-02,9.780048185695561225e-02,5.901068223785099764e-02,5.753650044226354954e-02,1.055897639899955331e-01,9.941354366328630787e-02,7.764867772134137480e-02,1.147080194397399194e-01,1.278215064469191420e-01,1.360626932528263833e-01,1.314059770579388275e-01,1.059090224773836658e-01,1.229532680455986682e-01,1.395137468775744516e-01,9.242893679867830725e-02,2.688298210890666118e-02,6.744900729765587744e-02,1.415553422928347849e-01,6.218564500015152929e-02,7.131582892116239414e-02,2.536743648928796446e-02,1.975201849344596083e-02,3.910431424177798765e-02,1.273986358519391404e-01,1.297839638491825598e-01,1.112338557290307173e-01,5.920775246155340898e-02,3.360992445428756525e-03,6.162639443188300259e-02,8.784071579340801961e-03,3.843736652788121155e-02,0.000000000000000000e+00,3.230829280501512635e-02,2.766147898138004990e-03,1.355964656302831028e-01,5.599363568810777902e-02,2.248213366233442478e-02,9.865360964517277953e-02,5.339543017255421464e-03,6.489526269336187703e-02,2.636183770490807543e-02,3.103068405773613120e-02
3.323002364868098413e-01,2.403662902505784293e-01,2.180074440584868212e-01,2.676897446998518504e-01,2.591585619941292329e-01,2.027291187832891139e-01,1.359195728126766367e-01,1.767281432436820510e-01,1.346129652416436784e-01,2.575784026558047834e-02,2.260147136458304229e-02,6.242693373765206832e-03,7.707422092559193527e-02,1.500039877382055020e-01,1.628248838872188575e-01,1.301903430354398317e-01,1.311838385261408224e-01,1.560105118669892488e-01,1.628459041655699324e-01,1.804425673868286228e-01,1.759926390108713379e-01,1.733514907864555088e-01,1.517627212232479650e-01,9.763793578944472695e-02,7.879793716965702299e-02,1.392344530157961779e-01,9.581109980467669707e-02,5.074429285778986332e-02,4.960654554164026231e-02,3.866993999389338466e-02,1.596131071449444772e-01,1.577488313063117042e-01,1.278429569953478395e-01,1.179288645606314245e-01,1.431450010172111154e-01,1.220479945720135406e-01,4.662041330983751619e-02,7.184835677186743319e-02,1.005843016654775768e-01,3.057867481338877313e-03,3.795196643120540836e-02,8.086544360180870916e-02,1.664826820371315130e-02,1.822012873414435852e-03,6.524265494951153599e-02,6.286493364073220125e-02,5.711768299078659461e-02,1.251032655106212865e-02,1.801714645420283978e-01,2.277963105106130537e-01,5.355713041059403934e-02,7.080636539375156913e-03,1.888213919208489577e-01,4.699699976133606127e-02,9.784465908798589684e-02,9.534134657701157090e-02,2.462903380226283412e-02,9.825168131383023307e-02,7.145976927478424334e-02,8.091353535466952462e-02,2.189304905898673548e-01,2.548050782868687691e-01,3.845177378442856675e-01,2.951319893499208535e-01,1.368294541045230739e-01,1.662807594064420469e-01,2.663833491064960812e-01,1.852270260064732277e-01,4.012789957304480071e-02,1.380408251596514368e-01,9.487646854278759811e-02,4.520108133482203527e-02,3.788628936076106346e-02,3.259814660168862399e-02,3.027214864827799251e-02,2.275719528169418970e-02,2.997501943983015699e-02,1.263479535101684204e-01,1.753573149832716449e-01,1.464001975417641432e-01,2.590115531186309994e-02,6.918752840886416289e-02,1.734673796826209924e-01,1.776363551016641174e-01,1.200391758614522131e-01,1.618937858089144755e-01,1.099131267262196121e-01,9.306446476947499713e-02,6.553924405419409016e-03,2.702529303120543291e-02,1.659304986338205889e-03,4.594987920085516486e-02,7.745001350311389587e-02,1.981068231071136942e-03,7.277562936547665728e-02,4.196302930285583654e-02,3.609569575674753672e-02,1.086187321449493814e-01,1.233329335005700078e-01,1.374785775053161130e-01,1.445829132379847226e-01,9.729352163135046583e-02,8.624242882272747934e-02,1.731604061954300777e-01,1.511805462371567099e-01,1.052110887264815497e-01,1.694976995743087966e-01,2.000949336169603465e-01,1.293157906489772468e-01,9.948398579143698239e-02,1.100811185369441475e-01,1.098765295192002250e-01,6.693169804037787940e-02,9.499642109969758108e-03,4.235676742531216399e-02,1.388801468128146310e-01,2.128027827385716997e-01,1.000959938337874222e-01,8.902191480541690738e-02,1.135300292252228171e-02,2.249206920956350886e-02,1.057252220319726821e-01,2.313523501460930110e-01,2.625830599674948695e-01,2.684488560589092243e-01,1.740628095702652089e-01,8.346717683015536515e-02,1.441239009703347840e-01,7.024294684873277905e-02,2.525212507108620663e-02,3.230829280501512635e-02,2.220446049250313081e-16,2.693816337173760012e-02,3.198311709350742937e-02,2.541830933388888880e-03,7.885711274075357657e-02,6.935796564562946021e-02,1.718166399717802051e-02,1.072281120516531683e-01,1.170923080873187416e-02,5.408557452476159266e-02
4.272152239355164749e-02,2.119030257381832039e-02,8.587935993082762565e-02,7.890311866217813996e-02,3.567929510956657779e-02,2.974840406275719440e-02,1.300688640131610896e-01,9.598841123047882617e-02,4.687770938011481814e-03,1.203757773119537300e-01,1.068939872533940655e-01,7.036038497896598964e-02,7.164705105873483970e-02,9.723102268234949663e-02,6.481093162226947424e-02,2.473337717314166850e-02,6.790678334893004986e-02,4.341746761227127660e-02,7.002767864850323321e-03,7.372057470281800917e-03,4.366325466698572910e-03,3.130035940308081160e-02,7.050519427890442059e-02,9.977999943362006463e-02,5.462069284870509078e-02,1.075776640687554631e-01,2.357145212889340431e-03,1.429976747978408541e-02,2.805573309048815800e-02,1.292768306724548233e-02,4.294238902791018553e-02,1.155927784727281069e-02,6.657269090509497500e-02,2.008621755131664161e-02,3.625073406580783808e-02,1.306758329894748549e-02,6.805058667831979935e-02,2.637462364349359850e-02,6.265221273767199173e-02,2.925435996010822270e-02,1.389328283803445419e-02,3.434204068314483660e-02,4.637060913517795924e-02,4.058442766348197006e-02,4.370480437803564433e-02,2.608147169786734221e-02,3.702563770139732924e-02,9.464578195167723529e-02,1.010676542751625523e-01,6.309212010603709730e-02,1.166586783288562634e-01,1.966972953026539517e-01,6.956760057775596140e-02,7.442263874697771509e-02,7.755106558826817265e-02,6.603954923472135641e-02,5.234122611650543488e-02,1.625614132483466090e-01,2.200575088349771835e-01,1.919834820653576746e-01,1.383710498864343941e-01,1.802485125375703490e-01,1.140550390948174009e-01,1.637897956110753173e-01,2.990763567178780225e-01,2.579693364839729108e-01,1.468237825718771150e-01,6.889694375217084166e-02,1.595938520045040165e-01,8.795082469154354154e-02,6.941897784109968272e-02,4.444570768230236141e-02,7.840344378772579059e-02,6.477579662236399027e-02,9.335773960990235987e-02,6.300829226322168797e-02,9.028837268538167371e-02,1.394709638457371226e-02,2.474047424988116278e-02,2.038571350894005652e-02,1.181019600007077175e-03,3.802680077898967781e-02,3.855046364645609014e-02,2.336719131605463629e-02,3.492843278655483052e-02,1.757867690506165204e-02,8.212330142370050101e-03,6.582278057543086702e-02,3.658133560314466570e-02,2.925085849944625283e-02,6.561148982672210250e-03,1.239742635614210498e-02,6.294855414608466204e-02,7.253063505660853338e-02,1.183851284414438876e-02,2.022568616035225197e-03,4.219947707596313768e-02,1.870728223097059550e-02,1.286707593213512468e-02,3.255282943087603464e-02,2.256493757948541123e-02,5.247149005349960316e-02,6.295298478358801741e-02,2.295623120497186642e-02,4.290066840879180887e-02,7.271126487354928614e-02,4.885129890484896098e-02,7.442136096415630231e-02,7.616631060573686440e-02,5.725898829549599944e-02,1.023796606854706637e-01,1.154373319561953770e-01,6.609569355733760365e-02,3.631087407661704597e-02,1.078525624156584789e-01,1.206446181649612620e-01,1.713389914360248234e-01,1.792203919490449882e-01,1.598564491986208258e-01,1.532224327038228251e-01,1.076973722118647891e-01,3.842868350127137678e-02,1.810029923192758156e-02,7.803509913351883154e-02,4.626374494391144454e-02,2.519008202922473627e-02,1.173893682542537231e-01,1.308823122574109821e-01,9.566329823651353870e-02,2.964859650857526452e-02,2.766147898138004990e-03,2.693816337173760012e-02,2.220446049250313081e-16,6.138219954460399919e-03,1.051922425538198702e-01,1.860754567270717086e-01,2.795580617178807792e-01,3.354596761091822033e-01,3.236009437079511719e-01,2.477936590042800757e-01,1.185680670076894178e-01
4.731439686142591139e-03,3.462220840429547364e-02,1.166020304453520562e-01,1.000416665595048882e-01,6.606628243814721690e-02,8.169372636551502920e-02,1.613183207849318290e-01,1.141511829038160675e-01,3.317142701552430739e-02,1.445815195374351436e-01,1.207017881645849749e-01,7.704160738406699849e-02,7.517541435822673590e-02,1.036908797292390438e-01,6.115466558753905602e-02,3.393443829127376632e-02,6.587596324002634174e-02,5.128249070515680796e-02,9.946682265449161009e-03,2.541238944984307649e-02,1.052892439976590121e-02,2.446120761446496372e-02,6.313237170876738469e-02,1.021116356931440483e-01,5.463045206943414889e-02,1.505013964154179873e-01,3.321250347216163357e-02,2.728215624217231183e-02,2.745216363141764204e-02,1.117468473816476959e-02,1.078142090224308430e-01,5.333635450709510450e-02,1.231160110653452266e-02,6.261296566808079167e-02,1.116676567224348937e-01,5.273543599502906326e-02,4.673926769978048457e-03,7.566023284810208249e-02,1.407584830701562595e-01,1.770886538214558326e-02,3.495958586589746619e-02,2.636280013904956920e-02,2.917175900962606927e-02,4.328069988735036566e-02,4.662887628648101912e-02,2.818313919038573090e-02,4.357418156599894565e-02,6.887949350676979277e-02,1.008605974999819688e-01,6.392143994769454440e-02,1.304166733063124584e-01,2.282743846817530120e-01,1.062677403909510487e-01,9.542281893151258187e-02,1.472243219387178170e-01,1.109818919088740308e-01,4.451504853637165693e-02,1.613548959956400963e-01,2.441950477668090591e-01,2.833220198942946189e-01,3.086020015571758757e-01,3.538015754314177141e-01,2.575281141692924991e-01,2.359696721216427984e-01,2.993539115573869425e-01,1.829330020035054294e-01,3.678097407389782636e-02,9.674036704938186737e-02,4.507379785272994099e-02,1.438780810854695946e-01,9.952928165117230774e-02,1.043536485224114269e-01,4.985532408859118247e-02,7.270635400849559393e-02,1.167491505255693202e-02,5.656379284787535142e-03,1.176920650334360718e-02,9.342799626034740956e-02,8.375616153318524160e-02,1.203761232745936410e-01,1.181537255739813774e-01,5.920003748335389560e-02,2.581898130681492542e-03,5.006476671596973849e-02,2.123086964850551261e-02,8.286852787189408209e-03,5.007069743947772933e-02,8.706361075101087810e-02,2.002373221621453481e-02,6.661904810481455996e-03,2.706572995782827173e-02,2.446987203131636979e-02,4.240694749728460278e-02,2.973073736376855014e-02,4.328092226088436911e-02,3.576944203557291813e-02,6.194735898682718345e-03,2.642721752529952894e-02,6.099299858080772796e-02,8.672423807615470270e-02,5.255618567215109005e-02,1.893090689234988577e-02,3.216743773241437232e-03,4.714885806373814159e-02,3.109653611120752337e-02,3.630567696339792594e-03,1.805141834987172844e-02,1.140018510155271780e-02,1.714366706977807353e-02,3.014168973578634780e-02,1.017497210172350064e-01,8.158831799358839953e-02,7.766927340817993131e-02,1.213662318841068344e-01,1.607037024561664695e-01,1.615149540547331508e-01,1.847424210570776104e-01,1.622806413312947726e-01,1.526839552448733539e-01,1.318025815371783593e-01,1.441363064995810350e-01,1.606566854927094501e-01,1.296998625850334375e-01,4.021382910890985984e-02,2.827298344701881239e-02,9.194602284003368375e-02,5.500075936938148002e-02,4.505335007062666319e-02,7.994504384916278905e-03,8.413101038972115031e-02,1.355964656302831028e-01,3.198311709350742937e-02,6.138219954460288896e-03,0.000000000000000000e+00,1.617367610573566816e-01,1.040608110904328587e-01,3.422547309341266164e-01,4.784500526437266976e-01,4.026570476417895561e-01,2.612245742267281789e-01,1.372984645516892033e-01
1.514281288371908674e-01,1.091427598538435573e-01,3.043876303642162329e-02,7.869783796396878639e-02,9.867846628536278142e-02,6.851801278157915176e-02,1.008533894235980055e-02,5.913122127921155435e-02,7.796018145334943084e-02,7.396935383975911105e-02,3.656073947854446282e-02,7.696975060873106900e-03,4.670034952138676920e-03,5.513196635606919249e-02,5.511618215819690664e-02,4.310284329608643494e-03,3.456193669048174266e-03,2.386385906195295781e-02,4.328298346860981471e-02,7.735000770384957425e-02,7.591853217888785976e-02,9.524943671410462942e-02,1.568044804788875923e-01,7.435326664867432378e-02,5.202992682161725058e-02,9.306040801743763191e-02,3.030664729564042092e-02,6.090211743537531086e-02,4.422680985281185473e-02,1.034437332851535496e-01,1.544773991070854946e-01,1.454274447699941408e-01,6.489234325720732999e-02,1.095239974791597931e-01,1.008905891848458219e-01,7.291693042916722045e-02,7.204379337204247502e-03,1.273116778283187034e-02,4.412140277850420955e-02,4.953193556480195436e-02,6.113624158267717823e-02,1.071103049730912776e-01,8.166993773719675997e-02,8.064870095239670689e-02,3.759276869842193003e-02,2.495790660837296504e-02,1.088381866259874320e-02,5.380120996621970408e-02,1.091855563243982474e-01,1.197625501148417981e-01,2.693371818456151076e-02,3.917682446281753328e-02,5.879826068787025184e-02,2.229705768479917083e-02,1.132775503941476358e-01,1.440272915495704464e-01,4.766339284846723284e-02,7.823519051184441020e-02,5.937551615407193895e-02,1.863115351124460251e-01,1.983876938588754191e-01,1.327722760344614006e-01,1.503332786710390168e-01,1.012708850779377723e-01,2.488452865697043936e-02,2.998058770179767851e-02,3.576676839968909172e-02,3.564866833085392206e-02,8.676441638557425007e-02,1.071203813055984777e-02,2.264852979897900853e-02,1.620979204429064124e-02,3.642894890375957678e-02,4.489883650019091399e-02,3.258497302181807831e-02,3.861355695922417952e-02,1.666230684858466260e-02,9.975779849446364533e-02,8.005476137851931517e-02,8.499112000605880957e-02,5.434946781072735184e-02,3.422662896351982842e-02,5.535558058540224202e-03,7.516031636150805051e-03,9.905987880186428729e-03,1.913005511153964555e-02,3.081860079796389096e-02,2.701875568203415678e-02,2.796895012963321325e-02,4.256562872576885592e-02,3.420664115496543922e-02,4.811908716672136377e-02,1.732545514818573107e-02,3.556221583710839074e-02,1.055027875205785670e-02,2.219450586287330385e-02,8.511195896879930611e-03,3.291974032388828020e-02,4.663497335024635593e-02,5.653100978907193985e-02,6.328408419321504552e-02,4.933903756635721338e-02,3.027256286901186533e-02,3.618999180113569025e-02,2.918288068320107342e-02,2.604088478043425914e-02,4.925387741441861200e-02,3.585448866879287211e-02,4.230258330344374706e-02,5.701906753556332252e-02,1.724564431945938003e-02,3.497383139452961420e-02,3.779615543376438347e-02,9.587838540834739409e-03,1.786437540373891908e-02,2.717133406907522308e-02,5.857397309093497623e-02,3.333232019643397881e-02,5.538926866647045366e-02,3.569850122581771923e-02,5.763099888253642167e-02,4.018572532431705091e-02,7.295676995696662170e-02,5.814546379621603200e-02,5.240167861849151509e-02,3.142306039434283188e-02,1.541423155508730991e-03,2.865309162021600908e-03,1.322027725438040813e-02,1.664694410339576103e-02,5.599363568810777902e-02,2.541830933388888880e-03,1.051922425538199812e-01,1.617367610573565706e-01,2.220446049250313081e-16,3.076712130824310609e-02,4.963495997375877433e-02,2.830089143566516530e-02,6.254011449629748309e-02,2.009057500582245304e-02,3.217135748310883669e-01
6.399061412675016713e-02,2.360517865550249006e-03,8.247683571233280220e-02,3.298058806997627990e-02,1.174940089653464526e-03,5.083815408625294574e-02,1.277078170720232775e-01,4.538523595666604793e-02,2.951480932490024855e-02,1.515550326002304826e-01,9.024697755012162093e-02,2.333476043429030811e-02,1.457253450026435582e-02,8.289405534389976404e-02,6.124415089325271899e-02,6.554419963031160590e-03,2.168903546200398602e-02,5.071846485333583732e-03,3.332650549755241526e-02,7.312549081633862302e-02,6.464048496182248082e-02,9.309605905296523820e-02,1.664184668770193887e-01,1.133000280958111339e-01,6.409482144101660839e-02,1.327896426658849438e-01,3.858672800000119418e-02,5.659733034088514081e-02,3.247545243164581819e-02,8.949038135289293094e-02,1.621337479595018616e-01,1.383938316331079776e-01,3.826584784125888761e-02,9.098534850776043847e-02,1.046295667111320493e-01,7.123771761513132683e-02,5.675622649067985082e-03,3.013762608350178951e-03,4.042846105686509484e-02,3.915531675982397708e-02,4.813143400292127505e-02,8.309759777012618032e-02,5.421208571073082849e-02,6.934995793618639603e-02,3.621191268923568130e-02,3.140822608355781087e-02,6.448436542260196913e-03,3.557331451434225106e-02,4.154699898706847028e-02,7.157084407382863223e-02,1.533808493047507729e-02,1.373556804240329554e-01,9.579548455601952228e-03,2.578910511475468806e-02,9.989212510983082327e-02,1.481280421578845541e-01,2.630119106869360790e-03,2.936797859094703034e-02,5.004524360972117947e-02,6.578391482270112833e-02,2.176106527175436511e-02,5.125621120040257939e-02,3.554073275376595786e-02,7.136023828287929582e-02,1.541430945703133881e-01,1.283226717914158765e-01,6.460964872319741037e-02,1.720288443304007764e-02,1.089884487599154239e-01,1.196226618030149513e-02,4.891117081201379335e-03,2.799338069790952011e-02,4.006390642645274447e-02,4.573671682411173389e-02,1.609204587167295530e-02,4.731083391999668653e-02,2.131500889202192495e-02,1.326767367614715976e-01,8.595912443062295183e-02,1.195056873946468146e-01,7.959039652680272026e-02,7.678563648706421274e-02,1.998716864252170211e-02,1.084043699181833076e-02,3.134158269903625227e-04,2.976670657056867952e-02,5.902723888523403462e-02,7.499683552780928020e-02,6.859912704733105160e-02,6.425567257080949668e-02,6.444397288661862788e-02,6.841150945287338692e-02,2.689908550629027673e-02,2.911149935243911857e-02,8.284106892567921765e-03,4.118747345132564575e-02,5.400336529008176178e-03,4.507759536013689061e-02,6.388708055147571119e-02,7.659225204598438252e-02,6.037409673005114663e-02,1.819605317501138408e-02,2.126227328630952984e-02,4.178402771330463894e-02,2.131228970758597407e-02,1.251411537141550179e-02,4.646674787445137511e-02,1.540227992823672842e-02,2.362755874955213553e-02,4.500404087827392097e-02,2.735439739675915582e-02,1.877205946231697009e-02,1.842267878033004846e-02,3.455104826591240408e-03,8.399771031147207356e-02,9.554811938339753674e-02,1.584226400078284913e-01,1.419167826690564682e-01,1.602320624417605255e-01,1.311564514691000716e-01,1.334024527261628013e-01,9.151067795654535542e-02,9.947745298086506371e-02,2.482870387194260897e-02,2.324376135020733702e-02,2.482672737344836233e-02,4.883562733277457824e-02,7.902660495726770984e-02,6.951338597103312589e-02,4.472663257352033073e-02,2.248213366233442478e-02,7.885711274075357657e-02,1.860754567270718196e-01,1.040608110904328587e-01,3.076712130824321711e-02,1.110223024625156540e-16,2.765059361897748147e-05,6.305050488084673610e-02,6.018955502682554748e-02,5.293788618144867897e-02,1.644619653559412642e-01
1.137743922547844455e-01,4.197568243510796382e-02,8.655961307044496289e-02,5.655339495376554559e-03,4.408525163321419527e-02,2.859344822655196516e-02,1.295389776842760243e-01,6.586033385590717160e-03,7.633408094300370150e-02,1.447933349542501469e-01,7.330383540128945774e-02,1.094953952980257106e-02,8.583836004656758556e-03,7.557914850197855472e-02,9.358634437828058927e-02,3.048931954911615616e-02,2.706917635379962883e-02,1.416589996715438005e-02,4.408005181694764352e-02,1.070774517825511529e-01,7.581626726106746594e-02,8.151261591132560880e-02,1.375411988603409130e-01,1.089610574586781788e-01,4.831197693050964803e-02,1.223852997852621083e-01,3.981172364788737594e-02,2.848885245124484211e-02,3.458395523335361377e-02,2.207228048604736870e-03,2.555898871952715368e-01,2.288188285661038046e-01,1.498307018531908896e-01,2.236661682289421693e-01,2.498849105794271885e-01,1.971927914641427027e-01,1.233678826972807174e-01,1.755722463228671926e-01,2.211290519474736205e-01,6.863402451266040205e-02,4.552239972100075027e-02,5.016867447647484213e-02,8.802636448853901063e-03,4.374507940385252702e-02,7.203064416107574086e-03,1.826880263761743173e-02,8.557965704680539631e-02,5.168446480324124376e-03,4.451172857530111271e-02,5.153185550446771901e-02,9.281222169676323075e-02,2.355615936042746716e-01,6.143912780764422543e-02,9.871469457344472787e-02,2.589756776785211434e-01,2.708507459163894127e-01,6.912062878335351046e-02,5.707021013308954949e-02,3.419479335866504321e-02,3.808545436679422469e-02,2.466350973189879170e-02,6.539347601756229089e-02,3.562306350199273552e-02,1.117335694510546151e-02,3.197825982649415977e-02,9.135048518300270537e-03,8.255977304096151492e-02,2.023474900521342601e-01,1.036933938677605527e-01,1.914541739330933579e-01,1.859399909962542174e-01,1.895214086016089039e-01,1.130329724317842843e-01,1.720001579896294763e-01,1.183058142132375062e-01,1.159016208778942958e-01,1.293111046385051477e-01,1.763104078675150621e-01,1.597566403068245156e-01,1.861414566576956864e-01,1.730566474118243048e-01,9.946228424709188665e-02,2.317281692864325837e-03,2.280226212339017677e-02,3.966805906921546526e-02,6.557059515449187304e-03,8.743806383359525869e-02,7.659557619058435241e-02,1.079921019109600366e-02,7.751997951908634610e-02,9.555803532554754676e-02,4.223946816564552731e-02,3.607103880307716004e-02,5.315917037707645898e-02,6.810886416218600581e-02,9.466894319875526764e-02,8.089622191063272627e-02,1.177905020917336121e-01,1.309943014992781263e-01,1.575275125433420187e-01,1.382159410975041247e-01,1.167115829630601953e-01,1.210985401500783709e-01,1.164347270199997952e-01,9.559391829650348837e-02,9.431182331365500771e-02,8.948697327191107442e-02,5.955273504236857640e-02,5.602643889836617097e-02,6.828671301619698708e-02,7.101423417386953929e-03,8.186208427122809717e-04,2.450769112868056432e-02,2.562736222855196977e-02,8.754612196652700185e-02,9.230638440173646875e-02,1.378857570286650125e-01,1.066775895392339246e-01,1.310646361144034711e-01,1.034265037276384525e-01,1.440449750707969989e-01,1.535767447563699539e-01,1.640967917551692246e-01,1.065172718916841399e-01,7.560401417913223399e-02,9.918882391938088627e-02,7.535312214158819411e-02,1.034939698392628449e-02,5.768557802565049686e-03,5.025954701168094951e-02,9.865360964517266851e-02,6.935796564562946021e-02,2.795580617178806682e-01,3.422547309341268384e-01,4.963495997375877433e-02,2.765059361897748147e-05,1.110223024625156540e-16,4.709196014271554986e-03,3.512886161500206050e-02,5.567319542492088491e-02,2.286375884424768357e-01
1.091766186921685755e-01,4.486555318885371291e-02,9.635885465037759279e-02,1.363495301588513176e-02,5.687098229575657249e-02,3.360650043632160133e-02,9.669924564538123768e-02,3.069617704944205272e-02,7.936301957681285435e-02,1.320880596022220299e-01,4.443505820430770914e-02,2.153004257198540272e-02,1.539807269552881386e-02,5.904994700464533119e-02,4.173263824483762485e-02,5.807983236331359933e-03,1.510873302614985231e-02,2.096815769101680049e-02,4.484813529230671086e-02,1.129113237909704637e-01,9.485863424515109110e-02,9.299938045959328659e-02,1.538603197979871440e-01,7.779935222414391394e-02,5.097698334799452557e-02,1.529260155712148239e-01,7.021988725256157748e-02,5.320501650311428021e-02,5.805351415319751074e-02,9.497348633163399390e-02,2.479311619474075801e-01,2.463805424337129901e-01,1.452765481285597238e-01,1.989100053548975289e-01,1.787520214359145654e-01,1.485419327806479783e-01,5.871408976647198019e-02,7.422028436383582006e-02,1.065604488105092729e-01,3.871696095762419687e-02,7.016416121949287099e-02,1.593211012749524147e-01,1.106237567782872855e-01,1.265849918027846244e-01,6.200400548694913472e-02,4.675617393115602538e-02,1.562400918813398182e-02,1.077030788239543152e-01,1.446657906094770962e-01,1.445237506375685876e-01,2.680893941707667913e-02,1.135489608994757621e-01,2.366029509371719852e-02,7.286506496377048725e-02,2.093533179404171718e-01,2.664582995425536227e-01,1.415666420618532373e-01,1.301657087065756224e-01,7.814116633247969457e-02,2.407939376495431549e-01,1.776716830299204797e-01,6.400285976763830931e-02,9.481907606704670366e-02,9.453897390053905836e-02,1.256797131374320919e-02,5.612253398095901069e-03,7.794747084213302091e-02,1.145695830344405641e-01,3.569940931641782389e-02,7.168000082898891290e-02,8.814485933467000600e-02,6.452293401722242194e-02,2.049754418587366317e-02,1.094776047224534643e-01,8.958659819545038150e-02,7.395159365067224821e-02,5.047175353614516413e-02,1.151123113786943486e-01,1.150388689366963063e-01,1.378264625231555851e-01,1.265219137063599564e-01,1.086373940648522884e-01,4.953055581060591961e-02,4.536635536501976845e-02,7.040705933365778990e-02,4.501523086857167621e-03,2.299175010223802884e-02,1.513596025316879534e-03,9.681215869610154678e-03,5.930092225435684705e-02,4.741477388683743022e-02,2.575450466444076381e-02,3.515039124481400545e-02,4.777318148803277875e-03,5.211129692385269019e-03,4.421702547631989333e-02,4.212442287332587854e-02,4.982338345994630213e-02,5.833490747480821192e-02,7.451502648670463302e-02,7.671918361697975530e-02,8.486632522772633025e-02,8.013153150818763670e-02,5.470273847473669515e-02,5.831461588966196929e-02,7.294230265277967806e-02,6.091799142194043171e-02,2.442262175982901073e-02,4.436860107058560043e-02,7.771352390266300647e-02,1.036126708291373877e-02,1.420781230449597032e-02,5.415447534356790382e-02,2.834084493390531811e-02,3.384851391566559564e-02,2.373594066720441376e-02,6.392096019089973935e-02,5.567184287457935254e-02,9.867046984913865892e-02,9.033516996628479512e-02,1.173145199246121845e-01,7.950838983510265245e-02,9.987287972947291037e-02,7.174970133090112501e-02,4.907231265528065600e-02,3.666569494225778436e-02,1.106581562379358938e-02,2.013076147550668660e-02,3.139817433122547158e-02,2.061956639363876631e-02,5.339543017255476975e-03,1.718166399717813153e-02,3.354596761091823143e-01,4.784500526437268086e-01,2.830089143566516530e-02,6.305050488084651406e-02,4.709196014271443964e-03,2.220446049250313081e-16,7.585163732581667873e-03,1.193206978689109743e-02,2.479563424213826472e-01
8.521811585300449743e-02,7.858969261397383277e-03,8.791748026076411093e-02,7.716502904372563032e-03,2.243063478218432216e-02,8.610499189999133718e-02,1.191980135800755763e-01,3.124404088536425483e-05,3.002562888333160096e-02,1.522477449400347349e-01,6.100779423784344346e-02,1.135304956960545009e-02,2.469676414935029207e-02,6.501196508965137455e-02,5.590745631965866186e-02,1.612499190822589898e-02,3.799085948463723494e-02,4.619788683804934570e-02,7.005810160302626544e-02,1.406786861970192315e-01,1.248046742609051490e-01,1.231408472184305353e-01,1.923994886699091356e-01,7.996376612512390292e-02,6.533524401006121640e-02,1.815557392243520030e-01,9.227253834522722298e-02,7.601015636300766098e-02,6.709133902069461253e-02,2.099456187039404342e-01,2.697690660088319925e-01,2.910940288216628535e-01,1.586126717746380033e-01,2.049087325181781494e-01,1.818504775741274504e-01,1.678354636922041454e-01,5.698746481454682045e-02,1.901778780559190696e-02,4.002604153995453773e-02,5.413376101315323097e-02,1.114908506906908264e-01,1.741641222009767953e-01,9.910410659910044717e-02,1.073609309420058416e-01,3.396208658254173257e-02,2.615767441121112646e-02,1.240298778565656831e-02,1.266014346841261295e-01,1.427563484218369316e-01,1.702282833878527024e-01,6.979235175553340220e-02,8.646404204386169690e-02,9.822299817212960110e-03,8.351531985095942898e-03,1.287652008642881929e-01,2.186818250985736178e-01,8.765345964162266079e-02,8.000469759955453064e-02,5.174504059393203459e-02,2.500771763245538404e-01,1.820978175069580818e-01,6.445124601577340018e-02,1.099194386551920755e-01,6.339462799282172267e-02,5.265763613998142301e-02,3.568344863048461546e-02,3.584862707012298477e-02,2.154453179213561276e-02,1.164215426175859158e-01,1.717811790202353195e-02,1.763393711716187973e-02,1.921569058503541649e-02,4.441987731995873656e-02,6.679412782313227936e-02,6.368513826243465958e-02,5.363393229315269184e-02,9.570101809380449076e-03,8.705335768066113644e-02,8.205673280890865562e-02,1.027898813705668130e-01,7.945555899646802867e-02,8.059220517213103174e-02,3.641359520054451848e-02,2.079533679632380311e-02,3.231853939356314764e-02,2.382927057372277724e-02,4.196619594521536212e-02,2.286074106332774969e-02,3.805615131826756148e-02,8.747524682128399176e-02,7.106596290885935918e-02,7.610319572850954284e-02,6.513982294666798012e-02,3.094646068180362253e-02,4.383211673803895370e-02,4.354720635882700086e-02,2.275696569995414031e-02,2.823753422795149959e-02,4.186620011040131928e-02,6.181411570743725048e-02,7.096361556661082148e-02,7.341111971934849434e-02,6.841310301631886581e-02,4.438710907025461561e-02,3.195536959791345222e-02,4.108649944295261758e-02,4.830178263366283198e-02,3.123550261604546296e-03,2.792427394083141223e-03,4.713968815236008192e-02,1.108800696968587074e-02,1.578026535462676017e-02,2.076109704388509614e-02,1.465198923499497208e-02,5.272113815707540896e-02,4.577280228396568562e-02,8.317341766818830973e-02,8.068830126397819047e-02,1.099248983479752390e-01,9.915347574720582979e-02,1.102032005392288017e-01,6.067019315716744299e-02,8.001819190342121524e-02,5.802700504613779453e-02,5.894371632134246669e-02,3.072389418115368045e-02,1.447188767229800471e-02,2.081297161676964880e-02,2.499526742053117395e-02,3.805648894706366303e-02,6.489526269336179376e-02,1.072281120516531128e-01,3.236009437079512829e-01,4.026570476417897226e-01,6.254011449629814923e-02,6.018955502682565850e-02,3.512886161500228255e-02,7.585163732581556850e-03,1.110223024625156540e-16,1.752176722468246073e-02,2.235954543454664600e-01
5.817020241153855742e-02,4.838960461363107923e-02,1.243171278394024359e-01,6.087784277526542276e-03,1.364266048662718389e-02,1.776699303461096724e-01,1.920081942750883064e-01,3.048494801594281434e-02,6.109528412061637770e-03,2.139989001943589098e-01,8.279647288095470792e-02,1.664115764733181679e-02,9.870583927498316479e-03,9.360172678930425705e-02,1.133802933633880627e-01,9.041397057559447115e-02,1.153398809683980203e-01,8.986749774345426101e-02,1.130616797650452476e-01,1.867152236020017675e-01,1.618803473182205965e-01,1.450918095689715803e-01,1.822136286523367565e-01,1.386380882147031923e-01,6.835408441473150853e-02,2.010474325612890689e-01,1.314963548955221107e-01,9.073295696941392763e-02,3.323843603768852906e-02,5.089369920663409930e-02,3.270137193062617742e-01,3.083700430213525134e-01,2.400006840642758543e-01,2.526471037490932714e-01,2.212376120856054396e-01,2.253095215084510716e-01,1.475721133913685257e-01,1.314139551631421376e-01,1.390608982848873243e-01,5.687479064976516674e-02,3.890410765832547080e-03,7.378941862667567908e-02,2.006688512009281722e-02,9.812178907902938119e-03,6.579366619135401661e-02,5.308133881856423597e-02,8.463981847984800022e-02,6.509903796789916208e-02,1.116918531251135244e-01,1.293032692867988331e-01,1.084028082383549363e-02,1.700120357190120779e-01,1.565544460821698125e-02,3.947310401067499752e-02,1.883929704945460082e-01,2.343925615387904005e-01,6.747261117703595712e-02,7.862093741434639238e-02,3.543815881678769042e-02,1.944479423644772109e-01,1.427110347968061355e-01,4.430270572303185439e-02,9.712244506980499681e-02,7.460084141707712391e-02,5.649863472210525650e-03,5.395933414741271861e-02,9.931553001357146249e-02,1.161788735339297496e-01,1.013837895069680251e-02,1.014297741550255760e-01,1.307955662140107833e-01,1.272785862790867251e-01,6.239775205785860757e-02,1.475276629078670076e-01,1.262367469658266517e-01,1.266642503053492796e-01,1.169601954128982046e-01,1.561124529516457471e-01,1.505025548617077991e-01,1.537189481781176814e-01,1.166037273879211300e-01,6.352747464192987081e-02,3.229591111844856699e-02,2.631768725404205408e-02,2.755889334730711460e-02,4.842673394888682981e-02,9.557010702621698828e-02,5.038362296737823598e-02,4.932144381591799243e-03,8.125863679534112149e-02,7.045143161603500959e-02,9.305583673804268541e-03,1.148476067791615041e-03,3.938220301363720699e-02,3.867763183466910171e-02,7.560562976545112668e-02,7.852063417866084194e-02,1.195272499675259781e-01,1.212509497965443273e-01,1.440043934279404692e-01,1.443581216432478498e-01,1.333603046562815975e-01,1.433324906356743256e-01,1.386405241991493231e-01,1.288516854678174728e-01,1.402052813278374388e-01,1.426411462708362388e-01,1.083877589226453775e-01,1.022862874420091828e-01,1.246054161995175935e-01,6.504528591075858790e-02,6.109177378024721605e-02,8.606578605941722637e-02,4.762140809366896543e-02,2.229029257343603798e-02,2.892576857812229063e-02,8.547381391455327604e-02,6.125741981160778837e-02,9.611072519122099145e-02,5.823243464294786120e-02,9.316484432487358303e-02,8.997256623404492615e-02,1.333398046211075882e-01,1.120023458691946777e-01,9.554940493272164048e-02,6.248811622180922010e-02,3.200380681573368469e-02,3.429010238506058350e-02,4.375018728397114809e-03,1.704547362793012305e-02,2.636183770490807543e-02,1.170923080873192967e-02,2.477936590042801868e-01,2.612245742267280124e-01,2.009057500582245304e-02,5.293788618144878999e-02,5.567319542492088491e-02,1.193206978689098641e-02,1.752176722468223868e-02,0.000000000000000000e+00,1.672591821915999644e-01
5.749019952527308075e-03,8.968460600809755046e-02,2.117390064620289225e-01,7.127363359236016382e-02,4.414585006854665483e-02,2.188841065693534205e-01,2.455809221144160670e-01,3.452503112676810759e-02,2.756165155113493581e-02,2.013529596388941301e-01,5.946223744611248141e-02,2.513329101190486803e-02,8.335452322642211698e-03,6.343438061985090526e-02,5.287955652220011071e-02,4.032619498401496250e-02,8.318601996732755133e-02,5.491555203713890942e-02,7.058199878329668442e-02,1.599858598016609401e-01,1.083928934130964639e-01,7.026233644341764450e-02,1.031474944339652033e-01,3.526532076585903175e-03,2.500019582381399208e-02,1.480212441955799652e-01,5.960708728819633095e-02,1.050582784875259135e-02,1.028481540260674232e-01,9.941233527489892752e-02,2.829412697794615461e-01,3.280576613708463540e-01,2.581957648511677972e-01,2.898802426326093640e-01,2.463329863105716833e-01,2.600100218950647246e-01,1.678345408867035482e-01,1.447886976561665318e-01,1.543650041863092182e-01,1.090638636708483877e-02,7.015756888876856223e-02,1.813090479174256642e-01,7.540882577069528414e-02,9.310123357329602722e-02,6.689642752098738307e-03,6.106797574851104832e-03,1.586118528070571201e-02,1.442919036177496839e-01,1.426606439969292095e-01,1.474900185282463638e-01,2.052557375621418684e-02,2.115427467384397020e-01,1.444758285672000653e-01,1.060255278258320777e-01,2.780549875409829008e-01,3.839093999544233027e-01,2.452419788286110403e-01,2.333839036531115130e-01,1.951133925295470695e-01,3.474977831743713552e-01,2.505613896888339021e-01,1.709485389589375237e-01,1.475421911580731271e-01,1.694474827903577063e-01,1.641767433948043142e-01,1.730239479331509844e-01,1.629375845074033102e-01,1.861728295031117308e-01,7.449440034544205225e-02,8.259430183797707159e-02,1.348896549607398465e-01,1.112018717043149058e-01,4.837894505288463376e-02,1.567901359376896175e-01,1.618432512891544994e-01,1.358278013166693832e-01,1.053884025181128781e-01,1.494899697159263741e-01,1.355115854478465276e-01,1.457661603028523878e-01,1.103858570293119179e-01,9.778038998205990096e-02,3.301757713661545440e-03,3.580174735178696943e-02,8.192381817912097741e-02,7.151319940979317114e-02,7.773304470118212739e-02,6.460414367460951685e-03,1.933239641053310920e-02,1.349902703988216934e-01,9.362768417325539883e-02,2.720897904609059781e-02,1.274701136783137623e-01,1.540971870216721884e-01,9.117731979211468607e-02,1.088411543724180780e-01,1.366435475051515636e-01,1.889728703809017696e-01,1.376894016017128630e-01,1.208170969630945335e-01,1.019820818493362979e-01,1.235495445578210227e-01,1.826056471844121343e-01,1.508717118894257747e-01,1.706574734838185448e-01,2.217633656977737733e-01,2.079770365831699608e-01,1.578811866701746447e-01,1.803136318434187257e-01,2.100272889224532313e-01,1.412594128936654758e-01,1.150642569347309629e-01,1.662676072093318969e-01,1.481769233256016727e-01,4.023731611207179149e-02,3.393075057296393582e-02,5.576890558954457344e-02,5.704005342717219373e-02,1.145450390888856362e-01,6.996519078989210660e-02,8.762430374885625539e-02,3.130831776526366017e-02,8.315510466355199859e-02,6.007745425455167376e-02,3.066058479548142840e-02,3.339691772014538595e-02,5.907041328689070087e-02,1.573381203680020157e-02,8.767651125463440942e-02,1.446111556127923914e-01,3.103068405773614508e-02,5.408557452476153715e-02,1.185680670076893622e-01,1.372984645516891478e-01,3.217135748310882559e-01,1.644619653559413752e-01,2.286375884424768357e-01,2.479563424213824252e-01,2.235954543454664600e-01,1.672591821915999644e-01,0.000000000000000000e+00
