1.000000000000000000e+00,9.198921372431414500e-01,8.167675452962868121e-01,5.214242739376617752e-01,3.476241691921800880e-01,-8.920038097162899179e-03,-1.969979335022494990e-02,-1.376379184143088075e-01,-1.710428508773381706e-01,-3.316584707039941793e-01,-2.671045117151447656e-01,-3.704786142315508179e-01,-2.761490743360976996e-01,-4.440292814044616287e-01,-6.226370563398708757e-01,-5.405290559420065089e-01,-4.617564953466096744e-01,-3.482840004152475410e-01,-2.195511341114587123e-01,-1.959471419525328217e-01,-2.214940876559415642e-03,5.465289141897856223e-02,1.716863864219178859e-01,2.510899656210177633e-01,2.796154479717457564e-01,2.523830414977437098e-01,1.312828386999014274e-01,-8.561629764679500292e-05,-1.500128267586575692e-01,-2.872772348129640219e-01,-7.783418841509946728e-02,-1.344007196785299840e-01,-1.305001705189018091e-01,-2.299955312826036935e-01,-1.972589624037511535e-01,-2.502214611456753390e-01,-1.060070224641315312e-01,7.990595717309546472e-03,1.433074941451125128e-01,2.396919070744489011e-01,1.486397904222602206e-01,1.870756013878989710e-01,2.250754541043279988e-01,1.677929875599696030e-01,2.630781533576637687e-01,2.529979929511639858e-01,2.221988383499298725e-01,2.213904700464044140e-01,5.785735742897946121e-02,-1.055935315867722740e-01,-1.616044592830353233e-01,-4.111412197868247187e-02,1.954214464627855932e-02,1.451213226469900697e-01,3.369912988567959622e-01,4.175627093531491529e-01,5.080310039515156806e-01,6.587737235036915662e-01,4.191759303425237615e-01,3.139729178157227296e-01,4.041399484129569730e-01,4.573650466660462155e-01,1.400991058376592491e-01,-2.248312351575412482e-01,-2.009686983913301361e-01,-3.449116464406595250e-01,-5.594297196652362469e-01,-3.837250159212391432e-01,-1.937772459026730898e-01,-2.439696518700473216e-01,2.759793147310365697e-03,1.705387608579965741e-01,3.999289420845553167e-01,5.935405088274910979e-01,7.022963651185448741e-01,8.292820296668609314e-01,7.585742812238617239e-01,4.261299502267138495e-01,6.040035377704645603e-01,7.493777379344396250e-01,4.880992992056801261e-01,1.273735751021916052e-01,7.853074591362667334e-02,-2.077095598554043465e-01,-1.716033365543730704e-01,-3.791158678532901560e-01,-3.328669057637734796e-01,-1.655929175683840127e-01,-1.751188072873164359e-01,-1.703601966695984515e-01,-4.142824342911576307e-01,-5.148579244563624702e-01,-4.503625068077214411e-01,-2.290943218385065039e-01,-2.645900053060775137e-01,2.298985267878280725e-01,2.672529600953227891e-01,3.396442633507562037e-01,3.049099157059700915e-01,3.012622803470637600e-01,3.252679426727591583e-01,2.094175076480137843e-01,6.314491831786230025e-02,6.827600540726778966e-02,-1.657682476746124081e-02,-1.133465811084345826e-01,-2.126275957660899579e-02
9.198921372431414500e-01,1.000000000000000222e+00,9.120507669810747897e-01,6.957250946248578760e-01,4.923609815928786104e-01,7.674344699269020076e-02,5.840854121101714952e-02,-1.542877997036452009e-01,-2.424704380455143804e-01,-4.634252971745357885e-01,-3.444117869097775841e-01,-4.479911324253839089e-01,-3.304748740325270662e-01,-5.511849322410011798e-01,-6.617281495075167941e-01,-5.271502038703920201e-01,-4.358699304703585464e-01,-2.815609949955222846e-01,-2.200572659401452691e-01,-2.250106984347121364e-01,-1.712683663989766555e-02,8.448242460194788084e-02,1.434015612067064405e-01,3.015451547974322688e-01,3.516955972478892911e-01,4.316834251140475032e-01,3.498168028532507856e-01,2.161451849284932725e-01,1.584397808523892517e-02,-2.327791773297096245e-01,-6.911045704618058727e-02,-1.232391984400894452e-01,-5.665297226447647827e-02,-1.738681744165120335e-01,-8.904311488816861464e-02,-1.848147134267300318e-01,-2.263225544151035301e-02,1.094523404209190726e-01,1.523908410242440781e-01,1.564747765401590662e-01,1.331112506826227226e-01,1.627255309235496605e-01,1.751974401278163507e-01,1.350687991054558279e-01,2.869465901668554753e-01,3.149664556935878879e-01,2.478389466970591926e-01,2.961170603887967601e-01,1.317420813682697311e-01,4.378608918774894859e-02,-3.970746085209613668e-02,7.829981085085639669e-03,1.015486461974505761e-01,2.009078567937231663e-01,5.295218863276380805e-01,5.729331115652042117e-01,6.474268135938204827e-01,8.336069632242480987e-01,6.800520542095758181e-01,5.581293192432230654e-01,6.462796994628526859e-01,7.274344682951622287e-01,4.364713974986644263e-01,1.899131493102353477e-02,-1.449488790404129378e-03,-1.727563368166936952e-01,-6.085914462556381022e-01,-5.262731468155164016e-01,-3.336314383479322965e-01,-2.702771782902544384e-01,7.322467165191692828e-02,3.701015157272161682e-01,6.379169259213802734e-01,8.236107113094353060e-01,8.346552350552690624e-01,8.795736357789498694e-01,6.158367654714671513e-01,2.153189645951936460e-01,3.872663214771203122e-01,7.197550145187566750e-01,4.838799391571624864e-01,4.761520136952408777e-02,-1.147012817226337605e-01,-3.330557793148315460e-01,-2.767838168566267298e-01,-4.301512058508443759e-01,-3.249382679568156296e-01,-2.120376415359800648e-01,-2.061496822856189182e-01,-1.927916000475925762e-01,-4.075652291021724660e-01,-5.841462010895250856e-01,-5.856368447787352327e-01,-4.574460650597163558e-01,-4.490043408935596725e-01,1.004502038824523213e-01,3.808303435937046011e-01,5.433389049083394706e-01,5.643232330663873197e-01,5.402145565408765782e-01,5.391568333345158059e-01,2.850996985602740064e-01,7.277339398196135123e-02,-5.495786989116037413e-02,-1.805604541632944982e-01,-2.413829912733708727e-01,-1.606980024034272148e-01
8.167675452962868121e-01,9.120507669810747897e-01,1.000000000000000000e+00,8.381744486067450595e-01,7.260361409354719742e-01,2.482390809338808624e-01,2.347871990693268518e-01,-8.849598193243098099e-02,-2.970912273869357190e-01,-5.078057272684454171e-01,-3.853310140311173582e-01,-4.892920872849358394e-01,-3.461375225401476796e-01,-5.753409671488157739e-01,-6.204642363046626308e-01,-4.579608594083299788e-01,-3.558617495732883107e-01,-1.869018553613793487e-01,-1.124142027149087897e-01,-1.551321222737046257e-01,3.114995470629024557e-02,9.530075964509110431e-02,1.410426961855415218e-01,2.485621744594020965e-01,2.826180767463420396e-01,3.584705149299838856e-01,2.864519810437890501e-01,1.823237643172384015e-01,3.895525144212746288e-02,-1.958333030465405356e-01,-2.982014567629103288e-02,-1.260234347208468442e-01,5.446305758233844878e-03,-1.446388525108943945e-01,-5.462098048484730073e-02,-1.593746202905995668e-01,-4.863494707014752623e-03,6.846468601808453069e-02,1.880133901300940769e-01,1.379614956012219507e-01,1.279297602804676248e-01,1.714991395601570823e-01,1.510539472807720385e-01,1.420872636855707027e-01,2.690285917441604946e-01,3.228663403392109665e-01,2.685156828828327846e-01,2.931918859070543615e-01,1.673811185233734233e-01,9.045727628170906198e-02,1.209725551918144383e-02,9.048019390618067259e-02,5.524962491309823309e-02,1.824884096817801782e-01,3.837770587249307308e-01,3.319663912205106926e-01,3.732871013838677254e-01,6.144413016611814937e-01,5.649575439402808597e-01,4.469840020036538464e-01,5.708507327105472040e-01,6.849061868591401758e-01,4.264382996981497254e-01,5.607124515871499126e-02,7.613671654059900318e-02,-9.174031726547618448e-02,-5.789417096662500262e-01,-5.574428727254282512e-01,-3.831029920381737730e-01,-2.589764396766969790e-01,9.694754407703774779e-02,4.993894763687193317e-01,7.523944281044102622e-01,8.228594712416932300e-01,8.208711174151883672e-01,7.016935217589547191e-01,4.327266700772331443e-01,2.645405838597212483e-02,1.692807019769083099e-01,4.360408953586097924e-01,2.382061326218013475e-01,-9.688311271545500813e-02,-2.323634478030605632e-01,-3.106013358590306028e-01,-2.321973069371605913e-01,-4.181761355529737823e-01,-2.842790028487468534e-01,-1.377628704272061411e-01,-1.358463823030943984e-01,-1.420023288498047931e-01,-3.830808477447556482e-01,-5.119463906180202750e-01,-5.295672847253215521e-01,-4.677508631951264872e-01,-4.663184098826829160e-01,1.431540550936374369e-02,2.815070390272539913e-01,5.415817082444466246e-01,5.258939190156465271e-01,5.324510012115074575e-01,4.939815835564982383e-01,2.260624296494340713e-01,2.482844771001061629e-02,-1.252945692861156812e-01,-2.209322683986099101e-01,-2.384202003267765768e-01,-1.286077836172364042e-01
5.214242739376617752e-01,6.957250946248578760e-01,8.381744486067450595e-01,1.000000000000000222e+00,9.302964139878446836e-01,6.096385679132819702e-01,4.863663086592264762e-01,1.418413010806621743e-01,-8.491450464252754682e-02,-3.235144078168499804e-01,-2.916586335088622306e-01,-2.682862673733621417e-01,-2.753496786910857863e-01,-4.462440136392075152e-01,-3.853998641234311906e-01,-3.852972136872170328e-01,-3.072212384273236840e-01,-1.925602599848576235e-01,-1.963310786980780320e-01,-2.843218678720367265e-01,-1.683935739249615149e-01,-7.271682293903161676e-02,-6.037465961879267401e-02,9.285929424350682082e-02,1.617585774488333461e-01,3.226301020381974194e-01,3.137776445096731592e-01,2.508458034780578494e-01,6.774302038940197002e-02,-2.408216107854028454e-01,-2.171078261151081767e-01,-2.790818128335784687e-01,-8.791267407901985631e-02,-1.933247781623120831e-01,-2.206222559293528895e-02,-3.906684627701596801e-02,9.660440910260852110e-02,8.833272478380192749e-02,1.426248086648542190e-01,4.282754763785926594e-02,8.132032798153268627e-02,1.097669363324630387e-01,5.989663001402342757e-02,6.043474426314992404e-02,1.298318663084352953e-01,1.754372545414032425e-01,8.538178413841607250e-02,1.272513363937619602e-01,1.274639516625304843e-02,3.172269540339935773e-02,-6.062327706881410344e-03,4.805825093009320759e-02,3.299548871273370182e-02,1.302782683746313286e-01,3.680447542173887476e-01,3.230081896212917969e-01,3.108876827435794188e-01,5.120464399218265239e-01,5.543095031448179721e-01,4.332616637009570892e-01,5.634176106956365615e-01,7.285215643865341484e-01,5.618156990689319175e-01,2.566582119056989852e-01,4.452281217025538251e-01,3.445234920714052573e-01,-2.442617869899823269e-01,-4.689572608696938594e-01,-3.530689187078396851e-01,-1.146635460063979810e-02,2.629105112463157590e-01,7.402565546104059591e-01,7.822647612939550577e-01,7.528697892049348583e-01,5.976180528510345313e-01,4.356472000784186172e-01,6.813170835817013160e-02,-2.111955961920663205e-01,-3.986926728446991280e-02,2.497668794810614934e-01,1.711867378553500463e-01,-6.912207571956668906e-02,-2.918180573005408340e-01,-2.911542409658310904e-01,-1.632092760973422041e-01,-2.953499867125413125e-01,-1.212309738929521347e-01,-4.831496229181636570e-02,-4.635495404181020490e-02,-6.726131716328198618e-02,-2.204590118143728295e-01,-4.042417881656616419e-01,-4.735146028004835195e-01,-5.622774653012906354e-01,-5.988660631463881279e-01,-3.111483751766556116e-01,1.161184076858122055e-01,4.125521959144641260e-01,5.208822450117924774e-01,5.425096999208792736e-01,4.990981086018094204e-01,2.020595146514050089e-01,-1.377112827224666498e-02,-2.766112898342434900e-01,-4.054388641106640989e-01,-4.256442740005811354e-01,-3.193007894549390602e-01
3.476241691921800880e-01,4.923609815928786104e-01,7.260361409354719742e-01,9.302964139878447947e-01,1.000000000000000222e+00,7.457585609908690127e-01,6.859002564686039749e-01,3.072125727616070723e-01,-5.727663795835405414e-02,-2.298642345958979427e-01,-2.511016165677584788e-01,-2.634437907104775212e-01,-2.302546100627952119e-01,-4.335326222449488731e-01,-3.584367348646702589e-01,-3.331736833765458483e-01,-2.645917828491488599e-01,-1.408162963003996293e-01,-9.832311187913338191e-02,-2.166786080822292460e-01,-1.222089924706705605e-01,-4.541187639170547741e-02,-4.791468716699455455e-02,7.815877942125819267e-02,1.141592760495251102e-01,2.352789517313800816e-01,2.076006241187263457e-01,1.518606407524555058e-01,1.653486169130682221e-02,-2.389237426633380179e-01,-2.061332511602034512e-01,-3.489864497203533644e-01,-1.005984839248503793e-01,-2.321010024455683052e-01,-7.158770047528287273e-02,-6.823040612044403708e-02,4.034190244786717977e-02,2.792168115951993920e-02,1.119776334896206149e-01,-6.458436417465811610e-03,3.358556322350920997e-02,6.379969182094960556e-02,6.092684491975057168e-03,3.363142005969961545e-02,8.251657830841128971e-02,1.331312657637025998e-01,7.467703366567267353e-02,9.974253837362546948e-02,2.168603047753292143e-02,1.920797540495977271e-02,1.604832213868076290e-03,1.129513552537081411e-01,-3.812894934547770426e-02,9.645158703126775757e-02,2.211884249650319656e-01,1.344437692053499500e-01,8.168541501505505176e-02,2.691703098049655352e-01,3.633872860869337140e-01,2.502301169342027176e-01,3.469644297918780262e-01,5.267246962795236742e-01,4.294557181814789848e-01,1.465381180277733064e-01,3.429012074884549288e-01,3.350940006959421957e-01,-1.807687939424203194e-01,-3.703130380452143156e-01,-2.431303432340417292e-01,1.111492516429840316e-01,3.724030510432091989e-01,8.173458245419804591e-01,7.731768578110239654e-01,6.148620694345092730e-01,4.828497101551636472e-01,2.541301367508428388e-01,-1.903237342428796414e-02,-2.152389925834579387e-01,-8.231801812926597961e-02,5.711387417679392869e-02,3.998455533038151183e-02,-7.750730814439323046e-02,-2.098659481128661020e-01,-1.784531049651167378e-01,-7.234200312379170106e-02,-1.973114469283193950e-01,-6.908061611259752599e-02,7.902944422748468464e-03,-3.503001474151872657e-03,-5.942344226102126009e-02,-1.672905153716112148e-01,-2.897985320155835320e-01,-3.172724865239918701e-01,-4.162618448281818484e-01,-4.824786646653008160e-01,-2.921473775991809685e-01,2.526368345243790517e-02,3.261447392638726628e-01,4.019105050426177161e-01,4.782714111889659336e-01,4.290108231983956744e-01,2.217092157424820631e-01,3.165335691436181598e-02,-2.088858524975747699e-01,-3.304470816005834477e-01,-3.567976798844565423e-01,-2.541247286024377883e-01
-8.920038097162892241e-03,7.674344699269020076e-02,2.482390809338808901e-01,6.096385679132819702e-01,7.457585609908689017e-01,1.000000000000000000e+00,9.089737478445240049e-01,7.211606850544201031e-01,2.557636131912151556e-01,2.158981863245512112e-01,-3.674975940968829013e-02,2.949861947472379869e-02,-5.780819782574707355e-02,-2.216242976620365623e-01,-1.432922250064111169e-01,-2.988175873430673479e-01,-2.922856297658585345e-01,-2.401872454650005873e-01,-2.338594503155084492e-01,-3.548699323978819486e-01,-3.062172838737047265e-01,-1.945258029310921455e-01,-1.414892378690460750e-01,2.372831025144715722e-02,5.994750500661993886e-02,1.191992154640255097e-01,6.843776286356148542e-02,1.761944348951205094e-02,-1.724380012392329742e-01,-4.074956465679356321e-01,-5.013025198065113042e-01,-5.430407804321969456e-01,-3.708247458806456232e-01,-4.126700340259707445e-01,-2.093987069668813428e-01,-2.564327460055093252e-02,6.968687167001462457e-02,-9.387544363525799143e-04,6.573739573876564990e-02,-5.668427649296876869e-02,-1.334441573552573590e-02,6.816533122213566144e-03,-4.308070468944431158e-02,-1.371463817268763624e-02,6.781950154597998597e-03,1.067133955853920291e-02,-8.756756067278684275e-02,-1.150087419862074745e-01,-2.195211678119724230e-01,-1.888038280337197561e-01,-1.242746351041151137e-01,-1.353541015310599088e-02,-7.883242485836100544e-02,-1.761656008918450339e-02,5.435296579439972964e-02,2.343642054786795534e-02,-4.503357838682321701e-02,2.704007113445380805e-02,1.182341911235715859e-01,1.096272114867161834e-02,7.058441821873089050e-02,2.449406941366361889e-01,2.586520400270700959e-01,1.883792240934646992e-02,3.576161609023228438e-01,5.776002847266127338e-01,2.098631880466448330e-01,-6.441478373050270323e-02,9.500843109358543537e-02,5.743557316924829959e-01,6.858035268299695897e-01,8.257709641284277646e-01,4.219604733216269499e-01,2.020992742345886772e-01,-1.395885366920967749e-02,-1.219683492802936114e-01,-2.693505380476181599e-01,-2.165981461481813197e-01,-7.140295086060602370e-02,-5.210205058413940743e-02,1.960068091610387211e-02,6.885039080531360489e-02,-1.971277750524710881e-02,-7.647865423105300146e-03,7.187762618671100778e-02,2.568666600023837218e-02,9.299467572364084056e-02,1.103187742270241023e-01,7.839835864132593812e-02,2.872450504962312939e-02,-1.609567115052881747e-02,-9.595393141614924626e-02,-8.492991243322563222e-02,-2.390928507801752534e-01,-4.102685125441994374e-01,-5.125650273930933976e-01,-2.869257239294613626e-01,-8.272353691814510190e-02,1.333363425964601556e-01,2.865244680848693659e-01,3.057299925210638647e-01,3.189905694404495673e-01,1.491229456216852378e-01,-9.574339432686086726e-02,-2.968622278644733048e-01,-4.217119837163402218e-01,-3.223713476126951472e-01
-1.969979335022491174e-02,5.840854121101714952e-02,2.347871990693268518e-01,4.863663086592264762e-01,6.859002564686039749e-01,9.089737478445240049e-01,9.999999999999998890e-01,7.675404973367879746e-01,1.229802750403033579e-01,1.959757572102429901e-01,-5.092993517320210106e-02,-1.004581388626132193e-01,-8.717640337177628984e-02,-2.817404149075678488e-01,-2.508092124386421262e-01,-3.026870883129044731e-01,-2.893584329633921981e-01,-1.986586605007596151e-01,-1.585468558867064448e-01,-2.947624423157597096e-01,-2.266246017691136705e-01,-1.020283846432674807e-01,-3.212081763730304657e-02,1.613497834073218395e-01,1.893733518833454754e-01,2.245321979664892109e-01,1.406250116847405363e-01,4.163594405445363023e-02,-1.668574665373701860e-01,-4.098764402981011634e-01,-4.360288606187965321e-01,-5.714593985095288708e-01,-3.454097709332367705e-01,-4.585281083837980387e-01,-2.616673901828023840e-01,-9.573197277602624178e-02,1.799624609104432532e-02,2.540404773200515692e-02,7.258007369955335464e-02,-8.837386554671287919e-02,-5.031090470373952850e-02,-3.422747300482313626e-02,-7.619009517504381213e-02,-2.119204910003790951e-02,8.225462835762069325e-02,8.707777203010019784e-02,-2.079468940000163413e-02,-6.126066709004921590e-02,-1.604414353962509143e-01,-1.527558252817391993e-01,-8.013924065175080658e-02,6.047901313590186428e-02,-1.017678875291686547e-01,-1.827900672462787895e-02,4.017704548954968008e-02,-2.103143675016549627e-02,-9.913193366965376840e-02,-7.926430663091035139e-03,9.296331359872445077e-02,-2.192979436311055796e-02,1.478166371223106233e-03,1.662149720911179074e-01,1.831709010272971894e-01,-1.005844796913396150e-01,1.233263268358096715e-01,3.923907304729327139e-01,9.159985307497085782e-02,-2.228565189209534211e-02,2.011376405806082346e-01,5.875234257654577963e-01,7.729056055261736002e-01,8.590095994683499825e-01,4.897100907621430022e-01,2.381920103582446102e-01,5.222743932836883957e-02,-7.219805003826933187e-02,-1.643035973250681070e-01,-1.184930286753223538e-01,-1.030192873253450540e-02,-5.780261872477254759e-02,1.042658597925185532e-02,6.393541044652636951e-02,5.160958849119781644e-02,2.133697110603113845e-02,7.012408531113795140e-02,3.209354914735625813e-02,4.854123057634580907e-02,7.491238835606024715e-02,4.151709172930724556e-02,6.519945087244950928e-03,-7.590690647030837179e-02,-1.110272140018687681e-01,-5.218001555416815207e-02,-1.478463173212734849e-01,-3.216297604387396425e-01,-3.740528306152277604e-01,-2.110129863813066942e-01,1.646586830196668585e-02,2.130981350926344497e-01,3.956295832960874947e-01,4.047757094744615092e-01,4.663837942399151060e-01,2.825006120291942979e-01,6.056899839492445314e-02,-1.683624035594501467e-01,-3.217029332768476246e-01,-2.696522780441545364e-01
-1.376379184143087242e-01,-1.542877997036452009e-01,-8.849598193243092548e-02,1.418413010806622021e-01,3.072125727616070168e-01,7.211606850544201031e-01,7.675404973367879746e-01,1.000000000000000000e+00,6.581754507390545905e-01,6.183341892645729532e-01,9.544740768300924438e-02,1.125643798642718962e-01,-2.058642827138539369e-02,-1.807280446809177987e-01,-1.555751508319021537e-01,-3.405413477159082714e-01,-3.385294971486728643e-01,-2.779899295844906471e-01,-2.400903894234308888e-01,-3.801616204999363480e-01,-3.081813706258770269e-01,-1.911545810473333495e-01,-6.009056928490358329e-02,9.957335343954604179e-02,7.492840207147621889e-02,3.250381713142112827e-02,-9.560850255761071947e-02,-1.558570641219126918e-01,-3.504255676586641721e-01,-4.445499307901694119e-01,-5.410976438112647946e-01,-4.270435960688065413e-01,-4.928847055077907324e-01,-4.972945794158028510e-01,-3.672120344453908558e-01,-1.372385845071164845e-01,-6.406114362960542430e-02,-4.094960598613130859e-02,-5.907723166983289316e-03,-1.507829894769659174e-01,-9.336428116033709812e-02,-7.997563109070666976e-02,-1.181955185582282131e-01,-5.629458607298869904e-02,2.175358890489961089e-02,-6.591876165316342198e-03,-1.003953727478129748e-01,-1.739365302448850625e-01,-3.090267729112817219e-01,-3.316760383531102141e-01,-1.704450334009291468e-01,1.844696367390879013e-02,-1.549665664247250885e-01,-9.310403525056236418e-02,-6.903303464757100383e-02,-3.118786113199482207e-02,-7.341840518013167949e-02,-1.252566639031119922e-01,-1.229103567538804564e-01,-2.013336578630949281e-01,-1.775572406515799617e-01,-9.636028174541216851e-02,-9.611040914231593069e-02,-2.756081759200785797e-01,2.997605148464124649e-03,3.211843687479112308e-01,2.709110624290703151e-01,2.153415970304511651e-01,5.344849005003753373e-01,8.122803219692186216e-01,7.475121127886679151e-01,5.540497365718549672e-01,9.757056247333974197e-02,-1.075563580895147059e-01,-2.568246125594564888e-01,-2.385292445224150570e-01,-1.514399231180731109e-01,3.246701519374776274e-02,1.175119663846250773e-01,-7.669125772259091471e-03,7.138922078134611604e-02,2.077019356162194685e-01,2.285101580722105064e-01,1.391226892051845299e-01,1.680258706554039749e-01,1.893309707190996283e-01,1.536828465951052547e-01,1.226644285307921106e-01,8.984290070171700726e-02,7.116850567472600420e-02,3.523439421919867531e-02,5.574905996783451056e-02,1.309448224008513406e-01,6.295353005993190032e-02,-1.343646304201393804e-01,-3.625156612334723416e-01,-4.029497683377452066e-01,-3.230058378496076243e-01,-9.465135258668012919e-02,7.393272772886845534e-02,1.556017101046305862e-01,4.033108522940420104e-01,3.113059849338180030e-01,2.202205639613777077e-01,-2.814342125803468569e-02,-2.928489986757119024e-01,-2.541592718611853097e-01
-1.710428508773381429e-01,-2.424704380455143804e-01,-2.970912273869357190e-01,-8.491450464252754682e-02,-5.727663795835403332e-02,2.557636131912151556e-01,1.229802750403033579e-01,6.581754507390545905e-01,1.000000000000000000e+00,6.191629993980500846e-01,3.129726985928937139e-02,2.139353489804150521e-01,5.455668245515276488e-02,2.331474393888289046e-02,8.417858600388147816e-02,-1.575694103459576167e-01,-1.365290295381991759e-01,-1.429766203478236575e-01,-1.273734759075480782e-01,-2.175978187577802814e-01,-2.166305197068680854e-01,-1.992947199401016167e-01,-1.356485672586226765e-01,-1.257498293295669367e-01,-1.638245529607388062e-01,-1.879175595502307061e-01,-2.327009280595437046e-01,-2.049645068729884778e-01,-2.604522449158332975e-01,-1.903814163361315648e-01,-3.061969728954322956e-01,-4.830708616457705246e-02,-3.027572829449293179e-01,-1.795075163481022196e-01,-1.884209841236759442e-01,-4.780322693685524343e-02,-7.011378341461256547e-02,-4.430141657695001178e-02,-1.057881121796854507e-01,-1.169681140332731323e-01,-6.300671905689400609e-02,-5.694598247377351957e-02,-8.721617261067397819e-02,-5.862920257639343824e-02,-1.268810652860834776e-01,-1.423347702720337837e-01,-1.429541818113230223e-01,-1.710057686420833889e-01,-2.413072139242402048e-01,-2.650238925331783735e-01,-1.243180330785091103e-01,-5.014799282031535618e-03,-9.866283254679737713e-02,-7.014159923625622184e-02,-1.019584331619347861e-01,9.670507214701236018e-03,3.516183315722210510e-03,-1.565642986970738615e-01,-2.171482934028448053e-01,-2.164510402979713255e-01,-1.973246115958987856e-01,-2.268060408527134975e-01,-2.267894181248344687e-01,-1.725126981278602978e-01,5.378157982986039864e-02,1.847424834688946027e-01,3.142185647434744267e-01,2.136051377804883411e-01,3.926915986145435022e-01,5.074903270878673434e-01,2.389477086294315433e-01,1.661435382040169287e-02,-2.665706763674622337e-01,-3.264053598910033327e-01,-3.761610189836960827e-01,-2.697420408189417085e-01,-1.253277463863425589e-01,6.058384339477735497e-02,1.061542041783939405e-01,1.742888079571559834e-02,6.847752835433983110e-02,1.907226573597782804e-01,1.829321671384707138e-01,1.223258877548462353e-01,1.403245095544801146e-01,1.705866626384762441e-01,1.497309337105444671e-01,9.287711860796506180e-02,8.805969253642401129e-02,8.018068342089450240e-02,1.357652035071114649e-01,1.334729775555188458e-01,1.418571403626568694e-01,1.053457471330807999e-01,7.379816167533033433e-03,-2.301153232343737531e-01,-3.495660110342523885e-01,-4.291483131064526280e-01,-3.021263596723859357e-01,-2.641202000832657548e-01,-1.926849166595911433e-01,-3.944241590948164775e-03,2.246226874293655307e-02,6.695430966766126313e-02,-2.120198123879650509e-02,-1.780954492739095507e-01,-1.072993217695857315e-01
-3.316584707039941238e-01,-4.634252971745357885e-01,-5.078057272684454171e-01,-3.235144078168498694e-01,-2.298642345958979150e-01,2.158981863245512112e-01,1.959757572102430456e-01,6.183341892645729532e-01,6.191629993980500846e-01,9.999999999999998890e-01,5.732075100735305462e-01,5.813724177346801802e-01,1.978222710048118671e-01,3.645106433388303202e-01,2.965095486112551137e-01,-5.909548455232963710e-02,-2.187171718829503952e-01,-3.626308446275147146e-01,-3.964825869725123741e-01,-3.468168859837205686e-01,-3.404216236261010109e-01,-2.330489933787337209e-01,-1.436789859559051141e-01,-9.529453776571555901e-02,-1.666059690067838994e-01,-2.722383620185397368e-01,-3.921003006475469732e-01,-3.376138691280426429e-01,-3.905168535623361192e-01,-2.518589674011378898e-01,-4.183065009292413206e-01,-2.049153610870890208e-01,-4.493085405944200472e-01,-3.093370739837562611e-01,-2.934658792694949669e-01,-2.979069808277657466e-02,-5.179257424876285154e-02,-1.360663016745799758e-01,-1.183234177025657557e-01,-2.071867625999468943e-01,-1.215925404168874679e-01,-1.202252125342290340e-01,-1.716939800725544030e-01,-1.140876268984823277e-01,-1.352216808902825529e-01,-1.729493250812263738e-01,-2.502506298155295905e-01,-3.330114987893005307e-01,-4.633238153004257676e-01,-4.982181351690680993e-01,-3.808816514293600353e-01,-2.845438607309095369e-01,-1.365096265000178832e-01,-1.890289932122063421e-01,-2.744587513379248001e-01,-1.685995284998479116e-01,-2.005628416700789285e-01,-3.528411425107218502e-01,-4.065490076609715175e-01,-4.641280803694805557e-01,-4.662101548559073882e-01,-4.405500909933419695e-01,-4.122585005295397731e-01,-3.534747320055335873e-01,-5.415408491191402163e-02,2.671245440359336087e-01,6.864224005609791401e-01,7.511292869122172533e-01,8.832591388946003930e-01,8.384406743883974222e-01,3.995917816503906095e-01,-2.291575276998121871e-02,-4.645758528347132543e-01,-5.575908057197751511e-01,-6.182045767283068649e-01,-4.584024636510193318e-01,-2.068714515815838206e-01,1.185633002537091474e-01,1.180324345378375578e-01,-8.643117409325093425e-02,5.286878808119770817e-02,3.016183831949401650e-01,3.334622160343822528e-01,2.605624899808235972e-01,2.670705323533247855e-01,3.601058577968051511e-01,2.785947443430801251e-01,1.958822006210063915e-01,1.708274243092554323e-01,1.517348618408320970e-01,2.556025559411634340e-01,3.297106279028073628e-01,3.753561594231697995e-01,3.200851462329097896e-01,2.059249139776353210e-01,-2.101025502246613441e-01,-4.629798200570724998e-01,-6.393197619447636981e-01,-4.939969346396522742e-01,-4.151972588160773303e-01,-2.641338626719837990e-01,1.118618235023586677e-01,2.687182206245908311e-01,3.620912774743216267e-01,2.729004883576768847e-01,2.371478470934453367e-02,-1.288560761207304950e-01
-2.671045117151447656e-01,-3.444117869097775841e-01,-3.853310140311174137e-01,-2.916586335088622306e-01,-2.511016165677584788e-01,-3.674975940968832483e-02,-5.092993517320212882e-02,9.544740768300923051e-02,3.129726985928941302e-02,5.732075100735305462e-01,9.999999999999998890e-01,8.443660831523053245e-01,1.850082994331242181e-01,1.986889726281417801e-01,1.636401027826147048e-01,-8.376404488554281547e-02,-1.551032515272370016e-01,-1.929710091868490074e-01,-1.959064753997458164e-01,-2.203195205649703670e-01,-2.299265988280118078e-01,-2.413832113584443995e-01,-1.984817121648997651e-01,-2.498554911901003928e-01,-2.609290227101051518e-01,-2.981253575238978493e-01,-3.072484050388938348e-01,-2.082505157615039126e-01,-1.710083397070551736e-01,-5.247846201425691859e-02,-1.604278302455020844e-01,-1.001703006820711672e-01,-1.933169726024019652e-01,-9.468311288921721358e-02,-9.003260985578423470e-02,4.057029230932354680e-02,1.047493158893442059e-03,-7.859782832587070001e-02,-8.468225793856722083e-02,-1.008173575386724502e-01,-4.925958119665162227e-02,-5.539632982427174918e-02,-8.011665966254689908e-02,-7.216449698376872779e-02,-1.954768126459278388e-01,-2.122925715890095766e-01,-2.003420654004256507e-01,-2.270500116768835452e-01,-2.841956040458412658e-01,-2.985399853103740120e-01,-1.769151586886769378e-01,-3.679135558132728273e-02,-1.388198334396712474e-01,-1.209833684082162186e-01,-1.987578492517929618e-01,-1.432753742133849872e-01,-1.604693356096396628e-01,-2.606959332219656034e-01,-3.139342659886655840e-01,-3.314593438635102807e-01,-3.414690025305904819e-01,-3.645799264295794817e-01,-3.884809940906550629e-01,-2.654245946474056983e-01,-5.754412006255062162e-02,2.020706266162716758e-02,3.631896569865016300e-01,4.540933303100943563e-01,4.571822729259306106e-01,3.116394844990070800e-01,-1.448208008431174643e-02,-2.194755171539045924e-01,-4.021606534740912453e-01,-4.277856670498922376e-01,-3.935132249253663894e-01,-2.841380277128471299e-01,-1.418957744785835640e-01,5.880303842472914266e-02,1.112312314177255068e-02,-1.056016168417907714e-01,1.022359575931202844e-02,1.727864199551912561e-01,1.793290435762197599e-01,1.423423332171221412e-01,1.464223081570236173e-01,2.329361030372388286e-01,1.827997592815380490e-01,1.305416379144774264e-01,1.168105372814903370e-01,1.111504328975085748e-01,1.828559714157577676e-01,2.340976983162256775e-01,2.463668169916590489e-01,2.053250140841682558e-01,1.850155667758030253e-01,-5.883762030474875421e-02,-1.995856327589652646e-01,-3.837363443685027908e-01,-3.859247902902266936e-01,-4.104958747153913956e-01,-3.534881241673822894e-01,-1.933170800641239861e-01,-7.107343007831783133e-02,9.189412280651657050e-02,1.462937198765681679e-01,4.746264618638744437e-02,-1.304391931612850497e-01
-3.704786142315508179e-01,-4.479911324253839089e-01,-4.892920872849358949e-01,-2.682862673733620862e-01,-2.634437907104775212e-01,2.949861947472376400e-02,-1.004581388626132193e-01,1.125643798642718962e-01,2.139353489804150521e-01,5.813724177346801802e-01,8.443660831523053245e-01,1.000000000000000222e+00,1.861594493700817199e-01,3.381564922143839302e-01,3.799443795235590837e-01,1.849011772628387368e-02,-6.282719885653528791e-02,-1.831498551517145301e-01,-2.087306745218225068e-01,-2.159617022549136789e-01,-2.721476928482156610e-01,-3.054514265073041135e-01,-2.884442027875798176e-01,-3.669862131252747961e-01,-3.670446370762007748e-01,-3.530131962770698961e-01,-2.821114772038472163e-01,-1.650617319361545043e-01,-1.249097994844335507e-01,-3.394746412271101160e-02,-1.869739492411726656e-01,-7.797231997844281115e-02,-1.555999163727983248e-01,-2.694322811105358956e-02,-2.030648977239360095e-02,1.074969947211939780e-01,5.780331932691037261e-02,-6.095238141324128139e-02,-8.212782208083743707e-02,-6.509790387723669858e-02,-2.432311056669543212e-02,-2.730405976602107501e-02,-6.286499281788301974e-02,-6.640302734917390148e-02,-2.797017319263231938e-01,-2.587041658381538656e-01,-2.428925094448295963e-01,-2.769055332349392717e-01,-3.183217237410567724e-01,-3.118229674878458813e-01,-2.108874660076367480e-01,-1.125702934457994964e-01,-1.026581981424805196e-01,-1.165728418289206092e-01,-2.276970347625859870e-01,-1.593875950055606006e-01,-1.946076375324772290e-01,-3.348512075831530099e-01,-3.522138490404326805e-01,-3.506163630853281199e-01,-3.721639615521600830e-01,-3.852944343299620211e-01,-3.184774663980520226e-01,-9.541269814714087305e-02,2.043240981161063563e-01,2.496271645699126851e-01,5.435002303727995976e-01,3.848940506764453873e-01,3.162016764860069440e-01,3.041328245846934286e-01,-7.610757815661063630e-02,-2.343314889960933789e-01,-4.620516215104155111e-01,-4.910185171609714461e-01,-5.136247356505823092e-01,-4.100494277219698391e-01,-2.991858128301536635e-01,-5.688459318239830198e-02,-6.639116104814796193e-02,-1.852343717628854303e-01,-5.160482233917593892e-02,1.441728684163192664e-01,1.252879590752771222e-01,1.308238524862982144e-01,1.541690073717722209e-01,2.484596974238515998e-01,2.343556771096844682e-01,1.557435500026633779e-01,1.516202741127449516e-01,1.417037721353116564e-01,2.351310102236047195e-01,2.615481411163944614e-01,2.346118731688542347e-01,1.439728400274550846e-01,1.073089334500164499e-01,-2.089577176549374249e-01,-2.887421971479621763e-01,-4.423907612682770885e-01,-4.016395366783488963e-01,-4.451713475373200724e-01,-4.260196054793902176e-01,-3.283173954913803372e-01,-2.229050453553840794e-01,-1.064699737504809507e-01,-4.169447104837106788e-02,-8.507459166091399516e-02,-1.267830255958488639e-01
-2.761490743360976996e-01,-3.304748740325270662e-01,-3.461375225401477906e-01,-2.753496786910857308e-01,-2.302546100627952119e-01,-5.780819782574707355e-02,-8.717640337177626209e-02,-2.058642827138536593e-02,5.455668245515278569e-02,1.978222710048118393e-01,1.850082994331242181e-01,1.861594493700816644e-01,1.000000000000000222e+00,3.964567752980320270e-01,2.490616879073615508e-01,3.783246181678843328e-02,-2.050191280010836212e-02,-1.110465110170933134e-01,-1.148724293857665418e-01,-1.120380040201199717e-01,-1.557875029890995466e-01,-2.101900820053117513e-01,-2.054137329157442460e-01,-2.915504840973582312e-01,-2.914204086363793578e-01,-2.800494173125941400e-01,-2.048603657096841335e-01,-1.028898813210248064e-01,-3.976362669669191580e-02,3.562715761709585316e-02,-7.305229680091639144e-02,-2.166671733235154065e-02,-6.610594642248178443e-02,3.341995703976747417e-02,3.682328810675487146e-02,9.804758291656222313e-02,5.918433947335811213e-02,-1.536261165504339450e-02,-4.959628744474976064e-02,-1.947827956640667268e-02,-9.759123563551212396e-03,-1.920753968824847474e-02,-3.690137632845662957e-02,-4.602411501993480120e-02,-2.176361336354170617e-01,-1.964770469450000112e-01,-1.652407230931852433e-01,-1.843887333577585719e-01,-2.005020623682813863e-01,-2.057619486184593949e-01,-1.464006422505304827e-01,-6.660424147883173274e-02,-9.378004161806598182e-02,-9.495929375910840131e-02,-1.844692522375607768e-01,-1.565331470129919522e-01,-1.711289480322609469e-01,-2.649220380728305457e-01,-2.780974300060645166e-01,-2.808587566921060263e-01,-3.052746693157236679e-01,-3.184835270384160366e-01,-2.818631139959931753e-01,-9.643229366142518078e-02,1.095581785196892977e-01,4.046490920277361070e-02,2.454249768455877279e-01,2.364110349974390124e-01,1.047492113596451280e-01,2.770272799707374639e-02,-1.641346771938267668e-01,-2.418706699184202391e-01,-3.259726405108483438e-01,-3.464731342648074697e-01,-3.282137920553482857e-01,-2.725317974908427754e-01,-2.047031410200339796e-01,-5.049571456616179510e-02,-7.520519393246692663e-02,-1.663458246796188922e-01,-7.019988126220033653e-02,6.753534765973688569e-02,5.956486672176031921e-02,7.481126317708794438e-02,8.790493581012515101e-02,1.542687174684573281e-01,1.414898260515070894e-01,9.957230603804745339e-02,1.013325735171433650e-01,1.025337980455254955e-01,1.620867191851445566e-01,1.872093169629643616e-01,1.592963062623712345e-01,1.033200441727020469e-01,1.043669491238446295e-01,-9.587965281330404488e-02,-1.431248516301310558e-01,-2.661645936476601526e-01,-2.836406191023879697e-01,-3.288858136595120274e-01,-3.448759574094825697e-01,-3.059355389986616047e-01,-2.317892269254616389e-01,-1.151647487004537340e-01,-8.917110471817661990e-03,2.225042217242765089e-02,-4.932757569130993142e-02
-4.440292814044616287e-01,-5.511849322410011798e-01,-5.753409671488158850e-01,-4.462440136392074597e-01,-4.335326222449488731e-01,-2.216242976620365623e-01,-2.817404149075677933e-01,-1.807280446809177710e-01,2.331474393888287658e-02,3.645106433388303202e-01,1.986889726281418078e-01,3.381564922143839302e-01,3.964567752980319715e-01,1.000000000000000000e+00,8.711315951879731179e-01,6.204255989697290419e-01,4.080202732791646247e-01,2.540385840404076404e-02,-1.025514707689481331e-01,1.187647105578454182e-01,-1.194659656449571644e-01,-1.219786822970633372e-01,-2.059943304843146750e-01,-2.821547647797422731e-01,-3.065398616560225387e-01,-3.584774059753141895e-01,-3.012071701890004505e-01,-1.449672548805269745e-01,2.151238459933793937e-02,2.169402501799836402e-01,7.166057284626030366e-02,1.148887238210673234e-01,8.736808105029719718e-02,1.779779929453644549e-01,1.106890893580979723e-01,1.945162273528361629e-01,7.599146470410257648e-02,-1.346993619570107381e-01,-1.483016392421012408e-01,-1.338858969247303798e-01,-4.840712296451929464e-02,-5.188862025675823608e-02,-1.116487371646663479e-01,-1.109872219476757821e-01,-2.150625209958712536e-01,-2.519519897552643384e-01,-3.371666150272651374e-01,-3.740499243643789495e-01,-2.987159631992430953e-01,-2.399593766281485074e-01,-3.334993824150905839e-01,-5.235496458811580434e-01,-1.155078736793277716e-01,-2.510095324020674701e-01,-3.920692899917115892e-01,-3.403255196214559630e-01,-4.025559072755238721e-01,-4.917947151517158000e-01,-4.621742079986474461e-01,-4.608779847828248233e-01,-4.688787692612330082e-01,-4.506440933723244169e-01,-3.009395935091156438e-01,3.985616071512877029e-02,1.482668311455396515e-01,2.699833961453349529e-01,7.735046772158418182e-01,6.862318313746749165e-01,3.047660058544282013e-01,1.903262112597865208e-01,-1.880354851771373625e-01,-3.832400924388711938e-01,-5.205520833798589209e-01,-5.346493742675419991e-01,-5.208574342298176729e-01,-4.354341691969045858e-01,-2.685963747332971163e-01,3.253235937339460544e-03,-4.703645449135051421e-02,-3.024946521989697046e-01,-1.447639618870397993e-01,9.815969174962570210e-02,1.616661344332779027e-01,1.736153800332983776e-01,1.741348032278536018e-01,2.946584511842927911e-01,2.387932016136194158e-01,1.478538390270384972e-01,1.623961983116719576e-01,1.614048475700486096e-01,3.045144682020792248e-01,3.884937221389406781e-01,3.560812093786817067e-01,3.072181144641212835e-01,3.491748092061972009e-01,1.345650645866561766e-02,-1.518580298411097984e-01,-3.561978264369667913e-01,-4.192407944157083288e-01,-4.712993343273004232e-01,-4.526734764848383552e-01,-2.938166257802824477e-01,-2.247402706767808248e-02,5.048888519419315879e-02,2.306242942838485077e-01,3.322537631952942605e-01,1.458063781138903281e-01
-6.226370563398708757e-01,-6.617281495075169051e-01,-6.204642363046626308e-01,-3.853998641234312461e-01,-3.584367348646702589e-01,-1.432922250064111169e-01,-2.508092124386421262e-01,-1.555751508319021259e-01,8.417858600388147816e-02,2.965095486112551137e-01,1.636401027826147325e-01,3.799443795235590837e-01,2.490616879073615786e-01,8.711315951879732289e-01,9.999999999999997780e-01,8.195885544786917221e-01,6.702720540054885046e-01,3.318024749748478830e-01,1.625087628724124766e-01,2.962105333695747023e-01,-2.979904901282415600e-02,-8.716848743745689299e-02,-2.605139885970460534e-01,-3.881429280861593001e-01,-4.075604284859329351e-01,-3.960997923179948588e-01,-2.510258333410418374e-01,-5.709804488867572386e-02,1.454978077547526005e-01,3.076790678272929846e-01,9.316528666243985290e-02,1.699441311923157727e-01,1.630918349792800370e-01,3.082399391280755130e-01,2.590178957543431415e-01,3.183382977231221100e-01,1.770909550508823205e-01,-1.107499721327795117e-01,-1.569012437616938149e-01,-1.354468676291626927e-01,-3.043991123751124336e-02,-5.378204805220544032e-02,-1.303678596284875701e-01,-1.482929585356963509e-01,-3.239465596381519430e-01,-3.516268946809650853e-01,-3.684866215535237410e-01,-3.538517188338463071e-01,-1.665969208020040282e-01,-5.978325869682771590e-03,-9.668358906780903650e-02,-3.088431982083787997e-01,-1.573327192066183156e-01,-2.558360661757394516e-01,-3.941026857576438447e-01,-4.319144338729454247e-01,-4.744405166576058375e-01,-5.538324683573271345e-01,-4.056601270738303122e-01,-3.589342219922060928e-01,-3.456164176921601161e-01,-3.545949522493894723e-01,-1.043382782193773700e-01,3.734390367137876421e-01,4.274806065890040530e-01,4.874926449560708086e-01,8.221161610104759099e-01,5.529026196322601727e-01,1.536850959165546593e-01,1.360825251760924559e-01,-2.476892786281466863e-01,-3.531623902944671656e-01,-4.914973670719966492e-01,-5.300820069161549242e-01,-5.920178573395640242e-01,-5.961102764431518430e-01,-5.288820078694438376e-01,-2.605471478065131130e-01,-3.059530941751235078e-01,-5.180519094089035548e-01,-3.243823477461633686e-01,-4.880911213518489972e-02,-4.021178492872631849e-02,9.562998668164822413e-02,1.134967049855498816e-01,2.444435359257398632e-01,2.343834669574952623e-01,1.396274626393741447e-01,1.809239533210415252e-01,1.800099289619594700e-01,3.498295053689833845e-01,4.070389992216975616e-01,3.036946526871297514e-01,1.733794990116192536e-01,2.354489094968216789e-01,-1.609736917752356000e-01,-1.864302367250550152e-01,-3.398565091764464419e-01,-3.845413239379310011e-01,-4.550981449102008414e-01,-4.767566341925202900e-01,-4.016354582904769766e-01,-1.485405383479734831e-01,-1.436691271369726353e-01,6.367658740949347362e-02,2.491128438815514712e-01,1.428052331613129111e-01
-5.405290559420065089e-01,-5.271502038703920201e-01,-4.579608594083299788e-01,-3.852972136872170328e-01,-3.331736833765458483e-01,-2.988175873430673479e-01,-3.026870883129045287e-01,-3.405413477159082158e-01,-1.575694103459576167e-01,-5.909548455232958158e-02,-8.376404488554281547e-02,1.849011772628388409e-02,3.783246181678844022e-02,6.204255989697290419e-01,8.195885544786917221e-01,1.000000000000000000e+00,9.170181427203855096e-01,6.964756736438758589e-01,5.805107771457966859e-01,7.293061159862906928e-01,4.000934159266462120e-01,2.943850414252563441e-01,6.999820486123145558e-03,-1.794045773889069717e-01,-2.599622895101704190e-01,-2.478406378121776332e-01,-1.429904935056151016e-01,-1.197627606379063001e-02,2.557886914887314012e-01,4.451511871832470324e-01,3.319966419070786712e-01,3.239552054142109672e-01,3.640748737739012419e-01,4.337325799867204346e-01,3.313664711555813214e-01,2.581285743447943593e-01,9.836420813087318193e-02,-1.179033297012201803e-01,-1.637630877493146397e-01,-1.524099527935106058e-01,-5.961484345122902706e-02,-1.042516903493516528e-01,-1.698346388880621616e-01,-1.631469268919265025e-01,-2.224963596773838204e-01,-2.345554488588953990e-01,-1.378424106545292904e-01,-2.800271536288120172e-02,2.754542709583028270e-01,4.239719379924916653e-01,2.305874941106452192e-01,-4.070654726432267057e-02,-8.831514530329485912e-02,-1.363592951394518027e-01,-2.597622429893003959e-01,-4.370703589352367691e-01,-4.375704605801303826e-01,-4.493026598397378835e-01,-2.184693905266153202e-01,-1.395391922513133376e-01,-1.744792524031527903e-01,-2.269888738842437415e-01,7.081740360935803724e-02,4.851173235072565038e-01,2.360781776011973421e-01,2.707604636989069946e-01,4.877777993383230482e-01,3.655658048375258762e-01,-4.222948160433720455e-02,-1.325756949247499650e-01,-3.208368195919676924e-01,-3.565594658387578053e-01,-3.081554830186912786e-01,-3.402482508656838323e-01,-3.402821631564890703e-01,-4.404878980468420191e-01,-4.167190149519027220e-01,-3.002933914372483692e-01,-3.922465418143615268e-01,-5.392055103096655699e-01,-4.246587416371275792e-01,-2.412804174903102061e-01,-2.030611163498326766e-01,5.969986819207071145e-03,-2.950082986379793520e-02,5.001197317736570669e-02,1.776255480981336898e-02,-1.130226976526820665e-02,5.326645427476196099e-02,6.879753739404037560e-02,1.986412513679179370e-01,2.855853759644154666e-01,1.889673156475578375e-01,1.241636604827868195e-01,2.374111097596154352e-01,1.561085811855224791e-02,-1.939828439996878987e-03,-8.930473590383404547e-02,-2.214140817920688398e-01,-2.746037764226197386e-01,-3.111707321516029578e-01,-3.022247670120154495e-01,-4.931482109066374214e-02,-8.479852944721009977e-02,1.929879327545548640e-01,5.055591391259074419e-01,4.345536855239517937e-01
-4.617564953466097855e-01,-4.358699304703585464e-01,-3.558617495732883107e-01,-3.072212384273236840e-01,-2.645917828491488599e-01,-2.922856297658585345e-01,-2.893584329633921981e-01,-3.385294971486728088e-01,-1.365290295381991481e-01,-2.187171718829503397e-01,-1.551032515272370016e-01,-6.282719885653528791e-02,-2.050191280010834477e-02,4.080202732791646247e-01,6.702720540054885046e-01,9.170181427203855096e-01,1.000000000000000000e+00,8.952825334084879572e-01,7.549502117230533216e-01,7.354197462253284634e-01,3.422663612068044259e-01,1.593722997516491546e-01,-1.324207552587106929e-01,-3.101880587570292613e-01,-3.124747854542878067e-01,-2.487928111592787317e-01,-6.387945315636578414e-02,4.529091586821492460e-02,3.060905697296769645e-01,4.284697039663604712e-01,3.699003882291972412e-01,3.381992905723493203e-01,4.312472473699401343e-01,4.610810241501256401e-01,3.711786751483971969e-01,2.458732120568431767e-01,1.106651506149864822e-01,-6.735942263824395981e-02,-1.205644842768680419e-01,-6.287969079917507531e-02,-4.827663136582498182e-03,-4.434324734695368336e-02,-9.149978154489155080e-02,-1.138627523696878890e-01,-3.042116582847794182e-01,-3.249687311981301341e-01,-2.128743371891175240e-01,-4.446860884673899811e-02,3.146776208868281577e-01,5.614321311473553511e-01,4.793865608590026639e-01,2.245388441980130101e-01,-4.151863279214598051e-02,-6.577093744961953758e-02,-2.067690094514010868e-01,-3.870417397551718652e-01,-3.695028139734782280e-01,-3.813526381045884706e-01,-1.587312207116995388e-01,-1.334890448030871986e-02,-2.517146229487345066e-02,-1.441198710214526835e-01,7.364466762145456535e-02,5.368477803612067278e-01,2.336954061576268227e-01,1.310778653673074501e-01,2.427715389591279527e-01,7.873999122475384971e-02,-2.532065710597667385e-01,-3.135658519374732167e-01,-4.032440208372503609e-01,-3.533703369194630128e-01,-2.254004115754807136e-01,-2.577481571584837039e-01,-2.312603972470616831e-01,-3.541064245882603601e-01,-3.682184177600593133e-01,-3.076589501320385334e-01,-3.898864207176870877e-01,-4.993276629981603931e-01,-4.147165551643386960e-01,-2.690572477392639827e-01,-2.605901946852439144e-01,-5.307598424832878081e-02,-6.748617206842594252e-02,-5.053247284823230573e-02,-5.066015720976081022e-02,-3.098354866829252166e-02,2.711755503261095712e-02,3.890267977153064743e-02,1.146285663028765306e-01,1.555163342121957670e-01,6.098240798548097003e-02,2.146408651946550214e-02,1.257775430844548792e-01,2.563615066333852031e-03,4.940874729804637516e-02,1.023131079646631865e-02,-1.457868856995708784e-01,-2.060041495417690438e-01,-3.212059560315835838e-01,-3.977366022089457442e-01,-2.614240096013754067e-01,-2.880182873190685888e-01,-2.529225141774082974e-02,3.168665008507747793e-01,3.110354895865540814e-01
-3.482840004152474300e-01,-2.815609949955222291e-01,-1.869018553613793210e-01,-1.925602599848576235e-01,-1.408162963003996293e-01,-2.401872454650005317e-01,-1.986586605007596151e-01,-2.779899295844905915e-01,-1.429766203478236297e-01,-3.626308446275147146e-01,-1.929710091868489796e-01,-1.831498551517145856e-01,-1.110465110170932856e-01,2.540385840404076404e-02,3.318024749748478830e-01,6.964756736438758589e-01,8.952825334084879572e-01,1.000000000000000000e+00,8.971407849958799030e-01,7.323857526309280885e-01,4.156855501449833734e-01,2.111898994713237721e-01,-7.768744465267042598e-02,-2.232904307113227349e-01,-2.107585198559533413e-01,-1.263536438077989543e-01,3.396783199048722390e-02,6.567655646957075433e-02,2.910743354932613935e-01,3.549988710649541468e-01,3.709823336038935437e-01,3.336214912174916281e-01,4.397490016870636009e-01,4.236957646065148131e-01,3.325825293800451776e-01,1.477940215925239165e-01,4.047902494924099370e-02,-4.740408118771113205e-02,-9.176699729548028206e-02,-3.931856504467620694e-02,6.880982441234807269e-03,-3.676718262292232725e-02,-6.495356272141172838e-02,-8.659234426152792596e-02,-2.397481059569094020e-01,-2.252372847714977089e-01,-6.139102545513633324e-02,1.613913401829368266e-01,5.189359590292078606e-01,7.732348659851572270e-01,7.765012448314525528e-01,5.933658133320283135e-01,1.137747980574933815e-01,1.537815423565606632e-01,-2.197753322082334274e-02,-2.827161651248505381e-01,-2.406021911995078200e-01,-2.352247476293681527e-01,2.033358395189171358e-02,2.138465672695920028e-01,1.795493600868149076e-01,1.170401938512658641e-02,1.683058117489710237e-01,5.508187514587107314e-01,1.510475205184043379e-01,-2.889241423694350816e-02,-1.001645580377297368e-01,-2.137860328084402184e-01,-3.864437857756135020e-01,-4.243610248388204331e-01,-3.614862486157553456e-01,-2.524909402333261887e-01,-6.405014713940342108e-02,-1.057921708428658514e-01,-6.998009987513426067e-02,-2.464782022718908783e-01,-3.143180156522829005e-01,-3.594585749075360770e-01,-4.287029410614347502e-01,-4.449154339691040461e-01,-4.411342030973113282e-01,-3.727538976574940044e-01,-3.645962762092448961e-01,-1.266728029308866188e-01,-1.573311160066942216e-01,-1.890389880977294823e-01,-1.746021847649996961e-01,-1.104856169746708389e-01,-5.202969076901075435e-02,-4.434120524546113912e-02,-2.370680895277993069e-02,2.202199041252678093e-03,-7.750431822132958226e-02,-1.013875571712985341e-01,-2.055966228238119767e-02,-2.433795133077179193e-02,6.540906985897504411e-02,1.243379805530882981e-01,-1.729345220980702327e-02,-4.491860440541810967e-02,-1.756952482195669740e-01,-3.149058084867676910e-01,-2.947117153985412963e-01,-3.357639843056164919e-01,-1.363467919977565113e-01,1.724977691863124885e-01,2.182898624378878660e-01
-2.195511341114587400e-01,-2.200572659401452691e-01,-1.124142027149087897e-01,-1.963310786980780598e-01,-9.832311187913339579e-02,-2.338594503155084769e-01,-1.585468558867064726e-01,-2.400903894234308888e-01,-1.273734759075480505e-01,-3.964825869725123741e-01,-1.959064753997458164e-01,-2.087306745218225346e-01,-1.148724293857665141e-01,-1.025514707689481608e-01,1.625087628724124766e-01,5.805107771457966859e-01,7.549502117230533216e-01,8.971407849958800140e-01,9.999999999999998890e-01,8.606282486281368049e-01,6.401534939762566490e-01,4.003448273943424618e-01,1.286261393324511504e-01,-9.682730721325062684e-02,-1.624263512790018182e-01,-1.174144015667358543e-01,-9.517188341913011135e-03,-9.795800102385456357e-03,2.098359436181119198e-01,2.928486518806606154e-01,3.893599001483828426e-01,2.535090211791614645e-01,4.024294589742044015e-01,3.476465485733373773e-01,2.402868117402550963e-01,3.870736163581266903e-02,-5.239229671363505869e-02,-6.205318128721923343e-02,-1.030003689832085234e-01,-3.316863729106579728e-02,-3.087546830143898108e-02,-7.317753024571173326e-02,-9.485151113771256304e-02,-8.245542292179913746e-02,-1.684261342553201035e-01,-1.115777170311822997e-01,1.505399737741617283e-01,3.377762031772067464e-01,6.661153162242687831e-01,7.088318246562215208e-01,6.440088411463908979e-01,6.460760760107946421e-01,-5.108574907422804706e-02,1.485505670662096156e-01,-6.194392358689142924e-02,-3.260182567090418870e-01,-3.057001659640163904e-01,-2.866954643214838505e-01,-8.527730975083344656e-02,3.688557271195915671e-02,-2.672304398329449632e-02,-1.498092800087487131e-01,1.881499280429687823e-02,2.969238489994830976e-01,-7.423196341006685350e-02,-2.141258812631157138e-01,-2.280884601564438230e-01,-2.206450380379759157e-01,-3.615161869912356107e-01,-4.557175911893183717e-01,-3.461207825082477374e-01,-2.635793514966003892e-01,-4.849769658425065466e-02,-1.015707850567333648e-01,2.898805989071908534e-03,-1.577059136193447453e-01,-1.349488280332038770e-01,-1.989142813436569346e-01,-2.678353864042937182e-01,-3.699719274997338436e-01,-3.946669100702573374e-01,-3.293534438821859589e-01,-2.486189984731506653e-01,-6.991639337987304303e-02,-1.227762041816232441e-01,-1.946361132945376160e-01,-2.197898386761690526e-01,-1.334704523462976744e-01,-8.596669352594021873e-02,-7.384092488842770863e-02,-9.191642281932925485e-02,-2.911094626750716091e-02,-5.142913406990960029e-02,-1.258666029739123789e-02,4.751489199754110188e-02,1.103441810712736670e-01,8.036623127254023669e-02,1.363686386557337593e-01,-4.097867896996149062e-02,-5.372599853597524039e-02,-1.693611939924354048e-01,-2.679826203259781381e-01,-2.268154072293210588e-01,-2.069603927842593449e-01,3.514438925823623605e-02,3.500086909070436736e-01,4.783218981840109407e-01
-1.959471419525328495e-01,-2.250106984347121086e-01,-1.551321222737046257e-01,-2.843218678720367820e-01,-2.166786080822292460e-01,-3.548699323978819486e-01,-2.947624423157597096e-01,-3.801616204999363480e-01,-2.175978187577802814e-01,-3.468168859837205686e-01,-2.203195205649703670e-01,-2.159617022549137344e-01,-1.120380040201199995e-01,1.187647105578453766e-01,2.962105333695747023e-01,7.293061159862906928e-01,7.354197462253284634e-01,7.323857526309280885e-01,8.606282486281369160e-01,1.000000000000000000e+00,8.572642635729039728e-01,6.830845021071751955e-01,4.105949061798513378e-01,1.036744515535665961e-01,-7.796135388125341459e-02,-9.197385872334795653e-02,-7.882858786986589317e-02,-6.865500810446477364e-02,1.915333208674646071e-01,3.762708339607217511e-01,4.766238177146693289e-01,3.532650161351875151e-01,4.282979080432273156e-01,3.772399959378107681e-01,2.283176443307842751e-01,2.550646331023669403e-02,-9.360380163742727799e-02,-1.174283885386353948e-01,-1.458791705237437175e-01,-1.219592863695520141e-01,-8.375734914744849269e-02,-1.304664984262816629e-01,-1.602085774758024717e-01,-1.194453794664270541e-01,-3.033683109114027401e-02,3.582133349632585922e-02,3.171402710033452421e-01,4.507919087693876836e-01,7.341415954163713620e-01,6.543953386999048494e-01,4.044432294919718118e-01,3.178602985331041020e-01,-4.022719371234342867e-02,8.012795504994225937e-02,-9.203325230798405088e-02,-3.684651468496223381e-01,-3.304252384585807389e-01,-2.972683905474916566e-01,-8.743669299666288752e-02,-3.097076265426751754e-02,-1.434512325479030403e-01,-2.130765601936915332e-01,5.082541492065000693e-02,2.416327636454617400e-01,-1.435725313905465983e-01,-1.527905361211899515e-01,-4.440513995465020236e-02,5.400041071405441845e-02,-2.183700694729056868e-01,-3.927373545775920127e-01,-3.746853904931842227e-01,-3.422775278099060015e-01,-1.190943712600681104e-01,-1.223514228727770603e-01,-5.413019226896517017e-03,-1.396317285803929109e-01,-7.059431925896451909e-02,-1.405056930859399089e-01,-2.393134121638292588e-01,-3.503633094433744599e-01,-3.978630586300291871e-01,-3.468560629369273896e-01,-2.275599135349894719e-01,-3.868058875681375935e-02,-1.279348639637067631e-01,-1.855500754418069054e-01,-2.595860951296046770e-01,-1.685684840268178442e-01,-1.117020907765664955e-01,-9.039012734775576929e-02,-9.257319033747239689e-02,3.519283083184678029e-02,2.508958033673841168e-02,1.041892266220411367e-01,1.940801819844266141e-01,2.450497056876172752e-01,1.119571811535012978e-01,1.179489408772392001e-01,-8.069184111089429401e-02,-1.087565441021623586e-01,-1.497049718890159642e-01,-1.981484247632678275e-01,8.174475518408363603e-03,2.757098983690331462e-02,3.500970535762287228e-01,6.950044946121740619e-01,7.868210258366321597e-01
-2.214940876559445999e-03,-1.712683663989770025e-02,3.114995470629026292e-02,-1.683935739249615149e-01,-1.222089924706705605e-01,-3.062172838737047820e-01,-2.266246017691136705e-01,-3.081813706258770824e-01,-2.166305197068680299e-01,-3.404216236261010109e-01,-2.299265988280118078e-01,-2.721476928482157165e-01,-1.557875029890995466e-01,-1.194659656449571644e-01,-2.979904901282414212e-02,4.000934159266462675e-01,3.422663612068045369e-01,4.156855501449833734e-01,6.401534939762566490e-01,8.572642635729039728e-01,1.000000000000000000e+00,9.257213026264257127e-01,7.613885571589893431e-01,4.761785102788119173e-01,1.971787311784060359e-01,1.387463051203911557e-01,-1.134509708973807998e-02,-1.043520578036576107e-01,7.938433140990892867e-02,2.486012616521905139e-01,4.398070357860976443e-01,3.154776577711607133e-01,3.467713767492651145e-01,2.464481742236298567e-01,7.257642520369048111e-02,-1.464772527426894122e-01,-2.278919427777952589e-01,-1.132209195571756144e-01,-8.544044190276815776e-02,-1.412322604490032774e-01,-1.288458660068758088e-01,-1.698578066553552701e-01,-1.638231527703363222e-01,-7.784052132918162226e-02,3.051798737371709813e-01,4.355927528700421214e-01,7.188865942088766836e-01,7.698906610855270616e-01,8.719245799591925916e-01,6.140385648739187241e-01,2.927862807624245223e-01,3.118749409924923000e-01,9.548349791694206445e-02,2.785250946254765880e-01,1.055909868830657850e-01,-2.164890948924446668e-01,-1.803599437459411092e-01,-1.212420896141430671e-01,9.271492338120057575e-02,7.052167457683983232e-02,-1.075831325800476468e-01,-1.083248742389665564e-01,1.587083280434534449e-01,8.361190839519154483e-02,-2.770185122805356448e-01,-2.222405778106167629e-01,-2.148400396838910376e-01,8.564876896576041621e-03,-1.380992550337440672e-01,-3.194921804178293412e-01,-2.393943449384749456e-01,-2.038966129797832316e-01,2.831427932993439353e-02,4.728566809027069662e-02,1.608891753223568588e-01,2.851114511438581842e-02,1.013757307362749688e-01,-6.392608779990155421e-02,-1.510466128245172290e-01,-1.914673696449197826e-01,-3.395365494298209219e-01,-3.953237333576805623e-01,-2.341668436082625648e-01,-5.837845763272243860e-02,-1.859970132856821612e-01,-3.049637235632214893e-01,-4.112135535560662025e-01,-2.687324044698728431e-01,-2.171786493794025108e-01,-1.878715106648973787e-01,-2.734544232377390527e-01,-1.123432994550055825e-01,-6.555306281333199425e-02,7.862600974488682948e-02,1.301357709483649816e-01,3.002163909056916880e-01,1.100917143380729241e-01,1.918788235832291078e-01,4.192746312119934732e-02,5.282568717430922295e-02,9.444040709047769877e-02,4.636175130086402779e-02,2.516464634523911115e-01,2.486673824763313001e-01,4.802599344758764488e-01,7.231666008371047116e-01,8.117308738882793584e-01
5.465289141897854142e-02,8.448242460194790859e-02,9.530075964509111819e-02,-7.271682293903157512e-02,-4.541187639170547741e-02,-1.945258029310920900e-01,-1.020283846432674529e-01,-1.911545810473333495e-01,-1.992947199401016167e-01,-2.330489933787337209e-01,-2.413832113584443995e-01,-3.054514265073041135e-01,-2.101900820053117513e-01,-1.219786822970633650e-01,-8.716848743745690686e-02,2.943850414252562886e-01,1.593722997516491546e-01,2.111898994713237721e-01,4.003448273943424618e-01,6.830845021071753065e-01,9.257213026264257127e-01,1.000000000000000222e+00,8.789805718635015364e-01,7.239431769988726728e-01,4.378362587708259368e-01,3.648003270502402362e-01,8.698196086019158169e-02,-9.073745983846483176e-02,-7.400005620340765165e-03,1.267873559951210594e-01,3.246590629895636515e-01,2.418943611509981606e-01,2.181045385665219549e-01,1.046259319816896655e-01,-5.700729430552272520e-02,-2.315366156968646782e-01,-2.782142020767584545e-01,-8.621640256577145500e-02,-3.466546497804429139e-02,-1.984331158470557244e-01,-1.723147215946773669e-01,-2.121873347733790327e-01,-2.079707422360816682e-01,-7.917510805304366073e-02,5.173275310010817529e-01,6.131374866441295923e-01,7.979632212955156678e-01,8.283148045211008448e-01,8.256903866521851931e-01,5.418556161611333133e-01,1.778026499870187238e-01,1.774500021958204388e-01,1.626251407624787204e-01,3.382331715547998718e-01,2.507954393470633314e-01,-8.074411748415752377e-02,-5.782826356405158796e-02,3.200673144092365530e-02,2.704141559197789091e-01,1.784783572925925932e-01,-1.776453368903526536e-02,5.333748182027250179e-02,3.355417404520817937e-01,9.506532917145750494e-02,-2.384240532122020029e-01,-6.348876208328253778e-02,-1.331344442807290418e-01,1.158090627642222870e-01,2.858119057258836151e-02,-9.912523354149183064e-02,-4.967716068947780270e-03,8.443785123040416490e-04,1.547471940690721692e-01,1.767064531015596629e-01,2.203003309934885301e-01,1.059748139459288779e-01,1.385242986071308080e-01,-4.612632892844469729e-02,-1.112831815065215973e-01,-8.850116835458549103e-02,-2.473340931257099751e-01,-3.676616067668697085e-01,-2.184128192580974959e-01,-5.735366083882077054e-02,-1.947409247242130326e-01,-3.381486141926838829e-01,-4.697014236048268065e-01,-3.147925850826736038e-01,-2.675103957190928528e-01,-2.379820709119185029e-01,-3.471117845373828947e-01,-1.843350543540010766e-01,-1.032630328883879511e-01,5.236872796234223054e-02,6.492088528871896302e-02,2.589160846806202176e-01,8.999685020804576441e-02,2.132653193778519529e-01,1.614153241161425112e-01,2.189101894796421366e-01,3.480416198293427854e-01,3.315611112481690603e-01,5.346548764032178491e-01,4.483365051681759139e-01,5.649717042547830470e-01,6.872714263862342854e-01,6.818842616325986317e-01
1.716863864219178859e-01,1.434015612067064127e-01,1.410426961855414940e-01,-6.037465961879268789e-02,-4.791468716699454067e-02,-1.414892378690460473e-01,-3.212081763730307432e-02,-6.009056928490358329e-02,-1.356485672586226765e-01,-1.436789859559051141e-01,-1.984817121648997651e-01,-2.884442027875797621e-01,-2.054137329157442182e-01,-2.059943304843146472e-01,-2.605139885970459979e-01,6.999820486123139486e-03,-1.324207552587106373e-01,-7.768744465267042598e-02,1.286261393324511504e-01,4.105949061798513378e-01,7.613885571589892320e-01,8.789805718635015364e-01,1.000000000000000000e+00,8.597602515788935751e-01,6.133284423295370935e-01,4.612053385387627769e-01,8.801160739925188714e-02,-1.155204825708111560e-01,-1.123038668703335990e-01,2.291797878819940709e-02,2.589166857804079958e-01,1.949963984672661854e-01,9.840299841000813008e-02,-4.762549028281067715e-02,-2.052766037062487559e-01,-2.837051712957309735e-01,-3.071768299125982593e-01,-8.354783686291319955e-02,6.389204985191367092e-02,-1.464718181267770369e-01,-1.720744260819774551e-01,-1.737520248668464884e-01,-1.249227330850437301e-01,4.201903036869336638e-02,7.489371451109775313e-01,7.438078138772741266e-01,8.325115891277454772e-01,6.911382765646105764e-01,5.839564214831922673e-01,2.493542257913242965e-01,-3.546350748743949677e-02,5.283803644822922252e-02,8.458471433956839258e-02,2.494047281932013083e-01,1.452919918122588805e-01,-8.265221113437488942e-02,-5.442945869794810904e-02,3.616109788736612818e-02,1.712637074404527449e-01,5.639610864117295536e-02,-9.383736368948128459e-02,-1.028996588803980997e-02,1.883458075758827066e-01,-1.634405017912644031e-01,-3.775858938749604432e-01,-1.688938190957550989e-01,-1.918974839692062506e-01,1.443764414474873747e-01,1.675053021687151478e-01,7.928619759163531983e-03,1.098985325187690487e-01,4.283300120213489465e-02,1.442148971422548831e-01,1.769494276488223217e-01,2.260670888965415348e-01,1.574391588803743525e-01,2.635997660071562332e-01,1.009090716417395950e-01,3.667544069970988391e-02,3.009156155147807172e-03,-1.875587772022979105e-01,-3.113163173211790924e-01,-8.575774456987680927e-02,2.468459811323403530e-03,-1.388119871143075890e-01,-2.960498197282158128e-01,-4.681243252846701841e-01,-2.880203317014162767e-01,-2.664944885884322767e-01,-2.337977706657744514e-01,-3.816907920605451254e-01,-1.975162798168874911e-01,-6.074936609145697303e-02,1.426392854530474097e-01,1.171497475022728052e-01,3.156037963836458293e-01,5.009617582416434067e-02,1.711254830341612798e-01,1.645753076260090819e-01,2.370205877758253254e-01,4.041935100547500714e-01,4.714077193970321322e-01,6.619014788176951214e-01,6.566352564933509717e-01,6.849344868780000706e-01,6.413090134748972160e-01,6.098005324190662879e-01
2.510899656210177633e-01,3.015451547974322133e-01,2.485621744594020410e-01,9.285929424350684858e-02,7.815877942125822042e-02,2.372831025144715375e-02,1.613497834073218395e-01,9.957335343954604179e-02,-1.257498293295669367e-01,-9.529453776571557289e-02,-2.498554911901003373e-01,-3.669862131252746851e-01,-2.915504840973582312e-01,-2.821547647797423841e-01,-3.881429280861592446e-01,-1.794045773889069717e-01,-3.101880587570292613e-01,-2.232904307113227349e-01,-9.682730721325062684e-02,1.036744515535665961e-01,4.761785102788119173e-01,7.239431769988725618e-01,8.597602515788935751e-01,1.000000000000000000e+00,8.738523546141541143e-01,7.618626228091078811e-01,3.383367253992226042e-01,8.312536251584443092e-03,-1.699327065012053162e-01,-1.823470385233915414e-01,5.037513076224343217e-02,1.342863864535586219e-02,-7.384688620950101423e-02,-2.441679505345846768e-01,-3.346107700788035766e-01,-3.465313668597984065e-01,-2.883669073198015798e-01,5.994877791848787080e-02,1.905398690596021016e-01,-9.370718589105381247e-02,-1.642775974091245372e-01,-1.684423856773255290e-01,-1.182636077285009052e-01,4.994830992752756493e-02,8.573723490065415787e-01,7.992979101667334607e-01,7.107285863487993183e-01,6.216549014997874156e-01,4.295382867068833210e-01,1.637240109429521084e-01,-6.266236105547319524e-02,-1.889464137479448039e-02,1.624124740010513268e-01,2.907343687617615080e-01,3.461179791878555845e-01,1.561289778049248789e-01,1.439955030961657112e-01,2.706997009040419955e-01,4.010075444720834215e-01,2.361859859398894590e-01,1.048315548772532774e-01,2.445404847002859705e-01,3.841112263483769107e-01,-1.074079709186127884e-01,-3.048407159810577749e-01,-3.211469930980123677e-02,-2.135292063574319166e-01,9.116423714912584575e-02,2.372432362797659011e-01,2.006327484106012193e-01,4.186850482283497321e-01,3.328822208690959128e-01,3.539912309516246580e-01,3.744948662616743862e-01,3.309350979367501888e-01,2.961351348748698653e-01,3.041843496929441115e-01,1.191915586229321811e-01,1.022903717965397835e-01,1.716368501394827661e-01,-1.831013124394224997e-03,-2.148276422885296855e-01,-6.502594377191327213e-02,-3.204805586893186981e-02,-1.502611178772135236e-01,-3.249648248489841462e-01,-4.730051191672859368e-01,-3.076468541503190601e-01,-2.952849504529890812e-01,-2.489475586194009327e-01,-4.406667998554729682e-01,-3.328448509918838227e-01,-1.801783731865989890e-01,9.611795115002080142e-03,-6.450497594172960314e-02,1.933688042452713363e-01,5.896023316196811331e-02,2.490954527606960844e-01,3.937600124278357039e-01,5.272926938654275419e-01,7.380976464249717761e-01,8.017907890006231719e-01,8.450341343929381743e-01,7.197197010021937347e-01,5.308282542496880474e-01,3.462790198505807382e-01,2.524410794614938003e-01
2.796154479717457564e-01,3.516955972478892911e-01,2.826180767463420396e-01,1.617585774488333461e-01,1.141592760495251241e-01,5.994750500661992498e-02,1.893733518833455032e-01,7.492840207147623277e-02,-1.638245529607388340e-01,-1.666059690067838994e-01,-2.609290227101050963e-01,-3.670446370762007748e-01,-2.914204086363793578e-01,-3.065398616560225387e-01,-4.075604284859328796e-01,-2.599622895101704190e-01,-3.124747854542878067e-01,-2.107585198559533135e-01,-1.624263512790018182e-01,-7.796135388125341459e-02,1.971787311784060082e-01,4.378362587708259368e-01,6.133284423295369825e-01,8.738523546141542253e-01,1.000000000000000000e+00,9.016554273072132641e-01,5.110473823112436920e-01,7.482883820136888853e-02,-1.949086945500429213e-01,-2.951752525372639546e-01,-3.314279233045638179e-02,-1.103931513051776142e-01,-1.615621413604358680e-01,-3.501987394161283351e-01,-4.066988893248281722e-01,-3.836441861298879874e-01,-2.680592319525394451e-01,2.802838196299249351e-01,4.131285202893633657e-01,1.402575413055572873e-01,-7.631611821088152281e-02,-7.720664331530370517e-02,-2.026981826300790560e-02,1.136605758144480366e-01,8.419324436881725493e-01,6.546344825619058172e-01,4.504328923877477520e-01,4.134458235739730259e-01,2.332587978655102090e-01,8.378682959749828019e-02,-3.739299429988983403e-02,-3.340140193240102168e-02,1.084715574259294268e-01,1.911628945521238743e-01,3.517590437443626206e-01,1.874499541765179966e-01,1.738967375158632367e-01,3.349641293263301289e-01,4.357807387412465649e-01,2.789670760262610294e-01,2.186134546172895654e-01,3.380241999427847088e-01,3.920658730758697086e-01,-5.137406047252354724e-02,-2.181714033104683315e-01,-2.720497760303840565e-02,-2.779996290512192214e-01,-5.668850191467065397e-02,1.258691081935358336e-01,1.465372134610016808e-01,4.439848165618790476e-01,3.804534207133907220e-01,3.939570095803563432e-01,4.339121324119192269e-01,3.549370183943810209e-01,3.385726161075580665e-01,2.956702197429253443e-01,1.125244077007752225e-01,1.040010115786621780e-01,2.108913314893123558e-01,5.840412414238812383e-02,-1.787292742487110175e-01,-5.056923396064017667e-02,-3.244409885672672883e-02,-1.442830488324296778e-01,-2.993995357425240367e-01,-4.339927905139033815e-01,-2.889014762086247190e-01,-2.927902185336782592e-01,-2.291922445235657912e-01,-4.199645679594453118e-01,-3.680256687865572363e-01,-2.074931045349696357e-01,-4.874340210186593747e-02,-1.444865755044740796e-01,1.297241080762967513e-01,6.810393918771620592e-02,2.746910016579541813e-01,4.809491857321270269e-01,6.250762967204214204e-01,8.152012746312979896e-01,8.411999056208306902e-01,7.320904969723663891e-01,6.007265598940088047e-01,3.183379771958722571e-01,1.037779591947468466e-01,4.851296665395811100e-03
2.523830414977437098e-01,4.316834251140476142e-01,3.584705149299838856e-01,3.226301020381974194e-01,2.352789517313801093e-01,1.191992154640254958e-01,2.245321979664892109e-01,3.250381713142113521e-02,-1.879175595502307061e-01,-2.722383620185397368e-01,-2.981253575238978493e-01,-3.530131962770698961e-01,-2.800494173125941400e-01,-3.584774059753141895e-01,-3.960997923179948588e-01,-2.478406378121777165e-01,-2.487928111592787594e-01,-1.263536438077989543e-01,-1.174144015667358543e-01,-9.197385872334798429e-02,1.387463051203911557e-01,3.648003270502402362e-01,4.612053385387627213e-01,7.618626228091078811e-01,9.016554273072134862e-01,1.000000000000000000e+00,7.888731446202449371e-01,3.947075478771808754e-01,5.635954229800640980e-02,-2.163168121327753435e-01,-1.350560052296476653e-02,-1.492605375387486000e-01,-4.236624022079722024e-02,-2.236415072977612772e-01,-1.846378283367719197e-01,-2.193843291509536553e-01,-4.876806782559594405e-02,4.489754846425743628e-01,3.608589560976111499e-01,7.347256925963438490e-02,-5.351775009732871041e-02,-7.480131189641063549e-02,-7.078343139421257313e-02,4.668996962141720025e-02,6.893390358326680900e-01,6.204116466198660307e-01,4.144827564930357866e-01,4.082848603881514826e-01,2.446453950902709451e-01,1.653118017642346005e-01,5.977219842205713785e-02,2.203693982122617231e-02,1.380229851816833775e-01,1.772217118336550101e-01,4.766357385854176898e-01,3.253616234306275778e-01,2.913132104409021372e-01,4.644741840962123280e-01,6.095184474302018929e-01,4.404070213544973855e-01,3.828472146329613968e-01,5.145045081436440126e-01,5.658579610234109047e-01,1.408723493775145275e-01,-2.444872306610508181e-02,8.733043097122623888e-02,-3.157528885353036996e-01,-2.204581780933308199e-01,-4.631226093332470317e-02,5.846767245648880340e-02,4.349115794159805204e-01,5.176256045408147433e-01,6.010437078696609925e-01,6.373658367825476567e-01,4.859001881890038232e-01,4.250375723783348381e-01,2.017855417248616279e-01,-4.008302199421796136e-02,-1.406688078909057622e-02,2.250491622408307968e-01,1.050326422548242683e-01,-2.002410307926682786e-01,-2.051958602551685329e-01,-1.718475421069328712e-01,-2.403804826719818655e-01,-3.784095008008984684e-01,-4.167220012390525086e-01,-3.178851463622667795e-01,-3.067005602293908506e-01,-2.243109300103925952e-01,-4.146952735018643588e-01,-4.951051518786028227e-01,-4.214677390915818056e-01,-3.133430343996671530e-01,-3.655882333763560421e-01,4.909976863692881027e-03,2.204178058198188461e-01,5.061423378567599940e-01,7.599450224565051926e-01,8.528633541628292125e-01,9.301034992761526565e-01,7.590899885754837095e-01,5.669885530272394947e-01,3.316729402245047753e-01,7.284848734151438965e-02,-6.477764027271795677e-02,-1.069858374051554234e-01
1.312828386999014552e-01,3.498168028532507856e-01,2.864519810437889946e-01,3.137776445096731592e-01,2.076006241187263179e-01,6.843776286356147154e-02,1.406250116847405085e-01,-9.560850255761076111e-02,-2.327009280595437046e-01,-3.921003006475469732e-01,-3.072484050388937793e-01,-2.821114772038472163e-01,-2.048603657096841058e-01,-3.012071701890004505e-01,-2.510258333410417264e-01,-1.429904935056151016e-01,-6.387945315636578414e-02,3.396783199048723084e-02,-9.517188341913005931e-03,-7.882858786986589317e-02,-1.134509708973808519e-02,8.698196086019158169e-02,8.801160739925188714e-02,3.383367253992225487e-01,5.110473823112436920e-01,7.888731446202449371e-01,1.000000000000000000e+00,7.863211545878711073e-01,4.620426358398463385e-01,3.711432062892395470e-03,4.836955283397589844e-02,-1.674257559323328870e-01,1.591415105087249926e-01,5.485194993227700266e-02,2.709120592181852305e-01,1.768990439487835575e-01,4.035053770746188651e-01,6.727534479095114150e-01,2.833740453080250132e-01,4.775775789151250061e-02,-2.111819161043092252e-02,-7.065822273774713391e-02,-1.044328687133798395e-01,-5.173360455037372824e-02,2.353729123617615271e-01,3.131134718784433502e-01,1.665258417791393442e-01,1.736358961346072260e-01,1.099847697796078605e-01,1.559049706926299017e-01,1.389221215948744648e-01,4.050325605983434024e-02,8.006387800755343509e-02,-7.770787946245722756e-03,3.808610969157250059e-01,3.110609255175660337e-01,2.793694796598274466e-01,4.212719643027724725e-01,5.306099664323332687e-01,4.258525764768982258e-01,4.131437424086418786e-01,4.862334012036954034e-01,5.089532408264615393e-01,2.985372637635829163e-01,1.513783590032703463e-01,9.626355211626286268e-02,-3.198694764144789926e-01,-3.961194734904444070e-01,-3.081857274676647607e-01,-1.592883774746606806e-01,2.184697600606077816e-01,4.297847815509067693e-01,6.081977011350294671e-01,6.393411903815342523e-01,4.641259807726627051e-01,3.929427510799441969e-01,5.117245401345201644e-02,-1.555092678496817205e-01,-1.068017010404364170e-01,1.569192842848824154e-01,1.234348533628042005e-01,-1.395549151730441362e-01,-2.623254316404889930e-01,-2.229785458873591308e-01,-2.374555923885008912e-01,-3.106136096398155466e-01,-2.292263148871879208e-01,-2.422191448445537021e-01,-2.173592478591538091e-01,-1.135712966180009303e-01,-2.376721385856908897e-01,-4.706106728958144303e-01,-4.967941291523997882e-01,-4.567217946737047729e-01,-4.588082535976314436e-01,-9.347685927628079927e-02,4.028696928972355096e-01,6.698935864046959843e-01,8.936982956097655473e-01,8.614134237919341963e-01,7.306976747351424661e-01,3.846843899711583359e-01,1.349844106244183217e-01,-1.089720252709433373e-01,-2.561194141458659757e-01,-2.532773515349300841e-01,-1.925693240172752785e-01
-8.561629764680339194e-05,2.161451849284932725e-01,1.823237643172383182e-01,2.508458034780577939e-01,1.518606407524555058e-01,1.761944348951204053e-02,4.163594405445363023e-02,-1.558570641219126918e-01,-2.049645068729884778e-01,-3.376138691280425874e-01,-2.082505157615039126e-01,-1.650617319361544766e-01,-1.028898813210247926e-01,-1.449672548805269467e-01,-5.709804488867570305e-02,-1.197627606379061613e-02,4.529091586821493154e-02,6.567655646957074045e-02,-9.795800102385477173e-03,-6.865500810446477364e-02,-1.043520578036576107e-01,-9.073745983846481789e-02,-1.155204825708111838e-01,8.312536251584425745e-03,7.482883820136888853e-02,3.947075478771808754e-01,7.863211545878709963e-01,9.999999999999997780e-01,8.554416106560149835e-01,4.371781580009581614e-01,2.607876983966520013e-01,5.864050991451898870e-02,4.326261192439140313e-01,4.266743383755499108e-01,7.057415756816909358e-01,6.647617783516169832e-01,7.649911351924534308e-01,4.759381510607861299e-01,2.795518397134423919e-02,-1.500164399201249499e-01,-7.417730892371833529e-02,-1.290299265613140678e-01,-1.726724878163372889e-01,-1.172566835166678756e-01,-9.065870396252369290e-02,4.953464538328824357e-02,-6.468828203138783650e-02,-7.892272916954246043e-02,-4.736724343150623684e-02,6.425058546143340432e-02,7.380250442079390460e-02,-3.065796842285995957e-02,-1.011990469878590142e-02,-1.388965003133484644e-01,2.076813348953014116e-01,2.493786828280507295e-01,2.145764464640985969e-01,2.983217672852966906e-01,3.566733334043462600e-01,2.987178596194524638e-01,3.215275174153536808e-01,3.607177615320588115e-01,3.560292736148905623e-01,3.090472327382746132e-01,2.266143337846521499e-01,1.040135758578678848e-01,-1.843647571411259345e-01,-3.235212092081098390e-01,-3.307901681078734835e-01,-2.239297371021563565e-01,1.743418828582958590e-03,2.704511743756288222e-01,4.916019776165650446e-01,5.161507620770833249e-01,3.808331691140471875e-01,2.971480365486883213e-01,-1.055648537027019523e-01,-2.593776626159810528e-01,-1.848296478944067012e-01,4.642678496485137113e-02,9.462062809423396614e-02,-9.848039985189863121e-02,-3.140569449891266185e-01,-3.448490301200288766e-01,-2.617589578182584753e-01,-2.072453099678676913e-01,-2.254037069996488868e-02,-1.311982112029202729e-01,-9.507208904396127758e-02,1.156611387373053385e-01,6.401987575419182397e-02,-2.762937908262645959e-01,-4.802449220620789161e-01,-5.430019086549395801e-01,-3.693794503281201402e-01,-6.343778990376151838e-02,6.193320994602453666e-01,7.292303171907499326e-01,7.819117313167397443e-01,5.981360362639929207e-01,3.773912135824191161e-01,7.144619296381077289e-03,-1.222967548585243008e-01,-2.888808743851115635e-01,-2.988757784854502164e-01,-2.307549995294460032e-01,-1.660740984020619426e-01
-1.500128267586575692e-01,1.584397808523894946e-02,3.895525144212746288e-02,6.774302038940197002e-02,1.653486169130679792e-02,-1.724380012392329742e-01,-1.668574665373702137e-01,-3.504255676586641721e-01,-2.604522449158332975e-01,-3.905168535623361747e-01,-1.710083397070551181e-01,-1.249097994844335507e-01,-3.976362669669191580e-02,2.151238459933794284e-02,1.454978077547526005e-01,2.557886914887314012e-01,3.060905697296769645e-01,2.910743354932613935e-01,2.098359436181118920e-01,1.915333208674646348e-01,7.938433140990895642e-02,-7.400005620340767767e-03,-1.123038668703335990e-01,-1.699327065012053162e-01,-1.949086945500429213e-01,5.635954229800638898e-02,4.620426358398463385e-01,8.554416106560149835e-01,1.000000000000000222e+00,8.005772127619589229e-01,5.932437456861313629e-01,3.863342470924099881e-01,7.537048785332758349e-01,7.766131863844140115e-01,9.170604347709297999e-01,8.138592757415806789e-01,7.479029178325783400e-01,2.610265412424127018e-01,-9.909433262942125842e-02,-2.177697465991225712e-01,-1.235244357399752912e-01,-1.510302727657609478e-01,-1.892945240731081780e-01,-1.209281336735019419e-01,-2.264271941717130032e-01,-5.258340513915919778e-02,-6.918103397049764347e-02,-5.306433196504168476e-02,9.219199657025616002e-02,2.297044313600087317e-01,2.022416271694334744e-01,6.511564008873747811e-02,2.233413023007908491e-02,-9.719630599663202364e-02,4.563179670803214211e-02,3.576467210764586180e-02,2.776261036545177308e-02,6.724444707740349914e-02,1.628255919858167255e-01,2.018789905897085124e-01,1.960904251304059209e-01,1.638164516802175785e-01,2.108362586275489281e-01,3.530858430352952215e-01,1.858508243755194467e-01,-1.055736679979743346e-02,-1.389567644712620953e-01,-2.628068057392212165e-01,-4.097447589671884827e-01,-4.146602524495565656e-01,-3.241481728587191635e-01,-2.144890270241653699e-02,2.889720863823030395e-01,2.847644368271395887e-01,2.774455828336576668e-01,1.291768522005961872e-01,-2.009347435154621442e-01,-3.453053110150914873e-01,-3.197399316258418001e-01,-1.732412669629535273e-01,-1.368340859466461445e-01,-2.509162455851163820e-01,-4.089752390130597104e-01,-3.623355483243387853e-01,-2.787961662123748519e-01,-2.179316075891996329e-01,-2.445188684733923257e-02,-9.452145453858402935e-02,-5.335085807446985490e-02,1.765369340964535738e-01,1.698744375935410389e-01,-1.090593138543086982e-01,-3.848419534609887616e-01,-4.528927644226343197e-01,-1.672348999660278612e-01,8.708132066596167842e-02,6.640316176342438981e-01,6.767629773013138506e-01,5.051491692654681565e-01,2.585493743272361811e-01,1.086940024879691317e-02,-3.332022554062126218e-01,-3.100128650462203317e-01,-3.720661730248966403e-01,-2.090017212312882955e-01,-2.020062892970516180e-02,1.257849420819746877e-02
-2.872772348129640219e-01,-2.327791773297096523e-01,-1.958333030465405356e-01,-2.408216107854029009e-01,-2.389237426633380179e-01,-4.074956465679356321e-01,-4.098764402981012189e-01,-4.445499307901695230e-01,-1.903814163361315648e-01,-2.518589674011378343e-01,-5.247846201425696716e-02,-3.394746412271100466e-02,3.562715761709583928e-02,2.169402501799836402e-01,3.076790678272929846e-01,4.451511871832470324e-01,4.284697039663604712e-01,3.549988710649541468e-01,2.928486518806605599e-01,3.762708339607217511e-01,2.486012616521906249e-01,1.267873559951210316e-01,2.291797878819941750e-02,-1.823470385233915414e-01,-2.951752525372639546e-01,-2.163168121327753435e-01,3.711432062892402409e-03,4.371781580009581059e-01,8.005772127619587009e-01,1.000000000000000222e+00,8.034695790195771625e-01,6.695571414399599242e-01,7.807553904678850021e-01,8.435176132890502831e-01,7.721112044610094483e-01,6.907707172979854482e-01,4.625198784859466117e-01,-1.214541562472104194e-02,-1.369163889875925910e-01,-2.217982853374082519e-01,-1.433944617844697678e-01,-1.411141088298482893e-01,-1.600185274220998766e-01,-8.881472461143190278e-02,-1.732886789289654617e-01,-7.897163945708801647e-02,-3.511210226622069747e-02,-4.047425101270090558e-02,1.579669116413564833e-01,2.478755601292786936e-01,1.884573945971560194e-01,5.867388064740115816e-02,4.646669123047931192e-03,-9.950197090361478924e-02,-1.750865338034991725e-01,-2.243173737775916166e-01,-1.900542771922986707e-01,-2.123564489074827866e-01,-1.219672106671354228e-01,-1.272507484663806462e-02,-5.050504552970910832e-02,-1.442170798721437996e-01,-4.875564371759778109e-02,2.065507359811994126e-01,-1.102992529557252945e-02,-1.614222878449511622e-01,-1.509579322153073097e-02,-4.312315087273618612e-03,-2.356988571409969202e-01,-4.215170903029452076e-01,-5.216108374187271579e-01,-3.692516749198378467e-01,-6.734788350274274749e-02,-7.578346637292847354e-02,6.245761686104965571e-02,-8.421326721139203719e-02,-1.877135000336190573e-01,-2.648090954232818484e-01,-3.530474280954778443e-01,-3.593907806580685094e-01,-3.460177379207248216e-01,-3.715707195126149442e-01,-3.667902037052639952e-01,-3.031409511128672074e-01,-2.806467445469225108e-01,-1.074863723578718538e-01,-2.644164775595952976e-02,-7.853273461692318602e-02,-1.601927243578923693e-03,2.157388542346624916e-01,3.336903908768310001e-01,2.391597955578748935e-01,-6.401600191550763097e-02,-1.071887359018458413e-01,2.703283297249330364e-01,3.438696158914639756e-01,5.561435350014959367e-01,3.897278838700664605e-01,6.206406137116578237e-02,-1.769203670771820613e-01,-3.237266825042741658e-01,-4.819470289690191422e-01,-2.635612136888159651e-01,-1.663488149397782945e-01,1.045655561373941833e-01,2.975685635577042243e-01,2.266608383999854648e-01
-7.783418841509949504e-02,-6.911045704618058727e-02,-2.982014567629106411e-02,-2.171078261151082323e-01,-2.061332511602033957e-01,-5.013025198065113042e-01,-4.360288606187965321e-01,-5.410976438112646836e-01,-3.061969728954322956e-01,-4.183065009292413761e-01,-1.604278302455020566e-01,-1.869739492411726656e-01,-7.305229680091639144e-02,7.166057284626034529e-02,9.316528666243986678e-02,3.319966419070787267e-01,3.699003882291972967e-01,3.709823336038935992e-01,3.893599001483828426e-01,4.766238177146692179e-01,4.398070357860976998e-01,3.246590629895636515e-01,2.589166857804079958e-01,5.037513076224345993e-02,-3.314279233045637485e-02,-1.350560052296473530e-02,4.836955283397589844e-02,2.607876983966520568e-01,5.932437456861313629e-01,8.034695790195771625e-01,9.999999999999998890e-01,7.524483489067198549e-01,8.506786189719428570e-01,6.948892903680801147e-01,4.685265469223290902e-01,2.639989708243150601e-01,9.535111734404920492e-02,-4.099112570908041570e-02,7.213080029967591095e-03,-6.852624704369558728e-02,-4.904714386618233557e-02,-5.310940097804232700e-03,-3.282136699004056801e-02,4.236415628500356245e-02,1.092815497739790531e-01,2.068808155430919282e-01,2.317885390963717596e-01,2.235163412737025401e-01,3.705957724700821854e-01,3.693038810771865355e-01,2.593828170016458379e-01,1.765963234104337976e-01,1.036051644463146931e-01,9.629670336171805567e-02,-9.400053385446961729e-02,-2.606096803834812570e-01,-2.198466807160938674e-01,-1.846002846101943706e-01,-4.583815479293616713e-02,2.730148661434169538e-02,-8.770340721648120508e-02,-1.580092406349158374e-01,-5.408836704801459061e-02,6.511832864342713412e-02,-2.544114858434590731e-01,-4.084847931456465076e-01,-2.767838932322622680e-01,-1.323873156262307949e-01,-3.099995462629428489e-01,-5.631454262646531372e-01,-5.439667956804291604e-01,-3.587467621690658692e-01,7.692583759080058592e-02,8.929903088048468662e-02,3.396124744819254415e-01,1.413233825651797892e-01,1.413113426617278456e-01,-6.911006498225573391e-02,-2.340924899265363623e-01,-2.998635357740344065e-01,-3.881012608371884887e-01,-4.675134347410003222e-01,-3.241494336068223014e-01,-2.823478026701058408e-01,-2.906066329478371180e-01,-2.906334667569607233e-01,-3.148621042853232965e-01,-2.068268759373365628e-01,-1.623390058049873907e-01,-4.355703472304076757e-02,-4.283398407278313225e-02,-4.031241737949985832e-02,-1.727890136295916756e-01,-2.813598260291115191e-02,3.006152409689074601e-01,6.354417263197235100e-01,6.014652961626612004e-01,5.485217563175913691e-01,1.515438158354064091e-01,-2.648987273371068360e-02,-1.712300389753812768e-01,-3.531189936701149557e-01,-1.846125092357698561e-01,-4.873138884208892685e-02,2.006148709172902167e-01,3.866943355796881310e-01,3.291331050551978832e-01
-1.344007196785300118e-01,-1.232391984400894591e-01,-1.260234347208468997e-01,-2.790818128335784687e-01,-3.489864497203533644e-01,-5.430407804321969456e-01,-5.714593985095289819e-01,-4.270435960688065413e-01,-4.830708616457705246e-02,-2.049153610870890208e-01,-1.001703006820711533e-01,-7.797231997844279727e-02,-2.166671733235151984e-02,1.148887238210673650e-01,1.699441311923158004e-01,3.239552054142109672e-01,3.381992905723493203e-01,3.336214912174916281e-01,2.535090211791614645e-01,3.532650161351875151e-01,3.154776577711607133e-01,2.418943611509981606e-01,1.949963984672661854e-01,1.342863864535586566e-02,-1.103931513051776420e-01,-1.492605375387486832e-01,-1.674257559323328870e-01,5.864050991451900952e-02,3.863342470924099326e-01,6.695571414399599242e-01,7.524483489067197439e-01,1.000000000000000000e+00,6.870005889799953858e-01,6.360093277964713465e-01,4.076847457512574047e-01,2.503801033113377539e-01,6.865113417229354309e-02,-1.655236583174539977e-01,4.614829731900085830e-02,-4.828017821622667544e-02,-4.542560823994586799e-02,-2.529240810678477086e-02,-5.565497141413205950e-02,-2.866370888191680389e-03,1.210834159037867674e-01,1.508938569957251896e-01,1.704389569344628153e-01,1.697173842055455795e-01,2.711306740190827513e-01,3.319322689346578259e-01,2.791581709166289782e-01,1.377498997170295558e-01,1.627106203204427559e-01,8.935810450467079891e-02,-1.095862107186094808e-01,-2.115721105043326944e-01,-1.049454822125730491e-01,-1.183198800777647691e-01,-2.480986978218492969e-02,1.180203106081696568e-01,8.379882420589516989e-02,-5.539739020604809300e-02,4.523780409594630597e-03,1.889673963409079782e-01,-6.512583739827312868e-02,-2.267973733952298176e-01,-1.135623346100201186e-01,-2.602066644046108213e-02,-1.582450294914139188e-01,-3.898045494048760218e-01,-4.881796414700388942e-01,-4.600786936962746321e-01,-1.279060625025213449e-01,-6.781566263261565308e-02,1.223542569527507062e-01,-4.459607564510036787e-02,-4.456628307818304158e-02,-2.116025487956331719e-01,-3.502079057284398500e-01,-2.897076354127056108e-01,-3.894339446648427683e-01,-4.273776983123482309e-01,-3.692027925408403743e-01,-1.960066525106876623e-01,-1.929406657270592573e-01,-2.564349872374875328e-01,-2.434664734910936545e-01,-1.055035795902930090e-01,-7.505007446931925841e-02,-2.338778014051570708e-02,-5.939826974598096110e-02,-7.997803887379582519e-03,-1.419509059110808935e-01,-4.962272947694959524e-02,1.894827728041071913e-01,3.653625604370741575e-01,2.678695994743433006e-01,2.244601366067423553e-01,-7.971556143924678206e-02,-2.096970524248100431e-01,-2.582831501518814687e-01,-3.406663144464980864e-01,-1.420834117602539359e-01,-2.109493231520759987e-02,1.858054918767287900e-01,2.952555492988528929e-01,2.035269091707373190e-01
-1.305001705189018091e-01,-5.665297226447650603e-02,5.446305758233837939e-03,-8.791267407901984243e-02,-1.005984839248503793e-01,-3.708247458806455121e-01,-3.454097709332367705e-01,-4.928847055077907324e-01,-3.027572829449293734e-01,-4.493085405944201027e-01,-1.933169726024019375e-01,-1.555999163727983525e-01,-6.610594642248178443e-02,8.736808105029721105e-02,1.630918349792800370e-01,3.640748737739012419e-01,4.312472473699401343e-01,4.397490016870636009e-01,4.024294589742044015e-01,4.282979080432273156e-01,3.467713767492651700e-01,2.181045385665219827e-01,9.840299841000814396e-02,-7.384688620950101423e-02,-1.615621413604358680e-01,-4.236624022079723412e-02,1.591415105087249926e-01,4.326261192439139203e-01,7.537048785332758349e-01,7.807553904678850021e-01,8.506786189719430791e-01,6.870005889799952747e-01,1.000000000000000000e+00,8.758384491723580911e-01,7.139151496023822263e-01,4.670779159654685486e-01,3.142049333921843601e-01,3.673155369946472237e-02,-3.194713689471874452e-02,-1.131944437143868887e-01,-7.609560033808356050e-02,-6.785922273237768310e-02,-1.324765180482640747e-01,-3.484706390719970875e-02,-4.422812713190976686e-02,1.529502093609202695e-01,1.713325754825541503e-01,1.924094648969963128e-01,3.462555736864760259e-01,4.256909486220366023e-01,3.373964710422430180e-01,2.001752765102665921e-01,1.553591842304887505e-01,1.022441219779568339e-01,-3.778906041624837536e-02,-1.433400716806965958e-01,-1.033142073325081928e-01,-8.857503226434472465e-02,4.351212714171596302e-02,1.613117548623946296e-01,8.834098014129200538e-02,-1.124852283866888515e-03,9.259854437348803702e-02,2.802607597556238672e-01,5.044584729397848070e-03,-2.277082193195906490e-01,-2.295295418510452934e-01,-2.377394380212862757e-01,-4.288259378232950891e-01,-5.635786920104977060e-01,-5.110221436838148223e-01,-2.402756526952895544e-01,1.655421204958542059e-01,1.306094075666367760e-01,2.836412133092077736e-01,6.315395213659540097e-02,-8.952951980511578145e-02,-3.108258905112199488e-01,-3.515157720124721386e-01,-2.745957761484068005e-01,-3.905661011429057972e-01,-4.589393590280048119e-01,-4.587592665140099446e-01,-2.746297526957565127e-01,-2.282702154279813989e-01,-3.503399512045424768e-01,-2.275874170341743441e-01,-1.290678132867676409e-01,-9.123783075154115463e-02,-1.308439723275459619e-02,-9.081862728667375317e-02,-1.659454746089399635e-01,-3.472931566968297523e-01,-2.951328236481565725e-01,-4.729790433058156385e-02,2.577560101922282132e-01,4.612631178470358861e-01,5.665890954846992678e-01,2.392656652318186083e-01,7.381764505735963211e-02,-1.492087448416168083e-01,-4.237990052009593667e-01,-3.132655861226334437e-01,-2.709578155303370983e-01,-2.925586247676668222e-02,2.022996953428693734e-01,2.079282714418099198e-01
-2.299955312826037213e-01,-1.738681744165120335e-01,-1.446388525108944223e-01,-1.933247781623120831e-01,-2.321010024455683052e-01,-4.126700340259707445e-01,-4.585281083837980387e-01,-4.972945794158028510e-01,-1.795075163481021641e-01,-3.093370739837562611e-01,-9.468311288921722746e-02,-2.694322811105356180e-02,3.341995703976748111e-02,1.779779929453644549e-01,3.082399391280755130e-01,4.337325799867204346e-01,4.610810241501255846e-01,4.236957646065148131e-01,3.476465485733373773e-01,3.772399959378107681e-01,2.464481742236298289e-01,1.046259319816896655e-01,-4.762549028281067021e-02,-2.441679505345846768e-01,-3.501987394161283351e-01,-2.236415072977612772e-01,5.485194993227700960e-02,4.266743383755499108e-01,7.766131863844140115e-01,8.435176132890502831e-01,6.948892903680802258e-01,6.360093277964714575e-01,8.758384491723579801e-01,1.000000000000000000e+00,8.612322656179126623e-01,6.703248688262249955e-01,4.855596314936279079e-01,8.552491475111163866e-02,-1.519401640226123174e-01,-1.417377661385343934e-01,-1.089993617993083586e-01,-1.212371353924067696e-01,-1.584455702892515749e-01,-8.052338811941096852e-02,-2.465979628412782731e-01,-5.942420294185092600e-02,1.068292785356278994e-02,4.005456828690476950e-02,2.210789586102440696e-01,3.343104326117923852e-01,2.790445715116576797e-01,1.361371312739608208e-01,8.369248135709912717e-02,-1.235877260198416788e-02,-9.663639627223628847e-02,-1.466449444226357868e-01,-9.837557084950930564e-02,-1.317233994106667139e-01,-4.208165734952987874e-02,8.802289094339948994e-02,6.297343374227043489e-02,-5.493291826439922199e-02,2.717840591510311751e-02,3.283777843633428062e-01,1.091673174850120165e-01,-1.270674231729581882e-01,-6.397265058810294724e-02,-1.369334284291592041e-01,-3.642246816529108311e-01,-5.049124889525927751e-01,-5.840455164592579518e-01,-3.901516242608998319e-01,-6.805190590362507341e-02,-6.523306990037849862e-02,4.835182323271083188e-02,-8.395582823128566741e-02,-2.387906658812514182e-01,-3.590347675778512992e-01,-3.725430472075675348e-01,-2.906757759237470484e-01,-3.299852505602062225e-01,-3.330956316451479382e-01,-4.108786717639814623e-01,-2.157036863208109390e-01,-1.885434166179753290e-01,-2.118711757510357008e-01,-3.771926895190667178e-02,-5.038205955173191697e-02,-1.161408048590551259e-02,1.115372720331541112e-01,1.280966746129349187e-01,8.203025073933389866e-03,-2.497783658241430893e-01,-2.720647450557250324e-01,5.295531106279721158e-03,1.331802687445536315e-01,3.848862094234836162e-01,3.541868386042897887e-01,6.229097930091329061e-02,-1.329561702767304565e-01,-3.280046247608540688e-01,-5.634284179704770468e-01,-3.970217472419077520e-01,-3.292729215539572096e-01,-5.874305668833406519e-02,1.782759959339265399e-01,1.623067261899810709e-01
-1.972589624037511535e-01,-8.904311488816862852e-02,-5.462098048484728685e-02,-2.206222559293531324e-02,-7.158770047528288660e-02,-2.093987069668813428e-01,-2.616673901828023840e-01,-3.672120344453908558e-01,-1.884209841236759442e-01,-2.934658792694949669e-01,-9.003260985578424858e-02,-2.030648977239361483e-02,3.682328810675487146e-02,1.106890893580979723e-01,2.590178957543431415e-01,3.313664711555813214e-01,3.711786751483971969e-01,3.325825293800451776e-01,2.402868117402550407e-01,2.283176443307842751e-01,7.257642520369045336e-02,-5.700729430552274601e-02,-2.052766037062487836e-01,-3.346107700788035766e-01,-4.066988893248281722e-01,-1.846378283367719197e-01,2.709120592181851750e-01,7.057415756816908248e-01,9.170604347709297999e-01,7.721112044610094483e-01,4.685265469223289792e-01,4.076847457512575157e-01,7.139151496023822263e-01,8.612322656179125513e-01,1.000000000000000000e+00,8.776821116881970974e-01,8.060029800651007381e-01,2.545690782891330550e-01,-1.378358434384198139e-01,-1.983032532555888960e-01,-9.849245297884424988e-02,-1.514810089194546239e-01,-2.074080978300303912e-01,-1.385807961147737244e-01,-3.894063876876480146e-01,-1.795826941601935400e-01,-1.195575835506426654e-01,-9.342959308734492818e-02,6.911736813688908188e-02,2.144192966724392524e-01,2.076252609520168602e-01,6.344759763316309975e-02,1.609321942914865647e-02,-1.276519303102889580e-01,-5.786160020263374920e-02,-5.517593485289660343e-02,-2.860501418606833240e-02,-3.056696332328374607e-02,3.439071600772807685e-02,1.234822909704731547e-01,1.535912714895610598e-01,6.909577687211836128e-02,1.048972404011386667e-01,3.676393590783058607e-01,2.419180639198297289e-01,1.269045230434532809e-02,-3.499619273431638089e-02,-1.981583798619448722e-01,-3.829257904356874742e-01,-4.085667565781969102e-01,-4.216843100391644561e-01,-1.819737073319068199e-01,7.613691181619611226e-02,6.805446532307976581e-02,7.459129007383705212e-02,-4.120603130553154164e-02,-3.147493802953271747e-01,-4.010721087351705738e-01,-3.393939506369098580e-01,-2.183740514977647595e-01,-1.866616217652616316e-01,-2.154131878304297032e-01,-3.864376734354428300e-01,-2.390244144226220391e-01,-1.822381767580402434e-01,-1.809480293549665109e-01,4.260521422581606266e-02,-1.338706420578862459e-02,3.089218284933674397e-02,1.974306814257196507e-01,1.939431515334329170e-01,-4.889354940950890738e-02,-3.156988894394723855e-01,-3.983447589325376237e-01,-1.779549471967961649e-01,-5.591804937593308766e-02,4.414950913212672967e-01,4.308168231817094962e-01,2.504537085767242210e-01,2.603082742144788991e-02,-2.165373811904671153e-01,-5.069676821520082699e-01,-4.331415223977987949e-01,-4.549682299604172475e-01,-2.271123160127481999e-01,-1.900898665583991608e-03,4.833339169793046675e-02
-2.502214611456753390e-01,-1.848147134267300873e-01,-1.593746202905995946e-01,-3.906684627701597495e-02,-6.823040612044405095e-02,-2.564327460055092212e-02,-9.573197277602622790e-02,-1.372385845071164845e-01,-4.780322693685523650e-02,-2.979069808277657813e-02,4.057029230932356761e-02,1.074969947211939780e-01,9.804758291656223701e-02,1.945162273528361629e-01,3.183382977231221100e-01,2.581285743447943593e-01,2.458732120568431767e-01,1.477940215925239165e-01,3.870736163581266209e-02,2.550646331023666280e-02,-1.464772527426894122e-01,-2.315366156968647060e-01,-2.837051712957310290e-01,-3.465313668597983510e-01,-3.836441861298879319e-01,-2.193843291509536830e-01,1.768990439487835298e-01,6.647617783516167611e-01,8.138592757415806789e-01,6.907707172979854482e-01,2.639989708243150046e-01,2.503801033113377539e-01,4.670779159654685486e-01,6.703248688262249955e-01,8.776821116881970974e-01,1.000000000000000222e+00,9.021724438599795226e-01,1.543121188477721839e-01,-1.440510157066841324e-01,-2.110546029422744885e-01,-9.075106837831509177e-02,-1.512206389580091070e-01,-1.745162648389386728e-01,-1.462885956903041129e-01,-3.830334711591672492e-01,-2.966122506531737590e-01,-3.191477720915057992e-01,-3.436421444511322254e-01,-2.105387779563947515e-01,-5.509628586836484015e-02,4.858680162229556815e-03,-9.371523189098514284e-02,-1.318092092192810760e-01,-2.997972090366713971e-01,-2.368228114877606871e-01,-1.259061027242578679e-01,-1.006131704858549553e-01,-1.153333202801704316e-01,-1.252777570237149640e-01,-6.161636612032830168e-02,3.518752737186332108e-02,-1.460719425684915349e-02,-4.311411597813890641e-03,2.411586811656987739e-01,2.697764980986795402e-01,1.636549396664785383e-01,1.839551672330085597e-01,2.316330733438677278e-02,-1.232947461162132580e-01,-1.115310769026925247e-01,-2.061940978615628417e-01,-9.934604587019101041e-02,-4.755427710710944528e-02,-7.684668454967753803e-02,-1.377280316876264843e-01,-1.833162588586971786e-01,-4.055277475305161805e-01,-3.754216124741535099e-01,-2.867731045696271241e-01,-2.190601778274482436e-01,-1.331284195853965346e-01,-1.015111172788353000e-01,-2.773042025101054575e-01,-2.048955862084644586e-01,-1.174752503614209104e-01,-5.011168572179987291e-02,1.469799087603488319e-01,7.308127083751800313e-02,1.214103746154281266e-01,3.411368765951179882e-01,3.573955865992460290e-01,1.036805410198045618e-01,-1.870593704311674377e-01,-3.342198428933316201e-01,-1.375239334516961398e-01,-1.803136110693214778e-01,3.056584833923817190e-01,2.135821446512125577e-01,1.333405721865313642e-01,-7.029197022776105530e-02,-2.335860168484063526e-01,-3.727789455377550354e-01,-2.823695509721874664e-01,-2.851269961836407352e-01,-1.453702981427734409e-01,-4.441194010918975837e-02,-4.942006425481123427e-02
-1.060070224641315312e-01,-2.263225544151037730e-02,-4.863494707014767368e-03,9.660440910260852110e-02,4.034190244786719365e-02,6.968687167001462457e-02,1.799624609104432532e-02,-6.406114362960542430e-02,-7.011378341461253771e-02,-5.179257424876285848e-02,1.047493158893445095e-03,5.780331932691037261e-02,5.918433947335811907e-02,7.599146470410257648e-02,1.770909550508823760e-01,9.836420813087320969e-02,1.106651506149864822e-01,4.047902494924100064e-02,-5.239229671363505869e-02,-9.360380163742727799e-02,-2.278919427777952866e-01,-2.782142020767584545e-01,-3.071768299125982593e-01,-2.883669073198016353e-01,-2.680592319525394451e-01,-4.876806782559595099e-02,4.035053770746188651e-01,7.649911351924534308e-01,7.479029178325783400e-01,4.625198784859466117e-01,9.535111734404921879e-02,6.865113417229357085e-02,3.142049333921844156e-01,4.855596314936279634e-01,8.060029800651007381e-01,9.021724438599795226e-01,1.000000000000000000e+00,4.238599521544539339e-01,5.131657745691587877e-03,-1.254763801010323476e-01,5.655506106893356394e-03,-9.558440782743515829e-02,-1.590791685603540340e-01,-1.426208237485150909e-01,-3.561685006817416066e-01,-2.151924709658772361e-01,-2.768165686768831457e-01,-3.104732192459170870e-01,-2.574105912461251977e-01,-1.287584673845694472e-01,-5.274189021730768534e-02,-1.261256621226388708e-01,-1.471889772369671667e-01,-3.263740168211415882e-01,-1.368968794030393232e-01,-7.747101990079305334e-02,-4.512856763495100287e-02,1.555627142254602377e-03,-5.997147806183028736e-03,-1.751277856327793786e-02,1.032951346614860016e-01,9.514243038705533229e-02,6.026500319686356466e-02,2.057642179803606530e-01,2.759241489589049356e-01,1.773161088687013054e-01,1.014131511720044454e-01,-7.383854092339629804e-02,-1.404361862557999274e-01,-6.482377039529287066e-02,-6.700586693151289186e-02,5.500058638938953859e-02,1.087152328722871680e-01,9.416090855220399236e-02,-6.798622632604498991e-03,-3.761099899981865113e-02,-2.916452218750080205e-01,-2.992704264644779899e-01,-2.023129288588487174e-01,-1.081350870010676785e-01,-2.779238580789326549e-02,-5.154715711020047691e-02,-2.430758602304998739e-01,-1.948552713454972940e-01,-1.082057873908211232e-01,-9.029720368091573302e-02,1.001167338680511998e-01,1.721371626135175317e-02,5.706614609575991898e-02,2.410715196720665809e-01,2.210528934484750907e-01,-6.949587513171985587e-02,-2.759657983499295142e-01,-3.751311403416983103e-01,-2.654103155635658684e-01,-2.255278351466609155e-01,3.015563230961765262e-01,2.890534029670303595e-01,3.038464948088860917e-01,1.366995239263819328e-01,-5.184034365465498700e-02,-2.455015944391687466e-01,-2.557750156100877525e-01,-3.205791912008709721e-01,-2.395960434190031463e-01,-1.735923048992390194e-01,-1.327451253145849053e-01
7.990595717309532595e-03,1.094523404209190587e-01,6.846468601808453069e-02,8.833272478380192749e-02,2.792168115951995655e-02,-9.387544363525673376e-04,2.540404773200513958e-02,-4.094960598613130859e-02,-4.430141657695001178e-02,-1.360663016745799758e-01,-7.859782832587070001e-02,-6.095238141324129527e-02,-1.536261165504340144e-02,-1.346993619570107381e-01,-1.107499721327794978e-01,-1.179033297012201664e-01,-6.735942263824394594e-02,-4.740408118771114593e-02,-6.205318128721923343e-02,-1.174283885386353948e-01,-1.132209195571755866e-01,-8.621640256577146888e-02,-8.354783686291325506e-02,5.994877791848784998e-02,2.802838196299249351e-01,4.489754846425743628e-01,6.727534479095114150e-01,4.759381510607861299e-01,2.610265412424127018e-01,-1.214541562472103847e-02,-4.099112570908041570e-02,-1.655236583174539977e-01,3.673155369946469462e-02,8.552491475111162478e-02,2.545690782891330550e-01,1.543121188477721284e-01,4.238599521544539339e-01,1.000000000000000222e+00,4.242918699382399739e-01,1.973047168240445182e-01,5.041495462070364614e-02,-1.181358944723819894e-02,-3.563904980669307943e-02,-1.598274161577709421e-02,5.017253844993117308e-03,1.015607809687820579e-01,-1.552393316623379080e-02,2.874262875083594820e-02,-5.544498434863862762e-02,-5.309632404925405252e-02,-2.513320152550394329e-02,-5.024177142288176190e-02,-5.693723514798820773e-02,-1.593246007864176084e-01,1.749872050142241009e-01,2.609757904118575889e-02,4.264657062435707469e-02,1.315623653402201443e-01,2.029051942485610160e-01,8.976215196515920092e-02,1.064945573667578083e-01,1.297301911727345991e-01,1.278506891133059098e-01,5.886110613656995311e-02,3.606375697746994763e-02,-1.424118703290576209e-02,-1.538262201810693397e-01,-2.268087067586385397e-01,-1.585918336561996100e-01,-8.015133991026326954e-02,8.852024836720785717e-02,1.493753566947172706e-01,2.472422296924925156e-01,2.477389258185540566e-01,1.769662675355419268e-01,1.629392653645604094e-01,8.903382850367777546e-03,-1.019619680367033349e-01,-8.578844055594823936e-02,1.789181868884489462e-02,-2.428162124062533886e-03,-1.418539531922965724e-01,-1.848403882922142749e-01,-4.536514775721026127e-02,-1.346576898361798169e-01,-2.119269760938568281e-01,-1.591900112654973387e-01,-1.431139266350746619e-01,-1.087660865471413857e-01,-6.602568125760037432e-02,-1.526936805978862388e-01,-2.824782069033847098e-01,-2.907018723888477596e-01,-2.118136515014593935e-01,-2.422890589657038241e-01,-6.167709982919666878e-02,1.584731301327050590e-01,2.914068400693105576e-01,4.272585558657301386e-01,4.006096601711984229e-01,3.106060075186172220e-01,1.239822192672641044e-01,-4.435640242943591355e-02,-1.448996971328820882e-01,-2.133483315258725976e-01,-1.911986949094144073e-01,-1.392035496393158878e-01
1.433074941451124573e-01,1.523908410242441336e-01,1.880133901300940769e-01,1.426248086648542190e-01,1.119776334896206149e-01,6.573739573876564990e-02,7.258007369955336852e-02,-5.907723166983287581e-03,-1.057881121796854507e-01,-1.183234177025657557e-01,-8.468225793856716532e-02,-8.212782208083743707e-02,-4.959628744474974676e-02,-1.483016392421012408e-01,-1.569012437616938427e-01,-1.637630877493146397e-01,-1.205644842768679864e-01,-9.176699729548029594e-02,-1.030003689832085095e-01,-1.458791705237437453e-01,-8.544044190276815776e-02,-3.466546497804431221e-02,6.389204985191365704e-02,1.905398690596021016e-01,4.131285202893633102e-01,3.608589560976111499e-01,2.833740453080250132e-01,2.795518397134425653e-02,-9.909433262942125842e-02,-1.369163889875926188e-01,7.213080029967572013e-03,4.614829731900085830e-02,-3.194713689471874452e-02,-1.519401640226122896e-01,-1.378358434384197861e-01,-1.440510157066841324e-01,5.131657745691596550e-03,4.242918699382399739e-01,9.999999999999997780e-01,7.466713601479395557e-01,7.978663253570435210e-02,7.786078559846050517e-02,9.075619524201609944e-02,6.951142830920641058e-02,4.503991118354350731e-01,3.534549240932380876e-01,1.472938015657591637e-01,1.027869965629286120e-01,-2.676543537423791905e-02,-4.249252419171396095e-02,-3.653613703983699806e-02,-5.697642577444857193e-02,-1.288626783129226232e-02,-4.275259244123101599e-02,1.176987060988900213e-01,-7.579972976758053704e-02,-1.703966489154310274e-02,7.224107731591525305e-02,1.418329069316149604e-01,6.091233111478368267e-02,1.163133552254609626e-01,1.450325372931333401e-01,1.146050209768170597e-01,1.642903081222711614e-02,4.027174169454390135e-02,-1.379389811531191688e-02,-1.631673605318553211e-01,-1.858356428868529753e-01,-9.617969944690117623e-02,-4.501410136090493175e-02,1.108456809976838819e-01,1.121796521491838228e-01,1.357030013457174444e-01,1.475850795087087497e-01,1.375882684059847316e-01,7.029474492049174461e-02,4.125817378308894307e-02,-9.103333465217952614e-02,-4.924856885867374967e-02,-1.039208230790891925e-02,-1.332249657247475683e-01,-2.584635320431287187e-01,-1.610786031745390645e-01,-1.116577189852243357e-01,-1.408272654421049153e-01,-2.476715600148080010e-01,-3.123475901141171684e-01,-1.612703708489413856e-01,-1.718355580783645364e-01,-1.322738643744560127e-01,-2.489615036004542425e-01,-2.350104896066921023e-01,-1.766780444937996186e-01,-1.357039268198005078e-01,-1.859296155579842347e-01,-3.994508052988133412e-02,-6.615520373141546562e-02,8.183199106215213736e-02,1.423398375410162009e-01,2.081081023277063236e-01,2.359324481533827955e-01,1.846286418680508634e-01,4.419317933993958947e-02,1.661470632815379486e-03,-1.181106874506319404e-01,-1.727986399175895083e-01,-1.399248847508434146e-01
2.396919070744489011e-01,1.564747765401590940e-01,1.379614956012220062e-01,4.282754763785928676e-02,-6.458436417465793396e-03,-5.668427649296876869e-02,-8.837386554671289307e-02,-1.507829894769659174e-01,-1.169681140332731323e-01,-2.071867625999468943e-01,-1.008173575386724363e-01,-6.509790387723668470e-02,-1.947827956640666922e-02,-1.338858969247304076e-01,-1.354468676291626927e-01,-1.524099527935106058e-01,-6.287969079917507531e-02,-3.931856504467622082e-02,-3.316863729106581116e-02,-1.219592863695520418e-01,-1.412322604490032496e-01,-1.984331158470557521e-01,-1.464718181267770092e-01,-9.370718589105381247e-02,1.402575413055572595e-01,7.347256925963441265e-02,4.775775789151250755e-02,-1.500164399201249499e-01,-2.177697465991225712e-01,-2.217982853374083074e-01,-6.852624704369555952e-02,-4.828017821622661992e-02,-1.131944437143869164e-01,-1.417377661385343657e-01,-1.983032532555888960e-01,-2.110546029422745440e-01,-1.254763801010323754e-01,1.973047168240445182e-01,7.466713601479395557e-01,1.000000000000000222e+00,2.217913030231151994e-01,2.790983276007270586e-01,1.894859452221877849e-01,1.124741690086246554e-01,1.831278612017624985e-01,9.401337228247051703e-02,5.889021074768083577e-04,-2.162957770853660838e-02,-7.813752411801019870e-02,-6.198362914120065376e-02,-9.243815274492311537e-03,-3.177315756412291831e-02,-1.119492418071911868e-03,-4.242792808727434417e-02,5.369902191702043137e-02,-1.202421768826305443e-02,5.744537843556155737e-02,7.871798849066465043e-02,2.074582246110089415e-02,2.892639682418312805e-02,8.489221345112510364e-02,4.683479826333290796e-02,-3.046667279216114244e-02,-9.651522321736549781e-03,1.563769167732622506e-03,-1.453978724861762772e-01,-2.279306387140558054e-01,-2.945926243361621233e-01,-2.562357863784937018e-01,-2.416978659538302765e-01,-8.484121836872944578e-02,-1.101981040197412831e-01,-6.038270695930829379e-02,1.942051137678213468e-02,6.728512972873593179e-02,1.148908253437544713e-01,1.699473776948473569e-01,9.079249631027522249e-02,1.698905663538787247e-01,1.160570141158139834e-01,4.749121457062692626e-03,-7.498359363949826106e-02,2.439870184940364298e-02,-2.696260254804764417e-02,-5.176417061811074832e-02,-1.559762164124861572e-01,-1.884527653818249826e-01,-1.159589041711736601e-01,-1.379315983169322468e-01,-1.016298947584676204e-01,-2.041365540902986830e-01,-1.853662932873598179e-01,-1.071837938240951388e-01,-1.108165077872151454e-02,-8.366571636988982819e-02,2.549667257386472458e-02,-1.006654227971662680e-01,-7.013302307178219397e-02,-7.444126506687424871e-02,-5.182266329672142492e-03,-1.996214116989487516e-02,-5.380374489636868818e-02,-2.287934852936432117e-01,-2.015781968560402815e-01,-2.653277233696119675e-01,-2.365928756791494114e-01,-1.288378072606573832e-01
1.486397904222601929e-01,1.331112506826227226e-01,1.279297602804676248e-01,8.132032798153267239e-02,3.358556322350920997e-02,-1.334441573552573070e-02,-5.031090470373953544e-02,-9.336428116033707036e-02,-6.300671905689399221e-02,-1.215925404168874957e-01,-4.925958119665162227e-02,-2.432311056669543906e-02,-9.759123563551200253e-03,-4.840712296451931546e-02,-3.043991123751122949e-02,-5.961484345122904094e-02,-4.827663136582505989e-03,6.880982441234811606e-03,-3.087546830143898108e-02,-8.375734914744852044e-02,-1.288458660068758088e-01,-1.723147215946774224e-01,-1.720744260819774551e-01,-1.642775974091245650e-01,-7.631611821088155057e-02,-5.351775009732868960e-02,-2.111819161043091558e-02,-7.417730892371830753e-02,-1.235244357399753190e-01,-1.433944617844697955e-01,-4.904714386618233557e-02,-4.542560823994584718e-02,-7.609560033808356050e-02,-1.089993617993083586e-01,-9.849245297884426376e-02,-9.075106837831506401e-02,5.655506106893357261e-03,5.041495462070364614e-02,7.978663253570437985e-02,2.217913030231151994e-01,1.000000000000000000e+00,1.998644883224458546e-01,8.223773579757316654e-02,8.776404808335488625e-03,-8.305738153684838476e-02,-3.295823130458462591e-02,-7.932913742829318660e-02,-9.756647797484646611e-02,-9.292788781449715096e-02,-3.249681401485182697e-02,8.500856243722782618e-03,-2.715288255844367296e-02,-1.052937616488555141e-02,-4.789789716920241774e-02,-4.382002175219352341e-02,-3.861084473571737424e-02,3.134564109465670656e-02,5.701121385948756254e-02,1.788370476765978323e-02,4.369287560740216930e-02,1.161688103657064763e-01,8.528194262430033312e-02,7.042601337477215340e-03,6.832892054465330989e-02,9.484980155390558554e-02,-2.350436672606378424e-02,-9.745465849824443139e-02,-1.774732783891949939e-01,-1.754970335447660623e-01,-1.485512955194799034e-01,-1.202205443043110750e-01,-5.470537673117871480e-02,-1.182912247300312546e-02,4.185650004945210001e-02,6.283733688792125793e-02,6.961423554629941890e-02,7.289549832038172417e-02,-1.112623795065462769e-03,4.271836226195396824e-02,5.402595024049067912e-02,-3.014596716148739558e-02,-9.377927687376839960e-02,-4.047324921902750727e-02,-3.309196475514675911e-02,-6.393184250977819449e-02,-1.371401188482628541e-01,-1.578287834213155660e-01,-8.907995952627210945e-02,-9.945505866052076205e-02,-1.124413844245841371e-01,-1.685986232182276612e-01,-1.703543839613114175e-01,-1.155769744697224960e-01,-6.652507455982813178e-02,-1.232603176029017922e-01,-3.298095211503446894e-02,-8.225504669187581885e-02,-3.507526933575913497e-02,-3.868985838200404009e-02,-2.396704023662929103e-02,-8.032719311444551369e-02,-1.357885721412078472e-01,-2.305445796974066597e-01,-2.129631667695895403e-01,-2.071169048544971858e-01,-1.695151282726631570e-01,-1.118991054312191286e-01
1.870756013878989432e-01,1.627255309235496883e-01,1.714991395601570823e-01,1.097669363324630387e-01,6.379969182094961944e-02,6.816533122213559205e-03,-3.422747300482313626e-02,-7.997563109070665588e-02,-5.694598247377352651e-02,-1.202252125342290340e-01,-5.539632982427174918e-02,-2.730405976602106113e-02,-1.920753968824846086e-02,-5.188862025675823608e-02,-5.378204805220544032e-02,-1.042516903493516528e-01,-4.434324734695366949e-02,-3.676718262292235501e-02,-7.317753024571174714e-02,-1.304664984262816629e-01,-1.698578066553552701e-01,-2.121873347733790605e-01,-1.737520248668464606e-01,-1.684423856773255290e-01,-7.720664331530370517e-02,-7.480131189641064937e-02,-7.065822273774713391e-02,-1.290299265613140678e-01,-1.510302727657609756e-01,-1.411141088298483171e-01,-5.310940097804238771e-03,-2.529240810678476045e-02,-6.785922273237765534e-02,-1.212371353924067696e-01,-1.514810089194546239e-01,-1.512206389580091070e-01,-9.558440782743514441e-02,-1.181358944723819027e-02,7.786078559846054681e-02,2.790983276007270586e-01,1.998644883224457991e-01,9.999999999999998890e-01,3.297273529452924845e-01,9.590930400097737174e-02,-2.885297185583111587e-02,2.035319164876180781e-02,-6.386735074231678078e-02,-1.357723546405426585e-01,-1.462377454139214550e-01,-8.995358394953313630e-02,-3.450723022778224430e-02,-6.287356772588123532e-02,-2.405197406690655695e-02,-6.650822768657851936e-02,-1.120424106421293725e-01,-8.500565324131320599e-02,-3.857138486316396089e-04,3.607601114520543606e-02,-2.216157168217573400e-02,6.464517267719792001e-03,9.465393385667200676e-02,6.841780489195267712e-02,-3.084955295588804117e-02,2.148968513032892963e-02,7.858186990296978092e-02,-4.120026532467537667e-02,-1.106623004646374725e-01,-1.852672540453375316e-01,-1.713588506550478285e-01,-1.442923963064325077e-01,-1.143509505831525608e-01,-3.877899662323484181e-02,1.353907242414519388e-02,6.229655620636960489e-02,1.072047004011541238e-01,9.528728913181226667e-02,1.232362740047004968e-01,2.413401539946137542e-02,6.557698553099412797e-02,4.721686651344662866e-02,-6.963081768983099551e-02,-1.438234244561034381e-01,-4.048758174635962159e-02,-3.178311277251452682e-02,-7.311552301597708248e-02,-1.780256617648503792e-01,-2.236699326138505695e-01,-1.150614618909698295e-01,-1.206775394523232209e-01,-1.407471293408484037e-01,-2.196502693894552827e-01,-1.896857319644934536e-01,-1.175984816380853393e-01,-3.526589224660966332e-02,-9.549828302594633167e-02,2.477101600030118256e-02,-7.541070577759893812e-02,-1.591647313472844064e-02,-5.200338391714699748e-02,-6.249482161475605063e-02,-1.107381211738365512e-01,-1.735973148243262487e-01,-2.484616448753263762e-01,-1.992998811054521868e-01,-2.043572558004551343e-01,-1.913742972249121432e-01,-1.282332914907488020e-01
2.250754541043279988e-01,1.751974401278164339e-01,1.510539472807720385e-01,5.989663001402337900e-02,6.092684491975044157e-03,-4.308070468944431852e-02,-7.619009517504381213e-02,-1.181955185582282131e-01,-8.721617261067397819e-02,-1.716939800725544030e-01,-8.011665966254691296e-02,-6.286499281788306137e-02,-3.690137632845662263e-02,-1.116487371646663618e-01,-1.303678596284875979e-01,-1.698346388880621893e-01,-9.149978154489155080e-02,-6.495356272141171450e-02,-9.485151113771259079e-02,-1.602085774758024717e-01,-1.638231527703363222e-01,-2.079707422360816682e-01,-1.249227330850437162e-01,-1.182636077285009329e-01,-2.026981826300789866e-02,-7.078343139421257313e-02,-1.044328687133798395e-01,-1.726724878163372889e-01,-1.892945240731081502e-01,-1.600185274220998766e-01,-3.282136699004057495e-02,-5.565497141413205950e-02,-1.324765180482640747e-01,-1.584455702892515749e-01,-2.074080978300303912e-01,-1.745162648389386728e-01,-1.590791685603540340e-01,-3.563904980669307943e-02,9.075619524201609944e-02,1.894859452221877849e-01,8.223773579757320817e-02,3.297273529452925400e-01,9.999999999999997780e-01,2.210070663886404829e-01,1.037168749240944543e-01,2.993929353642995131e-02,-3.856099815989718488e-02,-1.048263944371189138e-01,-1.352539346146020005e-01,-9.699501690956768840e-02,-3.238178122489664135e-02,-5.538013472141298937e-02,3.038453623046765643e-04,-2.788815191445757555e-02,-5.518584744511640522e-02,-2.069771748819199120e-02,4.614542104184383986e-02,7.284499075915537580e-02,-9.765955172189224459e-03,2.023783156274066436e-02,9.077052550752132132e-02,5.258912301446113519e-02,-5.995975144712913096e-02,-3.345504032855681903e-02,1.528308066376957023e-03,-1.313371252902773012e-01,-1.966184835547540033e-01,-2.438144412674145278e-01,-2.121040901168018411e-01,-2.036771747885963990e-01,-1.639121970003517004e-01,-1.011219463184371975e-01,-4.622007461342474838e-02,3.900831964330384038e-02,9.181496013047113491e-02,1.342719672313126000e-01,1.954907945113764922e-01,1.246270590914841381e-01,1.527089225694417685e-01,1.185867686791381714e-01,1.489207752230843965e-02,-5.375072538741865191e-02,5.392105754470623985e-02,1.716642262194722351e-02,-2.783508544273650617e-02,-1.178038377707056050e-01,-1.875899107919168640e-01,-9.068205128969890338e-02,-1.048567924855314804e-01,-1.167810799015067402e-01,-1.756340792836489639e-01,-1.384486486680795991e-01,-4.910060298988726951e-02,4.925121937577018466e-02,-6.703614797672640714e-03,9.386447617450938141e-02,-4.472154451130271047e-02,-4.650437518841270962e-02,-8.399436160897107151e-02,-1.126792566122774009e-01,-9.981238537420368540e-02,-1.234720607936784648e-01,-2.317305482804335737e-01,-1.527218995067266827e-01,-2.189653251488532792e-01,-2.117469540490707347e-01,-1.438158134679140554e-01
1.677929875599696030e-01,1.350687991054558279e-01,1.420872636855707027e-01,6.043474426314993792e-02,3.363142005969960852e-02,-1.371463817268763104e-02,-2.119204910003789910e-02,-5.629458607298867823e-02,-5.862920257639343824e-02,-1.140876268984823277e-01,-7.216449698376872779e-02,-6.640302734917391536e-02,-4.602411501993480814e-02,-1.109872219476757821e-01,-1.482929585356963509e-01,-1.631469268919265025e-01,-1.138627523696879029e-01,-8.659234426152792596e-02,-8.245542292179913746e-02,-1.194453794664270541e-01,-7.784052132918160838e-02,-7.917510805304366073e-02,4.201903036869338026e-02,4.994830992752757881e-02,1.136605758144480366e-01,4.668996962141720719e-02,-5.173360455037372824e-02,-1.172566835166678756e-01,-1.209281336735019280e-01,-8.881472461143190278e-02,4.236415628500356245e-02,-2.866370888191676486e-03,-3.484706390719971569e-02,-8.052338811941096852e-02,-1.385807961147737521e-01,-1.462885956903041129e-01,-1.426208237485150909e-01,-1.598274161577710809e-02,6.951142830920641058e-02,1.124741690086246554e-01,8.776404808335464339e-03,9.590930400097739950e-02,2.210070663886404829e-01,9.999999999999997780e-01,2.266107533066444302e-01,2.335329646787076829e-01,1.096809609312921346e-01,3.805472228019677466e-02,-6.983571463853067984e-02,-8.012235324005186066e-02,-4.807401948105749501e-02,-4.807037533093456300e-02,-6.228855837059013405e-03,-2.195702953539968930e-02,-5.751068570452395889e-02,-5.966724318743939909e-02,-1.160218348247195157e-02,2.519684848095463808e-02,-6.789855044489047017e-03,-1.016595143508743082e-02,2.610258563909625962e-02,1.877587710599839046e-02,-4.277044060642101048e-02,-8.226004341121760655e-02,-5.659528766199409949e-02,-1.227574426702485177e-01,-1.718008382399820178e-01,-1.611739653897216462e-01,-1.074664353228471786e-01,-1.150330962863814616e-01,-6.487907094616270076e-02,-2.472123347949475164e-02,2.734959797244962063e-02,6.421785728125484205e-02,1.136292616839555819e-01,1.019452647431940001e-01,1.481921366088658765e-01,5.825327316791770182e-02,7.386475774408518546e-02,4.315873556434241670e-02,-6.637614022190979624e-02,-1.329353286650844235e-01,-2.051091156228506546e-02,-1.195292918586060744e-02,-5.995184224767784176e-02,-1.540457010557959860e-01,-2.110244891288899360e-01,-1.130282746629308055e-01,-1.142570575141870631e-01,-1.160459335073058401e-01,-1.967588144578261700e-01,-1.477816238031477991e-01,-8.106058452467945763e-02,1.427484315904507112e-02,-2.328307906081575340e-02,9.210888661803999511e-02,-2.710382239765198042e-02,2.140642404388204412e-02,-1.566295596320050817e-02,-1.403639266193994033e-02,-2.671020786210400681e-03,-1.934581408752721228e-03,-6.908902805877502329e-02,2.811283165967692899e-02,-2.517927024828940999e-02,-1.131819038502708957e-01,-7.129065377379585622e-02
2.630781533576637687e-01,2.869465901668554753e-01,2.690285917441605501e-01,1.298318663084352953e-01,8.251657830841128971e-02,6.781950154598004668e-03,8.225462835762072100e-02,2.175358890489961783e-02,-1.268810652860835053e-01,-1.352216808902825806e-01,-1.954768126459278388e-01,-2.797017319263231938e-01,-2.176361336354170894e-01,-2.150625209958711981e-01,-3.239465596381519430e-01,-2.224963596773838204e-01,-3.042116582847794182e-01,-2.397481059569094297e-01,-1.684261342553201035e-01,-3.033683109114029136e-02,3.051798737371709813e-01,5.173275310010817529e-01,7.489371451109775313e-01,8.573723490065415787e-01,8.419324436881725493e-01,6.893390358326683121e-01,2.353729123617615826e-01,-9.065870396252367902e-02,-2.264271941717130032e-01,-1.732886789289654617e-01,1.092815497739790531e-01,1.210834159037867674e-01,-4.422812713190976686e-02,-2.465979628412782731e-01,-3.894063876876480701e-01,-3.830334711591672492e-01,-3.561685006817416066e-01,5.017253844993112104e-03,4.503991118354350731e-01,1.831278612017624985e-01,-8.305738153684835701e-02,-2.885297185583116097e-02,1.037168749240944543e-01,2.266107533066443747e-01,1.000000000000000000e+00,8.438521223493167245e-01,6.570271328243659781e-01,4.775486492381292303e-01,2.636067181300289497e-01,5.696489513080062878e-02,-1.041339467971815202e-01,-6.274027269129603401e-02,1.060076560175851751e-01,2.380684617809688264e-01,2.189796291947878337e-01,3.356312866917588594e-02,4.838703115864904231e-02,1.870296947027796641e-01,2.990769591009372896e-01,1.591734139742787824e-01,1.106102267413389822e-01,2.220909918082273893e-01,2.915015659599607400e-01,-9.921649023660245037e-02,-1.968031804171430643e-01,-4.763002096794184681e-02,-2.167651789836155252e-01,1.044939624775365061e-02,1.287253580232178007e-01,8.848548120071311751e-02,2.655011783605094600e-01,2.217536471645159268e-01,2.641562303545725854e-01,3.142536344585454278e-01,2.948362867188312753e-01,2.306278867698336177e-01,2.636432024252864936e-01,6.959729717402640681e-02,5.558159919241377478e-02,9.338282617606277758e-02,-1.146864609434205123e-01,-3.198328914434116488e-01,-9.847446228694756165e-02,-2.354535080159240318e-02,-1.602274336635917396e-01,-3.674386647597058797e-01,-5.358106751412435864e-01,-3.064506745954815314e-01,-3.068437874074672611e-01,-2.609622451115164443e-01,-4.725030804867209056e-01,-3.338551026232760566e-01,-1.638330879129205608e-01,2.717175176517739807e-02,-6.430754400051184871e-02,1.827246006220965280e-01,-9.647559883896292959e-03,1.831610107638909912e-01,2.778674592486340966e-01,3.905537342650189925e-01,5.821154036976604607e-01,6.188944480031982609e-01,6.382208401459512626e-01,5.830186971039784671e-01,4.048405169211747867e-01,2.199581457804752338e-01,1.004388904471154309e-01
2.529979929511639858e-01,3.149664556935878879e-01,3.228663403392109665e-01,1.754372545414032425e-01,1.331312657637025998e-01,1.067133955853917862e-02,8.707777203010019784e-02,-6.591876165316350872e-03,-1.423347702720338115e-01,-1.729493250812263183e-01,-2.122925715890095766e-01,-2.587041658381538101e-01,-1.964770469450000112e-01,-2.519519897552643384e-01,-3.516268946809650853e-01,-2.345554488588953990e-01,-3.249687311981301341e-01,-2.252372847714976811e-01,-1.115777170311822719e-01,3.582133349632587310e-02,4.355927528700421769e-01,6.131374866441295923e-01,7.438078138772741266e-01,7.992979101667334607e-01,6.546344825619058172e-01,6.204116466198660307e-01,3.131134718784433502e-01,4.953464538328827826e-02,-5.258340513915919778e-02,-7.897163945708798871e-02,2.068808155430919560e-01,1.508938569957251896e-01,1.529502093609202973e-01,-5.942420294185093294e-02,-1.795826941601935955e-01,-2.966122506531738146e-01,-2.151924709658772361e-01,1.015607809687820995e-01,3.534549240932381431e-01,9.401337228247050315e-02,-3.295823130458463285e-02,2.035319164876175924e-02,2.993929353642994437e-02,2.335329646787076274e-01,8.438521223493167245e-01,1.000000000000000000e+00,8.732709758290662094e-01,7.010836215926535830e-01,4.377905072287532340e-01,1.874871398280842649e-01,-1.118191917532481566e-02,3.123960180485970892e-02,2.792647143982163738e-01,3.735665203089367781e-01,3.279771579356164368e-01,5.790569500246969120e-02,7.915682180326007178e-02,1.990909740544000162e-01,3.822878469050011163e-01,2.479299234903635796e-01,1.258343071967137072e-01,2.427416413247637239e-01,3.551381637060633811e-01,-3.390693653495840260e-02,-1.624705266253081981e-01,-5.457378631900137306e-02,-2.739660464213451441e-01,-9.575712234191374739e-02,2.625000284239514814e-02,1.052732011535825914e-02,2.080817143175861805e-01,2.524805920593261588e-01,3.747206244746780213e-01,3.923119543378601470e-01,3.873058733420463029e-01,2.590401238529968508e-01,2.256310397732844697e-01,-5.296643331238243269e-02,-2.792702879467612309e-02,5.489811114558271893e-02,-2.122291515779658466e-01,-4.550146410625219295e-01,-2.618803459102472253e-01,-1.474275580058988233e-01,-2.604534125567245506e-01,-5.021037221535423756e-01,-6.009422137306016376e-01,-3.694462210763379550e-01,-3.443259276366594790e-01,-3.250679729274753571e-01,-5.712506827413434962e-01,-4.639876292343175224e-01,-3.436264239749828864e-01,-1.464626798829344601e-01,-2.137757090985403230e-01,1.350380497840048821e-01,4.083631889728917691e-02,3.308782403434541997e-01,3.791728247358677750e-01,4.662617176363988425e-01,5.512258551094550985e-01,4.610550665988733532e-01,4.759068407006238899e-01,3.726231226459763568e-01,2.684522486573337474e-01,1.740853588532008112e-01,1.429803449622264744e-01
2.221988383499298725e-01,2.478389466970591370e-01,2.685156828828327846e-01,8.538178413841607250e-02,7.467703366567263190e-02,-8.756756067278684275e-02,-2.079468940000165147e-02,-1.003953727478130165e-01,-1.429541818113230223e-01,-2.502506298155295905e-01,-2.003420654004256507e-01,-2.428925094448295963e-01,-1.652407230931852433e-01,-3.371666150272651374e-01,-3.684866215535237965e-01,-1.378424106545292904e-01,-2.128743371891175795e-01,-6.139102545513631243e-02,1.505399737741617006e-01,3.171402710033451866e-01,7.188865942088766836e-01,7.979632212955157788e-01,8.325115891277455882e-01,7.107285863487993183e-01,4.504328923877477520e-01,4.144827564930357866e-01,1.665258417791393442e-01,-6.468828203138785038e-02,-6.918103397049764347e-02,-3.511210226622069747e-02,2.317885390963717041e-01,1.704389569344628430e-01,1.713325754825541503e-01,1.068292785356279168e-02,-1.195575835506426654e-01,-3.191477720915057992e-01,-2.768165686768831457e-01,-1.552393316623375090e-02,1.472938015657591637e-01,5.889021074767500277e-04,-7.932913742829318660e-02,-6.386735074231682241e-02,-3.856099815989719876e-02,1.096809609312921346e-01,6.570271328243659781e-01,8.732709758290660984e-01,1.000000000000000222e+00,8.658044234164881114e-01,6.876862595936329425e-01,3.653405681632937996e-01,1.253497275228910302e-01,2.283558332875071650e-01,2.699013095890228642e-01,4.303340146680482703e-01,3.080828762553727285e-01,1.775325637585912705e-02,5.419384441191053836e-02,1.353006404083546554e-01,3.115311325009408883e-01,2.262721936675244350e-01,6.378985578278548174e-02,1.310188558996117358e-01,2.892786281115711233e-01,-2.959126159993015481e-02,-2.249925915538955878e-01,-1.634499330315332677e-01,-3.496220794110059260e-01,-1.415708369605040151e-01,-7.099880202195979484e-02,-1.436448509996823553e-01,3.102521858471757321e-02,8.739937006819126220e-02,2.532688207176140294e-01,2.799108982883400931e-01,3.232271156346910312e-01,1.993495249859999763e-01,2.166399411704282574e-01,-3.408015710810935461e-02,-3.696704525713554595e-02,2.539345551663128170e-02,-2.293505472828033520e-01,-4.126205166185153428e-01,-2.272706848276539460e-01,-9.687867204967458290e-02,-2.268571635740620485e-01,-4.328566619353461653e-01,-5.302852504174861981e-01,-3.361655514216311813e-01,-3.066658466547378947e-01,-3.091875868275160144e-01,-5.055641942784644405e-01,-3.659486176473752961e-01,-2.509909400450285322e-01,-6.650309601947150540e-02,-1.262894446509619795e-01,1.669309027969359815e-01,9.018672693399360646e-03,2.470407365267883459e-01,2.362657611282028558e-01,3.112544472519685468e-01,3.848840869750811966e-01,2.896328735401988430e-01,3.596441624084124600e-01,2.888697431076451272e-01,3.268665398655182242e-01,3.544223718340337448e-01,4.096094053245913913e-01
2.213904700464044140e-01,2.961170603887967601e-01,2.931918859070543615e-01,1.272513363937619879e-01,9.974253837362545561e-02,-1.150087419862074745e-01,-6.126066709004921590e-02,-1.739365302448850625e-01,-1.710057686420833611e-01,-3.330114987893005307e-01,-2.270500116768834897e-01,-2.769055332349392717e-01,-1.843887333577586274e-01,-3.740499243643788940e-01,-3.538517188338461961e-01,-2.800271536288120866e-02,-4.446860884673897035e-02,1.613913401829368266e-01,3.377762031772067464e-01,4.507919087693876836e-01,7.698906610855269506e-01,8.283148045211008448e-01,6.911382765646105764e-01,6.216549014997874156e-01,4.134458235739730259e-01,4.082848603881514826e-01,1.736358961346072538e-01,-7.892272916954248818e-02,-5.306433196504169864e-02,-4.047425101270091252e-02,2.235163412737025679e-01,1.697173842055455795e-01,1.924094648969964239e-01,4.005456828690474869e-02,-9.342959308734495594e-02,-3.436421444511322254e-01,-3.104732192459170870e-01,2.874262875083594820e-02,1.027869965629285981e-01,-2.162957770853659450e-02,-9.756647797484646611e-02,-1.357723546405426029e-01,-1.048263944371189138e-01,3.805472228019675385e-02,4.775486492381291193e-01,7.010836215926534720e-01,8.658044234164881114e-01,1.000000000000000222e+00,8.969786643338967247e-01,6.533542663538894901e-01,3.947117103509391600e-01,4.445893435209460343e-01,4.414493567433739329e-01,6.415537685710287485e-01,5.510628083368040997e-01,1.453087769201465984e-01,1.751218501011033712e-01,2.514633610934876584e-01,5.102973001795265695e-01,4.478017607842432746e-01,2.261069655664050271e-01,2.730723905070482904e-01,4.443404032878018883e-01,1.569219635641745103e-01,-1.471740210112371938e-01,-1.334868925187516764e-01,-4.006074071992945518e-01,-2.535512206759242271e-01,-1.988092612815274551e-01,-2.313209045943306619e-01,-3.020750660531408560e-02,8.457338052603201317e-02,2.835682653838824674e-01,3.279308219173241445e-01,3.652079591624071142e-01,2.425195950041656723e-01,1.785129628585604700e-01,-1.118086335384857050e-01,-1.019243659036459665e-01,6.320189887902449843e-02,-1.830356035845239482e-01,-4.122096630145631879e-01,-3.321845145279929690e-01,-1.631601070633476314e-01,-2.831932532573081529e-01,-5.043351082103583183e-01,-5.635065262283441845e-01,-3.611951554802567688e-01,-3.244842361754224913e-01,-3.234914935602872244e-01,-5.250475175950796158e-01,-4.227453407420287967e-01,-3.370570321646226275e-01,-1.835802924392164193e-01,-2.241129438857032419e-01,1.091154362929711574e-01,4.896813295925595694e-02,2.801143237251908502e-01,2.544579818054850673e-01,3.282325249903854103e-01,4.129520769916512624e-01,2.682772584953801442e-01,2.841941041021974201e-01,1.536786780127763485e-01,1.772878405092627729e-01,2.860525813450504051e-01,3.627945568197836201e-01
5.785735742897946121e-02,1.317420813682697589e-01,1.673811185233734233e-01,1.274639516625304669e-02,2.168603047753291449e-02,-2.195211678119723675e-01,-1.604414353962509421e-01,-3.090267729112817774e-01,-2.413072139242402603e-01,-4.633238153004257676e-01,-2.841956040458412658e-01,-3.183217237410567724e-01,-2.005020623682813863e-01,-2.987159631992431508e-01,-1.665969208020040004e-01,2.754542709583028826e-01,3.146776208868282132e-01,5.189359590292078606e-01,6.661153162242687831e-01,7.341415954163713620e-01,8.719245799591924806e-01,8.256903866521851931e-01,5.839564214831923783e-01,4.295382867068833765e-01,2.332587978655102090e-01,2.446453950902709729e-01,1.099847697796078050e-01,-4.736724343150623684e-02,9.219199657025606287e-02,1.579669116413564001e-01,3.705957724700821854e-01,2.711306740190827513e-01,3.462555736864760259e-01,2.210789586102441251e-01,6.911736813688908188e-02,-2.105387779563947515e-01,-2.574105912461251977e-01,-5.544498434863864150e-02,-2.676543537423788782e-02,-7.813752411801014319e-02,-9.292788781449715096e-02,-1.462377454139214272e-01,-1.352539346146020005e-01,-6.983571463853066597e-02,2.636067181300289497e-01,4.377905072287532895e-01,6.876862595936329425e-01,8.969786643338967247e-01,1.000000000000000222e+00,8.592971711598856865e-01,6.139221474277746227e-01,5.973348912089687657e-01,4.144023002378139919e-01,6.163086126059491576e-01,4.395386793558131444e-01,1.065549784161246884e-02,3.736911424192397579e-02,9.908398590110520376e-02,4.008706931132977602e-01,4.294071171845131318e-01,2.088008470893207014e-01,1.851061059729623426e-01,4.117535046575479529e-01,3.147819230001466240e-01,-1.069688325731656814e-01,-1.564752215568318006e-01,-3.813872144711910606e-01,-2.852358363814361253e-01,-3.411766717604420296e-01,-4.050440434635488307e-01,-2.095122530753652235e-01,-6.153600108353553949e-02,1.964946996433846182e-01,2.229034334488109170e-01,2.844208242621404370e-01,1.157988321365329559e-01,4.678950536661418552e-02,-2.084159624505878827e-01,-2.341850554082814118e-01,-1.223789747690938040e-01,-3.146312682752663847e-01,-4.701453982661647490e-01,-3.936822396976113470e-01,-1.781896141692818625e-01,-2.870685933349940155e-01,-4.520303633394831544e-01,-5.001119373686051528e-01,-3.318234550451603093e-01,-2.766111297243845635e-01,-2.443584215995790454e-01,-3.825976383147673410e-01,-2.846938561658721167e-01,-2.591504224258129874e-01,-1.520316847098579505e-01,-1.249059799927196568e-01,1.404137823333486690e-01,1.134867781006038967e-01,2.940155135315583035e-01,1.879407839348248010e-01,2.168328329928444487e-01,2.430527848004830627e-01,8.132840955320314036e-02,1.347720223891614166e-01,3.193088364734793932e-02,1.579831262816666915e-01,3.831193106789566039e-01,4.991374729199671845e-01
-1.055935315867723157e-01,4.378608918774889308e-02,9.045727628170904810e-02,3.172269540339935079e-02,1.920797540495975536e-02,-1.888038280337197561e-01,-1.527558252817391993e-01,-3.316760383531102141e-01,-2.650238925331783735e-01,-4.982181351690680993e-01,-2.985399853103739010e-01,-3.118229674878458813e-01,-2.057619486184593949e-01,-2.399593766281484519e-01,-5.978325869682736028e-03,4.239719379924916098e-01,5.614321311473553511e-01,7.732348659851572270e-01,7.088318246562215208e-01,6.543953386999049604e-01,6.140385648739187241e-01,5.418556161611333133e-01,2.493542257913242965e-01,1.637240109429521362e-01,8.378682959749828019e-02,1.653118017642346005e-01,1.559049706926299017e-01,6.425058546143339044e-02,2.297044313600087040e-01,2.478755601292786936e-01,3.693038810771865910e-01,3.319322689346578259e-01,4.256909486220366023e-01,3.343104326117923852e-01,2.144192966724393079e-01,-5.509628586836481934e-02,-1.287584673845694472e-01,-5.309632404925401089e-02,-4.249252419171396095e-02,-6.198362914120064682e-02,-3.249681401485182697e-02,-8.995358394953313630e-02,-9.699501690956770228e-02,-8.012235324005184678e-02,5.696489513080062878e-02,1.874871398280842372e-01,3.653405681632937996e-01,6.533542663538894901e-01,8.592971711598856865e-01,1.000000000000000222e+00,8.781024724851222985e-01,6.897951596089757498e-01,5.502331290761814930e-01,6.155714065662618584e-01,4.535939765859279271e-01,3.959979235598756059e-02,9.136556367208603646e-02,1.297579822059531651e-01,4.794611988926322232e-01,6.274779167754434006e-01,4.504198638747820005e-01,3.476746954398132750e-01,5.439620753317518931e-01,6.192454547756359728e-01,1.458055635105665604e-01,-9.928495856920485380e-04,-3.205074149425960472e-01,-3.896412498444480343e-01,-4.666973258431812432e-01,-4.465139948449962093e-01,-2.477125743485629472e-01,-4.078033327852546158e-02,1.999197733044842384e-01,2.130393873383025771e-01,2.128484202483450771e-01,6.092110637605988380e-03,-1.800665753211952436e-01,-4.145972351740337958e-01,-4.317922579195860866e-01,-2.361569973743091189e-01,-3.843223308220294343e-01,-5.192937359490613636e-01,-5.386079281200960578e-01,-2.598607326370981352e-01,-3.197955487760552606e-01,-4.404384917166505042e-01,-4.213010899150496646e-01,-2.868033606252958223e-01,-2.189921212411723161e-01,-1.869916621086956110e-01,-2.784781235023328083e-01,-2.440166280840669610e-01,-3.005908440445702046e-01,-2.850523003653676613e-01,-2.265280962391314490e-01,-2.799227273832274529e-02,1.233350988089843975e-01,3.118411687144770905e-01,2.157987189121978733e-01,2.247005920994259998e-01,1.810866517558458455e-01,-4.927417846900963155e-02,-6.851107682587839753e-02,-2.279196455345319783e-01,-1.311067703584360422e-01,1.254463509682591238e-01,1.993745119771027641e-01
-1.616044592830353233e-01,-3.970746085209612974e-02,1.209725551918144383e-02,-6.062327706881438967e-03,1.604832213868047017e-03,-1.242746351041150998e-01,-8.013924065175082045e-02,-1.704450334009291468e-01,-1.243180330785091103e-01,-3.808816514293600353e-01,-1.769151586886769101e-01,-2.108874660076367757e-01,-1.464006422505304827e-01,-3.334993824150905839e-01,-9.668358906780903650e-02,2.305874941106451914e-01,4.793865608590026084e-01,7.765012448314525528e-01,6.440088411463908979e-01,4.044432294919718118e-01,2.927862807624244668e-01,1.778026499870187516e-01,-3.546350748743949677e-02,-6.266236105547318136e-02,-3.739299429988983403e-02,5.977219842205711703e-02,1.389221215948744925e-01,7.380250442079390460e-02,2.022416271694334744e-01,1.884573945971559916e-01,2.593828170016458379e-01,2.791581709166289782e-01,3.373964710422430180e-01,2.790445715116576242e-01,2.076252609520168879e-01,4.858680162229537733e-03,-5.274189021730769922e-02,-2.513320152550395717e-02,-3.653613703983699806e-02,-9.243815274492311537e-03,8.500856243722784353e-03,-3.450723022778225124e-02,-3.238178122489664135e-02,-4.807401948105748113e-02,-1.041339467971815202e-01,-1.118191917532484689e-02,1.253497275228910302e-01,3.947117103509391045e-01,6.139221474277746227e-01,8.781024724851220764e-01,1.000000000000000000e+00,8.468797870323645505e-01,5.758004279418540428e-01,5.606953402028351796e-01,3.413725255556021576e-01,1.886272213553748245e-02,7.916413964121644942e-02,6.455792038732667548e-02,3.473298164944144673e-01,5.965783470356502693e-01,4.758282932486846417e-01,2.858200063706343719e-01,3.593894301963203586e-01,5.350394526172664866e-01,1.206307932198035782e-01,-8.919348327847628766e-02,-3.846646896997368281e-01,-4.820671769670445972e-01,-4.316918985573177103e-01,-3.981382007292011416e-01,-2.048920024688549724e-01,-5.044614321281820635e-02,1.281642154564728853e-01,1.039128445942527901e-01,9.255384737921169835e-02,-9.446041316218779793e-02,-2.456084915434105787e-01,-4.076883245037953851e-01,-4.216406934088917646e-01,-2.600219673971987944e-01,-3.772476904715291735e-01,-4.441022068080452967e-01,-4.660602475603528583e-01,-2.286806055758481004e-01,-2.556614844079885263e-01,-3.370422481520783942e-01,-2.997564609280557457e-01,-1.943195473121320238e-01,-1.425150369363799296e-01,-1.184502012166933627e-01,-1.902940601005842503e-01,-1.841769644481239254e-01,-2.503969178583575483e-01,-2.679720875838296212e-01,-2.357218528901376675e-01,-1.210601038548185931e-01,2.486412460380745676e-02,2.011425824440730148e-01,1.488078169598394118e-01,1.666946101440523742e-01,7.088978016080978162e-02,-1.233881643476759937e-01,-2.385375583197486549e-01,-3.314537028667130514e-01,-3.036205231882755373e-01,-1.492857668530421233e-01,-9.313768845027350918e-02
-4.111412197868249269e-02,7.829981085085639669e-03,9.048019390618070035e-02,4.805825093009319371e-02,1.129513552537081689e-01,-1.353541015310596833e-02,6.047901313590187816e-02,1.844696367390879013e-02,-5.014799282031532149e-03,-2.845438607309095924e-01,-3.679135558132728967e-02,-1.125702934457995658e-01,-6.660424147883174661e-02,-5.235496458811580434e-01,-3.088431982083787997e-01,-4.070654726432262893e-02,2.245388441980130101e-01,5.933658133320283135e-01,6.460760760107946421e-01,3.178602985331041575e-01,3.118749409924923555e-01,1.774500021958204388e-01,5.283803644822920864e-02,-1.889464137479447692e-02,-3.340140193240102862e-02,2.203693982122620354e-02,4.050325605983438881e-02,-3.065796842285993182e-02,6.511564008873749199e-02,5.867388064740115816e-02,1.765963234104337976e-01,1.377498997170295558e-01,2.001752765102665643e-01,1.361371312739608208e-01,6.344759763316309975e-02,-9.371523189098515672e-02,-1.261256621226388708e-01,-5.024177142288176190e-02,-5.697642577444855805e-02,-3.177315756412292524e-02,-2.715288255844367990e-02,-6.287356772588122145e-02,-5.538013472141301019e-02,-4.807037533093456300e-02,-6.274027269129600626e-02,3.123960180485970892e-02,2.283558332875071095e-01,4.445893435209459787e-01,5.973348912089687657e-01,6.897951596089757498e-01,8.468797870323645505e-01,1.000000000000000000e+00,3.346570757063180301e-01,5.594690252003612363e-01,2.652006849291371759e-01,-3.004426000959091805e-02,6.111212501128835024e-03,-3.164069095414528097e-03,1.950862625997790978e-01,3.710600225395823681e-01,2.661628738253738469e-01,1.276259407968890203e-01,1.442352371279127521e-01,2.316637666285894515e-01,-3.488893534289076725e-02,-2.344087833330905646e-01,-4.849358191030653242e-01,-4.943625702750087392e-01,-3.259598930498376346e-01,-3.232258851564566160e-01,-1.345111970524855427e-01,-7.220297829490237435e-03,1.302055568797015062e-01,7.379432788818064692e-02,1.108159098314507179e-01,-4.627696203980247169e-02,-1.021565266897268981e-01,-2.393806582555807749e-01,-2.528330438720936546e-01,-1.865744432315162016e-01,-2.975565966627884973e-01,-3.364397285863811038e-01,-3.071823657051899192e-01,-1.443521580011166705e-01,-1.749185003325468557e-01,-2.848717794673659709e-01,-2.779377924044734716e-01,-1.582995785435252767e-01,-1.297324380350390327e-01,-1.161161039046390842e-01,-2.128592136403987811e-01,-1.789806492083834688e-01,-1.856739506535400319e-01,-1.674715805610429986e-01,-1.779722280306683113e-01,-5.696731872794632418e-02,-1.928760099453410981e-02,1.350577517344671019e-01,7.118399593319403584e-02,1.083261201636082915e-01,3.444492192817414505e-02,-9.514288714017238302e-02,-2.198033337153996736e-01,-2.259075970859431293e-01,-2.138585830555619904e-01,-1.418771083197548355e-01,-7.242969303415186522e-02
1.954214464627855585e-02,1.015486461974505900e-01,5.524962491309824003e-02,3.299548871273369488e-02,-3.812894934547773201e-02,-7.883242485836101932e-02,-1.017678875291686685e-01,-1.549665664247251162e-01,-9.866283254679739101e-02,-1.365096265000179387e-01,-1.388198334396712474e-01,-1.026581981424805473e-01,-9.378004161806600958e-02,-1.155078736793278271e-01,-1.573327192066182878e-01,-8.831514530329481749e-02,-4.151863279214594582e-02,1.137747980574934231e-01,-5.108574907422806094e-02,-4.022719371234338703e-02,9.548349791694207833e-02,1.626251407624787204e-01,8.458471433956837870e-02,1.624124740010513268e-01,1.084715574259294130e-01,1.380229851816833220e-01,8.006387800755340733e-02,-1.011990469878591009e-02,2.233413023007908491e-02,4.646669123047880885e-03,1.036051644463146654e-01,1.627106203204427837e-01,1.553591842304887505e-01,8.369248135709911329e-02,1.609321942914866688e-02,-1.318092092192810760e-01,-1.471889772369671667e-01,-5.693723514798820773e-02,-1.288626783129227099e-02,-1.119492418071875439e-03,-1.052937616488553579e-02,-2.405197406690655348e-02,3.038453623046777569e-04,-6.228855837059010803e-03,1.060076560175851751e-01,2.792647143982163738e-01,2.699013095890228642e-01,4.414493567433739329e-01,4.144023002378139919e-01,5.502331290761814930e-01,5.758004279418540428e-01,3.346570757063180301e-01,1.000000000000000000e+00,8.240580472127765344e-01,5.574698249053383625e-01,2.831727941900892831e-01,2.734424487215428856e-01,2.220001852757745031e-01,4.675208413603246793e-01,6.232759765995512513e-01,3.827431685704300590e-01,3.034007715728153087e-01,3.856201933029240747e-01,2.913218167824930260e-01,5.200727442244851978e-02,-1.052645768511952971e-04,-2.011175951317799304e-01,-2.795021747572079551e-01,-2.049625146655844055e-01,-1.436910132647596372e-01,-2.989181936466926356e-02,3.971947783936643356e-02,1.149529751847353093e-01,1.473413441385373335e-01,1.205584977734174001e-01,4.168952108014235131e-02,-6.285016030758064365e-02,-2.215789578652688496e-01,-1.888147781217905108e-01,-7.450221193333474157e-03,-1.698806639068708435e-01,-3.044629169782961942e-01,-3.133877714708044326e-01,-1.900940619999480774e-01,-2.153673618374051801e-01,-3.041716215634131526e-01,-2.834432905728681562e-01,-1.896776746746065834e-01,-1.591176418373868029e-01,-1.468484612381202314e-01,-2.404841614705567898e-01,-2.351513221387799835e-01,-2.499252876333912243e-01,-2.133406770799594065e-01,-2.258369408107472331e-01,-8.342458187709873851e-02,-2.178003481455785192e-02,1.316718405501360600e-01,1.435622953595387941e-01,1.712057343882467109e-01,1.844759092854147131e-01,7.099303704659010172e-02,-5.007599648264648507e-04,-1.267464038889524747e-01,-2.465366803738241186e-01,-2.487404169462865133e-01,-1.832323259665740445e-01
1.451213226469900974e-01,2.009078567937231108e-01,1.824884096817802615e-01,1.302782683746313841e-01,9.645158703126771593e-02,-1.761656008918450339e-02,-1.827900672462787895e-02,-9.310403525056233642e-02,-7.014159923625626347e-02,-1.890289932122063421e-01,-1.209833684082162325e-01,-1.165728418289205814e-01,-9.495929375910840131e-02,-2.510095324020674701e-01,-2.558360661757394516e-01,-1.363592951394518582e-01,-6.577093744961953758e-02,1.537815423565607187e-01,1.485505670662095323e-01,8.012795504994227325e-02,2.785250946254766435e-01,3.382331715547999273e-01,2.494047281932013360e-01,2.907343687617614525e-01,1.911628945521238188e-01,1.772217118336549824e-01,-7.770787946245756583e-03,-1.388965003133484921e-01,-9.719630599663202364e-02,-9.950197090361474761e-02,9.629670336171804179e-02,8.935810450467079891e-02,1.022441219779568061e-01,-1.235877260198418523e-02,-1.276519303102889580e-01,-2.997972090366713971e-01,-3.263740168211415882e-01,-1.593246007864175806e-01,-4.275259244123098129e-02,-4.242792808727435805e-02,-4.789789716920241081e-02,-6.650822768657851936e-02,-2.788815191445759636e-02,-2.195702953539969970e-02,2.380684617809688264e-01,3.735665203089367226e-01,4.303340146680482703e-01,6.415537685710287485e-01,6.163086126059492686e-01,6.155714065662618584e-01,5.606953402028351796e-01,5.594690252003613473e-01,8.240580472127765344e-01,9.999999999999998890e-01,6.393855444199083582e-01,2.868073694331882417e-01,2.370494103834077659e-01,2.279801341343330179e-01,4.845214796112966016e-01,5.534559970738275325e-01,2.969628427055840958e-01,2.857492002609827164e-01,3.820661606592513082e-01,2.114447385177888883e-01,6.653516348081841940e-03,-6.169175081916867392e-02,-2.966626521203882816e-01,-3.322978280454987332e-01,-2.189559311607825187e-01,-1.679046637808696563e-01,-1.643633824305409941e-02,8.518745996989206259e-02,1.797338117941065516e-01,2.070073777389626890e-01,2.294709493239806830e-01,1.496790027263374956e-01,7.815003926491705111e-02,-1.102797348691005180e-01,-6.186507510295388007e-02,5.264379128828618887e-02,-1.172142349313239212e-01,-2.797032076875927142e-01,-2.439090946442928898e-01,-1.532157123400929577e-01,-2.055816195628618337e-01,-3.784695876361158784e-01,-4.003586849297794403e-01,-2.442117155263869299e-01,-2.220037241971264119e-01,-2.299645566955960951e-01,-3.646913551305601131e-01,-3.325241721962936547e-01,-2.701564615387881951e-01,-1.792643678879880242e-01,-2.327955749975587352e-01,-8.626896771311436812e-03,-4.859736734588396972e-04,1.562155751630706080e-01,1.155465577802162885e-01,1.633703592514214875e-01,2.263715936102000115e-01,1.292284945159364040e-01,5.816832400126634856e-02,-5.255307452013323333e-02,-1.723079259125315787e-01,-1.680674814838275244e-01,-9.618930698387241629e-02
3.369912988567959067e-01,5.295218863276383026e-01,3.837770587249307308e-01,3.680447542173888031e-01,2.211884249650320211e-01,5.435296579439973658e-02,4.017704548954966620e-02,-6.903303464757100383e-02,-1.019584331619348000e-01,-2.744587513379248001e-01,-1.987578492517929618e-01,-2.276970347625860147e-01,-1.844692522375607768e-01,-3.920692899917117002e-01,-3.941026857576438447e-01,-2.597622429893003959e-01,-2.067690094514010868e-01,-2.197753322082331845e-02,-6.194392358689143618e-02,-9.203325230798402312e-02,1.055909868830657988e-01,2.507954393470633314e-01,1.452919918122588805e-01,3.461179791878555845e-01,3.517590437443626206e-01,4.766357385854176898e-01,3.808610969157250059e-01,2.076813348953014116e-01,4.563179670803219762e-02,-1.750865338034991725e-01,-9.400053385446961729e-02,-1.095862107186094669e-01,-3.778906041624837536e-02,-9.663639627223628847e-02,-5.786160020263374226e-02,-2.368228114877606316e-01,-1.368968794030393510e-01,1.749872050142241842e-01,1.176987060988900491e-01,5.369902191702039668e-02,-4.382002175219350953e-02,-1.120424106421293864e-01,-5.518584744511639828e-02,-5.751068570452395196e-02,2.189796291947878615e-01,3.279771579356164368e-01,3.080828762553727840e-01,5.510628083368039887e-01,4.395386793558131444e-01,4.535939765859279826e-01,3.413725255556021576e-01,2.652006849291371759e-01,5.574698249053383625e-01,6.393855444199083582e-01,1.000000000000000000e+00,7.258793639719551827e-01,7.084169169798774091e-01,7.217540056964576456e-01,8.870553557832568936e-01,7.907984571444418576e-01,6.117714822785487172e-01,6.702710337442475685e-01,6.482840934686548984e-01,3.150491287930783368e-01,1.250228476892249196e-01,5.873517530491061817e-02,-3.667827346070748340e-01,-4.279886325489311583e-01,-2.692766083226299512e-01,-1.328043181652182880e-01,9.390244255258770045e-02,3.054083854162676359e-01,4.320679714516288961e-01,5.624335417293619965e-01,4.808091427288465614e-01,5.298626905585474001e-01,2.255335841705377875e-01,-8.775446098322986152e-03,1.279555547545935812e-01,4.584465367497870258e-01,3.350827454458654153e-01,-2.199301908203925987e-02,-1.809668918320123665e-01,-2.770986538056759430e-01,-3.057447204886134529e-01,-3.176990906801428483e-01,-2.684538168863898622e-01,-3.245052009499841406e-01,-3.122128693608833272e-01,-2.994017144311732492e-01,-3.020921198027669008e-01,-4.772128263310352336e-01,-4.721304461991105983e-01,-4.339166771177804804e-01,-4.212781692685123036e-01,-5.281060460709496862e-02,2.932679209815845511e-01,3.997741554029207167e-01,4.976323182075706453e-01,4.867599752576746153e-01,5.547644118206357389e-01,3.138897211399818699e-01,1.302470574748902932e-01,-1.158271933101217566e-01,-2.878532570707446614e-01,-2.987762395228902856e-01,-2.192986132435221225e-01
4.175627093531490974e-01,5.729331115652042117e-01,3.319663912205106926e-01,3.230081896212917969e-01,1.344437692053499778e-01,2.343642054786792411e-02,-2.103143675016549627e-02,-3.118786113199484636e-02,9.670507214701220405e-03,-1.685995284998479116e-01,-1.432753742133850150e-01,-1.593875950055606006e-01,-1.565331470129919522e-01,-3.403255196214559630e-01,-4.319144338729454247e-01,-4.370703589352369356e-01,-3.870417397551718652e-01,-2.827161651248504826e-01,-3.260182567090419425e-01,-3.684651468496223381e-01,-2.164890948924446390e-01,-8.074411748415748213e-02,-8.265221113437483391e-02,1.561289778049248789e-01,1.874499541765179411e-01,3.253616234306275778e-01,3.110609255175659782e-01,2.493786828280506462e-01,3.576467210764586180e-02,-2.243173737775916166e-01,-2.606096803834812570e-01,-2.115721105043327221e-01,-1.433400716806966235e-01,-1.466449444226357590e-01,-5.517593485289661037e-02,-1.259061027242578956e-01,-7.747101990079305334e-02,2.609757904118575542e-02,-7.579972976758055092e-02,-1.202421768826305443e-02,-3.861084473571737424e-02,-8.500565324131319211e-02,-2.069771748819199120e-02,-5.966724318743941297e-02,3.356312866917588594e-02,5.790569500246969120e-02,1.775325637585912011e-02,1.453087769201465984e-01,1.065549784161247231e-02,3.959979235598758140e-02,1.886272213553747551e-02,-3.004426000959092846e-02,2.831727941900892831e-01,2.868073694331882417e-01,7.258793639719551827e-01,1.000000000000000222e+00,9.103217529361391502e-01,8.481696169736470114e-01,6.757745953064870914e-01,6.350628423760507069e-01,5.723264033611885626e-01,6.036326884445966101e-01,4.381841768741507881e-01,1.188947417649736105e-01,8.366206761783634427e-02,-6.217480827915468009e-03,-3.277982807508133534e-01,-3.504454626384092553e-01,-1.787816966455789691e-01,-6.393129648792249264e-02,1.610735320809421889e-01,2.660019220699245679e-01,3.277763158699546486e-01,4.862672172982033802e-01,4.028010172608892936e-01,6.090776676278897295e-01,3.289406989942103565e-01,2.154083699207976210e-01,3.695163539565264332e-01,7.646095085274201564e-01,7.280281307342431063e-01,3.985248444113759225e-01,1.121367088792021294e-01,-1.684860095607118302e-01,-8.679057689969230105e-02,-6.353083489869536249e-02,4.643878153663952985e-02,-1.600050599255837258e-01,-1.787518516438107163e-01,-4.627478908847813127e-02,-1.022568189467792238e-01,-3.584357515008245176e-01,-3.775026210826047390e-01,-3.972530744129938451e-01,-3.729998841849987978e-01,-8.368594837668753839e-02,3.086732511323684869e-01,3.072489903073127304e-01,4.482412252922518547e-01,4.149953684841996560e-01,4.527626347330684919e-01,2.829908478104482539e-01,7.077061086180684579e-02,-9.659036356915776111e-02,-2.907854396267773867e-01,-3.911112850261511675e-01,-3.342192977814274490e-01
5.080310039515156806e-01,6.474268135938204827e-01,3.732871013838677809e-01,3.108876827435793633e-01,8.168541501505503788e-02,-4.503357838682325170e-02,-9.913193366965376840e-02,-7.341840518013170724e-02,3.516183315722233929e-03,-2.005628416700789285e-01,-1.604693356096396628e-01,-1.946076375324771734e-01,-1.711289480322609469e-01,-4.025559072755238721e-01,-4.744405166576058930e-01,-4.375704605801303271e-01,-3.695028139734782280e-01,-2.406021911995078200e-01,-3.057001659640163904e-01,-3.304252384585807389e-01,-1.803599437459410537e-01,-5.782826356405159490e-02,-5.442945869794814373e-02,1.439955030961657390e-01,1.738967375158632089e-01,2.913132104409020262e-01,2.793694796598274466e-01,2.145764464640985691e-01,2.776261036545174532e-02,-1.900542771922986707e-01,-2.198466807160938397e-01,-1.049454822125730213e-01,-1.033142073325082205e-01,-9.837557084950931952e-02,-2.860501418606835322e-02,-1.006131704858549553e-01,-4.512856763495103063e-02,4.264657062435706081e-02,-1.703966489154309927e-02,5.744537843556155737e-02,3.134564109465672044e-02,-3.857138486316348384e-04,4.614542104184385374e-02,-1.160218348247195504e-02,4.838703115864902843e-02,7.915682180326005790e-02,5.419384441191051061e-02,1.751218501011033712e-01,3.736911424192398273e-02,9.136556367208606422e-02,7.916413964121646329e-02,6.111212501128847167e-03,2.734424487215428856e-01,2.370494103834077659e-01,7.084169169798774091e-01,9.103217529361391502e-01,1.000000000000000000e+00,9.314762768173354690e-01,7.227544818811565408e-01,7.220519909490521471e-01,6.986877236208670627e-01,6.740992287532092675e-01,4.647276135754180304e-01,1.707490316025435384e-01,1.020363936979242214e-01,-4.005991408795585990e-02,-3.913195168139320113e-01,-3.821819848608495884e-01,-2.021067732013981932e-01,-1.256035177392686719e-01,8.572334199626760465e-02,1.808237894573922477e-01,2.767950952770111273e-01,4.854645168864358817e-01,4.157748249740089164e-01,6.352710495674280811e-01,3.462327783066412312e-01,1.563202514877749805e-01,3.510479342676389725e-01,8.047724935218760756e-01,6.393292662542707783e-01,2.523430227732207376e-01,-5.839168882813311652e-03,-2.070157047463987710e-01,-2.007543252791797461e-01,-1.938093249265882556e-01,-8.360469622634365827e-02,-1.683594605126448596e-01,-1.668598147649854591e-01,-1.350760410413741064e-01,-1.770118615449423616e-01,-3.844938021983198007e-01,-4.177619738213035894e-01,-4.079988626676311347e-01,-4.073873120123742142e-01,-9.790817168726836939e-02,2.614937111061737540e-01,2.779572320400529040e-01,4.015651521900031606e-01,3.661345518867089588e-01,4.057856124162591560e-01,2.279522113910655845e-01,3.220595493211909216e-02,-1.049834325891936121e-01,-2.649222371952835164e-01,-3.604734242547750211e-01,-3.260035913563449905e-01
6.587737235036915662e-01,8.336069632242480987e-01,6.144413016611816047e-01,5.120464399218265239e-01,2.691703098049655352e-01,2.704007113445380805e-02,-7.926430663091019527e-03,-1.252566639031120199e-01,-1.565642986970738337e-01,-3.528411425107219057e-01,-2.606959332219656589e-01,-3.348512075831530654e-01,-2.649220380728305457e-01,-4.917947151517158000e-01,-5.538324683573271345e-01,-4.493026598397378835e-01,-3.813526381045884706e-01,-2.352247476293681527e-01,-2.866954643214838505e-01,-2.972683905474916011e-01,-1.212420896141430254e-01,3.200673144092364836e-02,3.616109788736612124e-02,2.706997009040419955e-01,3.349641293263301289e-01,4.644741840962122170e-01,4.212719643027724170e-01,2.983217672852966906e-01,6.724444707740349914e-02,-2.123564489074827866e-01,-1.846002846101943706e-01,-1.183198800777647691e-01,-8.857503226434472465e-02,-1.317233994106667139e-01,-3.056696332328376689e-02,-1.153333202801703761e-01,1.555627142254602593e-03,1.315623653402201443e-01,7.224107731591525305e-02,7.871798849066462267e-02,5.701121385948757642e-02,3.607601114520544300e-02,7.284499075915538968e-02,2.519684848095463808e-02,1.870296947027796364e-01,1.990909740544000162e-01,1.353006404083546554e-01,2.514633610934877139e-01,9.908398590110520376e-02,1.297579822059531651e-01,6.455792038732670324e-02,-3.164069095414530700e-03,2.220001852757744754e-01,2.279801341343330179e-01,7.217540056964576456e-01,8.481696169736470114e-01,9.314762768173354690e-01,1.000000000000000000e+00,8.372086860722995905e-01,7.743150621098248143e-01,8.024812503239728834e-01,8.313926022312345676e-01,6.043025680586787685e-01,2.264165798605178304e-01,1.462475372961275777e-01,-2.574972253046781470e-03,-4.810149286299854055e-01,-4.663820804294407929e-01,-2.833956338079814952e-01,-1.708029148186427371e-01,1.393629687576781739e-01,3.375393979712995596e-01,5.024123226957734056e-01,7.178450854257297786e-01,6.352728264910153522e-01,7.765073809057696508e-01,4.208557713818383283e-01,1.220537879692535493e-01,2.991528770647121083e-01,7.911104174355072516e-01,6.061665846219760345e-01,1.573661175063801876e-01,-1.108982633335956203e-01,-3.082094619456972051e-01,-2.670120893482134661e-01,-3.032840668358318115e-01,-1.813454247396249497e-01,-2.223766085635592860e-01,-2.151426713412294689e-01,-1.674117527204815881e-01,-2.618381966052993337e-01,-4.940231562028153389e-01,-5.348773300880825810e-01,-5.020934064748888703e-01,-4.893582493610724171e-01,-6.318535613354417380e-02,3.595024176651726577e-01,4.557695819785931857e-01,5.800579728806395385e-01,5.519862068357549445e-01,5.875782238455850015e-01,3.416661974938581814e-01,1.103386623836136587e-01,-8.873702534535127251e-02,-2.650556930192078942e-01,-3.442009316350149173e-01,-3.206482934513525396e-01
4.191759303425237615e-01,6.800520542095758181e-01,5.649575439402808597e-01,5.543095031448179721e-01,3.633872860869337140e-01,1.182341911235715998e-01,9.296331359872446465e-02,-1.229103567538804564e-01,-2.171482934028448053e-01,-4.065490076609715175e-01,-3.139342659886655840e-01,-3.522138490404325695e-01,-2.780974300060644611e-01,-4.621742079986474461e-01,-4.056601270738302567e-01,-2.184693905266153757e-01,-1.587312207116995388e-01,2.033358395189171705e-02,-8.527730975083346043e-02,-8.743669299666290140e-02,9.271492338120057575e-02,2.704141559197789091e-01,1.712637074404527726e-01,4.010075444720834215e-01,4.357807387412466205e-01,6.095184474302018929e-01,5.306099664323332687e-01,3.566733334043462600e-01,1.628255919858167255e-01,-1.219672106671354644e-01,-4.583815479293615325e-02,-2.480986978218492275e-02,4.351212714171590751e-02,-4.208165734952989262e-02,3.439071600772806991e-02,-1.252777570237149640e-01,-5.997147806183015725e-03,2.029051942485610993e-01,1.418329069316149882e-01,2.074582246110089415e-02,1.788370476765976588e-02,-2.216157168217571319e-02,-9.765955172189217520e-03,-6.789855044489053089e-03,2.990769591009372896e-01,3.822878469050010053e-01,3.115311325009408328e-01,5.102973001795263475e-01,4.008706931132977047e-01,4.794611988926322232e-01,3.473298164944144117e-01,1.950862625997790978e-01,4.675208413603246793e-01,4.845214796112965461e-01,8.870553557832568936e-01,6.757745953064870914e-01,7.227544818811565408e-01,8.372086860722997015e-01,1.000000000000000000e+00,9.114360495433515563e-01,8.329579890743991077e-01,8.982154963866916253e-01,8.559884250865484878e-01,5.043034357534429413e-01,3.048256007038717685e-01,2.067566403251844542e-01,-3.928815309505946374e-01,-4.899728428970784311e-01,-3.523679632349933644e-01,-1.595403939697360440e-01,1.486499179940702076e-01,4.539822069949604466e-01,6.317836660035526242e-01,7.784062058482947855e-01,6.334503240237249200e-01,5.965052380825972556e-01,1.643616708463675746e-01,-1.840460438667475829e-01,-3.533140798529481319e-02,4.297120168489025338e-01,2.591932423591859491e-01,-1.675078873900683607e-01,-3.905672132795280915e-01,-3.958996698294580119e-01,-3.789440018791671583e-01,-4.765506208684777145e-01,-3.721072696439655658e-01,-3.240228993281759617e-01,-2.940132837086683604e-01,-2.589228808740288712e-01,-3.882013586727468546e-01,-5.704175450561109750e-01,-6.199811192280449967e-01,-6.013494025608300264e-01,-5.801221616777387791e-01,-1.444456820789895568e-01,3.371833225933534850e-01,5.578275285153792007e-01,6.871606723014729301e-01,6.740485426891257292e-01,7.109175990586519278e-01,3.779215647698775382e-01,1.695267398582755991e-01,-1.467780332847965219e-01,-3.155614210377847839e-01,-3.128056764578246995e-01,-2.746412184314878657e-01
3.139729178157227851e-01,5.581293192432230654e-01,4.469840020036539574e-01,4.332616637009570337e-01,2.502301169342027176e-01,1.096272114867161834e-02,-2.192979436311058572e-02,-2.013336578630949836e-01,-2.164510402979712977e-01,-4.641280803694805557e-01,-3.314593438635103917e-01,-3.506163630853281199e-01,-2.808587566921060263e-01,-4.608779847828248233e-01,-3.589342219922060928e-01,-1.395391922513133653e-01,-1.334890448030868516e-02,2.138465672695920305e-01,3.688557271195914283e-02,-3.097076265426750019e-02,7.052167457683986007e-02,1.784783572925925654e-01,5.639610864117299005e-02,2.361859859398894590e-01,2.789670760262610294e-01,4.404070213544973855e-01,4.258525764768982258e-01,2.987178596194524638e-01,2.018789905897085124e-01,-1.272507484663804554e-02,2.730148661434168497e-02,1.180203106081696707e-01,1.613117548623946573e-01,8.802289094339948994e-02,1.234822909704731825e-01,-6.161636612032831556e-02,-1.751277856327793786e-02,8.976215196515920092e-02,6.091233111478367573e-02,2.892639682418312111e-02,4.369287560740218318e-02,6.464517267719801542e-03,2.023783156274068171e-02,-1.016595143508742735e-02,1.591734139742788101e-01,2.479299234903636351e-01,2.262721936675244627e-01,4.478017607842431635e-01,4.294071171845132429e-01,6.274779167754434006e-01,5.965783470356502693e-01,3.710600225395823681e-01,6.232759765995513623e-01,5.534559970738276435e-01,7.907984571444418576e-01,6.350628423760507069e-01,7.220519909490521471e-01,7.743150621098248143e-01,9.114360495433516673e-01,9.999999999999997780e-01,9.166422690065306744e-01,8.629439732772549165e-01,8.177074771263413977e-01,6.179861528764345469e-01,3.307828024163054770e-01,1.414016486942867301e-01,-4.453031956793579993e-01,-5.749113958854943363e-01,-4.535311947889734130e-01,-2.897561884465369442e-01,3.183131904828313818e-02,3.110134484738168448e-01,5.128217985695278092e-01,6.405408837531587629e-01,5.181576930050917351e-01,4.571648380767663888e-01,4.834810938869579106e-02,-2.843728743697011008e-01,-1.426387155588151878e-01,3.323120858471512729e-01,1.230674775630746648e-01,-2.591430511416528693e-01,-4.626923402853990730e-01,-3.983156259744263239e-01,-3.754467437694714027e-01,-4.677954228546172266e-01,-3.482940706006774079e-01,-2.882608131831645437e-01,-2.428117082957557959e-01,-2.072445339636651562e-01,-3.295708583435366101e-01,-4.768969118672147789e-01,-5.648076522884692974e-01,-5.755411956392091355e-01,-5.487714041359877948e-01,-1.894496953697002717e-01,2.515160542292043111e-01,4.805506020967891812e-01,5.684945943989246908e-01,5.595890190357668548e-01,5.483609558962112551e-01,2.247818879047831508e-01,1.323330198183891339e-02,-2.560504065860679246e-01,-3.945885304435470253e-01,-3.659704794939930284e-01,-3.263471183689012900e-01
4.041399484129569730e-01,6.462796994628526859e-01,5.708507327105473150e-01,5.634176106956365615e-01,3.469644297918780262e-01,7.058441821873089050e-02,1.478166371223121412e-03,-1.775572406515799617e-01,-1.973246115958988134e-01,-4.662101548559073882e-01,-3.414690025305904819e-01,-3.721639615521600830e-01,-3.052746693157236679e-01,-4.688787692612330082e-01,-3.456164176921601161e-01,-1.744792524031527903e-01,-2.517146229487342290e-02,1.795493600868149076e-01,-2.672304398329450326e-02,-1.434512325479030126e-01,-1.075831325800476607e-01,-1.776453368903526536e-02,-9.383736368948128459e-02,1.048315548772532774e-01,2.186134546172895377e-01,3.828472146329613968e-01,4.131437424086418786e-01,3.215275174153536808e-01,1.960904251304059209e-01,-5.050504552970908750e-02,-8.770340721648117732e-02,8.379882420589521153e-02,8.834098014129197762e-02,6.297343374227049040e-02,1.535912714895610320e-01,3.518752737186332802e-02,1.032951346614860294e-01,1.064945573667577944e-01,1.163133552254609626e-01,8.489221345112510364e-02,1.161688103657064763e-01,9.465393385667202064e-02,9.077052550752134907e-02,2.610258563909625615e-02,1.106102267413389684e-01,1.258343071967137072e-01,6.378985578278548174e-02,2.261069655664050271e-01,2.088008470893207014e-01,4.504198638747821115e-01,4.758282932486846972e-01,2.661628738253738469e-01,3.827431685704300590e-01,2.969628427055840958e-01,6.117714822785487172e-01,5.723264033611885626e-01,6.986877236208669517e-01,8.024812503239728834e-01,8.329579890743991077e-01,9.166422690065306744e-01,1.000000000000000000e+00,9.393033294116432952e-01,7.666337404945859912e-01,6.275352863618287591e-01,4.449322747901426900e-01,1.902864543249224993e-01,-4.286020862010908594e-01,-5.930810274590447850e-01,-4.653482806964218677e-01,-2.796220500808164200e-01,3.050124164058873669e-02,3.336203985389512017e-01,5.183022152705151209e-01,6.629588171706745081e-01,5.113524366734760740e-01,4.538798443694429530e-01,9.026444767152481952e-03,-3.220298151498151573e-01,-1.592849384484104347e-01,3.643349727043025954e-01,1.676390590064412989e-01,-1.988173209282723397e-01,-4.648730138053575045e-01,-3.966026203877349721e-01,-3.329285421198299733e-01,-4.073248090165645374e-01,-2.325273500198497267e-01,-1.935879856081593742e-01,-1.530252101244227725e-01,-1.212305259283174980e-01,-2.424003474904859179e-01,-4.244387782136938014e-01,-5.514417563926911070e-01,-6.291331052121700296e-01,-6.104278402960338079e-01,-3.057260463808886830e-01,1.933681609823872105e-01,4.248246772383578174e-01,5.429057833588017967e-01,5.255452770129052098e-01,4.999344176363124115e-01,1.749934843695769848e-01,-6.593421412928375525e-02,-3.236059426591423871e-01,-4.583049013412507366e-01,-4.484417307585413237e-01,-4.335011455966290006e-01
4.573650466660462155e-01,7.274344682951622287e-01,6.849061868591401758e-01,7.285215643865341484e-01,5.267246962795236742e-01,2.449406941366362445e-01,1.662149720911179074e-01,-9.636028174541219626e-02,-2.268060408527134975e-01,-4.405500909933419695e-01,-3.645799264295794817e-01,-3.852944343299620211e-01,-3.184835270384159811e-01,-4.506440933723245279e-01,-3.545949522493896389e-01,-2.269888738842437415e-01,-1.441198710214526835e-01,1.170401938512656559e-02,-1.498092800087486853e-01,-2.130765601936915610e-01,-1.083248742389665564e-01,5.333748182027248097e-02,-1.028996588803983599e-02,2.445404847002859428e-01,3.380241999427847088e-01,5.145045081436440126e-01,4.862334012036954589e-01,3.607177615320587560e-01,1.638164516802175785e-01,-1.442170798721437441e-01,-1.580092406349157819e-01,-5.539739020604807218e-02,-1.124852283866900659e-03,-5.493291826439920811e-02,6.909577687211836128e-02,-1.460719425684915175e-02,9.514243038705531841e-02,1.297301911727346546e-01,1.450325372931333401e-01,4.683479826333290796e-02,8.528194262430030537e-02,6.841780489195267712e-02,5.258912301446113519e-02,1.877587710599838700e-02,2.220909918082273893e-01,2.427416413247637239e-01,1.310188558996117358e-01,2.730723905070482904e-01,1.851061059729623703e-01,3.476746954398133305e-01,2.858200063706343719e-01,1.276259407968889925e-01,3.034007715728153087e-01,2.857492002609827164e-01,6.702710337442475685e-01,6.036326884445966101e-01,6.740992287532092675e-01,8.313926022312344566e-01,8.982154963866916253e-01,8.629439732772550276e-01,9.393033294116434062e-01,1.000000000000000000e+00,8.634250088194094230e-01,5.905705901615885267e-01,4.986310541145488329e-01,3.395217809637404716e-01,-3.405028932635339456e-01,-5.286207704659003914e-01,-4.091953028375789336e-01,-1.432340616076814566e-01,1.842272603220377059e-01,5.391654456911453286e-01,6.706858036350622498e-01,7.909061997593097582e-01,5.956121352116456880e-01,5.213996587416933615e-01,4.160240466849440127e-02,-2.969272044631789398e-01,-1.249983592124294246e-01,3.914749560674599116e-01,2.374395224824699391e-01,-1.466974970672445255e-01,-4.366631150866480682e-01,-3.967108530704996361e-01,-3.184551007897758468e-01,-4.062425759321375285e-01,-2.310975136116092121e-01,-1.937429661210181564e-01,-1.615214141468951092e-01,-1.376308217519290611e-01,-2.752692706895684127e-01,-4.761532013423505072e-01,-5.830677798397894129e-01,-6.660970871990343767e-01,-6.590281440307905747e-01,-3.175129445035742015e-01,2.261656412030290941e-01,4.874962678402906535e-01,6.491415602155748976e-01,6.522615005829150991e-01,6.617223645546641553e-01,3.258803391570918584e-01,8.552229661060714583e-02,-2.446085173735055851e-01,-4.253334416360040615e-01,-4.418922794821152356e-01,-4.348817056466300901e-01
1.400991058376592491e-01,4.364713974986644263e-01,4.264382996981497254e-01,5.618156990689319175e-01,4.294557181814790403e-01,2.586520400270701514e-01,1.831709010272972726e-01,-9.611040914231595844e-02,-2.267894181248345242e-01,-4.122585005295397731e-01,-3.884809940906550629e-01,-3.184774663980519671e-01,-2.818631139959931753e-01,-3.009395935091156438e-01,-1.043382782193773978e-01,7.081740360935803724e-02,7.364466762145456535e-02,1.683058117489710237e-01,1.881499280429687129e-02,5.082541492065005551e-02,1.587083280434534172e-01,3.355417404520818492e-01,1.883458075758827066e-01,3.841112263483769107e-01,3.920658730758697086e-01,5.658579610234109047e-01,5.089532408264614283e-01,3.560292736148904513e-01,2.108362586275489281e-01,-4.875564371759778803e-02,-5.408836704801456979e-02,4.523780409594660955e-03,9.259854437348803702e-02,2.717840591510305853e-02,1.048972404011386111e-01,-4.311411597813872426e-03,6.026500319686358548e-02,1.278506891133058820e-01,1.146050209768170736e-01,-3.046667279216112509e-02,7.042601337477212738e-03,-3.084955295588802729e-02,-5.995975144712913096e-02,-4.277044060642101048e-02,2.915015659599607956e-01,3.551381637060633811e-01,2.892786281115711233e-01,4.443404032878019438e-01,4.117535046575479529e-01,5.439620753317518931e-01,3.593894301963203586e-01,1.442352371279128076e-01,3.856201933029240747e-01,3.820661606592513082e-01,6.482840934686548984e-01,4.381841768741507881e-01,4.647276135754180304e-01,6.043025680586786574e-01,8.559884250865484878e-01,8.177074771263413977e-01,7.666337404945861023e-01,8.634250088194093120e-01,9.999999999999998890e-01,7.702156338507374356e-01,5.977074269139435181e-01,5.580085616019000438e-01,-1.184439897936630653e-01,-3.821689839245820397e-01,-3.834687423629957737e-01,-7.176657591413407311e-02,2.183814212772287877e-01,5.387385775917550301e-01,6.203956227981904936e-01,6.740766811253222635e-01,4.350003912658926830e-01,2.867191276576646075e-01,-1.667157817200397019e-01,-4.494255408875051372e-01,-3.240138968729422420e-01,1.013548379214639084e-01,-5.515457967129220110e-03,-3.127166964692849604e-01,-5.316706045593685426e-01,-3.805246940615081286e-01,-3.373515309448887889e-01,-4.372993224135445223e-01,-3.218295950664729621e-01,-2.499214762678095558e-01,-1.958937512259653346e-01,-1.642520190301808569e-01,-2.961369251683507176e-01,-4.272411172073246610e-01,-5.257486427521979033e-01,-6.042586963583409521e-01,-6.015136913059536683e-01,-3.396247094718661264e-01,1.614411721915846587e-01,4.592626408075136668e-01,6.316171169881847902e-01,6.590521460112171992e-01,6.887112980021568021e-01,3.682670370319894859e-01,2.207117735867688002e-01,-1.691213743970755301e-01,-3.135304077871785555e-01,-2.558806563166332593e-01,-2.189631307030386331e-01
-2.248312351575413037e-01,1.899131493102353477e-02,5.607124515871497739e-02,2.566582119056989852e-01,1.465381180277733342e-01,1.883792240934648379e-02,-1.005844796913396011e-01,-2.756081759200786352e-01,-1.725126981278602700e-01,-3.534747320055335873e-01,-2.654245946474056983e-01,-9.541269814714091468e-02,-9.643229366142513914e-02,3.985616071512877029e-02,3.734390367137876976e-01,4.851173235072565038e-01,5.368477803612066168e-01,5.508187514587105094e-01,2.969238489994830976e-01,2.416327636454617400e-01,8.361190839519146156e-02,9.506532917145747719e-02,-1.634405017912644031e-01,-1.074079709186128162e-01,-5.137406047252356112e-02,1.408723493775145552e-01,2.985372637635829163e-01,3.090472327382746132e-01,3.530858430352952215e-01,2.065507359811994126e-01,6.511832864342710636e-02,1.889673963409080060e-01,2.802607597556238672e-01,3.283777843633427507e-01,3.676393590783058052e-01,2.411586811656987739e-01,2.057642179803606530e-01,5.886110613656995311e-02,1.642903081222711267e-02,-9.651522321736549781e-03,6.832892054465329601e-02,2.148968513032895392e-02,-3.345504032855679821e-02,-8.226004341121757879e-02,-9.921649023660243649e-02,-3.390693653495838872e-02,-2.959126159993016175e-02,1.569219635641744826e-01,3.147819230001465129e-01,6.192454547756359728e-01,5.350394526172663756e-01,2.316637666285893959e-01,2.913218167824930260e-01,2.114447385177888883e-01,3.150491287930782813e-01,1.188947417649736105e-01,1.707490316025435384e-01,2.264165798605178026e-01,5.043034357534429413e-01,6.179861528764344358e-01,6.275352863618287591e-01,5.905705901615885267e-01,7.702156338507375466e-01,1.000000000000000000e+00,8.029949098405544383e-01,5.984237705554511511e-01,1.241637496186096534e-01,-2.940825168076870444e-01,-4.760324268087166577e-01,-2.497196465406882893e-01,-1.720571652147109276e-01,1.237081846011349462e-01,2.287493132737457024e-01,2.685731166804337100e-01,5.459741416795085844e-02,-1.133080354362028669e-01,-5.042264191270665608e-01,-6.424401710817174704e-01,-5.499781495612129367e-01,-2.451721885086788344e-01,-2.707320194190814822e-01,-3.834026942524087489e-01,-5.932746371812465114e-01,-3.339688414337118605e-01,-2.652619168143480199e-01,-2.865630696021548296e-01,-1.376795632181583851e-01,-1.189347018971949749e-01,-3.878451911068609564e-02,-1.321506692362983508e-02,-4.428229106232681178e-02,-1.427617480519257631e-01,-3.338169692145914746e-01,-5.116532866534198032e-01,-4.579041351859038933e-01,-4.448793416579021609e-01,3.040651321825653744e-02,2.302150697173810101e-01,3.088674866645814698e-01,2.589216554799821379e-01,1.886905956884293301e-01,-1.292165244616463871e-01,-1.951766526404463686e-01,-4.723772784474859487e-01,-4.490224083807077826e-01,-2.466155500962068092e-01,-2.132744826766346802e-01
-2.009686983913301084e-01,-1.449488790404090564e-03,7.613671654059898930e-02,4.452281217025538251e-01,3.429012074884548178e-01,3.576161609023228438e-01,1.233263268358096854e-01,2.997605148464113373e-03,5.378157982986037089e-02,-5.415408491191400775e-02,-5.754412006255062162e-02,2.043240981161063841e-01,1.095581785196893115e-01,1.482668311455396515e-01,4.274806065890040530e-01,2.360781776011973698e-01,2.336954061576268227e-01,1.510475205184043934e-01,-7.423196341006685350e-02,-1.435725313905466261e-01,-2.770185122805357003e-01,-2.384240532122020029e-01,-3.775858938749604432e-01,-3.048407159810577749e-01,-2.181714033104684147e-01,-2.444872306610511303e-02,1.513783590032703463e-01,2.266143337846520944e-01,1.858508243755194467e-01,-1.102992529557254332e-02,-2.544114858434590731e-01,-6.512583739827311480e-02,5.044584729397885367e-03,1.091673174850119749e-01,2.419180639198297289e-01,2.697764980986795402e-01,2.759241489589049356e-01,3.606375697746997538e-02,4.027174169454390135e-02,1.563769167732624241e-03,9.484980155390558554e-02,7.858186990296986418e-02,1.528308066376993018e-03,-5.659528766199409255e-02,-1.968031804171430643e-01,-1.624705266253081981e-01,-2.249925915538955878e-01,-1.471740210112372216e-01,-1.069688325731657230e-01,1.458055635105665881e-01,1.206307932198036059e-01,-3.488893534289075338e-02,5.200727442244851284e-02,6.653516348081835001e-03,1.250228476892248641e-01,8.366206761783633039e-02,1.020363936979242214e-01,1.462475372961275222e-01,3.048256007038717130e-01,3.307828024163055325e-01,4.449322747901426900e-01,4.986310541145488329e-01,5.977074269139435181e-01,8.029949098405544383e-01,1.000000000000000222e+00,8.338644773236735253e-01,3.953875274730568323e-01,-1.598433813242922108e-01,-3.158802130760406390e-01,4.470045667046051302e-02,-1.425324804387195776e-02,2.799728296937613603e-01,1.734580965496114735e-01,1.720212950215793957e-01,-1.068099460575345494e-01,-2.198853106424512593e-01,-5.901005586180485540e-01,-6.081083791962886842e-01,-4.703312761872484593e-01,-1.959643671209690685e-01,-1.383280635508940537e-01,-1.597120971360734831e-01,-4.330482468240229865e-01,-2.270770230144023849e-01,-1.039313060677041073e-01,-8.466656073333443666e-02,1.028421662667859116e-01,6.020141350378515471e-02,1.080813263420085796e-01,1.027656247827426067e-01,1.065017967171811852e-01,-2.754124003258547407e-02,-2.166904520264786582e-01,-4.892610246627774329e-01,-5.132585565121100535e-01,-6.674832677474897835e-01,-1.770684199157587513e-01,-6.542868043038209576e-03,1.582927316574042065e-01,1.141163135712903592e-01,5.819136112523294602e-02,-2.008849748961791803e-01,-2.839012594175360227e-01,-5.438807543903902975e-01,-5.703418129944676229e-01,-4.657114992466830361e-01,-4.038107408332680670e-01
-3.449116464406595250e-01,-1.727563368166936952e-01,-9.174031726547621224e-02,3.445234920714052573e-01,3.350940006959421957e-01,5.776002847266127338e-01,3.923907304729327139e-01,3.211843687479111753e-01,1.847424834688945749e-01,2.671245440359336087e-01,2.020706266162718145e-02,2.496271645699126573e-01,4.046490920277363151e-02,2.699833961453350084e-01,4.874926449560708086e-01,2.707604636989069946e-01,1.310778653673074501e-01,-2.889241423694351510e-02,-2.141258812631157138e-01,-1.527905361211899515e-01,-2.222405778106167906e-01,-6.348876208328253778e-02,-1.688938190957550434e-01,-3.211469930980124371e-02,-2.720497760303840565e-02,8.733043097122621112e-02,9.626355211626284880e-02,1.040135758578678848e-01,-1.055736679979742132e-02,-1.614222878449511345e-01,-4.084847931456465076e-01,-2.267973733952297621e-01,-2.277082193195906490e-01,-1.270674231729581882e-01,1.269045230434534717e-02,1.636549396664785383e-01,1.773161088687013054e-01,-1.424118703290576209e-02,-1.379389811531192382e-02,-1.453978724861762495e-01,-2.350436672606380159e-02,-4.120026532467537667e-02,-1.313371252902772457e-01,-1.227574426702485177e-01,-4.763002096794181212e-02,-5.457378631900137306e-02,-1.634499330315332954e-01,-1.334868925187516486e-01,-1.564752215568318006e-01,-9.928495856920400812e-04,-8.919348327847627378e-02,-2.344087833330905923e-01,-1.052645768511869081e-04,-6.169175081916868086e-02,5.873517530491061817e-02,-6.217480827915504438e-03,-4.005991408795585296e-02,-2.574972253046783639e-03,2.067566403251844542e-01,1.414016486942867301e-01,1.902864543249224993e-01,3.395217809637404716e-01,5.580085616019000438e-01,5.984237705554510400e-01,8.338644773236735253e-01,1.000000000000000000e+00,6.791278599035390773e-01,2.217158717091003151e-01,9.712554546048614290e-02,5.032075493370031793e-01,3.878412490092764675e-01,4.822565740202768292e-01,1.458753259507023503e-01,6.050681349545131149e-02,-2.725048275360540395e-01,-3.597013544972182397e-01,-6.129515542431409614e-01,-5.115260851587615232e-01,-4.057440552726893634e-01,-2.619339149904569286e-01,-1.295399452310950217e-01,-6.053611540876514124e-02,-2.594214007060205995e-01,-8.764332061508331440e-02,2.449034718335631536e-03,4.497411046767108012e-02,1.358059014180184598e-01,8.570781325367574088e-02,1.185524374744507392e-01,1.010746170883762701e-01,1.255368559119244276e-01,6.990625228278431191e-02,-4.079837517573230155e-02,-2.918947951841324717e-01,-3.749628366495189602e-01,-6.510774381063707539e-01,-3.170490725654637187e-01,-1.743163786149655725e-01,8.969114435112718331e-02,1.476209664909476915e-01,2.105955181149616329e-01,1.522042309562599560e-01,1.574541476130350559e-01,-1.525644156035522725e-01,-2.544661101625601551e-01,-2.602385514403527389e-01,-2.796259001736297600e-01
-5.594297196652362469e-01,-6.085914462556381022e-01,-5.789417096662500262e-01,-2.442617869899823269e-01,-1.807687939424202916e-01,2.098631880466448330e-01,9.159985307497088558e-02,2.709110624290703151e-01,3.142185647434744267e-01,6.864224005609793622e-01,3.631896569865016300e-01,5.435002303727995976e-01,2.454249768455877279e-01,7.735046772158418182e-01,8.221161610104759099e-01,4.877777993383231037e-01,2.427715389591280082e-01,-1.001645580377297229e-01,-2.280884601564438230e-01,-4.440513995465019542e-02,-2.148400396838910653e-01,-1.331344442807290418e-01,-1.918974839692062784e-01,-2.135292063574319166e-01,-2.779996290512192769e-01,-3.157528885353036996e-01,-3.198694764144789926e-01,-1.843647571411259345e-01,-1.389567644712620953e-01,-1.509579322153073791e-02,-2.767838932322622125e-01,-1.135623346100201186e-01,-2.295295418510452934e-01,-6.397265058810294724e-02,-3.499619273431635313e-02,1.839551672330085597e-01,1.014131511720044732e-01,-1.538262201810693119e-01,-1.631673605318553488e-01,-2.279306387140558054e-01,-9.745465849824447302e-02,-1.106623004646375141e-01,-1.966184835547540311e-01,-1.718008382399820178e-01,-2.167651789836156084e-01,-2.739660464213451441e-01,-3.496220794110058150e-01,-4.006074071992945518e-01,-3.813872144711910050e-01,-3.205074149425960472e-01,-3.846646896997368281e-01,-4.849358191030654353e-01,-2.011175951317799304e-01,-2.966626521203882816e-01,-3.667827346070747785e-01,-3.277982807508134089e-01,-3.913195168139320668e-01,-4.810149286299854055e-01,-3.928815309505946374e-01,-4.453031956793579993e-01,-4.286020862010909149e-01,-3.405028932635340011e-01,-1.184439897936630653e-01,1.241637496186096257e-01,3.953875274730568323e-01,6.791278599035389663e-01,1.000000000000000000e+00,7.837427415310065371e-01,5.468116287848352464e-01,6.316318368062434629e-01,1.901028738100797866e-01,-3.804815962306456328e-02,-4.322031239051438156e-01,-5.210486873038473465e-01,-6.758106979753526478e-01,-6.147149897078338920e-01,-5.079064043983668730e-01,-1.636407950562712987e-01,-1.705638825789522472e-01,-3.718826746448571918e-01,-1.447751043703183749e-01,1.523927526493289442e-01,1.309199162695325047e-01,1.921766567431115458e-01,2.263767810674527092e-01,3.663482931855870928e-01,3.277533055722283151e-01,2.114186140622441590e-01,2.249858768669783793e-01,2.061557662881587094e-01,3.614206869201317396e-01,4.326700208736904418e-01,3.889373885663677810e-01,2.288758019217623230e-01,1.839713733090039827e-01,-3.164661842316014995e-01,-3.939820481093257443e-01,-5.397395186823800151e-01,-4.229668969706602555e-01,-4.035215825186513894e-01,-3.061474231467573026e-01,-8.007049159427065410e-02,1.672037828823610406e-01,1.304306441413194406e-01,1.850659605406359265e-01,1.648540750201370753e-01,1.671822074142817124e-02
-3.837250159212390321e-01,-5.262731468155164016e-01,-5.574428727254282512e-01,-4.689572608696938594e-01,-3.703130380452143156e-01,-6.441478373050275874e-02,-2.228565189209533517e-02,2.153415970304511928e-01,2.136051377804883411e-01,7.511292869122172533e-01,4.540933303100943563e-01,3.848940506764453873e-01,2.364110349974389291e-01,6.862318313746749165e-01,5.529026196322601727e-01,3.655658048375258762e-01,7.873999122475384971e-02,-2.137860328084402184e-01,-2.206450380379759435e-01,5.400041071405441845e-02,8.564876896576057233e-03,1.158090627642222731e-01,1.443764414474873747e-01,9.116423714912584575e-02,-5.668850191467062621e-02,-2.204581780933308199e-01,-3.961194734904444625e-01,-3.235212092081098945e-01,-2.628068057392212165e-01,-4.312315087273617745e-03,-1.323873156262307671e-01,-2.602066644046110988e-02,-2.377394380212862757e-01,-1.369334284291592319e-01,-1.981583798619448722e-01,2.316330733438674849e-02,-7.383854092339631192e-02,-2.268087067586385397e-01,-1.858356428868529753e-01,-2.945926243361621788e-01,-1.774732783891950494e-01,-1.852672540453375594e-01,-2.438144412674145278e-01,-1.611739653897216462e-01,1.044939624775365755e-02,-9.575712234191374739e-02,-1.415708369605040151e-01,-2.535512206759241716e-01,-2.852358363814361253e-01,-3.896412498444480343e-01,-4.820671769670445972e-01,-4.943625702750086837e-01,-2.795021747572079551e-01,-3.322978280454987332e-01,-4.279886325489310472e-01,-3.504454626384092553e-01,-3.821819848608495884e-01,-4.663820804294407929e-01,-4.899728428970784311e-01,-5.749113958854943363e-01,-5.930810274590446740e-01,-5.286207704659002804e-01,-3.821689839245820397e-01,-2.940825168076870444e-01,-1.598433813242921830e-01,2.217158717091003151e-01,7.837427415310065371e-01,1.000000000000000000e+00,8.467783150972356676e-01,6.434750990250144298e-01,2.162066534771667770e-01,-1.906677070507714067e-01,-4.999346995027021956e-01,-5.585714790490515780e-01,-5.682761032156335990e-01,-4.389817248516665327e-01,-1.496401019739464766e-01,1.613941004295832982e-01,7.513426594631746058e-02,-2.055728701165826511e-01,-5.108278221530796609e-02,2.104977794598914542e-01,3.192792496678041325e-01,2.903312624165649281e-01,2.542072255884154641e-01,3.559255063834777522e-01,2.032825591015380295e-01,1.411654774017563618e-01,1.391690612556217566e-01,1.342654834886313209e-01,2.641323376940538092e-01,4.264943753717863051e-01,4.835318110839379457e-01,4.810478873416670353e-01,4.524784888689326046e-01,5.645303305499568824e-02,-2.905963896461343232e-01,-5.205438837982458988e-01,-4.781843364511189076e-01,-4.298426746352496663e-01,-2.518061847535212339e-01,1.322232132410087746e-01,4.829113066243824748e-01,5.977544561912978560e-01,6.773299209582496205e-01,5.606405551031908852e-01,2.707158937611355842e-01
-1.937772459026730898e-01,-3.336314383479322965e-01,-3.831029920381737730e-01,-3.530689187078396851e-01,-2.431303432340417292e-01,9.500843109358543537e-02,2.011376405806082623e-01,5.344849005003753373e-01,3.926915986145435022e-01,8.832591388946003930e-01,4.571822729259304996e-01,3.162016764860069440e-01,1.047492113596450863e-01,3.047660058544281458e-01,1.536850959165546593e-01,-4.222948160433721149e-02,-2.532065710597667385e-01,-3.864437857756135575e-01,-3.615161869912354997e-01,-2.183700694729056868e-01,-1.380992550337440394e-01,2.858119057258836151e-02,1.675053021687151478e-01,2.372432362797659011e-01,1.258691081935358336e-01,-4.631226093332472399e-02,-3.081857274676647607e-01,-3.307901681078734279e-01,-4.097447589671884827e-01,-2.356988571409969202e-01,-3.099995462629429044e-01,-1.582450294914139188e-01,-4.288259378232950891e-01,-3.642246816529107756e-01,-3.829257904356874742e-01,-1.232947461162132580e-01,-1.404361862557999552e-01,-1.585918336561996378e-01,-9.617969944690117623e-02,-2.562357863784937018e-01,-1.754970335447660346e-01,-1.713588506550478563e-01,-2.121040901168018133e-01,-1.074664353228471647e-01,1.287253580232178007e-01,2.625000284239513773e-02,-7.099880202195976708e-02,-1.988092612815273996e-01,-3.411766717604419186e-01,-4.666973258431812432e-01,-4.316918985573177103e-01,-3.259598930498376346e-01,-2.049625146655844055e-01,-2.189559311607824355e-01,-2.692766083226298957e-01,-1.787816966455789691e-01,-2.021067732013982210e-01,-2.833956338079814952e-01,-3.523679632349933644e-01,-4.535311947889734685e-01,-4.653482806964218677e-01,-4.091953028375789336e-01,-3.834687423629956071e-01,-4.760324268087166577e-01,-3.158802130760406945e-01,9.712554546048612902e-02,5.468116287848353574e-01,8.467783150972356676e-01,1.000000000000000222e+00,8.254062082179596249e-01,5.048166227301161824e-01,2.595199674922589114e-02,-3.354467237139944213e-01,-4.147671284606040398e-01,-4.393930128750193065e-01,-2.944373065891865981e-01,-6.130664613464139809e-03,2.501394216423893369e-01,2.115532428870204040e-01,-1.738271046791649288e-02,7.749495715828787212e-02,2.646825164191844437e-01,3.769938574092809858e-01,2.753633167509353941e-01,2.427432773419702927e-01,2.993296857109408182e-01,1.491771068613415574e-01,1.161640080719816559e-01,8.801918684896965772e-02,7.567833152060077229e-02,1.403937354795868342e-01,2.707644563304398844e-01,3.771844593033225057e-01,4.094256022561064134e-01,3.124140138777100062e-01,8.983314498270091042e-03,-3.394612184064700333e-01,-4.938865313444955052e-01,-3.629676163562466917e-01,-2.476917186359397782e-01,-3.904529048389289436e-02,3.948588963107471095e-01,6.000012794556645046e-01,7.026461085626924952e-01,6.018374455907041787e-01,3.067498948436488404e-01,5.777296559147108296e-02
-2.439696518700473216e-01,-2.702771782902544384e-01,-2.589764396766970345e-01,-1.146635460063976514e-02,1.111492516429840594e-01,5.743557316924829959e-01,5.875234257654577963e-01,8.122803219692188437e-01,5.074903270878673434e-01,8.384406743883974222e-01,3.116394844990071356e-01,3.041328245846934286e-01,2.770272799707371864e-02,1.903262112597865485e-01,1.360825251760924282e-01,-1.325756949247499927e-01,-3.135658519374732722e-01,-4.243610248388204331e-01,-4.557175911893183717e-01,-3.927373545775920127e-01,-3.194921804178292857e-01,-9.912523354149187227e-02,7.928619759163507696e-03,2.006327484106011361e-01,1.465372134610016530e-01,5.846767245648876177e-02,-1.592883774746606806e-01,-2.239297371021563565e-01,-4.146602524495565101e-01,-4.215170903029452631e-01,-5.631454262646531372e-01,-3.898045494048759663e-01,-5.635786920104977060e-01,-5.049124889525927751e-01,-4.085667565781968547e-01,-1.115310769026925108e-01,-6.482377039529287066e-02,-8.015133991026326954e-02,-4.501410136090491093e-02,-2.416978659538302487e-01,-1.485512955194799034e-01,-1.442923963064325632e-01,-2.036771747885963713e-01,-1.150330962863814893e-01,8.848548120071307588e-02,1.052732011535826954e-02,-1.436448509996823553e-01,-2.313209045943306619e-01,-4.050440434635488307e-01,-4.465139948449962093e-01,-3.981382007292011416e-01,-3.232258851564566160e-01,-1.436910132647596094e-01,-1.679046637808696563e-01,-1.328043181652182880e-01,-6.393129648792252040e-02,-1.256035177392686719e-01,-1.708029148186426538e-01,-1.595403939697360718e-01,-2.897561884465369442e-01,-2.796220500808165310e-01,-1.432340616076815398e-01,-7.176657591413408699e-02,-2.497196465406882893e-01,4.470045667046050608e-02,5.032075493370030683e-01,6.316318368062434629e-01,6.434750990250144298e-01,8.254062082179596249e-01,1.000000000000000000e+00,7.882889281146451266e-01,4.475457697823887471e-01,-7.912756054642856862e-02,-2.353030120126117786e-01,-4.142306673662504157e-01,-3.347893268983679338e-01,-2.154577930058541035e-01,3.943336517328185908e-02,7.595238258544205479e-02,-4.271531584301294093e-02,9.723393948004398213e-02,2.703979055840805001e-01,2.674190121825486544e-01,2.075053118302364885e-01,2.244394136999585676e-01,2.833796948710842201e-01,2.119812330589877780e-01,1.514058695552167599e-01,1.205925126683046883e-01,1.032831985993437757e-01,1.306745325266870372e-01,1.847319798946186753e-01,2.580691268681984396e-01,1.743848684370037649e-01,5.918490114130356416e-03,-3.293988893603343460e-01,-4.439650596733738519e-01,-4.617661583014436855e-01,-1.973542734854168701e-01,-2.368620994139428865e-02,1.640362751146599019e-01,5.066726647497407088e-01,5.649934532447818958e-01,4.673531094369259842e-01,2.450229938760093706e-01,-5.098344305281469341e-02,-1.943343870162730913e-01
2.759793147310347482e-03,7.322467165191692828e-02,9.694754407703777555e-02,2.629105112463157590e-01,3.724030510432091989e-01,6.858035268299693676e-01,7.729056055261736002e-01,7.475121127886679151e-01,2.389477086294315156e-01,3.995917816503906095e-01,-1.448208008431174122e-02,-7.610757815661066406e-02,-1.641346771938267946e-01,-1.880354851771373625e-01,-2.476892786281466863e-01,-3.208368195919676369e-01,-4.032440208372504165e-01,-3.614862486157553456e-01,-3.461207825082476819e-01,-3.746853904931842227e-01,-2.393943449384749456e-01,-4.967716068947757718e-03,1.098985325187690626e-01,4.186850482283498431e-01,4.439848165618790476e-01,4.349115794159805204e-01,2.184697600606078094e-01,1.743418828582953819e-03,-3.241481728587191635e-01,-5.216108374187271579e-01,-5.439667956804291604e-01,-4.881796414700387277e-01,-5.110221436838148223e-01,-5.840455164592579518e-01,-4.216843100391645116e-01,-2.061940978615628417e-01,-6.700586693151290574e-02,8.852024836720782941e-02,1.108456809976838681e-01,-8.484121836872941802e-02,-1.202205443043111027e-01,-1.143509505831525608e-01,-1.639121970003516726e-01,-6.487907094616271464e-02,2.655011783605094600e-01,2.080817143175861250e-01,3.102521858471756974e-02,-3.020750660531407866e-02,-2.095122530753651680e-01,-2.477125743485629472e-01,-2.048920024688549169e-01,-1.345111970524855427e-01,-2.989181936466924622e-02,-1.643633824305410635e-02,9.390244255258771433e-02,1.610735320809421889e-01,8.572334199626760465e-02,1.393629687576781739e-01,1.486499179940702076e-01,3.183131904828315900e-02,3.050124164058875056e-02,1.842272603220377059e-01,2.183814212772287600e-01,-1.720571652147109276e-01,-1.425324804387193001e-02,3.878412490092764675e-01,1.901028738100797588e-01,2.162066534771667770e-01,5.048166227301161824e-01,7.882889281146451266e-01,9.999999999999998890e-01,7.696988649583638153e-01,3.678085198896416386e-01,1.970818011398776104e-01,-6.503658911819198973e-03,-1.348045170859622430e-02,-5.256125659256265237e-02,1.592262376730872731e-02,9.533084757512580443e-02,1.169131073477946425e-01,1.746628903153802925e-01,1.747961211711451524e-01,1.502164259085032594e-01,7.222322092122598902e-02,9.203035694469094419e-02,7.325154041226597523e-02,4.060653029550658627e-02,3.018757310612404238e-02,-1.364718336709507722e-03,-9.596626457752827424e-03,-9.816323273857667508e-02,-1.153930787864841517e-01,-1.860103323474210021e-02,-6.423565793883558028e-02,-2.540695212060915531e-01,-3.174048400597411224e-01,-2.620773083558083916e-01,-8.250372170468611710e-02,2.284751848766905513e-01,4.689241915829861496e-01,5.918653675063333397e-01,7.843569361792146477e-01,6.276603413661151487e-01,3.978368004652441114e-01,7.316940325136039869e-02,-2.052571243449517746e-01,-2.448112516511084247e-01
1.705387608579965741e-01,3.701015157272161127e-01,4.993894763687193872e-01,7.402565546104059591e-01,8.173458245419804591e-01,8.257709641284277646e-01,8.590095994683500935e-01,5.540497365718549672e-01,1.661435382040163736e-02,-2.291575276998122912e-02,-2.194755171539045924e-01,-2.343314889960933789e-01,-2.418706699184202391e-01,-3.832400924388711938e-01,-3.531623902944671656e-01,-3.565594658387578608e-01,-3.533703369194630683e-01,-2.524909402333261887e-01,-2.635793514966003892e-01,-3.422775278099060015e-01,-2.038966129797832594e-01,8.443785123040415405e-04,4.283300120213488077e-02,3.328822208690959128e-01,3.804534207133907220e-01,5.176256045408146322e-01,4.297847815509067693e-01,2.704511743756288222e-01,-2.144890270241649188e-02,-3.692516749198378467e-01,-3.587467621690658137e-01,-4.600786936962744655e-01,-2.402756526952895544e-01,-3.901516242608998319e-01,-1.819737073319068199e-01,-9.934604587019099653e-02,5.500058638938954553e-02,1.493753566947172984e-01,1.121796521491838228e-01,-1.101981040197412831e-01,-5.470537673117870786e-02,-3.877899662323484181e-02,-1.011219463184371975e-01,-2.472123347949476899e-02,2.217536471645159268e-01,2.524805920593261033e-01,8.739937006819126220e-02,8.457338052603199929e-02,-6.153600108353553949e-02,-4.078033327852547546e-02,-5.044614321281819247e-02,-7.220297829490247843e-03,3.971947783936645437e-02,8.518745996989202096e-02,3.054083854162676359e-01,2.660019220699245124e-01,1.808237894573922755e-01,3.375393979712995596e-01,4.539822069949604466e-01,3.110134484738168448e-01,3.336203985389512017e-01,5.391654456911453286e-01,5.387385775917550301e-01,1.237081846011349462e-01,2.799728296937613603e-01,4.822565740202767737e-01,-3.804815962306456328e-02,-1.906677070507713512e-01,2.595199674922588767e-02,4.475457697823887471e-01,7.696988649583638153e-01,1.000000000000000000e+00,7.963794856859531812e-01,6.155609033836001442e-01,3.821133285029146842e-01,2.151279856372042831e-01,-6.901240509469126760e-02,-1.930638245362057137e-01,-7.209981233106445286e-02,1.009222573874929002e-01,1.252756202205449476e-01,-2.305307911726530139e-03,-1.346155218702421164e-01,-1.404401472951313790e-01,-6.382867376918426039e-02,-1.410373976141263141e-01,-5.861650708791069780e-02,-3.220666003413009959e-02,-4.622248340072850764e-02,-6.642538148971514900e-02,-1.946832963005372397e-01,-3.233948962272171768e-01,-3.113437569019154583e-01,-3.967155726381594305e-01,-5.158693613351483798e-01,-3.606360660528814543e-01,-4.286084937065589087e-03,3.247233714277520944e-01,5.653116478330325601e-01,7.118130801312210210e-01,7.163116294566170827e-01,6.011557177063803215e-01,3.659364124265334084e-01,2.725831688743049833e-02,-2.455706456799810755e-01,-3.924078117145819444e-01,-3.482172848638591667e-01
3.999289420845553722e-01,6.379169259213802734e-01,7.523944281044102622e-01,7.822647612939550577e-01,7.731768578110239654e-01,4.219604733216269499e-01,4.897100907621429466e-01,9.757056247333972809e-02,-2.665706763674622337e-01,-4.645758528347132543e-01,-4.021606534740911898e-01,-4.620516215104155111e-01,-3.259726405108483438e-01,-5.205520833798589209e-01,-4.914973670719966492e-01,-3.081554830186912786e-01,-2.254004115754807136e-01,-6.405014713940340720e-02,-4.849769658425063384e-02,-1.190943712600680687e-01,2.831427932993439006e-02,1.547471940690721692e-01,1.442148971422549109e-01,3.539912309516247135e-01,3.939570095803563432e-01,6.010437078696608815e-01,6.081977011350294671e-01,4.916019776165649335e-01,2.889720863823030395e-01,-6.734788350274273361e-02,7.692583759080051653e-02,-1.279060625025212894e-01,1.655421204958542059e-01,-6.805190590362511505e-02,7.613691181619611226e-02,-4.755427710710944528e-02,1.087152328722871403e-01,2.472422296924925156e-01,1.357030013457174444e-01,-6.038270695930830073e-02,-1.182912247300312199e-02,1.353907242414521123e-02,-4.622007461342476919e-02,2.734959797244963103e-02,2.641562303545725854e-01,3.747206244746779658e-01,2.532688207176140294e-01,2.835682653838825229e-01,1.964946996433845905e-01,1.999197733044842940e-01,1.281642154564728575e-01,1.302055568797015062e-01,1.149529751847353093e-01,1.797338117941065516e-01,4.320679714516289516e-01,3.277763158699546486e-01,2.767950952770111828e-01,5.024123226957734056e-01,6.317836660035526242e-01,5.128217985695278092e-01,5.183022152705151209e-01,6.706858036350622498e-01,6.203956227981904936e-01,2.287493132737457580e-01,1.734580965496114735e-01,1.458753259507023503e-01,-4.322031239051438156e-01,-4.999346995027021956e-01,-3.354467237139944213e-01,-7.912756054642856862e-02,3.678085198896415831e-01,7.963794856859534033e-01,1.000000000000000000e+00,9.160189845540135378e-01,8.104436736776050587e-01,5.635304967656016295e-01,1.919500140684732847e-01,-1.554001639494624887e-01,-7.620360974323828196e-02,1.659047318692440098e-01,9.739418550569790833e-02,-1.889283339308609755e-01,-3.180165124806743071e-01,-3.451580768337932370e-01,-2.454878950188292275e-01,-3.814243943857314467e-01,-2.629558858220104600e-01,-1.715906631004407157e-01,-1.673664561458312050e-01,-1.783133586531691350e-01,-3.549055580752571437e-01,-5.271873657095733634e-01,-5.600149259664457535e-01,-5.320570874422921870e-01,-5.095297029196862448e-01,-3.664073769685891740e-02,3.998368908718343273e-01,7.679170129692232116e-01,8.256861159914342663e-01,8.462716165205594887e-01,7.391938777951666539e-01,4.093690291708477202e-01,1.711806814712664437e-01,-1.195581766181840477e-01,-2.730094841783816118e-01,-2.867086769165061444e-01,-2.087854417580808364e-01
5.935405088274910979e-01,8.236107113094353060e-01,8.228594712416931189e-01,7.528697892049348583e-01,6.148620694345092730e-01,2.020992742345886217e-01,2.381920103582446657e-01,-1.075563580895147059e-01,-3.264053598910033327e-01,-5.575908057197750400e-01,-4.277856670498922376e-01,-4.910185171609715571e-01,-3.464731342648074142e-01,-5.346493742675419991e-01,-5.300820069161550352e-01,-3.402482508656838323e-01,-2.577481571584837594e-01,-1.057921708428658514e-01,-1.015707850567333509e-01,-1.223514228727770325e-01,4.728566809027069662e-02,1.767064531015596629e-01,1.769494276488223217e-01,3.744948662616742752e-01,4.339121324119193379e-01,6.373658367825476567e-01,6.393411903815342523e-01,5.161507620770834359e-01,2.847644368271395887e-01,-7.578346637292844579e-02,8.929903088048471438e-02,-6.781566263261562533e-02,1.306094075666367760e-01,-6.523306990037855413e-02,6.805446532307976581e-02,-7.684668454967756579e-02,9.416090855220399236e-02,2.477389258185540566e-01,1.475850795087087775e-01,1.942051137678213815e-02,4.185650004945207919e-02,6.229655620636961183e-02,3.900831964330381957e-02,6.421785728125484205e-02,3.142536344585454278e-01,3.923119543378601470e-01,2.799108982883400931e-01,3.279308219173241445e-01,2.229034334488109170e-01,2.130393873383026049e-01,1.039128445942527901e-01,7.379432788818063305e-02,1.473413441385373335e-01,2.070073777389626613e-01,5.624335417293619965e-01,4.862672172982033247e-01,4.854645168864358817e-01,7.178450854257297786e-01,7.784062058482947855e-01,6.405408837531587629e-01,6.629588171706745081e-01,7.909061997593097582e-01,6.740766811253221524e-01,2.685731166804337100e-01,1.720212950215793957e-01,6.050681349545132537e-02,-5.210486873038473465e-01,-5.585714790490515780e-01,-4.147671284606040398e-01,-2.353030120126118341e-01,1.970818011398776104e-01,6.155609033836001442e-01,9.160189845540134268e-01,1.000000000000000000e+00,9.046282579099466092e-01,7.663469983409377795e-01,3.603787489710498781e-01,-4.731799793743726723e-02,4.947195691633774622e-02,3.889436869468230196e-01,2.649211502189946499e-01,-1.333235057265088064e-01,-3.124385218890769478e-01,-4.390173753789803346e-01,-3.282592119442812595e-01,-4.339232316166313774e-01,-3.150757655332451224e-01,-2.387742066808307695e-01,-2.230897174018077189e-01,-2.085766505127604198e-01,-3.851942839716746003e-01,-5.900868529547983465e-01,-6.392406625040073509e-01,-5.770662634317192952e-01,-5.087316331949076620e-01,5.459271435751018170e-02,5.286782551283171205e-01,8.186643725485845957e-01,8.748001834398511090e-01,8.293349450720084448e-01,7.490189302857502840e-01,3.693240779811772789e-01,1.337732447426499549e-01,-1.296698188351547987e-01,-2.652058612208486599e-01,-2.643828041245588900e-01,-1.910152419894185771e-01
7.022963651185448741e-01,8.346552350552690624e-01,8.208711174151883672e-01,5.976180528510345313e-01,4.828497101551636472e-01,-1.395885366920971392e-02,5.222743932836883957e-02,-2.568246125594564888e-01,-3.761610189836960827e-01,-6.182045767283068649e-01,-3.935132249253663894e-01,-5.136247356505821982e-01,-3.282137920553482857e-01,-5.208574342298176729e-01,-5.920178573395640242e-01,-3.402821631564890703e-01,-2.312603972470616831e-01,-6.998009987513427455e-02,2.898805989071936724e-03,-5.413019226896521353e-03,1.608891753223569421e-01,2.203003309934885301e-01,2.260670888965415348e-01,3.309350979367502998e-01,3.549370183943810209e-01,4.859001881890038232e-01,4.641259807726626496e-01,3.808331691140471875e-01,2.774455828336577223e-01,6.245761686104965571e-02,3.396124744819254970e-01,1.223542569527507340e-01,2.836412133092077736e-01,4.835182323271083188e-02,7.459129007383706600e-02,-1.377280316876265398e-01,-6.798622632604504196e-03,1.769662675355419268e-01,1.375882684059847316e-01,6.728512972873593179e-02,6.283733688792128569e-02,1.072047004011541516e-01,9.181496013047117655e-02,1.136292616839556097e-01,2.948362867188313308e-01,3.873058733420461919e-01,3.232271156346910312e-01,3.652079591624071142e-01,2.844208242621404370e-01,2.128484202483451049e-01,9.255384737921171223e-02,1.108159098314507179e-01,1.205584977734174001e-01,2.294709493239807108e-01,4.808091427288465614e-01,4.028010172608892936e-01,4.157748249740090274e-01,6.352728264910153522e-01,6.334503240237249200e-01,5.181576930050917351e-01,5.113524366734760740e-01,5.956121352116456880e-01,4.350003912658926830e-01,5.459741416795085844e-02,-1.068099460575345494e-01,-2.725048275360540395e-01,-6.758106979753526478e-01,-5.682761032156335990e-01,-4.393930128750193065e-01,-4.142306673662504157e-01,-6.503658911819257087e-03,3.821133285029146842e-01,8.104436736776050587e-01,9.046282579099464982e-01,1.000000000000000000e+00,8.771079627189268813e-01,6.088693570951124734e-01,1.649810800652544984e-01,2.040320898580843534e-01,4.214296565818211326e-01,2.564564162882270182e-01,-1.447090951950414373e-01,-2.190506196516840420e-01,-4.215312372979104771e-01,-3.518324404130779848e-01,-4.631084567789773287e-01,-3.878715173254872473e-01,-2.750211754992433755e-01,-2.600105715101465598e-01,-2.491761054576804857e-01,-4.142808002308653315e-01,-5.854132563313658721e-01,-6.117409653757429622e-01,-4.224950190900366165e-01,-2.885618553490763016e-01,3.812876093105788677e-01,6.619455491664680835e-01,8.504614807217618644e-01,7.207785893765104035e-01,6.468294255743816112e-01,5.478852927903529180e-01,2.117546263842883247e-01,3.107469000705844267e-02,-9.760870612142673319e-02,-1.429195738660401782e-01,-1.108955087613655577e-01,-3.784471741298395947e-02
8.292820296668609314e-01,8.795736357789499804e-01,7.016935217589547191e-01,4.356472000784186727e-01,2.541301367508428388e-01,-1.219683492802936114e-01,-7.219805003826935963e-02,-2.385292445224151126e-01,-2.697420408189417640e-01,-4.584024636510193318e-01,-2.841380277128471299e-01,-4.100494277219698391e-01,-2.725317974908427754e-01,-4.354341691969045858e-01,-5.961102764431518430e-01,-4.404878980468420191e-01,-3.541064245882603601e-01,-2.464782022718909060e-01,-1.577059136193447730e-01,-1.396317285803928832e-01,2.851114511438582536e-02,1.059748139459289057e-01,1.574391588803743525e-01,2.961351348748699208e-01,3.385726161075580110e-01,4.250375723783348381e-01,3.929427510799441969e-01,2.971480365486884323e-01,1.291768522005961872e-01,-8.421326721139205107e-02,1.413233825651798170e-01,-4.459607564510034705e-02,6.315395213659542872e-02,-8.395582823128566741e-02,-4.120603130553154858e-02,-1.833162588586972064e-01,-3.761099899981865113e-02,1.629392653645604094e-01,7.029474492049177237e-02,1.148908253437544852e-01,6.961423554629940502e-02,9.528728913181229443e-02,1.342719672313126000e-01,1.019452647431940001e-01,2.306278867698335622e-01,2.590401238529968508e-01,1.993495249860000040e-01,2.425195950041656723e-01,1.157988321365329559e-01,6.092110637605988380e-03,-9.446041316218775630e-02,-4.627696203980248557e-02,4.168952108014235824e-02,1.496790027263375511e-01,5.298626905585474001e-01,6.090776676278897295e-01,6.352710495674280811e-01,7.765073809057696508e-01,5.965052380825972556e-01,4.571648380767663888e-01,4.538798443694428975e-01,5.213996587416933615e-01,2.867191276576646075e-01,-1.133080354362028669e-01,-2.198853106424512593e-01,-3.597013544972182397e-01,-6.147149897078338920e-01,-4.389817248516665327e-01,-2.944373065891867092e-01,-3.347893268983679338e-01,-1.348045170859622777e-02,2.151279856372042831e-01,5.635304967656016295e-01,7.663469983409377795e-01,8.771079627189268813e-01,1.000000000000000222e+00,8.220663891020170144e-01,4.907926008399511875e-01,5.648113075393517146e-01,7.620270578517616133e-01,6.107341554640682846e-01,1.868816918774601210e-01,8.525503127721398289e-02,-3.378708029699404869e-01,-2.932394205346436911e-01,-3.147958775110705210e-01,-2.824387462935834536e-01,-2.877011901738743549e-01,-2.831701963131100230e-01,-2.385124769029114966e-01,-3.287124194560517298e-01,-5.523324543425384148e-01,-5.314422665605548213e-01,-2.939381322636551164e-01,-1.848338272654490577e-01,4.431365840970966086e-01,6.624359381504415500e-01,6.721724262525046178e-01,5.967539119495356426e-01,5.129711729585924029e-01,4.753810121881724138e-01,2.409531503108948147e-01,6.933731131658496527e-02,8.605932426155338613e-03,-6.992012618986435946e-02,-1.071407527378378799e-01,-6.287812812960189013e-02
7.585742812238617239e-01,6.158367654714671513e-01,4.327266700772331443e-01,6.813170835817011772e-02,-1.903237342428793985e-02,-2.693505380476182154e-01,-1.643035973250681070e-01,-1.514399231180730832e-01,-1.253277463863425589e-01,-2.068714515815838206e-01,-1.418957744785835917e-01,-2.991858128301536635e-01,-2.047031410200339518e-01,-2.685963747332971163e-01,-5.288820078694438376e-01,-4.167190149519027220e-01,-3.682184177600592578e-01,-3.143180156522829005e-01,-1.349488280332038492e-01,-7.059431925896449134e-02,1.013757307362750382e-01,1.385242986071308358e-01,2.635997660071562887e-01,3.041843496929441115e-01,2.956702197429253443e-01,2.017855417248617389e-01,5.117245401345200950e-02,-1.055648537027019940e-01,-2.009347435154621442e-01,-1.877135000336190296e-01,1.413113426617278734e-01,-4.456628307818304158e-02,-8.952951980511578145e-02,-2.387906658812514182e-01,-3.147493802953271747e-01,-4.055277475305161805e-01,-2.916452218750080760e-01,8.903382850367798362e-03,4.125817378308894307e-02,1.699473776948473847e-01,7.289549832038173804e-02,1.232362740047005245e-01,1.954907945113764922e-01,1.481921366088658765e-01,2.636432024252864381e-01,2.256310397732844142e-01,2.166399411704282574e-01,1.785129628585604977e-01,4.678950536661418552e-02,-1.800665753211952436e-01,-2.456084915434105787e-01,-1.021565266897268426e-01,-6.285016030758068528e-02,7.815003926491707886e-02,2.255335841705377875e-01,3.289406989942103565e-01,3.462327783066412312e-01,4.208557713818383283e-01,1.643616708463675746e-01,4.834810938869579106e-02,9.026444767152461135e-03,4.160240466849443597e-02,-1.667157817200397296e-01,-5.042264191270665608e-01,-5.901005586180485540e-01,-6.129515542431409614e-01,-5.079064043983668730e-01,-1.496401019739465044e-01,-6.130664613464132003e-03,-2.154577930058540480e-01,-5.256125659256263155e-02,-6.901240509469126760e-02,1.919500140684733125e-01,3.603787489710499337e-01,6.088693570951124734e-01,8.220663891020170144e-01,1.000000000000000000e+00,8.383536574441226019e-01,8.003466010698915278e-01,6.954643010155121541e-01,5.681992797417934060e-01,3.223801040818386476e-01,4.525513807003147537e-01,-3.574658791492524301e-02,-1.370458585882520230e-01,-1.041182545115880570e-01,-2.422645071716998111e-01,-2.638420576419728270e-01,-2.766125237108433832e-01,-2.624513430044631002e-01,-2.878090748841606317e-01,-3.532341411802655817e-01,-1.826982477676321881e-01,2.003186896883094592e-01,2.352213940025888739e-01,7.044620030393876631e-01,4.549489757332965123e-01,3.177911132360516921e-01,1.776491668340397512e-01,1.578278655563124244e-01,1.899658663599087527e-01,2.124300826939279352e-01,1.620874034465455138e-01,2.891131966499245198e-01,2.457290964602097116e-01,1.474675564382160742e-01,1.427789993623691522e-01
4.261299502267138495e-01,2.153189645951936460e-01,2.645405838597212136e-02,-2.111955961920663205e-01,-2.152389925834579387e-01,-2.165981461481813197e-01,-1.184930286753223538e-01,3.246701519374775580e-02,6.058384339477736885e-02,1.185633002537091474e-01,5.880303842472919124e-02,-5.688459318239828810e-02,-5.049571456616177428e-02,3.253235937339466616e-03,-2.605471478065131130e-01,-3.002933914372484248e-01,-3.076589501320385334e-01,-3.594585749075361325e-01,-1.989142813436569346e-01,-1.405056930859399367e-01,-6.392608779990154033e-02,-4.612632892844469729e-02,1.009090716417395950e-01,1.191915586229321533e-01,1.125244077007752225e-01,-4.008302199421794054e-02,-1.555092678496817205e-01,-2.593776626159810528e-01,-3.453053110150914873e-01,-2.648090954232819594e-01,-6.911006498225569228e-02,-2.116025487956331996e-01,-3.108258905112199488e-01,-3.590347675778512992e-01,-4.010721087351705738e-01,-3.754216124741535099e-01,-2.992704264644779899e-01,-1.019619680367033626e-01,-9.103333465217951226e-02,9.079249631027519474e-02,-1.112623795065449759e-03,2.413401539946138236e-02,1.246270590914841381e-01,5.825327316791772264e-02,6.959729717402640681e-02,-5.296643331238243269e-02,-3.408015710810934074e-02,-1.118086335384857188e-01,-2.084159624505879105e-01,-4.145972351740337958e-01,-4.076883245037953851e-01,-2.393806582555807749e-01,-2.215789578652688219e-01,-1.102797348691005180e-01,-8.775446098322986152e-03,2.154083699207976210e-01,1.563202514877749527e-01,1.220537879692535493e-01,-1.840460438667476384e-01,-2.843728743697011008e-01,-3.220298151498152128e-01,-2.969272044631789398e-01,-4.494255408875051372e-01,-6.424401710817175815e-01,-6.081083791962886842e-01,-5.115260851587615232e-01,-1.636407950562712987e-01,1.613941004295832704e-01,2.501394216423892813e-01,3.943336517328185908e-02,1.592262376730871343e-02,-1.930638245362057415e-01,-1.554001639494624054e-01,-4.731799793743726723e-02,1.649810800652544984e-01,4.907926008399511875e-01,8.383536574441226019e-01,1.000000000000000000e+00,8.697947157837683241e-01,5.872522346514081892e-01,6.701956391513604894e-01,6.621496655756405891e-01,8.301951132237955777e-01,2.550940311185059262e-01,9.589819621115767967e-02,3.418295381578198566e-01,1.233232996072798210e-01,-1.496958453958552315e-01,-1.933373693099233182e-01,-1.815055554344924549e-01,2.944664600538961230e-02,-2.966848852674254869e-02,2.206455892122470841e-01,5.306158830981190233e-01,5.134226539487227736e-01,6.517940536647722771e-01,2.654776191791403672e-01,-5.276805529673032208e-02,-1.309287504153348325e-01,-1.211698072394092329e-01,-5.242439937177206799e-02,1.577244180693292697e-01,1.766298183130920740e-01,3.670686234337664500e-01,3.240861000549325466e-01,1.868914486997373114e-01,1.363590592734438278e-01
6.040035377704645603e-01,3.872663214771203122e-01,1.692807019769083099e-01,-3.986926728446991974e-02,-8.231801812926597961e-02,-7.140295086060605145e-02,-1.030192873253448459e-02,1.175119663846250773e-01,1.061542041783939683e-01,1.180324345378375578e-01,1.112312314177254895e-02,-6.639116104814797581e-02,-7.520519393246694051e-02,-4.703645449135050727e-02,-3.059530941751235078e-01,-3.922465418143615823e-01,-3.898864207176871433e-01,-4.287029410614347502e-01,-2.678353864042937182e-01,-2.393134121638292588e-01,-1.510466128245172290e-01,-1.112831815065216529e-01,3.667544069970989778e-02,1.022903717965397835e-01,1.040010115786621780e-01,-1.406688078909057275e-02,-1.068017010404364170e-01,-1.848296478944067012e-01,-3.197399316258418001e-01,-3.530474280954778443e-01,-2.340924899265363623e-01,-3.502079057284398500e-01,-3.515157720124721386e-01,-3.725430472075675348e-01,-3.393939506369098580e-01,-2.867731045696271241e-01,-2.023129288588486618e-01,-8.578844055594823936e-02,-4.924856885867377743e-02,1.698905663538787525e-01,4.271836226195396824e-02,6.557698553099411409e-02,1.527089225694417407e-01,7.386475774408517159e-02,5.558159919241375396e-02,-2.792702879467615085e-02,-3.696704525713552514e-02,-1.019243659036459526e-01,-2.341850554082814673e-01,-4.317922579195860866e-01,-4.216406934088917646e-01,-2.528330438720935991e-01,-1.888147781217905108e-01,-6.186507510295388701e-02,1.279555547545935812e-01,3.695163539565264332e-01,3.510479342676389725e-01,2.991528770647121638e-01,-3.533140798529481319e-02,-1.426387155588151601e-01,-1.592849384484104347e-01,-1.249983592124294524e-01,-3.240138968729422420e-01,-5.499781495612132698e-01,-4.703312761872484593e-01,-4.057440552726893634e-01,-1.705638825789522472e-01,7.513426594631741895e-02,2.115532428870204040e-01,7.595238258544206866e-02,9.533084757512584606e-02,-7.209981233106449450e-02,-7.620360974323825420e-02,4.947195691633775316e-02,2.040320898580843534e-01,5.648113075393517146e-01,8.003466010698915278e-01,8.697947157837683241e-01,1.000000000000000222e+00,7.628082919644331161e-01,7.109099581371844945e-01,5.944797619546650091e-01,7.187777284003021849e-01,1.642589589189282773e-01,5.473986982241536153e-02,9.104575508061166222e-02,-3.877472844102746591e-02,-9.498920983008325714e-02,-1.396204627986274149e-01,-1.580725382962207826e-01,-1.541711406352939684e-01,-2.233076027501403327e-01,-2.381745845337025075e-02,2.704915850487257245e-01,1.737722060170047156e-01,3.855005755388082322e-01,1.694630984312424093e-01,-4.752560372657436277e-02,-7.035137759839109328e-02,-5.375485988930573528e-02,1.277587985888228167e-02,1.819293638528194923e-01,1.404160001626587606e-01,2.793701248892622169e-01,1.977189115605251235e-01,3.673298762436456172e-02,5.838765782568020729e-02
7.493777379344396250e-01,7.197550145187568971e-01,4.360408953586099035e-01,2.497668794810614934e-01,5.711387417679392869e-02,-5.210205058413940743e-02,-5.780261872477256840e-02,-7.669125772259089736e-03,1.742888079571559834e-02,-8.643117409325093425e-02,-1.056016168417907714e-01,-1.852343717628854580e-01,-1.663458246796189199e-01,-3.024946521989697046e-01,-5.180519094089035548e-01,-5.392055103096656810e-01,-4.993276629981603931e-01,-4.449154339691040461e-01,-3.699719274997338991e-01,-3.503633094433744599e-01,-1.914673696449198381e-01,-8.850116835458547715e-02,3.009156155147827121e-03,1.716368501394827661e-01,2.108913314893123558e-01,2.250491622408307968e-01,1.569192842848824154e-01,4.642678496485137807e-02,-1.732412669629535273e-01,-3.593907806580685094e-01,-2.998635357740344065e-01,-2.897076354127056663e-01,-2.745957761484068560e-01,-2.906757759237470484e-01,-2.183740514977647595e-01,-2.190601778274482436e-01,-1.081350870010676785e-01,1.789181868884491891e-02,-1.039208230790893486e-02,1.160570141158139834e-01,5.402595024049065137e-02,4.721686651344662866e-02,1.185867686791381437e-01,4.315873556434238201e-02,9.338282617606276370e-02,5.489811114558271893e-02,2.539345551663129211e-02,6.320189887902449843e-02,-1.223789747690938040e-01,-2.361569973743091189e-01,-2.600219673971987944e-01,-1.865744432315162293e-01,-7.450221193333490637e-03,5.264379128828616111e-02,4.584465367497870814e-01,7.646095085274201564e-01,8.047724935218760756e-01,7.911104174355072516e-01,4.297120168489025338e-01,3.323120858471513284e-01,3.643349727043025954e-01,3.914749560674599116e-01,1.013548379214639084e-01,-2.451721885086788066e-01,-1.959643671209690685e-01,-2.619339149904569286e-01,-3.718826746448571918e-01,-2.055728701165827066e-01,-1.738271046791649635e-02,-4.271531584301292706e-02,1.169131073477946425e-01,1.009222573874929002e-01,1.659047318692440376e-01,3.889436869468230751e-01,4.214296565818211326e-01,7.620270578517615023e-01,6.954643010155121541e-01,5.872522346514081892e-01,7.628082919644331161e-01,1.000000000000000000e+00,8.548251494438152687e-01,5.326093766147256270e-01,3.876019893782254311e-01,-5.349013706608999469e-02,-6.727103934842414146e-02,-6.471212046344225477e-02,-4.913265159852606145e-02,-1.480398365711320940e-01,-1.772169621794970895e-01,-1.525775083037002877e-01,-1.868690558158292991e-01,-3.770726382707741409e-01,-2.980218004708166113e-01,-1.596399843204376612e-01,-2.117676824878604314e-01,1.205627003994197838e-01,2.539631085848769176e-01,1.663589274852722288e-01,2.519189896123595340e-01,2.447764762763207369e-01,3.073978700451955870e-01,2.731911212530301891e-01,1.138432014514085544e-01,1.010960986794447458e-01,-4.277077580160547343e-02,-1.863958262602762039e-01,-1.529867422287683187e-01
4.880992992056800706e-01,4.838799391571624864e-01,2.382061326218013197e-01,1.711867378553500463e-01,3.998455533038153958e-02,1.960068091610385824e-02,1.042658597925186052e-02,7.138922078134607441e-02,6.847752835433983110e-02,5.286878808119766654e-02,1.022359575931201456e-02,-5.160482233917594586e-02,-7.019988126220033653e-02,-1.447639618870397993e-01,-3.243823477461633131e-01,-4.246587416371276902e-01,-4.147165551643387515e-01,-4.411342030973113282e-01,-3.946669100702573374e-01,-3.978630586300291871e-01,-3.395365494298209219e-01,-2.473340931257099473e-01,-1.875587772022979383e-01,-1.831013124394234321e-03,5.840412414238810301e-02,1.050326422548242405e-01,1.234348533628042005e-01,9.462062809423398002e-02,-1.368340859466461168e-01,-3.460177379207248216e-01,-3.881012608371884887e-01,-3.894339446648427683e-01,-3.905661011429057416e-01,-3.299852505602062225e-01,-1.866616217652616594e-01,-1.331284195853965069e-01,-2.779238580789325855e-02,-2.428162124062523478e-03,-1.332249657247475683e-01,4.749121457062665738e-03,-3.014596716148738864e-02,-6.963081768983100939e-02,1.489207752230844312e-02,-6.637614022190982399e-02,-1.146864609434205401e-01,-2.122291515779658466e-01,-2.293505472828033243e-01,-1.830356035845238649e-01,-3.146312682752663847e-01,-3.843223308220295453e-01,-3.772476904715291735e-01,-2.975565966627884973e-01,-1.698806639068708435e-01,-1.172142349313239074e-01,3.350827454458654708e-01,7.280281307342431063e-01,6.393292662542707783e-01,6.061665846219760345e-01,2.591932423591859491e-01,1.230674775630746925e-01,1.676390590064412989e-01,2.374395224824699946e-01,-5.515457967129201895e-03,-2.707320194190814822e-01,-1.383280635508940259e-01,-1.295399452310950217e-01,-1.447751043703183749e-01,-5.108278221530797303e-02,7.749495715828781661e-02,9.723393948004398213e-02,1.746628903153802370e-01,1.252756202205449476e-01,9.739418550569793609e-02,2.649211502189946499e-01,2.564564162882269627e-01,6.107341554640682846e-01,5.681992797417935170e-01,6.701956391513604894e-01,7.109099581371843835e-01,8.548251494438150466e-01,1.000000000000000222e+00,8.377004913884318338e-01,6.111718654076770951e-01,5.501785016668100936e-02,8.012292615472514645e-02,2.926199034793163234e-01,3.079691302064904712e-01,-2.770236026732763451e-02,-1.047602955293997079e-01,-4.761493437937246859e-02,1.048133060498386282e-01,-1.789073308681383978e-01,-9.216272141674897167e-02,-3.918771774499146821e-02,-3.533328440361915845e-02,1.410563313165465738e-01,3.138001201684211816e-01,8.968465711107737048e-02,1.960503851210460002e-01,1.691447086942751421e-01,2.178814362409867977e-01,2.270322081738801179e-01,8.488115796549414172e-02,5.703235665913823638e-02,-7.929420243577930960e-02,-2.075903948941681676e-01,-2.016084478561593618e-01
1.273735751021916052e-01,4.761520136952409471e-02,-9.688311271545500813e-02,-6.912207571956670293e-02,-7.750730814439323046e-02,6.885039080531359101e-02,6.393541044652636951e-02,2.077019356162194408e-01,1.907226573597782804e-01,3.016183831949401095e-01,1.727864199551912561e-01,1.441728684163192664e-01,6.753534765973689957e-02,9.815969174962568822e-02,-4.880911213518489278e-02,-2.412804174903102339e-01,-2.690572477392639272e-01,-3.727538976574940044e-01,-3.293534438821859034e-01,-3.468560629369273896e-01,-3.953237333576805068e-01,-3.676616067668697085e-01,-3.113163173211790924e-01,-2.148276422885296855e-01,-1.787292742487110175e-01,-2.002410307926682786e-01,-1.395549151730441917e-01,-9.848039985189863121e-02,-2.509162455851163820e-01,-3.715707195126149442e-01,-4.675134347410002666e-01,-4.273776983123482309e-01,-4.589393590280048119e-01,-3.330956316451477717e-01,-2.154131878304296754e-01,-1.015111172788353139e-01,-5.154715711020048385e-02,-1.418539531922965724e-01,-2.584635320431287742e-01,-7.498359363949828882e-02,-9.377927687376839960e-02,-1.438234244561034103e-01,-5.375072538741863110e-02,-1.329353286650844512e-01,-3.198328914434116488e-01,-4.550146410625218185e-01,-4.126205166185152873e-01,-4.122096630145631879e-01,-4.701453982661647490e-01,-5.192937359490613636e-01,-4.441022068080452967e-01,-3.364397285863811038e-01,-3.044629169782961942e-01,-2.797032076875926587e-01,-2.199301908203926334e-02,3.985248444113758670e-01,2.523430227732207376e-01,1.573661175063801321e-01,-1.675078873900683052e-01,-2.591430511416528693e-01,-1.988173209282723675e-01,-1.466974970672445255e-01,-3.127166964692849604e-01,-3.834026942524089709e-01,-1.597120971360735109e-01,-6.053611540876514124e-02,1.523927526493289442e-01,2.104977794598914542e-01,2.646825164191844437e-01,2.703979055840805001e-01,1.747961211711450968e-01,-2.305307911726562232e-03,-1.889283339308609755e-01,-1.333235057265087509e-01,-1.447090951950415205e-01,1.868816918774601210e-01,3.223801040818386476e-01,6.621496655756407002e-01,5.944797619546650091e-01,5.326093766147256270e-01,8.377004913884318338e-01,9.999999999999997780e-01,8.252431130269187731e-01,3.171499631271139652e-01,3.437455308736932502e-01,6.603839123118058207e-01,6.338959204869470954e-01,1.464820050485111658e-01,3.461946473797177654e-02,5.806876439764502990e-02,3.505600014246138540e-01,1.301288860986672680e-01,2.644299570885011996e-01,2.392846352384823405e-01,2.026903366844032550e-01,7.698137015746259193e-02,5.150219091537057425e-02,-2.453810386936579047e-01,-1.451845748722291052e-01,-1.293272254283259204e-01,-8.582843720712583779e-02,8.300633902487147830e-02,3.168386116037275047e-02,8.282062556607439063e-02,1.073056415294315830e-03,-1.108993683924977269e-01,-1.279855522294753578e-01
7.853074591362667334e-02,-1.147012817226337467e-01,-2.323634478030605632e-01,-2.918180573005408895e-01,-2.098659481128661020e-01,-1.971277750524712269e-02,5.160958849119781644e-02,2.285101580722105064e-01,1.829321671384707138e-01,3.334622160343822528e-01,1.793290435762197321e-01,1.252879590752770944e-01,5.956486672176029840e-02,1.616661344332778749e-01,-4.021178492872633237e-02,-2.030611163498327043e-01,-2.605901946852439699e-01,-3.645962762092448961e-01,-2.486189984731506653e-01,-2.275599135349894719e-01,-2.341668436082625371e-01,-2.184128192580974681e-01,-8.575774456987683703e-02,-6.502594377191329988e-02,-5.056923396064017667e-02,-2.051958602551685051e-01,-2.623254316404889375e-01,-3.140569449891266185e-01,-4.089752390130597104e-01,-3.667902037052639952e-01,-3.241494336068223570e-01,-3.692027925408403743e-01,-4.587592665140098336e-01,-4.108786717639815178e-01,-3.864376734354428300e-01,-2.773042025101054575e-01,-2.430758602304998739e-01,-1.848403882922142749e-01,-1.610786031745390923e-01,2.439870184940365339e-02,-4.047324921902749340e-02,-4.048758174635961465e-02,5.392105754470624679e-02,-2.051091156228506546e-02,-9.847446228694756165e-02,-2.618803459102472253e-01,-2.272706848276539460e-01,-3.321845145279929690e-01,-3.936822396976113470e-01,-5.386079281200960578e-01,-4.660602475603528583e-01,-3.071823657051899192e-01,-3.133877714708044326e-01,-2.439090946442928898e-01,-1.809668918320123665e-01,1.121367088792021155e-01,-5.839168882813313387e-03,-1.108982633335955925e-01,-3.905672132795280915e-01,-4.626923402853990730e-01,-4.648730138053575600e-01,-4.366631150866479572e-01,-5.316706045593684316e-01,-5.932746371812465114e-01,-4.330482468240229865e-01,-2.594214007060205995e-01,1.309199162695325047e-01,3.192792496678041325e-01,3.769938574092809858e-01,2.674190121825486544e-01,1.502164259085032594e-01,-1.346155218702421164e-01,-3.180165124806743071e-01,-3.124385218890770033e-01,-2.190506196516841531e-01,8.525503127721396901e-02,4.525513807003147537e-01,8.301951132237955777e-01,7.187777284003021849e-01,3.876019893782254311e-01,6.111718654076772062e-01,8.252431130269187731e-01,1.000000000000000222e+00,5.682213485737598324e-01,2.699238738630544976e-01,6.296159298589263376e-01,4.167919247048130216e-01,2.276121659808828107e-02,-6.731064471343291278e-02,-1.136867773300952317e-01,2.054469702243797435e-01,1.628587985616673228e-01,4.537190336096903476e-01,6.167284932783169138e-01,4.801714020651052239e-01,3.255787958428720819e-01,-3.736423570832082125e-02,-3.453147119510450724e-01,-3.160810197321168302e-01,-2.569360296022382695e-01,-1.796041978338620004e-01,1.194756545771696044e-01,1.416276618968039802e-01,3.079710497844190820e-01,2.443120142834628306e-01,9.696907573384280776e-02,5.204803670563417500e-02
-2.077095598554043743e-01,-3.330557793148316570e-01,-3.106013358590305473e-01,-2.911542409658310904e-01,-1.784531049651167933e-01,-7.647865423105292340e-03,2.133697110603114885e-02,1.391226892051845854e-01,1.223258877548462353e-01,2.605624899808235972e-01,1.423423332171221134e-01,1.308238524862982144e-01,7.481126317708795825e-02,1.736153800332983776e-01,9.562998668164822413e-02,5.969986819207071145e-03,-5.307598424832878081e-02,-1.266728029308866188e-01,-6.991639337987302916e-02,-3.868058875681375935e-02,-5.837845763272239002e-02,-5.735366083882077054e-02,2.468459811323408734e-03,-3.204805586893186981e-02,-3.244409885672672189e-02,-1.718475421069328712e-01,-2.229785458873591308e-01,-3.448490301200288766e-01,-3.623355483243387853e-01,-3.031409511128671519e-01,-2.823478026701058408e-01,-1.960066525106876900e-01,-2.746297526957565127e-01,-2.157036863208109390e-01,-2.390244144226220391e-01,-2.048955862084644586e-01,-1.948552713454972940e-01,-4.536514775721025433e-02,-1.116577189852243357e-01,-2.696260254804765805e-02,-3.309196475514675218e-02,-3.178311277251453376e-02,1.716642262194720964e-02,-1.195292918586061091e-02,-2.354535080159240318e-02,-1.474275580058988233e-01,-9.687867204967458290e-02,-1.631601070633476314e-01,-1.781896141692818625e-01,-2.598607326370981352e-01,-2.286806055758481004e-01,-1.443521580011166705e-01,-1.900940619999480774e-01,-1.532157123400929577e-01,-2.770986538056759985e-01,-1.684860095607118580e-01,-2.070157047463988542e-01,-3.082094619456972051e-01,-3.958996698294579564e-01,-3.983156259744262684e-01,-3.966026203877349166e-01,-3.967108530704995806e-01,-3.805246940615081286e-01,-3.339688414337118605e-01,-2.270770230144023294e-01,-8.764332061508331440e-02,1.921766567431115458e-01,2.903312624165649281e-01,2.753633167509353386e-01,2.075053118302364885e-01,7.222322092122597514e-02,-1.404401472951313790e-01,-3.451580768337932370e-01,-4.390173753789803346e-01,-4.215312372979104216e-01,-3.378708029699404869e-01,-3.574658791492525689e-02,2.550940311185059262e-01,1.642589589189281940e-01,-5.349013706609000857e-02,5.501785016668100936e-02,3.171499631271139652e-01,5.682213485737598324e-01,9.999999999999997780e-01,2.920346767504870544e-01,2.964472426523757642e-01,1.706743750775776836e-01,3.536415875076724669e-02,-7.250363996288380040e-03,-9.186799554319920527e-03,-7.490420520270904547e-02,9.419632346224322827e-02,4.478332254371348298e-01,6.633416104937319702e-01,2.828220314128015445e-01,-1.345919144216895132e-02,-4.220210686408830680e-01,-4.750686240247315451e-01,-3.938041355521834652e-01,-2.744686220259009435e-01,-1.972435275887476358e-01,5.071141991975258029e-02,1.232841849538708068e-01,2.367230639000517389e-01,2.188133586309311818e-01,1.490276376099254896e-01,8.843558593549752378e-02
-1.716033365543730704e-01,-2.767838168566267298e-01,-2.321973069371606468e-01,-1.632092760973421486e-01,-7.234200312379167330e-02,7.187762618671100778e-02,7.012408531113795140e-02,1.680258706554039749e-01,1.403245095544801146e-01,2.670705323533247855e-01,1.464223081570236173e-01,1.541690073717722487e-01,8.790493581012515101e-02,1.741348032278536018e-01,1.134967049855498816e-01,-2.950082986379792827e-02,-6.748617206842597027e-02,-1.573311160066942216e-01,-1.227762041816232441e-01,-1.279348639637067631e-01,-1.859970132856821612e-01,-1.947409247242130326e-01,-1.388119871143075890e-01,-1.502611178772135792e-01,-1.442830488324296778e-01,-2.403804826719818655e-01,-2.374555923885008357e-01,-2.617589578182585308e-01,-2.787961662123748519e-01,-2.806467445469225108e-01,-2.906066329478372845e-01,-1.929406657270593128e-01,-2.282702154279814266e-01,-1.885434166179753013e-01,-1.822381767580402434e-01,-1.174752503614209242e-01,-1.082057873908211093e-01,-1.346576898361797892e-01,-1.408272654421048875e-01,-5.176417061811072751e-02,-6.393184250977820837e-02,-7.311552301597706860e-02,-2.783508544273650617e-02,-5.995184224767785564e-02,-1.602274336635917396e-01,-2.604534125567246616e-01,-2.268571635740620485e-01,-2.831932532573081529e-01,-2.870685933349939600e-01,-3.197955487760552606e-01,-2.556614844079885263e-01,-1.749185003325469112e-01,-2.153673618374051246e-01,-2.055816195628618337e-01,-3.057447204886133973e-01,-8.679057689969230105e-02,-2.007543252791797461e-01,-2.670120893482134106e-01,-3.789440018791671583e-01,-3.754467437694714027e-01,-3.329285421198300288e-01,-3.184551007897758468e-01,-3.373515309448887889e-01,-2.652619168143480755e-01,-1.039313060677040934e-01,2.449034718335626332e-03,2.263767810674527647e-01,2.542072255884155196e-01,2.427432773419702927e-01,2.244394136999586231e-01,9.203035694469094419e-02,-6.382867376918426039e-02,-2.454878950188291720e-01,-3.282592119442813705e-01,-3.518324404130779848e-01,-2.932394205346436911e-01,-1.370458585882519675e-01,9.589819621115761028e-02,5.473986982241536847e-02,-6.727103934842415534e-02,8.012292615472511870e-02,3.437455308736932502e-01,2.699238738630544976e-01,2.920346767504870544e-01,9.999999999999998890e-01,3.660298331152126439e-01,3.196780438325606544e-01,1.469309638392966022e-01,6.584788972015470643e-02,4.805353595851485915e-02,8.718638435088406358e-02,2.174291582850743920e-01,4.953480366192989370e-01,3.260124938613774281e-01,1.510817414625045541e-01,-1.477433006850028541e-01,-3.657459402742068155e-01,-3.903681371031762493e-01,-3.228507899237650913e-01,-2.391630098716683583e-01,-2.062462100210873950e-01,-3.538251961773111309e-03,3.471429462664241128e-02,1.196093687031005159e-01,1.041638484876699494e-01,3.742772443971858348e-02,2.213842363925947691e-03
-3.791158678532902115e-01,-4.301512058508443759e-01,-4.181761355529737823e-01,-2.953499867125413125e-01,-1.973114469283193950e-01,2.568666600023835137e-02,3.209354914735625119e-02,1.893309707190996560e-01,1.705866626384762719e-01,3.601058577968052066e-01,2.329361030372388286e-01,2.484596974238516554e-01,1.542687174684573281e-01,2.946584511842927356e-01,2.444435359257398632e-01,5.001197317736569281e-02,-5.053247284823231961e-02,-1.890389880977295101e-01,-1.946361132945376160e-01,-1.855500754418069054e-01,-3.049637235632215448e-01,-3.381486141926838829e-01,-2.960498197282158128e-01,-3.249648248489841462e-01,-2.993995357425239812e-01,-3.784095008008983574e-01,-3.106136096398155466e-01,-2.072453099678676081e-01,-2.179316075891995219e-01,-1.074863723578718816e-01,-2.906334667569607233e-01,-2.564349872374875328e-01,-3.503399512045424213e-01,-2.118711757510356453e-01,-1.809480293549663721e-01,-5.011168572179986597e-02,-9.029720368091573302e-02,-2.119269760938568281e-01,-2.476715600148080010e-01,-1.559762164124861572e-01,-1.371401188482628541e-01,-1.780256617648503514e-01,-1.178038377707055911e-01,-1.540457010557960138e-01,-3.674386647597059352e-01,-5.021037221535423756e-01,-4.328566619353461653e-01,-5.043351082103583183e-01,-4.520303633394829879e-01,-4.404384917166505042e-01,-3.370422481520783942e-01,-2.848717794673659709e-01,-3.041716215634130971e-01,-3.784695876361157674e-01,-3.176990906801428483e-01,-6.353083489869533473e-02,-1.938093249265882556e-01,-3.032840668358317560e-01,-4.765506208684777145e-01,-4.677954228546171156e-01,-4.073248090165645374e-01,-4.062425759321374175e-01,-4.372993224135443002e-01,-2.865630696021548296e-01,-8.466656073333443666e-02,4.497411046767108012e-02,3.663482931855871483e-01,3.559255063834777522e-01,2.993296857109408182e-01,2.833796948710842201e-01,7.325154041226597523e-02,-1.410373976141263141e-01,-3.814243943857314467e-01,-4.339232316166312664e-01,-4.631084567789774398e-01,-3.147958775110704099e-01,-1.041182545115880431e-01,3.418295381578198566e-01,9.104575508061162059e-02,-6.471212046344225477e-02,2.926199034793163234e-01,6.603839123118058207e-01,6.296159298589262265e-01,2.964472426523757642e-01,3.660298331152125884e-01,1.000000000000000000e+00,8.993485466735805511e-01,2.581506526565769399e-01,1.501303871055933992e-01,1.058476779310069393e-01,7.791694066869525592e-01,7.281202296078085334e-01,7.575877228147395170e-01,4.996592011039008852e-01,5.806429896751514885e-01,7.235636797886328686e-02,-9.500682521655069712e-02,-4.180749120890795978e-01,-3.625877243284725271e-01,-3.542408180142085916e-01,-3.217094055878775838e-01,-8.430648738695330213e-02,-1.985903996478873001e-02,7.798022644810774506e-02,7.483384867758045844e-02,2.400611237541765489e-02,-3.401699141784236824e-02
-3.328669057637734796e-01,-3.249382679568156296e-01,-2.842790028487468534e-01,-1.212309738929521347e-01,-6.908061611259751211e-02,9.299467572364079893e-02,4.854123057634580907e-02,1.536828465951052825e-01,1.497309337105444671e-01,2.785947443430801251e-01,1.827997592815380490e-01,2.343556771096845237e-01,1.414898260515071171e-01,2.387932016136194158e-01,2.343834669574952623e-01,1.776255480981336551e-02,-5.066015720976081022e-02,-1.746021847649996961e-01,-2.197898386761690248e-01,-2.595860951296046770e-01,-4.112135535560662580e-01,-4.697014236048266955e-01,-4.681243252846702396e-01,-4.730051191672859368e-01,-4.339927905139033815e-01,-4.167220012390526196e-01,-2.292263148871879208e-01,-2.254037069996494072e-02,-2.445188684733926379e-02,-2.644164775595951589e-02,-3.148621042853233520e-01,-2.434664734910936545e-01,-2.275874170341743996e-01,-3.771926895190663709e-02,4.260521422581610429e-02,1.469799087603488319e-01,1.001167338680512137e-01,-1.591900112654973665e-01,-3.123475901141171684e-01,-1.884527653818249548e-01,-1.578287834213155938e-01,-2.236699326138505695e-01,-1.875899107919168640e-01,-2.110244891288899360e-01,-5.358106751412436974e-01,-6.009422137306016376e-01,-5.302852504174863091e-01,-5.635065262283442955e-01,-5.001119373686051528e-01,-4.213010899150496646e-01,-2.997564609280557457e-01,-2.779377924044734716e-01,-2.834432905728681562e-01,-4.003586849297794403e-01,-2.684538168863899177e-01,4.643878153663953678e-02,-8.360469622634368603e-02,-1.813454247396249497e-01,-3.721072696439655658e-01,-3.482940706006774079e-01,-2.325273500198497267e-01,-2.310975136116092121e-01,-3.218295950664729621e-01,-1.376795632181583573e-01,1.028421662667859116e-01,1.358059014180184876e-01,3.277533055722282596e-01,2.032825591015380295e-01,1.491771068613415852e-01,2.119812330589878058e-01,4.060653029550660015e-02,-5.861650708791067699e-02,-2.629558858220104600e-01,-3.150757655332451224e-01,-3.878715173254871917e-01,-2.824387462935834536e-01,-2.422645071716997833e-01,1.233232996072798210e-01,-3.877472844102746591e-02,-4.913265159852608921e-02,3.079691302064905822e-01,6.338959204869470954e-01,4.167919247048130216e-01,1.706743750775777113e-01,3.196780438325606544e-01,8.993485466735805511e-01,1.000000000000000000e+00,4.046193946043453171e-01,3.169798891895224680e-01,2.767988200831226209e-01,8.109774978273229795e-01,6.677799183961036222e-01,5.414812212054318508e-01,2.033484079029601876e-01,3.290069592848044455e-01,-1.315068122410988083e-01,-5.457213273839475048e-02,-3.089010465694522201e-01,-2.511549502664813249e-01,-2.752017917237191136e-01,-3.127303889635251188e-01,-1.912291915799832764e-01,-1.864368866622603815e-01,-1.535281754318331970e-01,-1.456227809253367589e-01,-1.554756637747717052e-01,-1.513117356695030946e-01
-1.655929175683840127e-01,-2.120376415359800648e-01,-1.377628704272061688e-01,-4.831496229181633795e-02,7.902944422748491016e-03,1.103187742270241023e-01,7.491238835606024715e-02,1.226644285307920551e-01,9.287711860796507568e-02,1.958822006210063915e-01,1.305416379144773431e-01,1.557435500026634612e-01,9.957230603804748115e-02,1.478538390270384972e-01,1.396274626393741169e-01,-1.130226976526820144e-02,-3.098354866829251819e-02,-1.104856169746708389e-01,-1.334704523462976744e-01,-1.685684840268178442e-01,-2.687324044698728431e-01,-3.147925850826736038e-01,-2.880203317014162767e-01,-3.076468541503190601e-01,-2.889014762086246635e-01,-3.178851463622667795e-01,-2.422191448445537021e-01,-1.311982112029202729e-01,-9.452145453858402935e-02,-7.853273461692318602e-02,-2.068268759373365628e-01,-1.055035795902930090e-01,-1.290678132867676409e-01,-5.038205955173189615e-02,-1.338706420578864020e-02,7.308127083751796149e-02,1.721371626135174970e-02,-1.431139266350746619e-01,-1.612703708489413579e-01,-1.159589041711736601e-01,-8.907995952627209557e-02,-1.150614618909698295e-01,-9.068205128969890338e-02,-1.130282746629308055e-01,-3.064506745954815869e-01,-3.694462210763378995e-01,-3.361655514216311813e-01,-3.611951554802566022e-01,-3.318234550451603093e-01,-2.868033606252958223e-01,-1.943195473121320516e-01,-1.582995785435252767e-01,-1.896776746746065834e-01,-2.442117155263869022e-01,-3.245052009499841406e-01,-1.600050599255837536e-01,-1.683594605126448596e-01,-2.223766085635591472e-01,-3.240228993281759617e-01,-2.882608131831645437e-01,-1.935879856081593742e-01,-1.937429661210181842e-01,-2.499214762678095281e-01,-1.189347018971949610e-01,6.020141350378514083e-02,8.570781325367574088e-02,2.114186140622441035e-01,1.411654774017563063e-01,1.161640080719816420e-01,1.514058695552167599e-01,3.018757310612406319e-02,-3.220666003413009959e-02,-1.715906631004407434e-01,-2.387742066808307140e-01,-2.750211754992433755e-01,-2.877011901738743549e-01,-2.638420576419727714e-01,-1.496958453958553148e-01,-9.498920983008328489e-02,-1.480398365711320940e-01,-2.770236026732762757e-02,1.464820050485111658e-01,2.276121659808827066e-02,3.536415875076724669e-02,1.469309638392966022e-01,2.581506526565769399e-01,4.046193946043453171e-01,1.000000000000000000e+00,2.667115606708312936e-01,1.449704730020965338e-01,2.479771296576098738e-01,3.569295129819853307e-01,2.189010618116830342e-01,1.302663838619045212e-03,2.984180260221805381e-03,-2.604527567682154432e-01,-2.541247871905485400e-01,-2.784521346029298905e-01,-2.585433409925830817e-01,-2.394742704916540399e-01,-2.561896160750761209e-01,-1.436330841329255259e-01,-1.325932548543242717e-01,-8.847919513192493979e-02,-7.232133047289181216e-02,-9.272304051862619023e-02,-9.175978975921060543e-02
-1.751188072873164359e-01,-2.061496822856189737e-01,-1.358463823030943984e-01,-4.635495404181020490e-02,-3.503001474151867453e-03,7.839835864132591037e-02,4.151709172930725944e-02,8.984290070171702114e-02,8.805969253642401129e-02,1.708274243092554323e-01,1.168105372814903370e-01,1.516202741127449516e-01,1.013325735171433650e-01,1.623961983116719576e-01,1.809239533210414697e-01,5.326645427476197486e-02,2.711755503261094324e-02,-5.202969076901076823e-02,-8.596669352594023261e-02,-1.117020907765664539e-01,-2.171786493794025108e-01,-2.675103957190927972e-01,-2.664944885884322767e-01,-2.952849504529890812e-01,-2.927902185336782592e-01,-3.067005602293908506e-01,-2.173592478591538091e-01,-9.507208904396124982e-02,-5.335085807446985490e-02,-1.601927243578922608e-03,-1.623390058049873907e-01,-7.505007446931928616e-02,-9.123783075154115463e-02,-1.161408048590551259e-02,3.089218284933674397e-02,1.214103746154281266e-01,5.706614609575993285e-02,-1.087660865471413857e-01,-1.718355580783645919e-01,-1.379315983169322468e-01,-9.945505866052076205e-02,-1.206775394523231931e-01,-1.048567924855314942e-01,-1.142570575141870631e-01,-3.068437874074672611e-01,-3.443259276366594790e-01,-3.066658466547378947e-01,-3.244842361754224913e-01,-2.766111297243845635e-01,-2.189921212411723717e-01,-1.425150369363799296e-01,-1.297324380350390327e-01,-1.591176418373868306e-01,-2.220037241971264119e-01,-3.122128693608832717e-01,-1.787518516438107163e-01,-1.668598147649854591e-01,-2.151426713412294689e-01,-2.940132837086683604e-01,-2.428117082957557959e-01,-1.530252101244227447e-01,-1.615214141468951092e-01,-1.958937512259653069e-01,-3.878451911068608177e-02,1.080813263420085796e-01,1.185524374744507392e-01,2.249858768669782960e-01,1.391690612556217566e-01,8.801918684896965772e-02,1.205925126683046744e-01,-1.364718336709502084e-03,-4.622248340072851458e-02,-1.673664561458312328e-01,-2.230897174018077467e-01,-2.600105715101465598e-01,-2.831701963131100230e-01,-2.766125237108433277e-01,-1.933373693099232626e-01,-1.396204627986274427e-01,-1.772169621794970618e-01,-1.047602955293996801e-01,3.461946473797176266e-02,-6.731064471343291278e-02,-7.250363996288380908e-03,6.584788972015469255e-02,1.501303871055933714e-01,3.169798891895224680e-01,2.667115606708312936e-01,1.000000000000000222e+00,1.593487845229403510e-01,2.287217847497197420e-01,3.284377543874912875e-01,1.352423629858125753e-01,-3.491080384409547821e-02,-4.354710152882034641e-03,-2.592001203431902323e-01,-2.346449607807490345e-01,-2.524424313168853740e-01,-2.345676649218327581e-01,-2.376317228661254943e-01,-2.536541119390147148e-01,-1.640757891088144571e-01,-1.326073997792799330e-01,-1.047768327248384396e-01,-6.937241556109176310e-02,-6.510596450605402041e-02,-7.039497096870833692e-02
-1.703601966695984238e-01,-1.927916000475926317e-01,-1.420023288498048208e-01,-6.726131716328198618e-02,-5.942344226102128091e-02,2.872450504962311205e-02,6.519945087244955265e-03,7.116850567472599032e-02,8.018068342089450240e-02,1.517348618408320693e-01,1.111504328975086026e-01,1.417037721353116286e-01,1.025337980455254677e-01,1.614048475700486096e-01,1.800099289619594700e-01,6.879753739404036172e-02,3.890267977153064743e-02,-4.434120524546114606e-02,-7.384092488842770863e-02,-9.039012734775576929e-02,-1.878715106648974342e-01,-2.379820709119184474e-01,-2.337977706657744514e-01,-2.489475586194009882e-01,-2.291922445235658745e-01,-2.243109300103925952e-01,-1.135712966180009303e-01,1.156611387373053385e-01,1.765369340964535461e-01,2.157388542346624916e-01,-4.355703472304075369e-02,-2.338778014051569668e-02,-1.308439723275459272e-02,1.115372720331541112e-01,1.974306814257196507e-01,3.411368765951179882e-01,2.410715196720665809e-01,-6.602568125760042983e-02,-1.322738643744560405e-01,-1.016298947584676204e-01,-1.124413844245841371e-01,-1.407471293408484037e-01,-1.167810799015067541e-01,-1.160459335073058401e-01,-2.609622451115164998e-01,-3.250679729274753571e-01,-3.091875868275160144e-01,-3.234914935602872244e-01,-2.443584215995790454e-01,-1.869916621086956943e-01,-1.184502012166933627e-01,-1.161161039046390842e-01,-1.468484612381202314e-01,-2.299645566955962062e-01,-2.994017144311731937e-01,-4.627478908847814515e-02,-1.350760410413740786e-01,-1.674117527204815603e-01,-2.589228808740290377e-01,-2.072445339636651562e-01,-1.212305259283174980e-01,-1.376308217519290333e-01,-1.642520190301808569e-01,-1.321506692362982467e-02,1.027656247827425789e-01,1.010746170883762840e-01,2.061557662881586817e-01,1.342654834886313209e-01,7.567833152060077229e-02,1.032831985993437618e-01,-9.596626457752811812e-03,-6.642538148971514900e-02,-1.783133586531691350e-01,-2.085766505127604198e-01,-2.491761054576804857e-01,-2.385124769029114966e-01,-2.624513430044631002e-01,-1.815055554344924549e-01,-1.580725382962208103e-01,-1.525775083037002877e-01,-4.761493437937248940e-02,5.806876439764501602e-02,-1.136867773300952317e-01,-9.186799554319904915e-03,4.805353595851486609e-02,1.058476779310069810e-01,2.767988200831226209e-01,1.449704730020965893e-01,1.593487845229403510e-01,1.000000000000000222e+00,3.959194273193200053e-01,3.406302736433007849e-01,4.904875077083740986e-02,-5.960967777637350695e-02,6.232218090428967572e-02,-1.530181744231630669e-01,-4.810442992436771842e-02,-1.529242996569770419e-01,-1.386392384184749749e-01,-1.937699440044650390e-01,-2.021278278669174089e-01,-1.365786294950300517e-01,-9.307049383342681781e-02,-6.383258928859616987e-02,-3.465511944007918649e-02,-4.310207069839101790e-02,-5.107306950802003448e-02
-4.142824342911576307e-01,-4.075652291021724660e-01,-3.830808477447556482e-01,-2.204590118143729405e-01,-1.672905153716112148e-01,-1.609567115052881747e-02,-7.590690647030839955e-02,3.523439421919865450e-02,1.357652035071114649e-01,2.556025559411633785e-01,1.828559714157577676e-01,2.351310102236047195e-01,1.620867191851445566e-01,3.045144682020792248e-01,3.498295053689833845e-01,1.986412513679179370e-01,1.146285663028765306e-01,-2.370680895277989600e-02,-9.191642281932925485e-02,-9.257319033747242465e-02,-2.734544232377390527e-01,-3.471117845373828947e-01,-3.816907920605450699e-01,-4.406667998554729682e-01,-4.199645679594452563e-01,-4.146952735018644143e-01,-2.376721385856908342e-01,6.401987575419182397e-02,1.698744375935410389e-01,3.336903908768310001e-01,-4.283398407278309061e-02,-5.939826974598094028e-02,-9.081862728667376705e-02,1.280966746129349465e-01,1.939431515334329448e-01,3.573955865992460290e-01,2.210528934484750907e-01,-1.526936805978861833e-01,-2.489615036004542981e-01,-2.041365540902986830e-01,-1.685986232182276057e-01,-2.196502693894552549e-01,-1.756340792836489639e-01,-1.967588144578260867e-01,-4.725030804867209611e-01,-5.712506827413434962e-01,-5.055641942784644405e-01,-5.250475175950796158e-01,-3.825976383147674520e-01,-2.784781235023328638e-01,-1.902940601005842225e-01,-2.128592136403988089e-01,-2.404841614705567343e-01,-3.646913551305602241e-01,-3.020921198027668453e-01,-1.022568189467791822e-01,-1.770118615449423061e-01,-2.618381966052993337e-01,-3.882013586727467991e-01,-3.295708583435366101e-01,-2.424003474904860012e-01,-2.752692706895684682e-01,-2.961369251683507731e-01,-4.428229106232677709e-02,1.065017967171811575e-01,1.255368559119244276e-01,3.614206869201316286e-01,2.641323376940538648e-01,1.403937354795868342e-01,1.306745325266870372e-01,-9.816323273857667508e-02,-1.946832963005373229e-01,-3.549055580752571437e-01,-3.851942839716746558e-01,-4.142808002308653315e-01,-3.287124194560517298e-01,-2.878090748841605206e-01,2.944664600538962965e-02,-1.541711406352939684e-01,-1.868690558158292714e-01,1.048133060498386282e-01,3.505600014246138540e-01,2.054469702243797713e-01,-7.490420520270904547e-02,8.718638435088406358e-02,7.791694066869525592e-01,8.109774978273229795e-01,2.479771296576098183e-01,2.287217847497197420e-01,3.959194273193199498e-01,1.000000000000000000e+00,8.436239961935443343e-01,5.669864933738369972e-01,2.080358405797824162e-01,4.974603253890880206e-01,2.680061768945457210e-02,1.272075085548673434e-01,-2.482251642497863842e-01,-2.745752180031017509e-01,-3.759399941441746718e-01,-3.893817961389547944e-01,-2.749199651086711715e-01,-1.751561754511967994e-01,-1.037963679883300433e-01,-3.714966730388716970e-02,-1.068095950983622908e-02,-6.024806418032083860e-02
-5.148579244563624702e-01,-5.841462010895250856e-01,-5.119463906180202750e-01,-4.042417881656615863e-01,-2.897985320155835320e-01,-9.595393141614924626e-02,-1.110272140018687681e-01,5.574905996783453138e-02,1.334729775555188458e-01,3.297106279028073628e-01,2.340976983162256775e-01,2.615481411163944614e-01,1.872093169629643616e-01,3.884937221389406781e-01,4.070389992216975616e-01,2.855853759644154111e-01,1.555163342121957670e-01,2.202199041252671588e-03,-2.911094626750715050e-02,3.519283083184677335e-02,-1.123432994550056102e-01,-1.843350543540010489e-01,-1.975162798168874911e-01,-3.328448509918837672e-01,-3.680256687865572363e-01,-4.951051518786028227e-01,-4.706106728958144303e-01,-2.762937908262645959e-01,-1.090593138543087259e-01,2.391597955578748380e-01,-4.031241737949987219e-02,-7.997803887379615478e-03,-1.659454746089399912e-01,8.203025073933363845e-03,-4.889354940950895595e-02,1.036805410198044924e-01,-6.949587513171989750e-02,-2.824782069033847098e-01,-2.350104896066921023e-01,-1.853662932873598179e-01,-1.703543839613113897e-01,-1.896857319644934814e-01,-1.384486486680795991e-01,-1.477816238031477714e-01,-3.338551026232760566e-01,-4.639876292343175779e-01,-3.659486176473753516e-01,-4.227453407420286857e-01,-2.846938561658720612e-01,-2.440166280840669610e-01,-1.841769644481239809e-01,-1.789806492083834966e-01,-2.351513221387799557e-01,-3.325241721962936547e-01,-4.772128263310351781e-01,-3.584357515008245731e-01,-3.844938021983198562e-01,-4.940231562028153389e-01,-5.704175450561109750e-01,-4.768969118672147234e-01,-4.244387782136938014e-01,-4.761532013423505072e-01,-4.272411172073246610e-01,-1.427617480519258186e-01,-2.754124003258548101e-02,6.990625228278428416e-02,4.326700208736904418e-01,4.264943753717863051e-01,2.707644563304398844e-01,1.847319798946186753e-01,-1.153930787864841379e-01,-3.233948962272171768e-01,-5.271873657095732524e-01,-5.900868529547984576e-01,-5.854132563313659832e-01,-5.523324543425383037e-01,-3.532341411802655262e-01,-2.966848852674253134e-02,-2.233076027501403327e-01,-3.770726382707741409e-01,-1.789073308681383701e-01,1.301288860986672680e-01,1.628587985616673506e-01,9.419632346224322827e-02,2.174291582850743365e-01,7.281202296078085334e-01,6.677799183961036222e-01,3.569295129819852752e-01,3.284377543874912875e-01,3.406302736433007849e-01,8.436239961935443343e-01,1.000000000000000000e+00,8.238455309340090293e-01,4.935676778739162551e-01,6.708803147797735011e-01,3.384449221288170218e-02,-1.691154385058780962e-01,-4.900150540090147389e-01,-5.322533189762059802e-01,-5.588765519086404954e-01,-5.012422704245117488e-01,-2.491461340395972890e-01,-5.096949833685793935e-02,9.124674843310412453e-02,1.894132544304759913e-01,2.017922437452775442e-01,8.976416444715892839e-02
-4.503625068077213855e-01,-5.856368447787352327e-01,-5.295672847253215521e-01,-4.735146028004836305e-01,-3.172724865239918701e-01,-8.492991243322563222e-02,-5.218001555416815207e-02,1.309448224008513406e-01,1.418571403626568694e-01,3.753561594231697995e-01,2.463668169916590489e-01,2.346118731688542347e-01,1.592963062623712067e-01,3.560812093786817067e-01,3.036946526871297514e-01,1.889673156475578375e-01,6.098240798548095615e-02,-7.750431822132958226e-02,-5.142913406990957254e-02,2.508958033673841168e-02,-6.555306281333203589e-02,-1.032630328883879511e-01,-6.074936609145699384e-02,-1.801783731865990168e-01,-2.074931045349696357e-01,-4.214677390915818056e-01,-4.967941291523998437e-01,-4.802449220620788606e-01,-3.848419534609886505e-01,-6.401600191550757546e-02,-1.727890136295916756e-01,-1.419509059110808935e-01,-3.472931566968298078e-01,-2.497783658241430893e-01,-3.156988894394722744e-01,-1.870593704311675209e-01,-2.759657983499295142e-01,-2.907018723888477596e-01,-1.766780444937996464e-01,-1.071837938240951388e-01,-1.155769744697224682e-01,-1.175984816380853670e-01,-4.910060298988726951e-02,-8.106058452467945763e-02,-1.638330879129205608e-01,-3.436264239749829419e-01,-2.509909400450285322e-01,-3.370570321646225720e-01,-2.591504224258130429e-01,-3.005908440445702046e-01,-2.503969178583576038e-01,-1.856739506535400319e-01,-2.499252876333912243e-01,-2.701564615387881951e-01,-4.721304461991105983e-01,-3.775026210826047390e-01,-4.177619738213035894e-01,-5.348773300880825810e-01,-6.199811192280451078e-01,-5.648076522884692974e-01,-5.514417563926912180e-01,-5.830677798397894129e-01,-5.257486427521979033e-01,-3.338169692145914746e-01,-2.166904520264786582e-01,-4.079837517573230848e-02,3.889373885663677810e-01,4.835318110839380568e-01,3.771844593033225057e-01,2.580691268681984951e-01,-1.860103323474211409e-02,-3.113437569019155138e-01,-5.600149259664457535e-01,-6.392406625040073509e-01,-6.117409653757429622e-01,-5.314422665605547103e-01,-1.826982477676321326e-01,2.206455892122470841e-01,-2.381745845337025769e-02,-2.980218004708166668e-01,-9.216272141674898555e-02,2.644299570885011996e-01,4.537190336096903476e-01,4.478332254371348298e-01,4.953480366192989370e-01,7.575877228147395170e-01,5.414812212054318508e-01,2.189010618116830620e-01,1.352423629858125476e-01,4.904875077083740292e-02,5.669864933738369972e-01,8.238455309340090293e-01,1.000000000000000000e+00,8.109505578732455477e-01,7.562225172205233603e-01,1.298492007090374933e-01,-3.190885031502103675e-01,-6.053349342594588345e-01,-6.056490170845729715e-01,-5.459466279967365443e-01,-4.397570529587456201e-01,-8.957234653028373073e-02,9.498081752837372882e-02,2.744008636617917829e-01,3.200868071597738340e-01,2.733465290541400305e-01,1.451644362867700599e-01
-2.290943218385065594e-01,-4.574460650597164113e-01,-4.677508631951264872e-01,-5.622774653012906354e-01,-4.162618448281818484e-01,-2.390928507801752534e-01,-1.478463173212734572e-01,6.295353005993188644e-02,1.053457471330808276e-01,3.200851462329097341e-01,2.053250140841682558e-01,1.439728400274550291e-01,1.033200441727020469e-01,3.072181144641212835e-01,1.733794990116192813e-01,1.241636604827868334e-01,2.146408651946549520e-02,-1.013875571712985202e-01,-1.258666029739121880e-02,1.041892266220411367e-01,7.862600974488684336e-02,5.236872796234224442e-02,1.426392854530474097e-01,9.611795115002095755e-03,-4.874340210186593747e-02,-3.133430343996671530e-01,-4.567217946737047729e-01,-5.430019086549395801e-01,-4.528927644226343197e-01,-1.071887359018458413e-01,-2.813598260291119701e-02,-4.962272947694964381e-02,-2.951328236481565725e-01,-2.720647450557250879e-01,-3.983447589325376792e-01,-3.342198428933316756e-01,-3.751311403416983103e-01,-2.118136515014593935e-01,-1.357039268198005355e-01,-1.108165077872151107e-02,-6.652507455982814566e-02,-3.526589224660969107e-02,4.925121937577017078e-02,1.427484315904506591e-02,2.717175176517741542e-02,-1.464626798829344323e-01,-6.650309601947149152e-02,-1.835802924392164193e-01,-1.520316847098579227e-01,-2.850523003653677168e-01,-2.679720875838296767e-01,-1.674715805610429986e-01,-2.133406770799594065e-01,-1.792643678879880242e-01,-4.339166771177804804e-01,-3.972530744129938451e-01,-4.079988626676311902e-01,-5.020934064748888703e-01,-6.013494025608302485e-01,-5.755411956392091355e-01,-6.291331052121701406e-01,-6.660970871990343767e-01,-6.042586963583410631e-01,-5.116532866534198032e-01,-4.892610246627774329e-01,-2.918947951841324717e-01,2.288758019217623507e-01,4.810478873416670353e-01,4.094256022561064134e-01,1.743848684370037649e-01,-6.423565793883558028e-02,-3.967155726381594305e-01,-5.320570874422922980e-01,-5.770662634317191841e-01,-4.224950190900366720e-01,-2.939381322636551164e-01,2.003186896883094592e-01,5.306158830981190233e-01,2.704915850487257245e-01,-1.596399843204376612e-01,-3.918771774499148208e-02,2.392846352384823683e-01,6.167284932783169138e-01,6.633416104937320812e-01,3.260124938613774281e-01,4.996592011039009962e-01,2.033484079029601876e-01,1.302663838619087062e-03,-3.491080384409547127e-02,-5.960967777637350695e-02,2.080358405797824162e-01,4.935676778739162551e-01,8.109505578732455477e-01,9.999999999999998890e-01,8.397435104122723537e-01,4.528194766685075257e-01,-2.154125911704720953e-01,-5.028648874858991924e-01,-5.744646511941411404e-01,-5.018141853084270299e-01,-3.870162738463845953e-01,-1.196215798935931079e-02,1.976005081958245591e-01,4.420296624869771152e-01,4.952564133785228306e-01,4.191072769352686134e-01,2.679349982831289445e-01
-2.645900053060775137e-01,-4.490043408935596725e-01,-4.663184098826829160e-01,-5.988660631463881279e-01,-4.824786646653008160e-01,-4.102685125441994374e-01,-3.216297604387396425e-01,-1.343646304201393249e-01,7.379816167533049913e-03,2.059249139776353210e-01,1.850155667758030253e-01,1.073089334500164777e-01,1.043669491238446295e-01,3.491748092061972564e-01,2.354489094968216789e-01,2.374111097596154629e-01,1.257775430844548792e-01,-2.055966228238119073e-02,4.751489199754112269e-02,1.940801819844265586e-01,1.301357709483649816e-01,6.492088528871896302e-02,1.171497475022728330e-01,-6.450497594172958926e-02,-1.444865755044740796e-01,-3.655882333763560976e-01,-4.588082535976313325e-01,-3.693794503281201402e-01,-1.672348999660278612e-01,2.703283297249329808e-01,3.006152409689074601e-01,1.894827728041071635e-01,-4.729790433058153609e-02,5.295531106279706413e-03,-1.779549471967962204e-01,-1.375239334516961121e-01,-2.654103155635658684e-01,-2.422890589657038518e-01,-1.859296155579842069e-01,-8.366571636988985594e-02,-1.232603176029017644e-01,-9.549828302594633167e-02,-6.703614797672649388e-03,-2.328307906081574646e-02,-6.430754400051183484e-02,-2.137757090985403230e-01,-1.262894446509619795e-01,-2.241129438857031864e-01,-1.249059799927196568e-01,-2.265280962391314490e-01,-2.357218528901376675e-01,-1.779722280306683113e-01,-2.258369408107472054e-01,-2.327955749975587352e-01,-4.212781692685123036e-01,-3.729998841849986868e-01,-4.073873120123741032e-01,-4.893582493610723616e-01,-5.801221616777386680e-01,-5.487714041359877948e-01,-6.104278402960338079e-01,-6.590281440307905747e-01,-6.015136913059535573e-01,-4.579041351859038933e-01,-5.132585565121099425e-01,-3.749628366495189602e-01,1.839713733090039549e-01,4.524784888689326601e-01,3.124140138777100062e-01,5.918490114130327794e-03,-2.540695212060915531e-01,-5.158693613351483798e-01,-5.095297029196863559e-01,-5.087316331949075510e-01,-2.885618553490763016e-01,-1.848338272654489467e-01,2.352213940025888739e-01,5.134226539487227736e-01,1.737722060170047433e-01,-2.117676824878603759e-01,-3.533328440361914458e-02,2.026903366844032828e-01,4.801714020651052239e-01,2.828220314128014889e-01,1.510817414625045818e-01,5.806429896751514885e-01,3.290069592848044455e-01,2.984180260221796274e-03,-4.354710152882023365e-03,6.232218090428966184e-02,4.974603253890879095e-01,6.708803147797735011e-01,7.562225172205233603e-01,8.397435104122723537e-01,9.999999999999997780e-01,6.915019157938626648e-01,1.497880543780794049e-01,-2.764546745813055706e-01,-4.887871822405647770e-01,-5.341132374347886680e-01,-4.618067417657825691e-01,-1.689973159052615692e-01,9.840777922646623543e-02,3.723666599564525170e-01,5.109133443982741829e-01,4.996849505126808033e-01,3.227207161061640406e-01
2.298985267878280725e-01,1.004502038824523075e-01,1.431540550936373328e-02,-3.111483751766555561e-01,-2.921473775991809685e-01,-5.125650273930933976e-01,-3.740528306152278160e-01,-3.625156612334723416e-01,-2.301153232343737531e-01,-2.101025502246613996e-01,-5.883762030474876809e-02,-2.089577176549374249e-01,-9.587965281330404488e-02,1.345650645866563848e-02,-1.609736917752356000e-01,1.561085811855223750e-02,2.563615066333854199e-03,-2.433795133077178499e-02,1.103441810712736670e-01,2.450497056876172752e-01,3.002163909056916880e-01,2.589160846806202732e-01,3.156037963836458293e-01,1.933688042452712530e-01,1.297241080762967791e-01,4.909976863692896640e-03,-9.347685927628079927e-02,-6.343778990376147675e-02,8.708132066596167842e-02,3.438696158914639756e-01,6.354417263197235100e-01,3.653625604370741575e-01,2.577560101922281577e-01,1.331802687445536315e-01,-5.591804937593306685e-02,-1.803136110693213945e-01,-2.255278351466609155e-01,-6.167709982919666878e-02,-3.994508052988132718e-02,2.549667257386470029e-02,-3.298095211503445506e-02,2.477101600030119297e-02,9.386447617450938141e-02,9.210888661803999511e-02,1.827246006220965280e-01,1.350380497840048821e-01,1.669309027969360371e-01,1.091154362929711852e-01,1.404137823333486690e-01,-2.799227273832275917e-02,-1.210601038548185931e-01,-5.696731872794627560e-02,-8.342458187709873851e-02,-8.626896771311433343e-03,-5.281060460709498250e-02,-8.368594837668753839e-02,-9.790817168726836939e-02,-6.318535613354417380e-02,-1.444456820789895846e-01,-1.894496953697002162e-01,-3.057260463808886830e-01,-3.175129445035741460e-01,-3.396247094718661264e-01,-4.448793416579022164e-01,-6.674832677474897835e-01,-6.510774381063707539e-01,-3.164661842316015550e-01,5.645303305499568824e-02,8.983314498270065021e-03,-3.293988893603343460e-01,-3.174048400597411224e-01,-3.606360660528814543e-01,-3.664073769685891740e-02,5.459271435751018170e-02,3.812876093105788677e-01,4.431365840970966086e-01,7.044620030393876631e-01,6.517940536647722771e-01,3.855005755388081212e-01,1.205627003994197977e-01,1.410563313165465738e-01,7.698137015746259193e-02,3.255787958428720819e-01,-1.345919144216895999e-02,-1.477433006850028263e-01,7.235636797886331462e-02,-1.315068122410988083e-01,-2.604527567682154432e-01,-2.592001203431902878e-01,-1.530181744231631225e-01,2.680061768945460679e-02,3.384449221288170911e-02,1.298492007090374933e-01,4.528194766685075257e-01,6.915019157938626648e-01,1.000000000000000000e+00,6.274530167340173215e-01,3.361754483045953923e-01,6.846961589138290602e-03,-9.929424576624448773e-02,-1.069238881237158795e-01,-5.503879708962148426e-02,8.835648088130733380e-02,3.105544358186657639e-01,4.364837618322661150e-01,4.540200249531511356e-01,3.466402067824201905e-01
2.672529600953229001e-01,3.808303435937046011e-01,2.815070390272539913e-01,1.161184076858122055e-01,2.526368345243786354e-02,-2.869257239294614181e-01,-2.110129863813066387e-01,-4.029497683377450956e-01,-3.495660110342523330e-01,-4.629798200570724998e-01,-1.995856327589652091e-01,-2.887421971479621763e-01,-1.431248516301310558e-01,-1.518580298411097984e-01,-1.864302367250549319e-01,-1.939828439996854918e-03,4.940874729804638904e-02,6.540906985897508574e-02,8.036623127254026444e-02,1.119571811535012978e-01,1.100917143380729241e-01,8.999685020804573665e-02,5.009617582416431986e-02,5.896023316196809944e-02,6.810393918771617816e-02,2.204178058198188461e-01,4.028696928972356206e-01,6.193320994602453666e-01,6.640316176342438981e-01,5.561435350014959367e-01,6.014652961626612004e-01,2.678695994743432451e-01,4.612631178470358861e-01,3.848862094234836162e-01,4.414950913212672967e-01,3.056584833923818301e-01,3.015563230961765262e-01,1.584731301327050590e-01,-6.615520373141549337e-02,-1.006654227971662818e-01,-8.225504669187580498e-02,-7.541070577759893812e-02,-4.472154451130272435e-02,-2.710382239765198042e-02,-9.647559883896312041e-03,4.083631889728912834e-02,9.018672693399345033e-03,4.896813295925592918e-02,1.134867781006038967e-01,1.233350988089844114e-01,2.486412460380747411e-02,-1.928760099453414797e-02,-2.178003481455782764e-02,-4.859736734588431125e-04,2.932679209815844956e-01,3.086732511323684869e-01,2.614937111061736985e-01,3.595024176651725467e-01,3.371833225933534295e-01,2.515160542292043111e-01,1.933681609823872105e-01,2.261656412030292052e-01,1.614411721915846587e-01,3.040651321825653397e-02,-1.770684199157587790e-01,-3.170490725654637187e-01,-3.939820481093257443e-01,-2.905963896461342677e-01,-3.394612184064699223e-01,-4.439650596733739074e-01,-2.620773083558083916e-01,-4.286084937065619445e-03,3.998368908718343273e-01,5.286782551283170095e-01,6.619455491664680835e-01,6.624359381504414390e-01,4.549489757332965123e-01,2.654776191791403672e-01,1.694630984312424093e-01,2.539631085848769176e-01,3.138001201684211816e-01,5.150219091537056731e-02,-3.736423570832080043e-02,-4.220210686408830680e-01,-3.657459402742067045e-01,-9.500682521655069712e-02,-5.457213273839475048e-02,-2.541247871905485400e-01,-2.346449607807490345e-01,-4.810442992436772536e-02,1.272075085548673434e-01,-1.691154385058780685e-01,-3.190885031502103675e-01,-2.154125911704720953e-01,1.497880543780794604e-01,6.274530167340173215e-01,9.999999999999998890e-01,8.201092684044472003e-01,5.771843629341720794e-01,3.405713858511806302e-01,1.927858220219109131e-01,-8.958084495596345398e-02,-1.140119209353757795e-01,-1.250582534021803804e-01,-3.973027376782379411e-02,6.556944265047064124e-02,5.272575444007372020e-02
3.396442633507562037e-01,5.433389049083394706e-01,5.415817082444466246e-01,4.125521959144641260e-01,3.261447392638724407e-01,-8.272353691814510190e-02,1.646586830196668585e-02,-3.230058378496076799e-01,-4.291483131064526280e-01,-6.393197619447635871e-01,-3.837363443685027908e-01,-4.423907612682770329e-01,-2.661645936476601526e-01,-3.561978264369668468e-01,-3.398565091764464419e-01,-8.930473590383407323e-02,1.023131079646630130e-02,1.243379805530882981e-01,1.363686386557337593e-01,1.179489408772391862e-01,1.918788235832291078e-01,2.132653193778519529e-01,1.711254830341612798e-01,2.490954527606960844e-01,2.746910016579541813e-01,5.061423378567599940e-01,6.698935864046959843e-01,7.292303171907499326e-01,6.767629773013138506e-01,3.897278838700664605e-01,5.485217563175912581e-01,2.244601366067424109e-01,5.665890954846992678e-01,3.541868386042898442e-01,4.308168231817094962e-01,2.135821446512125854e-01,2.890534029670303595e-01,2.914068400693106131e-01,8.183199106215212348e-02,-7.013302307178218009e-02,-3.507526933575913497e-02,-1.591647313472843023e-02,-4.650437518841270962e-02,2.140642404388203718e-02,1.831610107638910190e-01,3.308782403434541441e-01,2.470407365267883459e-01,2.801143237251908502e-01,2.940155135315582480e-01,3.118411687144770905e-01,2.011425824440729870e-01,1.350577517344671019e-01,1.316718405501361155e-01,1.562155751630706357e-01,3.997741554029206612e-01,3.072489903073127304e-01,2.779572320400529040e-01,4.557695819785930746e-01,5.578275285153793117e-01,4.805506020967891812e-01,4.248246772383578174e-01,4.874962678402905980e-01,4.592626408075136668e-01,2.302150697173809546e-01,-6.542868043038225188e-03,-1.743163786149655725e-01,-5.397395186823799040e-01,-5.205438837982458988e-01,-4.938865313444955052e-01,-4.617661583014435744e-01,-8.250372170468610322e-02,3.247233714277520944e-01,7.679170129692232116e-01,8.186643725485843737e-01,8.504614807217618644e-01,6.721724262525045068e-01,3.177911132360516921e-01,-5.276805529673030126e-02,-4.752560372657432808e-02,1.663589274852722288e-01,8.968465711107732885e-02,-2.453810386936578769e-01,-3.453147119510450724e-01,-4.750686240247314895e-01,-3.903681371031762493e-01,-4.180749120890796533e-01,-3.089010465694522201e-01,-2.784521346029298905e-01,-2.524424313168853184e-01,-1.529242996569770419e-01,-2.482251642497863564e-01,-4.900150540090146833e-01,-6.053349342594588345e-01,-5.028648874858991924e-01,-2.764546745813055706e-01,3.361754483045953923e-01,8.201092684044472003e-01,1.000000000000000000e+00,8.621802266461910946e-01,7.075974643866823621e-01,5.091270526994805534e-01,9.222603703692136556e-02,-4.896763837672535313e-02,-1.982222964356503414e-01,-1.882795245637120807e-01,-7.964477179099088699e-02,-1.360524632523128254e-02
3.049099157059700915e-01,5.643232330663873197e-01,5.258939190156465271e-01,5.208822450117923664e-01,4.019105050426177161e-01,1.333363425964601279e-01,2.130981350926344775e-01,-9.465135258668015694e-02,-3.021263596723859357e-01,-4.939969346396522742e-01,-3.859247902902266936e-01,-4.016395366783488963e-01,-2.836406191023880252e-01,-4.192407944157083288e-01,-3.845413239379309456e-01,-2.214140817920688398e-01,-1.457868856995708784e-01,-1.729345220980702327e-02,-4.097867896996149062e-02,-8.069184111089428013e-02,4.192746312119936813e-02,1.614153241161424834e-01,1.645753076260090819e-01,3.937600124278357039e-01,4.809491857321270269e-01,7.599450224565051926e-01,8.936982956097656583e-01,7.819117313167398553e-01,5.051491692654680454e-01,6.206406137116583788e-02,1.515438158354064091e-01,-7.971556143924674043e-02,2.392656652318186083e-01,6.229097930091331836e-02,2.504537085767242210e-01,1.333405721865313642e-01,3.038464948088860917e-01,4.272585558657301386e-01,1.423398375410162009e-01,-7.444126506687426259e-02,-3.868985838200402622e-02,-5.200338391714696279e-02,-8.399436160897108539e-02,-1.566295596320050817e-02,2.778674592486340966e-01,3.791728247358677750e-01,2.362657611282029113e-01,2.544579818054850673e-01,1.879407839348247733e-01,2.157987189121978733e-01,1.488078169598394396e-01,7.118399593319403584e-02,1.435622953595388773e-01,1.155465577802162885e-01,4.976323182075706453e-01,4.482412252922518547e-01,4.015651521900031606e-01,5.800579728806395385e-01,6.871606723014729301e-01,5.684945943989246908e-01,5.429057833588017967e-01,6.491415602155748976e-01,6.316171169881847902e-01,3.088674866645814698e-01,1.582927316574042065e-01,8.969114435112718331e-02,-4.229668969706602000e-01,-4.781843364511189076e-01,-3.629676163562466917e-01,-1.973542734854168701e-01,2.284751848766905236e-01,5.653116478330325601e-01,8.256861159914342663e-01,8.748001834398511090e-01,7.207785893765104035e-01,5.967539119495356426e-01,1.776491668340397512e-01,-1.309287504153348602e-01,-7.035137759839112104e-02,2.519189896123595340e-01,1.960503851210459725e-01,-1.451845748722291052e-01,-3.160810197321168302e-01,-3.938041355521834652e-01,-3.228507899237650913e-01,-3.625877243284725271e-01,-2.511549502664812694e-01,-2.585433409925830817e-01,-2.345676649218326748e-01,-1.386392384184750026e-01,-2.745752180031018064e-01,-5.322533189762058692e-01,-6.056490170845728604e-01,-5.744646511941411404e-01,-4.887871822405647215e-01,6.846961589138291469e-03,5.771843629341720794e-01,8.621802266461910946e-01,9.999999999999998890e-01,9.270421775522116326e-01,7.935664657457196514e-01,3.986169758336888247e-01,1.638578609962491606e-01,-1.054821911015606378e-01,-2.496759131780947050e-01,-2.495541558433549967e-01,-1.762421297047427060e-01
3.012622803470638155e-01,5.402145565408765782e-01,5.324510012115074575e-01,5.425096999208792736e-01,4.782714111889659336e-01,2.865244680848693659e-01,3.956295832960876058e-01,7.393272772886841371e-02,-2.641202000832657548e-01,-4.151972588160773303e-01,-4.104958747153913956e-01,-4.451713475373200724e-01,-3.288858136595121384e-01,-4.712993343273004232e-01,-4.550981449102007859e-01,-2.746037764226197386e-01,-2.060041495417690438e-01,-4.491860440541811661e-02,-5.372599853597522651e-02,-1.087565441021623169e-01,5.282568717430922295e-02,2.189101894796421366e-01,2.370205877758253254e-01,5.272926938654276530e-01,6.250762967204214204e-01,8.528633541628292125e-01,8.614134237919341963e-01,5.981360362639928097e-01,2.585493743272361811e-01,-1.769203670771820336e-01,-2.648987273371066625e-02,-2.096970524248099321e-01,7.381764505735960435e-02,-1.329561702767304565e-01,2.603082742144788991e-02,-7.029197022776104142e-02,1.366995239263818773e-01,4.006096601711983674e-01,2.081081023277063236e-01,-5.182266329672184126e-03,-2.396704023662930144e-02,-6.249482161475605063e-02,-1.126792566122774009e-01,-1.403639266193995594e-02,3.905537342650189925e-01,4.662617176363988425e-01,3.112544472519685468e-01,3.282325249903854103e-01,2.168328329928444487e-01,2.247005920994259998e-01,1.666946101440523464e-01,1.083261201636082915e-01,1.712057343882467109e-01,1.633703592514215153e-01,4.867599752576746153e-01,4.149953684841997670e-01,3.661345518867089588e-01,5.519862068357548335e-01,6.740485426891257292e-01,5.595890190357668548e-01,5.255452770129052098e-01,6.522615005829150991e-01,6.590521460112170882e-01,2.589216554799821379e-01,1.141163135712903592e-01,1.476209664909477193e-01,-4.035215825186514449e-01,-4.298426746352496663e-01,-2.476917186359397782e-01,-2.368620994139425742e-02,4.689241915829860385e-01,7.118130801312210210e-01,8.462716165205594887e-01,8.293349450720082228e-01,6.468294255743816112e-01,5.129711729585922919e-01,1.578278655563124244e-01,-1.211698072394092329e-01,-5.375485988930570752e-02,2.447764762763207091e-01,1.691447086942751143e-01,-1.293272254283259481e-01,-2.569360296022382695e-01,-2.744686220259009435e-01,-2.391630098716683583e-01,-3.542408180142085916e-01,-2.752017917237190581e-01,-2.394742704916540399e-01,-2.376317228661254943e-01,-1.937699440044650390e-01,-3.759399941441746718e-01,-5.588765519086403843e-01,-5.459466279967365443e-01,-5.018141853084270299e-01,-5.341132374347887790e-01,-9.929424576624451548e-02,3.405713858511806302e-01,7.075974643866824731e-01,9.270421775522116326e-01,1.000000000000000000e+00,9.174514689486688024e-01,6.145102952489062131e-01,3.313283789321702644e-01,1.876012559260560944e-02,-2.023414907284759590e-01,-2.597933872833312341e-01,-2.017636351256390792e-01
3.252679426727592138e-01,5.391568333345158059e-01,4.939815835564981827e-01,4.990981086018094204e-01,4.290108231983956188e-01,3.057299925210638092e-01,4.047757094744615092e-01,1.556017101046305862e-01,-1.926849166595911433e-01,-2.641338626719837990e-01,-3.534881241673821783e-01,-4.260196054793902176e-01,-3.448759574094825697e-01,-4.526734764848385217e-01,-4.767566341925202900e-01,-3.111707321516029023e-01,-3.212059560315835283e-01,-1.756952482195670295e-01,-1.693611939924354048e-01,-1.497049718890159642e-01,9.444040709047772653e-02,3.480416198293427854e-01,4.041935100547501269e-01,7.380976464249717761e-01,8.152012746312979896e-01,9.301034992761525455e-01,7.306976747351423551e-01,3.773912135824191161e-01,1.086940024879692532e-02,-3.237266825042741103e-01,-1.712300389753812768e-01,-2.582831501518814687e-01,-1.492087448416168083e-01,-3.280046247608540688e-01,-2.165373811904671153e-01,-2.335860168484063248e-01,-5.184034365465499394e-02,3.106060075186172220e-01,2.359324481533827955e-01,-1.996214116989489945e-02,-8.032719311444551369e-02,-1.107381211738365789e-01,-9.981238537420368540e-02,-2.671020786210397645e-03,5.821154036976604607e-01,5.512258551094550985e-01,3.848840869750811966e-01,4.129520769916512624e-01,2.430527848004830627e-01,1.810866517558458733e-01,7.088978016080979550e-02,3.444492192817416587e-02,1.844759092854147131e-01,2.263715936102000670e-01,5.547644118206357389e-01,4.527626347330684919e-01,4.057856124162591560e-01,5.875782238455851125e-01,7.109175990586519278e-01,5.483609558962111441e-01,4.999344176363124670e-01,6.617223645546641553e-01,6.887112980021568021e-01,1.886905956884293578e-01,5.819136112523294602e-02,2.105955181149615774e-01,-3.061474231467571916e-01,-2.518061847535211784e-01,-3.904529048389288742e-02,1.640362751146599296e-01,5.918653675063332287e-01,7.163116294566170827e-01,7.391938777951667650e-01,7.490189302857505060e-01,5.478852927903529180e-01,4.753810121881724138e-01,1.899658663599087249e-01,-5.242439937177204717e-02,1.277587985888230943e-02,3.073978700451955315e-01,2.178814362409867977e-01,-8.582843720712583779e-02,-1.796041978338620559e-01,-1.972435275887476358e-01,-2.062462100210873395e-01,-3.217094055878774728e-01,-3.127303889635250633e-01,-2.561896160750761209e-01,-2.536541119390147148e-01,-2.021278278669173811e-01,-3.893817961389549054e-01,-5.012422704245117488e-01,-4.397570529587456201e-01,-3.870162738463845953e-01,-4.618067417657824580e-01,-1.069238881237158795e-01,1.927858220219109131e-01,5.091270526994805534e-01,7.935664657457196514e-01,9.174514689486688024e-01,1.000000000000000000e+00,8.361857395926605152e-01,6.088069228455516013e-01,2.922283771415971620e-01,-2.377275311959652429e-03,-1.529685461496000931e-01,-1.681498033067247155e-01
2.094175076480137843e-01,2.850996985602740064e-01,2.260624296494341268e-01,2.020595146514050366e-01,2.217092157424820631e-01,3.189905694404495673e-01,4.663837942399151060e-01,4.033108522940420104e-01,-3.944241590948183857e-03,1.118618235023586399e-01,-1.933170800641240139e-01,-3.283173954913803927e-01,-3.059355389986616047e-01,-2.938166257802824477e-01,-4.016354582904769766e-01,-3.022247670120154495e-01,-3.977366022089457998e-01,-3.149058084867677465e-01,-2.679826203259781381e-01,-1.981484247632678275e-01,4.636175130086404167e-02,3.315611112481690603e-01,4.714077193970320767e-01,8.017907890006232829e-01,8.411999056208306902e-01,7.590899885754837095e-01,3.846843899711583914e-01,7.144619296381099841e-03,-3.332022554062125663e-01,-4.819470289690190867e-01,-3.531189936701149001e-01,-3.406663144464980308e-01,-4.237990052009593667e-01,-5.634284179704770468e-01,-5.069676821520082699e-01,-3.727789455377550909e-01,-2.455015944391687466e-01,1.239822192672641044e-01,1.846286418680508912e-01,-5.380374489636869512e-02,-1.357885721412078750e-01,-1.735973148243262487e-01,-1.234720607936784925e-01,-1.934581408752709302e-03,6.188944480031982609e-01,4.610550665988733532e-01,2.896328735401988430e-01,2.682772584953801442e-01,8.132840955320314036e-02,-4.927417846900965931e-02,-1.233881643476760354e-01,-9.514288714017236914e-02,7.099303704659010172e-02,1.292284945159364318e-01,3.138897211399819254e-01,2.829908478104482539e-01,2.279522113910655845e-01,3.416661974938581259e-01,3.779215647698775382e-01,2.247818879047831508e-01,1.749934843695769848e-01,3.258803391570918584e-01,3.682670370319894859e-01,-1.292165244616463871e-01,-2.008849748961790971e-01,1.522042309562599838e-01,-8.007049159427064022e-02,1.322232132410087746e-01,3.948588963107471095e-01,5.066726647497407088e-01,7.843569361792146477e-01,6.011557177063804325e-01,4.093690291708477202e-01,3.693240779811773344e-01,2.117546263842882692e-01,2.409531503108947592e-01,2.124300826939279629e-01,1.577244180693292142e-01,1.819293638528195201e-01,2.731911212530301891e-01,2.270322081738801179e-01,8.300633902487146443e-02,1.194756545771696044e-01,5.071141991975261498e-02,-3.538251961773128656e-03,-8.430648738695330213e-02,-1.912291915799833320e-01,-1.436330841329255259e-01,-1.640757891088144016e-01,-1.365786294950300239e-01,-2.749199651086711715e-01,-2.491461340395972890e-01,-8.957234653028374460e-02,-1.196215798935931773e-02,-1.689973159052615970e-01,-5.503879708962153283e-02,-8.958084495596345398e-02,9.222603703692135169e-02,3.986169758336889357e-01,6.145102952489062131e-01,8.361857395926605152e-01,1.000000000000000000e+00,8.733672206579645714e-01,6.685545883189092375e-01,3.206019896758224852e-01,3.158029758641031637e-02,-6.957091244672852781e-02
6.314491831786227249e-02,7.277339398196135123e-02,2.482844771001060588e-02,-1.377112827224667366e-02,3.165335691436182985e-02,1.491229456216852378e-01,2.825006120291942979e-01,3.113059849338178919e-01,2.246226874293653919e-02,2.687182206245908311e-01,-7.107343007831780357e-02,-2.229050453553840794e-01,-2.317892269254616111e-01,-2.247402706767805125e-02,-1.485405383479734553e-01,-4.931482109066376990e-02,-2.614240096013754067e-01,-2.947117153985412963e-01,-2.268154072293210310e-01,8.174475518408356664e-03,2.516464634523911670e-01,5.346548764032178491e-01,6.619014788176951214e-01,8.450341343929381743e-01,7.320904969723665001e-01,5.669885530272394947e-01,1.349844106244183217e-01,-1.222967548585243008e-01,-3.100128650462203317e-01,-2.635612136888160206e-01,-1.846125092357698561e-01,-1.420834117602539914e-01,-3.132655861226334437e-01,-3.970217472419078630e-01,-4.331415223977987949e-01,-2.823695509721874664e-01,-2.557750156100877525e-01,-4.435640242943591355e-02,4.419317933993958253e-02,-2.287934852936432117e-01,-2.305445796974066597e-01,-2.484616448753264317e-01,-2.317305482804335737e-01,-6.908902805877503717e-02,6.382208401459512626e-01,4.759068407006238899e-01,3.596441624084124600e-01,2.841941041021974201e-01,1.347720223891613611e-01,-6.851107682587841141e-02,-2.385375583197486549e-01,-2.198033337153996736e-01,-5.007599648264936905e-04,5.816832400126636937e-02,1.302470574748902932e-01,7.077061086180683191e-02,3.220595493211908522e-02,1.103386623836136449e-01,1.695267398582755991e-01,1.323330198183890472e-02,-6.593421412928375525e-02,8.552229661060715971e-02,2.207117735867687724e-01,-1.951766526404463686e-01,-2.839012594175360227e-01,1.574541476130350282e-01,1.672037828823610406e-01,4.829113066243824748e-01,6.000012794556645046e-01,5.649934532447818958e-01,6.276603413661151487e-01,3.659364124265334084e-01,1.711806814712664160e-01,1.337732447426499272e-01,3.107469000705844267e-02,6.933731131658497915e-02,1.620874034465455138e-01,1.766298183130920185e-01,1.404160001626587606e-01,1.138432014514085544e-01,8.488115796549414172e-02,3.168386116037272271e-02,1.416276618968039802e-01,1.232841849538708068e-01,3.471429462664240434e-02,-1.985903996478873001e-02,-1.864368866622603815e-01,-1.325932548543242717e-01,-1.326073997792799330e-01,-9.307049383342681781e-02,-1.751561754511967717e-01,-5.096949833685792547e-02,9.498081752837378433e-02,1.976005081958245868e-01,9.840777922646627707e-02,8.835648088130731992e-02,-1.140119209353757795e-01,-4.896763837672534619e-02,1.638578609962491328e-01,3.313283789321702644e-01,6.088069228455516013e-01,8.733672206579643493e-01,1.000000000000000000e+00,8.880433511210116260e-01,6.795872227048371794e-01,4.162331061276683952e-01,2.036054874978841800e-01
6.827600540726777578e-02,-5.495786989116037413e-02,-1.252945692861157090e-01,-2.766112898342434900e-01,-2.088858524975747144e-01,-9.574339432686090889e-02,6.056899839492445314e-02,2.202205639613777077e-01,6.695430966766123537e-02,3.620912774743216267e-01,9.189412280651655662e-02,-1.064699737504809229e-01,-1.151647487004537479e-01,5.048888519419319348e-02,-1.436691271369726075e-01,-8.479852944721011365e-02,-2.880182873190685333e-01,-3.357639843056164919e-01,-2.069603927842593449e-01,2.757098983690331462e-02,2.486673824763313001e-01,4.483365051681759139e-01,6.566352564933509717e-01,7.197197010021937347e-01,6.007265598940088047e-01,3.316729402245047753e-01,-1.089720252709433373e-01,-2.888808743851115635e-01,-3.720661730248966403e-01,-1.663488149397782667e-01,-4.873138884208896848e-02,-2.109493231520763110e-02,-2.709578155303370983e-01,-3.292729215539572096e-01,-4.549682299604173030e-01,-2.851269961836407907e-01,-3.205791912008709721e-01,-1.448996971328820882e-01,1.661470632815389026e-03,-2.015781968560402815e-01,-2.129631667695894848e-01,-1.992998811054521591e-01,-1.527218995067266827e-01,2.811283165967692205e-02,5.830186971039784671e-01,3.726231226459763013e-01,2.888697431076451272e-01,1.536786780127763485e-01,3.193088364734793239e-02,-2.279196455345319783e-01,-3.314537028667131069e-01,-2.259075970859431293e-01,-1.267464038889524747e-01,-5.255307452013322639e-02,-1.158271933101217566e-01,-9.659036356915780275e-02,-1.049834325891936537e-01,-8.873702534535124475e-02,-1.467780332847965219e-01,-2.560504065860679246e-01,-3.236059426591423316e-01,-2.446085173735056406e-01,-1.691213743970755579e-01,-4.723772784474859487e-01,-5.438807543903901864e-01,-1.525644156035522725e-01,1.304306441413194406e-01,5.977544561912979670e-01,7.026461085626926062e-01,4.673531094369259842e-01,3.978368004652441670e-01,2.725831688743049139e-02,-1.195581766181840755e-01,-1.296698188351548542e-01,-9.760870612142673319e-02,8.605932426155347287e-03,2.891131966499245198e-01,3.670686234337664500e-01,2.793701248892622169e-01,1.010960986794447319e-01,5.703235665913823638e-02,8.282062556607439063e-02,3.079710497844190820e-01,2.367230639000517389e-01,1.196093687031005159e-01,7.798022644810774506e-02,-1.535281754318331970e-01,-8.847919513192492591e-02,-1.047768327248384534e-01,-6.383258928859619763e-02,-1.037963679883300294e-01,9.124674843310415229e-02,2.744008636617918384e-01,4.420296624869771152e-01,3.723666599564525725e-01,3.105544358186656528e-01,-1.250582534021804082e-01,-1.982222964356503692e-01,-1.054821911015606378e-01,1.876012559260559903e-02,2.922283771415971620e-01,6.685545883189092375e-01,8.880433511210116260e-01,1.000000000000000000e+00,8.715713630036897586e-01,5.723417439130558115e-01,3.299286499630558755e-01
-1.657682476746128244e-02,-1.805604541632945537e-01,-2.209322683986099933e-01,-4.054388641106638769e-01,-3.304470816005833922e-01,-2.968622278644733048e-01,-1.683624035594501189e-01,-2.814342125803470304e-02,-2.120198123879646693e-02,2.729004883576769402e-01,1.462937198765681679e-01,-4.169447104837112339e-02,-8.917110471817689746e-03,2.306242942838485077e-01,6.367658740949347362e-02,1.929879327545548362e-01,-2.529225141774083668e-02,-1.363467919977564557e-01,3.514438925823626381e-02,3.500970535762287783e-01,4.802599344758763933e-01,5.649717042547828250e-01,6.849344868780002926e-01,5.308282542496880474e-01,3.183379771958722571e-01,7.284848734151443128e-02,-2.561194141458659757e-01,-2.988757784854504385e-01,-2.090017212312882122e-01,1.045655561373942249e-01,2.006148709172902722e-01,1.858054918767287900e-01,-2.925586247676672039e-02,-5.874305668833399580e-02,-2.271123160127482554e-01,-1.453702981427733854e-01,-2.395960434190031463e-01,-2.133483315258725421e-01,-1.181106874506319682e-01,-2.653277233696119120e-01,-2.071169048544971580e-01,-2.043572558004551620e-01,-2.189653251488532792e-01,-2.517927024828941346e-02,4.048405169211747312e-01,2.684522486573337474e-01,3.268665398655180576e-01,1.772878405092627729e-01,1.579831262816666360e-01,-1.311067703584361255e-01,-3.036205231882755373e-01,-2.138585830555618517e-01,-2.465366803738242296e-01,-1.723079259125317175e-01,-2.878532570707446614e-01,-2.907854396267774422e-01,-2.649222371952835720e-01,-2.650556930192079497e-01,-3.155614210377847284e-01,-3.945885304435471364e-01,-4.583049013412510142e-01,-4.253334416360041170e-01,-3.135304077871785000e-01,-4.490224083807076716e-01,-5.703418129944675119e-01,-2.544661101625602662e-01,1.850659605406359542e-01,6.773299209582496205e-01,6.018374455907040677e-01,2.450229938760093151e-01,7.316940325136045420e-02,-2.455706456799810478e-01,-2.730094841783816118e-01,-2.652058612208487154e-01,-1.429195738660401227e-01,-6.992012618986438721e-02,2.457290964602096561e-01,3.240861000549326576e-01,1.977189115605250680e-01,-4.277077580160544568e-02,-7.929420243577933736e-02,1.073056415294290893e-03,2.443120142834628306e-01,2.188133586309312650e-01,1.041638484876699910e-01,7.483384867758052783e-02,-1.456227809253368144e-01,-7.232133047289182604e-02,-6.937241556109177698e-02,-3.465511944007921424e-02,-3.714966730388714194e-02,1.894132544304760746e-01,3.200868071597738340e-01,4.952564133785227196e-01,5.109133443982740719e-01,4.364837618322660040e-01,-3.973027376782377329e-02,-1.882795245637121084e-01,-2.496759131780947605e-01,-2.023414907284760145e-01,-2.377275311959689292e-03,3.206019896758223742e-01,6.795872227048372904e-01,8.715713630036897586e-01,1.000000000000000000e+00,8.685718477746652288e-01,6.263168603899865738e-01
-1.133465811084346658e-01,-2.413829912733708172e-01,-2.384202003267765768e-01,-4.256442740005810799e-01,-3.567976798844565978e-01,-4.217119837163401108e-01,-3.217029332768476246e-01,-2.928489986757119024e-01,-1.780954492739095507e-01,2.371478470934454408e-02,4.746264618638743743e-02,-8.507459166091395353e-02,2.225042217242758497e-02,3.322537631952941495e-01,2.491128438815514989e-01,5.055591391259073308e-01,3.168665008507747793e-01,1.724977691863125440e-01,3.500086909070437291e-01,6.950044946121740619e-01,7.231666008371046006e-01,6.872714263862342854e-01,6.413090134748973270e-01,3.462790198505807382e-01,1.037779591947468744e-01,-6.477764027271790126e-02,-2.532773515349300286e-01,-2.307549995294460310e-01,-2.020062892970529017e-02,2.975685635577042243e-01,3.866943355796881865e-01,2.952555492988530594e-01,2.022996953428692346e-01,1.782759959339265121e-01,-1.900898665583983151e-03,-4.441194010918972368e-02,-1.735923048992388806e-01,-1.911986949094143795e-01,-1.727986399175894805e-01,-2.365928756791493837e-01,-1.695151282726631570e-01,-1.913742972249120877e-01,-2.117469540490707347e-01,-1.131819038502708819e-01,2.199581457804753448e-01,1.740853588532008944e-01,3.544223718340338003e-01,2.860525813450503496e-01,3.831193106789566039e-01,1.254463509682590960e-01,-1.492857668530421233e-01,-1.418771083197548355e-01,-2.487404169462863468e-01,-1.680674814838275244e-01,-2.987762395228902856e-01,-3.911112850261510565e-01,-3.604734242547751322e-01,-3.442009316350149728e-01,-3.128056764578247551e-01,-3.659704794939929728e-01,-4.484417307585412127e-01,-4.418922794821152356e-01,-2.558806563166332593e-01,-2.466155500962067260e-01,-4.657114992466829806e-01,-2.602385514403526279e-01,1.648540750201370197e-01,5.606405551031911072e-01,3.067498948436487849e-01,-5.098344305281471422e-02,-2.052571243449518301e-01,-3.924078117145818334e-01,-2.867086769165062554e-01,-2.643828041245588900e-01,-1.108955087613655993e-01,-1.071407527378378938e-01,1.474675564382160187e-01,1.868914486997372837e-01,3.673298762436463805e-02,-1.863958262602762039e-01,-2.075903948941680843e-01,-1.108993683924978102e-01,9.696907573384280776e-02,1.490276376099254618e-01,3.742772443971855573e-02,2.400611237541763060e-02,-1.554756637747717329e-01,-9.272304051862614860e-02,-6.510596450605404817e-02,-4.310207069839100402e-02,-1.068095950983627938e-02,2.017922437452775442e-01,2.733465290541400861e-01,4.191072769352686134e-01,4.996849505126809143e-01,4.540200249531510801e-01,6.556944265047061349e-02,-7.964477179099090087e-02,-2.495541558433549967e-01,-2.597933872833311786e-01,-1.529685461496000931e-01,3.158029758641032331e-02,4.162331061276682287e-01,5.723417439130555895e-01,8.685718477746650068e-01,1.000000000000000222e+00,8.374112352458699116e-01
-2.126275957660901661e-02,-1.606980024034271592e-01,-1.286077836172364042e-01,-3.193007894549390602e-01,-2.541247286024378993e-01,-3.223713476126952027e-01,-2.696522780441545364e-01,-2.541592718611854762e-01,-1.072993217695857038e-01,-1.288560761207304950e-01,-1.304391931612850775e-01,-1.267830255958488916e-01,-4.932757569130987590e-02,1.458063781138904391e-01,1.428052331613129666e-01,4.345536855239518492e-01,3.110354895865542479e-01,2.182898624378878660e-01,4.783218981840110517e-01,7.868210258366324927e-01,8.117308738882793584e-01,6.818842616325986317e-01,6.098005324190662879e-01,2.524410794614936893e-01,4.851296665395843193e-03,-1.069858374051553818e-01,-1.925693240172752230e-01,-1.660740984020618316e-01,1.257849420819747571e-02,2.266608383999854370e-01,3.291331050551978832e-01,2.035269091707371525e-01,2.079282714418099476e-01,1.623067261899810432e-01,4.833339169793043899e-02,-4.942006425481119958e-02,-1.327451253145849053e-01,-1.392035496393158600e-01,-1.399248847508434146e-01,-1.288378072606573832e-01,-1.118991054312191563e-01,-1.282332914907487742e-01,-1.438158134679140554e-01,-7.129065377379582846e-02,1.004388904471154864e-01,1.429803449622265299e-01,4.096094053245914468e-01,3.627945568197836201e-01,4.991374729199672400e-01,1.993745119771027641e-01,-9.313768845027353693e-02,-7.242969303415172644e-02,-1.832323259665742665e-01,-9.618930698387240241e-02,-2.192986132435221780e-01,-3.342192977814274490e-01,-3.260035913563448240e-01,-3.206482934513525396e-01,-2.746412184314878102e-01,-3.263471183689014565e-01,-4.335011455966290006e-01,-4.348817056466300346e-01,-2.189631307030386609e-01,-2.132744826766346802e-01,-4.038107408332682335e-01,-2.796259001736297600e-01,1.671822074142816084e-02,2.707158937611356953e-01,5.777296559147104132e-02,-1.943343870162731191e-01,-2.448112516511084247e-01,-3.482172848638592222e-01,-2.087854417580807254e-01,-1.910152419894185771e-01,-3.784471741298405661e-02,-6.287812812960186237e-02,1.427789993623691245e-01,1.363590592734438833e-01,5.838765782568024199e-02,-1.529867422287683465e-01,-2.016084478561593896e-01,-1.279855522294753856e-01,5.204803670563412643e-02,8.843558593549752378e-02,2.213842363925938150e-03,-3.401699141784237518e-02,-1.513117356695030946e-01,-9.175978975921054992e-02,-7.039497096870829529e-02,-5.107306950802006223e-02,-6.024806418032082472e-02,8.976416444715891452e-02,1.451644362867700877e-01,2.679349982831290000e-01,3.227207161061640406e-01,3.466402067824201905e-01,5.272575444007368550e-02,-1.360524632523134846e-02,-1.762421297047427338e-01,-2.017636351256391347e-01,-1.681498033067246600e-01,-6.957091244672850006e-02,2.036054874978841245e-01,3.299286499630557090e-01,6.263168603899865738e-01,8.374112352458699116e-01,1.000000000000000000e+00
