1.000000000000000222e+00,4.479906299643802714e-01,2.731277274848405434e-01,2.964184992145311726e-01,5.108338374715725577e-02,-3.730934338666594408e-02,-9.665955945432244678e-02,-5.364993909647357284e-02,-5.225872047088548494e-02,-1.148074740798366161e-01,-8.434815071874046666e-02,-6.220935634225312899e-02,-1.721442633781145315e-01,-1.510559601207345226e-01,-1.616051097572653306e-01,-2.521455967465553449e-01,-2.068421153513891053e-01,-2.014279808667634175e-01,-1.507218900191926447e-01,-1.062231833714054746e-01,-9.345431840561153891e-02,-2.751280601767749912e-02,6.287591680683701605e-03,5.875594020059235478e-02,7.229928038258688627e-02,1.207909421092021873e-01,4.767084345761239683e-02,6.746607191052425567e-02,-6.928403352793151282e-02,-1.019472038983735562e-01,-1.868607963559099638e-01,-1.436250497420526739e-01,-6.989300117859006956e-02,-6.466979171626154044e-02,-6.855615941020405668e-02,-4.155865566365163355e-02,-2.244213501137325498e-02,-3.062322121214027318e-02,5.227821136079312953e-02,-2.371345508568005814e-02,2.982204900903278819e-02,8.885471860430819990e-02,8.944764623038516105e-02,9.756712961018444707e-02,6.631669491741373768e-02,9.034336505373768977e-02,5.236503492516369346e-02,4.396023865761854166e-02,3.037930525995514303e-02,-9.611531309443420087e-03,-5.348766133289924868e-02,-8.876497804719074569e-02,-7.843619310725512273e-02,-2.486248158735220037e-02,6.727947728525380394e-03,4.274178139223826917e-03,4.966867110024411613e-02,7.266250161369462723e-02,1.168969129216533009e-01,1.707871143599025074e-02,2.414199230637511812e-03,3.705564801711952461e-02,-4.802686835083524314e-02,-1.930767457578216884e-01,-2.193280593223240760e-01,-2.000213106389959750e-01,-5.664330076025065122e-03,-6.560835733279672677e-02,-1.706060110341217906e-01,1.630277923495998928e-03,-1.223347339599084767e-02,1.377759291985999057e-01,-1.531194253930358296e-01,-3.170543895175804705e-01,-3.381807461483912203e-01,-2.402318252666129084e-01,-6.800159246908246691e-02,1.156915874434024175e-02,-7.190720310395559700e-02,-7.853565052415205708e-03,-4.967576052393619934e-02,-3.701820604007233229e-02,-3.164244424428810237e-02,6.452957910090921512e-02,6.735990965754239113e-02,1.704635949829801100e-01,5.688897694062849258e-02,2.544772493115504131e-01,2.084783897540671560e-01,8.399954208195599403e-02,1.147597544603867412e-02,2.663764288692170232e-02,-1.056136761803868201e-01,-5.389078702650781233e-02,-1.648921031195424713e-01,-1.133327733273485904e-01,-5.574544139130276077e-02,-5.726338531392698161e-02,-7.815492891484858429e-02,-1.071060118446234000e-01,-1.775035403394776001e-01,-1.816196449503307830e-01,-1.311814464379525702e-01,-2.243348677119101631e-01,-9.501663494377600439e-02,-1.437572586440059308e-01,-9.475305969743673395e-02,-5.713791082864925347e-02,2.638991245651240922e-02,3.447760354495590235e-02,7.905347065507867255e-02,3.055855337173721611e-02,1.140353624940154964e-01,5.307943105824548813e-02,-2.674578720341937513e-02,8.001296903784324913e-03
4.479906299643802714e-01,1.000000000000000000e+00,8.999994430328304151e-01,8.124023976113793344e-01,6.199024155967745031e-01,3.302215641010252667e-01,3.167854338465257713e-02,-2.667484019188540514e-02,-1.926131224629185901e-01,-3.268253313529115300e-01,-4.569648077377376216e-01,-3.132773067808969913e-01,-4.039283045823229279e-01,-4.045368943716676213e-01,-5.699389828478443887e-01,-6.380888114069563910e-01,-5.515422065384472106e-01,-4.271649993185940297e-01,-2.181851958732183294e-01,-2.732786563277135317e-01,-3.364578573080996837e-01,-2.168799896587368659e-01,-1.380099193322144036e-01,-1.843224938236435670e-02,1.137889481290395161e-01,2.505910721212377679e-01,3.880024147500352738e-01,3.433523192960671322e-01,2.201178696313273730e-01,-4.447811456327204621e-02,-3.045522554911607727e-01,-2.168934955110586038e-01,-3.162888661415163005e-01,-1.840398707132392397e-01,-2.555382192880598091e-01,-1.243521034118663243e-01,-1.418299357100317459e-01,5.748437424558886649e-02,7.102573339579995593e-02,1.929282245610755842e-01,2.586574027447590685e-01,1.956739678636725821e-01,1.920177296797384581e-01,1.999930246592863947e-01,1.512129883087707793e-01,1.686089221786195580e-01,1.599903793744611447e-01,7.720092268442869943e-02,6.898908636444495146e-02,-5.465196658201160879e-02,-5.287793751653096369e-03,4.033092454209498412e-02,-9.394531836734490091e-03,7.745349366266686408e-02,6.892685831338837832e-02,3.175657524484493122e-01,4.761835848303505592e-01,4.805499275689090188e-01,7.008212609737533016e-01,5.268993183675536596e-01,3.826194161298845375e-01,6.009281416287161059e-01,5.893340704710402500e-01,1.274157636651435388e-01,-7.988170151920041817e-02,1.017709649155231905e-01,4.184260908603203988e-01,4.388742064923802089e-02,-1.179245137740921601e-01,2.374087391359092688e-03,3.226755392886367924e-01,3.439235916583580632e-01,1.354888327506702239e-01,-2.037658582394961393e-01,-3.605670003745133911e-01,-6.080987661986344550e-01,-5.186940122048455670e-01,-3.848291736059951673e-01,-3.062190716106329980e-01,-4.189742773834470579e-02,2.118144780061648746e-01,4.414780735137848189e-01,5.830541082128989361e-01,6.040376552004533828e-01,6.453348765466232484e-01,4.469690303160906431e-01,1.489438029971179578e-01,3.520585811717434899e-01,5.874883464358220397e-01,4.169729533322985016e-01,8.641397364789725477e-02,-9.330073619794068684e-02,-3.021092500121847491e-01,-2.349711354330554225e-01,-3.016512879651466750e-01,-1.840243677949728873e-01,-1.696347109716359880e-01,-1.656239961864399146e-01,-1.128521425209039752e-01,-2.471904011416659608e-01,-4.948536956663087683e-01,-5.645897835941178222e-01,-4.443790335952941262e-01,-5.008678168610015691e-01,-5.736509226415098528e-02,2.310528362466696128e-01,3.512975591413993182e-01,4.399154086073410741e-01,4.017219564963236955e-01,3.702093204721063624e-01,1.043343647490544424e-01,-1.138509712395744805e-01,-1.622577762615426966e-01,-3.025137296327145564e-01,-3.761512715607717161e-01,-2.844166528549441075e-01
2.731277274848404879e-01,8.999994430328304151e-01,1.000000000000000000e+00,9.170657595435131038e-01,7.352798493742963570e-01,4.276636462221115598e-01,7.268987892716810562e-02,5.182122102640784878e-02,-1.808179381099102589e-01,-3.521614889471558763e-01,-4.801341310662841089e-01,-3.900599753666849079e-01,-4.828198216029473966e-01,-4.572299905926772712e-01,-5.856128627273009535e-01,-6.705133515121428633e-01,-4.951861450107511442e-01,-3.928987558144747538e-01,-1.461660894152876089e-01,-1.568016638846621291e-01,-2.106424481993268427e-01,-7.561503281200980531e-02,7.430439105873465865e-03,7.004097181640210612e-02,2.309654901825774209e-01,2.989192854816447031e-01,5.008545045748832303e-01,4.162529054394397132e-01,3.190491451761340858e-01,2.750740186626693048e-02,-2.203435909365425160e-01,-1.098891600344891056e-01,-3.177509157804079276e-01,-1.732674528415658055e-01,-3.093517295548304791e-01,-1.497085987737944990e-01,-1.896097189946287787e-01,2.995709147567138242e-02,4.723897817066372018e-02,1.562709327229384881e-01,1.695095984202440453e-01,1.302013995273858249e-01,1.406163411514543271e-01,1.459650619174271968e-01,1.254396015196481140e-01,1.672297495494160513e-01,2.134675308728598009e-01,1.505463205025099616e-01,1.918450380362420604e-01,8.879821055619450954e-02,1.520836053201590488e-01,1.422538727320490359e-01,1.058184076112775318e-01,1.578965543907711322e-01,1.683653331337023884e-01,4.764861645949936553e-01,6.002396188738712279e-01,5.706828224002287175e-01,8.293300953145943399e-01,7.003949984457845668e-01,5.016889161511161044e-01,6.449570538472655379e-01,7.052694309343088275e-01,2.888017456763350976e-01,-4.724268385524245384e-02,1.949841257059510558e-02,3.020212448874354805e-01,-4.442915542037326887e-02,-2.458135173949786700e-01,-1.016266232250775392e-01,1.281157753821229595e-01,9.195650804622670926e-02,3.268962111519744217e-03,-3.094188004384094692e-01,-3.378693082152319227e-01,-6.165116843543420044e-01,-5.030097611595286677e-01,-3.697524801393860527e-01,-2.600293348075849997e-01,6.159450885298918543e-02,3.765282478200734362e-01,6.604492673051218787e-01,8.163094730943418753e-01,8.477983239503112944e-01,8.577515706418690211e-01,6.295389340995936056e-01,2.714201748193216246e-01,4.120318746237904284e-01,6.649520755020513763e-01,5.109646731857402369e-01,1.121569661296542564e-01,-6.604987966606816474e-02,-3.258266042632557702e-01,-2.786347703742850235e-01,-3.372494530137684077e-01,-2.595379909838257393e-01,-2.404762119205798854e-01,-2.425659428976849330e-01,-1.864328938018172122e-01,-2.955135699756709644e-01,-5.585975287089968155e-01,-5.949285452382324646e-01,-4.110478952167100908e-01,-4.247245019541820432e-01,1.567826293397977244e-01,4.741274727902424213e-01,5.922821590874598474e-01,6.221677466821434743e-01,5.654149022701689953e-01,5.312955128708596320e-01,2.093647944224330260e-01,-5.439211823403341389e-03,-1.101924989869795396e-01,-2.500079304378750589e-01,-2.834462398510672609e-01,-1.865282522506890861e-01
2.964184992145311726e-01,8.124023976113793344e-01,9.170657595435131038e-01,9.999999999999998890e-01,8.823356448087250614e-01,6.150271336898612828e-01,2.485381893328477976e-01,1.798935109954664935e-01,-8.706514712931610889e-02,-2.778385441241348897e-01,-4.620949311931655812e-01,-4.326492457328371399e-01,-5.032590602665661939e-01,-5.145040114274993526e-01,-6.103432967099881035e-01,-6.574011215757071813e-01,-5.091603029439024652e-01,-4.076676127516529191e-01,-1.923135601170951614e-01,-1.869863188015704614e-01,-2.296645160532082841e-01,-8.560777236420856473e-02,-1.022673218786238894e-03,7.336134297962748629e-02,2.179412625116246838e-01,2.633017685798374474e-01,4.408244587646972246e-01,3.740193777926216767e-01,3.149061082426383162e-01,4.806466308013256777e-02,-2.115200093165738315e-01,-1.592812891269724251e-01,-3.358020095807927596e-01,-1.830103122079907718e-01,-2.882368155435625634e-01,-9.879812751477931587e-02,-1.181534876035542914e-01,8.297616068309128512e-02,5.259571566241671298e-02,1.871754601612560798e-01,1.332339209606673014e-01,1.110847228443790774e-01,1.560477124293842000e-01,1.394524173358423214e-01,1.442399182972406435e-01,2.005191875684451952e-01,2.784154276458575827e-01,1.766424302389590362e-01,1.735280233205920564e-01,6.025661523442209233e-02,9.542440146726965944e-02,4.677726122081677512e-02,4.497540082698676250e-02,9.676739620633334482e-02,1.235605644618870264e-01,3.873661431101823038e-01,4.306019117947995634e-01,3.463257090671366667e-01,6.248871813746071924e-01,5.568886871937138716e-01,3.443844213252484354e-01,4.884476478939143163e-01,6.313369704258068316e-01,2.246060595558740103e-01,-8.895848428198066538e-02,3.710920968061123121e-02,2.387373027127319969e-01,-8.040178349499980948e-02,-2.361883672017950075e-01,-9.087553723271839246e-02,2.232224882930496368e-01,1.481817331660023329e-01,1.663206815200820032e-01,-1.928865996714196895e-01,-2.160768004716597523e-01,-5.845032637652519680e-01,-5.177711704463655584e-01,-3.765476099155465328e-01,-2.181553535495149021e-01,8.983603758210700896e-02,4.369906725140962900e-01,6.759183661017892364e-01,7.688966282596906288e-01,7.800328769657077777e-01,6.807843381117584247e-01,4.573827088432204646e-01,9.725050756025695187e-02,2.246058956728302913e-01,4.335347095424440522e-01,3.156732138945027022e-01,5.546165392492780934e-03,-1.493821131763422572e-01,-3.055351002772874747e-01,-2.372789588289163087e-01,-2.880877859806930119e-01,-1.660284728024617462e-01,-1.637736421637894513e-01,-1.641844952386504464e-01,-1.331134524435515498e-01,-2.039560850123363356e-01,-4.515490024520603107e-01,-5.285263604294466733e-01,-4.381766944697400024e-01,-4.575902015484640817e-01,3.369115748921205911e-02,3.595533652622847631e-01,5.229043535734348991e-01,5.548148374729996446e-01,5.056043564821887104e-01,4.771666563001302763e-01,1.715708553910864631e-01,-2.438763177820165579e-02,-1.411449154406600737e-01,-2.778970994195403832e-01,-3.095954912770534917e-01,-1.970032724667267476e-01
5.108338374715725577e-02,6.199024155967745031e-01,7.352798493742963570e-01,8.823356448087250614e-01,9.999999999999998890e-01,8.662003665328903423e-01,5.737041793175836624e-01,4.552279835021185717e-01,1.601970908964772400e-01,-3.812849915365144199e-02,-3.145101592011061986e-01,-4.310888293300357832e-01,-4.111883428181331568e-01,-5.061710118580263762e-01,-6.085074994425355710e-01,-5.549925268254105593e-01,-5.042918711405776078e-01,-3.997300546468008919e-01,-2.172539398777946495e-01,-2.523131915260330982e-01,-3.382129195093120377e-01,-2.181809075291912259e-01,-1.373235529718454251e-01,-7.540215125276157615e-02,1.197644897780396900e-01,1.681809373950565734e-01,4.100868685367152766e-01,3.724223896203214257e-01,3.891060764380066539e-01,8.088933509753958029e-02,-2.688738774159190603e-01,-3.287328937701127218e-01,-4.576836383306432943e-01,-2.853589594842830812e-01,-3.082600426599431120e-01,-4.048459332457183396e-02,1.620017510800676568e-04,2.038144999661072876e-01,3.452610149026667102e-02,1.969883172747323996e-01,1.009508281544419656e-01,4.906340894058552199e-02,8.732525242401950605e-02,4.474962206398885867e-02,5.954892197524065678e-02,8.901089365822761890e-02,1.888436277981283273e-01,6.147013980085463264e-02,6.482809239075432162e-02,-4.779668025151256189e-02,1.525289138974129759e-02,2.257741087334701278e-03,5.617058740504998759e-03,7.325652218615136269e-02,7.236843346983400094e-02,3.600260449917785932e-01,4.366803423975008092e-01,3.211741000835550142e-01,5.466456466401411474e-01,5.253321198431871730e-01,3.049721403215716053e-01,4.774231537059734354e-01,6.961600791881312755e-01,2.971854179017128228e-01,-5.711808906734555137e-03,2.234215093549900832e-01,3.122539022830896904e-01,-5.617095971123060340e-03,-1.121372273189111396e-01,-4.247217348423867195e-02,3.554521037999856525e-01,1.971182541634718399e-01,4.512420696816600851e-01,1.311163756725035878e-01,1.400952283993202319e-01,-4.051276474229881797e-01,-5.054082210782694373e-01,-3.232149992650471537e-01,-2.093478566880382225e-02,2.727123684333831455e-01,6.471806196731925143e-01,7.337525339264210356e-01,7.500637731470638503e-01,6.207617885309099082e-01,5.028365443106602717e-01,1.686664337736623331e-01,-9.549095423354200807e-02,5.809311830657866438e-02,3.159349973149442325e-01,2.820405557504980787e-01,5.936635151945650335e-02,-1.718209301932766553e-01,-2.822332304622088284e-01,-1.678392837997957077e-01,-1.501199009435016107e-01,1.412974032404116717e-02,-6.550114749071475617e-02,-6.459428745698572727e-02,-4.670093497163348845e-02,-6.258667725114014369e-02,-3.312982573058996238e-01,-4.626701634804809005e-01,-5.198516770511275586e-01,-5.486351442427777059e-01,-2.209656692744387807e-01,2.491239943325221640e-01,4.570557764586586358e-01,5.700356616080858307e-01,5.219187815721044732e-01,4.925331778360215740e-01,1.869872560631607172e-01,-5.446117516273801806e-02,-2.541659969551272047e-01,-4.350015365550408686e-01,-4.697937887709538463e-01,-3.708040439136399136e-01
-3.730934338666595795e-02,3.302215641010252667e-01,4.276636462221114487e-01,6.150271336898612828e-01,8.662003665328903423e-01,1.000000000000000000e+00,8.845440019355316208e-01,7.619814573845713479e-01,5.070269010937464849e-01,3.415217302539380051e-01,9.322281743456480377e-03,-2.689243185072500708e-01,-1.757684729935525825e-01,-3.803136033268774696e-01,-4.521097269847387246e-01,-3.988965579760226365e-01,-4.641377271498797197e-01,-4.429353683733990299e-01,-3.236328639341836122e-01,-3.160588908465375990e-01,-3.868326590824574529e-01,-2.543645912023794198e-01,-1.683722463092461319e-01,-1.175872868055420767e-01,9.143490199599436929e-02,1.135990707553318213e-01,2.971049586117828212e-01,2.264933619823488176e-01,2.385992691785846498e-01,-5.024736631818497307e-02,-3.598205087057788631e-01,-4.157946588651417197e-01,-5.075009786464599326e-01,-4.019980721678849678e-01,-3.822134244714964768e-01,-1.393487151835903215e-01,-2.146081853063497302e-02,1.337794940383017495e-01,1.099831804399035301e-02,1.536525347133063657e-01,2.546101120966919387e-02,-2.207281178787183842e-02,2.855926472928419640e-02,-2.032745202219348249e-02,1.419656861022567350e-02,2.036157676018664903e-02,1.258082720868229087e-01,-7.304205737156676224e-03,8.649653701133866446e-03,-1.051941869012440051e-01,-8.307293845946289723e-02,-1.317154525102885443e-01,-8.761087611749725224e-02,3.941482799608275918e-03,2.431075559678546119e-02,2.617925976710377411e-01,3.324542119217909208e-01,2.149153834190963286e-01,3.262235620809638137e-01,3.499148622189283686e-01,1.377502348499051732e-01,2.493344092223633846e-01,4.855830218568988332e-01,1.656246877024123432e-01,-1.379806211531588722e-01,9.165850094064090237e-02,1.109742148961799929e-01,-1.357064321711689558e-01,-2.270724307863596914e-01,-1.026955948354926901e-01,1.789569571384098112e-01,1.291705444729635832e-01,5.430375664744816477e-01,3.049574277836157865e-01,4.176950988626923489e-01,-9.424562689430618367e-02,-2.857874334933097615e-01,-9.183721099275068966e-02,3.044459287724270991e-01,5.069203287877913633e-01,7.945763709672307717e-01,6.436271038727143790e-01,5.456936199980670921e-01,3.777570370237556263e-01,2.650959268590635798e-01,2.757442583273542192e-02,-8.829268451480094815e-02,4.500277253581237008e-02,1.837772293766159748e-01,2.161365833406990733e-01,1.345798829235445027e-01,-3.215535643650581366e-02,-1.308064856185390812e-01,-4.230962267657434328e-02,3.054335155117847856e-03,1.235852465525904137e-01,1.915007289805754215e-02,3.646227430967042583e-03,7.036937104052167977e-03,8.781901817845946400e-05,-1.921772294404398285e-01,-2.698138856299750477e-01,-3.592320313262203357e-01,-4.401104005708854072e-01,-2.895245248369189839e-01,6.651938002236294778e-02,2.548876532294924724e-01,4.032703464146532579e-01,4.022241138487571699e-01,4.326701784495558534e-01,2.617251422764649282e-01,4.440116995927115284e-02,-1.762569665787021012e-01,-3.680931236812665097e-01,-4.500924669762886299e-01,-4.074370102517136383e-01
-9.665955945432243290e-02,3.167854338465259101e-02,7.268987892716810562e-02,2.485381893328477143e-01,5.737041793175836624e-01,8.845440019355317318e-01,1.000000000000000000e+00,9.161150651670143530e-01,7.687844872054571121e-01,6.807085620578230412e-01,3.805054565318776727e-01,-2.713570473689654733e-02,1.231313561036122273e-01,-1.477945026874629975e-01,-2.011116366264732447e-01,-1.583478169792817136e-01,-3.668978648702737044e-01,-4.336197073590222772e-01,-4.004240342666880448e-01,-3.827950487294918824e-01,-4.353793802725600126e-01,-3.213875138612176108e-01,-2.260179987652629618e-01,-1.630185529492768071e-01,2.830147840490714398e-02,4.264194169716865879e-02,1.194347611124632891e-01,2.292790838089345251e-02,3.671788311111674752e-02,-1.969109305616667527e-01,-4.326584890841528308e-01,-5.055483967350313801e-01,-4.991897081214288212e-01,-4.907567666338835677e-01,-3.958902440265087974e-01,-2.073955994389364010e-01,5.116944549298807834e-03,7.622261825301238081e-02,-1.872119222515048267e-02,8.216467089850310046e-02,-3.527725588431256110e-02,-7.538780155833321728e-02,-2.549999340628583688e-02,-7.207572428028287403e-02,-3.611318049614059555e-02,-4.558836526628850389e-02,2.906901009556635360e-03,-1.183611871244041741e-01,-1.156445401323500100e-01,-2.215856584510569049e-01,-2.325483017899690752e-01,-2.713254076128477910e-01,-1.930007319020961565e-01,-7.361674859988712183e-02,-5.526059993966538769e-02,6.533462725743413579e-02,1.527718987914601090e-01,5.305097609759372446e-02,5.271371715695832849e-02,7.967889671588727907e-02,-9.655971727419983275e-02,-2.848543987675314360e-02,1.917560503176531372e-01,-2.041866970433889317e-02,-2.471620372202622540e-01,-2.085963579339963903e-02,-1.007114837355834874e-01,-2.536108984896455198e-01,-2.557270621487781059e-01,-1.245727522874394699e-01,3.850782903394853879e-02,9.285117492704098030e-02,5.901715673393044259e-01,4.794179780691276149e-01,6.578784477889130233e-01,2.603899972001517127e-01,1.519960141269160493e-02,2.038080304423612321e-01,6.105221964881157870e-01,6.841181520605189581e-01,7.804265018014305832e-01,3.715760213906875165e-01,2.230070936612377763e-01,2.847991218203761721e-02,-2.190266636899885697e-02,-1.436600008646895243e-01,-7.971038229424322330e-02,3.996175166205329782e-02,4.574689961764449170e-02,1.325352454037189709e-01,2.023972735183848515e-01,1.054540783584352465e-01,2.036059548035609387e-02,9.698784962592203740e-02,1.712505372429817263e-01,2.318442106955858062e-01,1.135835610050904693e-01,9.103297499635694401e-02,7.474824934406705534e-02,1.011138504945096883e-01,7.851031770600406037e-03,-2.517501815318881619e-02,-1.555037582193629642e-01,-2.779865009129427467e-01,-3.653310614473883056e-01,-1.496770568858270811e-01,-5.606249565644687988e-02,1.292064282203109482e-01,1.788772171043936376e-01,2.840797338657512494e-01,3.047502324728006418e-01,1.428765398573679235e-01,-5.415601513847657228e-02,-2.407536384766810478e-01,-3.837933376325755597e-01,-4.186929806704905999e-01
-5.364993909647356590e-02,-2.667484019188542943e-02,5.182122102640782796e-02,1.798935109954664657e-01,4.552279835021185717e-01,7.619814573845713479e-01,9.161150651670143530e-01,1.000000000000000000e+00,9.046778933651666854e-01,7.647847925779981404e-01,4.651232395335537229e-01,-6.473994650694334108e-02,4.231570828303056475e-02,-2.309203206832408650e-01,-2.302277554347311739e-01,-1.793360325363616004e-01,-3.381449346934294886e-01,-4.009298199119086803e-01,-3.375928758015190878e-01,-3.012198919373887396e-01,-3.800805552685847521e-01,-2.611726476176345901e-01,-1.496263981114291375e-01,-5.517211711053784939e-02,1.727652457431089472e-01,1.733846862877357065e-01,2.218831663958406586e-01,7.744107927004439951e-02,2.048111092792562898e-02,-2.305183994329129404e-01,-4.436654781294200878e-01,-4.561413913076629578e-01,-4.733013369880233467e-01,-5.039815843909514204e-01,-4.466174325430763981e-01,-2.683426550731763394e-01,-6.134791622919329862e-02,1.768787421534979976e-02,-1.059973843598522453e-02,8.175071093854287263e-02,-4.152481243440493686e-02,-9.352633295869890173e-02,-4.436814970775155437e-02,-7.477606065486198939e-02,-2.973237806520807880e-02,2.941181243511508184e-02,7.436153562931591132e-02,-6.159465571369152070e-02,-6.946968311467430213e-02,-1.618366517802645177e-01,-1.630380440056125313e-01,-2.019131703017369717e-01,-1.194428148494313530e-01,-3.194454782132622600e-02,-4.068175222145143689e-03,8.526007749199011887e-02,1.404786888048850380e-01,5.707907459952837881e-02,8.069873969649610235e-02,1.176401854233589672e-01,-3.441097316962805214e-02,-2.680734183675960447e-02,1.560707505603713685e-01,-1.945922476074059965e-02,-2.621721506469066876e-01,-1.467045597792626110e-01,-1.670954787138451691e-01,-2.694784595115156112e-01,-3.275219972064274954e-01,-1.324131788146879207e-01,-9.785634708602283793e-02,-4.387793636317133955e-02,3.557943702346261783e-01,2.898735513513113204e-01,5.499803879105927829e-01,2.603273784840398619e-01,7.956880298774333948e-02,3.357141702536533545e-01,7.281082900348011533e-01,8.501396900346966934e-01,8.669670816575786310e-01,4.152367671747379529e-01,2.345554772206563943e-01,4.667216320449621425e-02,1.079743259074058929e-02,-7.586933041585465498e-02,-2.103004275085840549e-02,7.216107317409245492e-02,3.740141441861159072e-02,1.080265913059622052e-01,1.686695041188082944e-01,1.283267111119498760e-01,3.883511157623843052e-02,7.578580671686381554e-02,1.229602889801188481e-01,1.384621581324126660e-01,6.022294828232783309e-02,3.191759240191840291e-02,1.845416424111419318e-02,2.459675554651600746e-02,-3.748173589699632657e-02,-1.890351147831196427e-02,-8.670967683134518655e-02,-2.301935420655537023e-01,-2.823291987806426095e-01,-1.438464556774766978e-01,-1.503580839852379676e-02,1.804278577962716845e-01,2.831168182461901717e-01,4.161655715634703379e-01,4.917115717352781301e-01,3.040205522721384779e-01,9.256339556410232705e-02,-1.559434360113234608e-01,-3.375719747894878608e-01,-4.006371111926154693e-01
-5.225872047088549188e-02,-1.926131224629185623e-01,-1.808179381099102589e-01,-8.706514712931610889e-02,1.601970908964772955e-01,5.070269010937464849e-01,7.687844872054570011e-01,9.046778933651667964e-01,1.000000000000000000e+00,9.214580267157249649e-01,6.922040696632885126e-01,1.806199700493466287e-01,2.306802775269118089e-01,-1.021946783373712947e-01,-9.352450745205231897e-02,-9.304227781142118681e-02,-3.228681929306736476e-01,-4.091424235205785020e-01,-3.883971835134314987e-01,-3.742999848204869862e-01,-4.281427591134561172e-01,-3.143212057868662868e-01,-1.712699165790146083e-01,-3.911013852563387933e-02,1.399369011927831252e-01,1.064538563154629469e-01,5.096643696724852818e-02,-1.030686493520335950e-01,-1.370339100701180590e-01,-2.989581899265277287e-01,-4.012398907088325917e-01,-4.101667545528546732e-01,-3.311008176344534260e-01,-4.427221593892831653e-01,-3.603142945256772034e-01,-2.806032339227401695e-01,-6.364392363123334839e-02,-4.406047592600902119e-02,-2.705400203184314331e-02,2.885167194250412223e-02,-7.581948432788777892e-02,-1.101293638458327728e-01,-6.546653173543329207e-02,-8.177998350278976869e-02,-3.818208913848693958e-02,2.369123745471410011e-02,3.417167150609363990e-02,-9.563548661024837139e-02,-1.476145434423405955e-01,-2.544641220882817301e-01,-2.760770933608113209e-01,-2.826787069561107479e-01,-1.777593827163295170e-01,-3.644965540576155377e-02,-2.680958080258928622e-02,-5.424886591241482453e-02,7.138528842523716479e-03,-1.916210815504475543e-02,-9.467882157022451672e-02,-8.554201257727908625e-02,-1.785169637453865032e-01,-1.950251810528471907e-01,-9.739035212881226589e-02,-2.217499142455254535e-01,-3.679873092772523169e-01,-2.622881045177131720e-01,-2.795287265978525504e-01,-3.130647823851913092e-01,-3.340068572166671190e-01,-1.392066185830604652e-01,-1.877460782009961748e-01,-7.752606496102379396e-02,2.410036446594561177e-01,2.475769002727925827e-01,4.801882594999994369e-01,4.013635919051494194e-01,2.751315072698196640e-01,5.472737977576700441e-01,8.315752625225018013e-01,8.045498956055419093e-01,6.584206546146881278e-01,1.574813039418698490e-01,-3.186400034224862871e-02,-1.933558169644374602e-01,-1.828335037903079940e-01,-1.431384779817492237e-01,1.505422996037312881e-02,7.903508202696155061e-02,-4.610258933385933539e-02,3.271890005724255313e-02,1.838806716867313062e-01,2.133799470864840286e-01,1.263375329090289101e-01,1.332986686872976723e-01,2.227202242640261287e-01,1.907752613790959506e-01,1.014765490381978053e-01,7.860450968474350097e-02,4.958990342309199661e-02,9.450200459289183341e-02,1.189371955404141812e-01,1.583282290645860180e-01,8.432824707403314968e-02,-5.495350412806285917e-02,-2.591072189739954679e-01,-2.625879387675353338e-01,-2.178128629977330866e-01,-4.224456627084089561e-02,6.279240990854935422e-02,2.275896382343089441e-01,4.450412581333744733e-01,3.399287197211490197e-01,2.126295288428634023e-01,-2.713819256787736861e-02,-2.656638070557382214e-01,-3.946106581304643646e-01
-1.148074740798366161e-01,-3.268253313529115855e-01,-3.521614889471558763e-01,-2.778385441241348897e-01,-3.812849915365142811e-02,3.415217302539380051e-01,6.807085620578231522e-01,7.647847925779981404e-01,9.214580267157251869e-01,9.999999999999997780e-01,8.750931224680774667e-01,4.930941307810426388e-01,5.831820582856441781e-01,2.663820938034079377e-01,2.164223229955792582e-01,1.514325638902568882e-01,-2.023938425922353901e-01,-3.624107970835873105e-01,-4.467252768099060911e-01,-4.377469462698464486e-01,-4.328118296559668732e-01,-3.573531964325429855e-01,-2.301437032094300061e-01,-1.380601484906280596e-01,-3.281636867541690844e-02,-7.834149300557936846e-02,-1.673995885856306709e-01,-2.673544575139416013e-01,-2.209937725592149571e-01,-3.009108558483289397e-01,-3.444323246909337666e-01,-4.039349995045323216e-01,-2.937257406529972803e-01,-4.138997160498821826e-01,-2.853211219196876147e-01,-2.303016162370309372e-01,8.942253335516415699e-03,-3.325219137586948870e-02,-5.453962591245276742e-02,-4.702581322204530540e-02,-1.469148479710477018e-01,-1.300266406337331759e-01,-8.218262091201866681e-02,-1.102688329910502668e-01,-7.034148544505526568e-02,-8.988577336935797690e-02,-1.078310708995741246e-01,-2.036724433119249111e-01,-2.589105521151729983e-01,-3.532205797310827289e-01,-4.061523240247395528e-01,-4.098800398468433470e-01,-2.919482206937418223e-01,-1.135260447937657957e-01,-1.040420626084514050e-01,-1.995166907106124821e-01,-1.193202342457652665e-01,-1.485006169788236075e-01,-2.672094119787458144e-01,-2.958188207943835968e-01,-3.699853753803661327e-01,-3.885389652705470431e-01,-3.057590441412196824e-01,-3.653175287807016169e-01,-4.188895577680760707e-01,-2.796327172894956248e-01,-4.045960162030737828e-01,-3.884037565865204322e-01,-2.913025458900583842e-01,-1.760477680228318687e-01,-2.641120967561589872e-01,-1.341909946527044539e-01,3.035525927760368559e-01,4.035063932135393716e-01,5.787715142651482791e-01,6.515961428401395583e-01,4.875133065557184509e-01,6.642675677424955127e-01,8.693964610316001762e-01,6.841884927704351416e-01,4.656798686354336470e-01,-8.813277803251402809e-02,-2.479746608359974513e-01,-3.651174783149657710e-01,-3.061265481050156056e-01,-2.134725803577738334e-01,3.393225950388936013e-02,6.925170223203445941e-02,-1.218694640134009299e-01,5.971565798824195886e-03,2.365639647514563293e-01,2.748776765707418024e-01,1.884033660207171945e-01,2.147150107291108945e-01,3.291292217131837061e-01,2.887812993228350278e-01,1.822470391406143531e-01,1.601592837579138284e-01,1.133290642660522707e-01,1.767831037318979837e-01,2.553698450716817558e-01,2.928245420498954421e-01,1.969969578376817854e-01,7.812742120274820956e-02,-2.377341123316895621e-01,-3.043407257418546674e-01,-3.819621403839226215e-01,-2.524381452379569346e-01,-1.833580377291740837e-01,-2.306530425222182851e-02,2.568541542699307456e-01,2.618701394096886736e-01,1.922240281166340825e-01,6.188918927789575919e-02,-1.563060685397149041e-01,-3.212588527322656762e-01
-8.434815071874049441e-02,-4.569648077377376216e-01,-4.801341310662841089e-01,-4.620949311931655812e-01,-3.145101592011062541e-01,9.322281743456528949e-03,3.805054565318777282e-01,4.651232395335536673e-01,6.922040696632885126e-01,8.750931224680772447e-01,1.000000000000000222e+00,7.123618133988733891e-01,7.215448063258117495e-01,5.180053759700109506e-01,5.199145313266884116e-01,3.409546164133930857e-01,-2.545907238277069981e-02,-2.977081653788427040e-01,-4.685631002579615512e-01,-4.313852529543170666e-01,-3.214763351257952095e-01,-2.525663341634280523e-01,-1.060205768484577538e-01,-5.376724766687743934e-02,-2.811652218150990576e-02,-1.118389937015672186e-01,-2.625479876716754757e-01,-3.965003675164489594e-01,-3.215413203132871933e-01,-3.183014676302147183e-01,-2.331202787689314326e-01,-3.023962986422005783e-01,-1.925608516766416090e-01,-3.368166229338883100e-01,-2.075927391114730791e-01,-2.328591234274691724e-01,-1.731513511373634039e-03,-1.085199904917096142e-01,-1.057557883241981300e-01,-1.386513731342250977e-01,-2.533530794347831350e-01,-1.953976959440930916e-01,-1.512936994366848864e-01,-1.883165111661105895e-01,-1.211268672675028246e-01,-1.104292046338851141e-01,-1.658807051713103997e-01,-2.111124990302745419e-01,-2.762912128749654972e-01,-3.675806469649224861e-01,-4.592377411963596279e-01,-5.104632117052508855e-01,-3.946427899159185015e-01,-2.095991442775632652e-01,-1.940089189835667582e-01,-3.322124249734696999e-01,-2.306360229654720873e-01,-2.470727553409008403e-01,-3.955152970768577858e-01,-4.628716383384611777e-01,-5.304276110612188289e-01,-5.773883929830018191e-01,-5.402091634219156058e-01,-4.935596648539714026e-01,-5.084944967444083863e-01,-4.343392647458664269e-01,-5.749496822101813898e-01,-4.999962998361273669e-01,-3.403064136519199367e-01,-2.079907731986100627e-01,-4.085291249208904962e-01,-1.809979198748148110e-01,4.624892419792913517e-02,2.451108572647009987e-01,4.805998882753015344e-01,8.167058549837592496e-01,8.033355582063849143e-01,8.956705163501944567e-01,8.882670165613479885e-01,5.796224891563760417e-01,2.177140542106169585e-01,-3.071648477488559958e-01,-4.102644225859151672e-01,-4.579141778212094116e-01,-3.395362841224296990e-01,-1.382168617719275738e-01,1.615847608319518902e-01,1.394578409441429023e-01,-1.233060331997395537e-01,2.179927819004465195e-02,2.932865187584111077e-01,3.825603725438141423e-01,2.854572484096196683e-01,2.689452313690151586e-01,4.267404521162939668e-01,3.257666665744339829e-01,2.042873627472416576e-01,1.886712337395106687e-01,1.318767427930597480e-01,2.484156949664165781e-01,3.947527627892488677e-01,4.624924219226203004e-01,3.980893055663274338e-01,3.112696056872105155e-01,-5.399035519202196459e-02,-2.651183676421737800e-01,-4.674004800314075503e-01,-3.946949143416420003e-01,-3.321032140517846676e-01,-1.500913187402657112e-01,2.343748414715221828e-01,3.927548420906932236e-01,4.029636569986689842e-01,3.645886864967444740e-01,1.607172336728293904e-01,-5.442860090636720410e-02
-6.220935634225312899e-02,-3.132773067808969913e-01,-3.900599753666849079e-01,-4.326492457328371399e-01,-4.310888293300357832e-01,-2.689243185072500708e-01,-2.713570473689655774e-02,-6.473994650694335495e-02,1.806199700493466287e-01,4.930941307810426388e-01,7.123618133988733891e-01,9.999999999999998890e-01,8.816198844656460976e-01,6.932113853260171155e-01,4.936196839826063609e-01,2.496566649913437019e-01,-5.660824979585106498e-02,-2.151992688981566870e-01,-3.251618657174944471e-01,-3.280010712628095293e-01,-2.609053318615647821e-01,-2.127965843175836924e-01,-1.310851361671022675e-01,-1.325828963642502467e-01,-2.007561385264878817e-01,-2.619558040558694345e-01,-3.725754128154983302e-01,-3.760074045994263314e-01,-2.623081876336351148e-01,-1.557300542997590020e-01,-3.819597088297037313e-02,-1.016873854377834258e-01,-1.157071392014937319e-02,-9.510722449644379295e-02,3.495469724447804443e-03,-6.377415945066480796e-02,4.371401563667191847e-02,-7.302742015787833108e-02,-6.822257139017479100e-02,-1.560804150662982726e-01,-2.083568726676542637e-01,-1.031141162075509959e-01,-9.030753429599844284e-02,-1.112427905476424672e-01,-8.473027091844828607e-02,-1.704722857679726866e-01,-1.839986090214713044e-01,-1.514174921026958665e-01,-1.769421320737627201e-01,-2.505060324838869201e-01,-3.336765385140361140e-01,-3.118466384899421517e-01,-1.771856291285302809e-01,5.738611297404437595e-02,-1.021764333543141723e-02,-2.059557453712572150e-01,-1.528396654089426709e-01,-1.462001344719568718e-01,-3.329973250000896057e-01,-4.162269564331557148e-01,-3.904755958363650414e-01,-4.328573097793893543e-01,-5.071996215038337974e-01,-4.807458786427080688e-01,-3.639100795143022649e-01,-2.952843487259463329e-01,-3.989667942556379687e-01,-3.200567579509356331e-01,-1.622083735323736620e-01,-1.542001342372367467e-01,-3.271007553488998187e-01,-1.470563252547597011e-01,4.014423606702173519e-02,2.008326204443606211e-01,1.316423876452448016e-01,5.387740248351358119e-01,5.975730639695324697e-01,6.051481538754267531e-01,4.103776840312902130e-01,4.460573473377538872e-02,-2.219517977942733200e-01,-4.704710747356650735e-01,-4.780092590777281769e-01,-4.057020942087640747e-01,-2.901921431868860202e-01,-8.641190390693227752e-02,1.294844166040210187e-01,1.294296162030247055e-01,-6.869399997277117476e-02,-2.894859661974590395e-02,1.545881369964211827e-01,2.355077495246191421e-01,1.763146304729484581e-01,1.842235443954439722e-01,2.461421384269558144e-01,1.875762678012592999e-01,1.437757218469791765e-01,1.344000988377652417e-01,8.982457803086220383e-02,1.666515798683803895e-01,2.662596473887124948e-01,3.042468416236644435e-01,2.818848559368280493e-01,2.458787606101839607e-01,3.226569208975431889e-03,-1.817057843213880364e-01,-4.170947126502889679e-01,-4.256562196242467677e-01,-4.571778939417096010e-01,-3.845468539125992957e-01,-1.375696191224016207e-01,6.050621863161839697e-02,2.030804578546811234e-01,2.857889652660267621e-01,1.392966055573725825e-01,-5.063532287466725179e-02
-1.721442633781145315e-01,-4.039283045823229279e-01,-4.828198216029475076e-01,-5.032590602665663049e-01,-4.111883428181331568e-01,-1.757684729935525547e-01,1.231313561036122550e-01,4.231570828303056475e-02,2.306802775269118644e-01,5.831820582856441781e-01,7.215448063258116385e-01,8.816198844656460976e-01,9.999999999999997780e-01,8.750149399401402350e-01,6.770091018617467871e-01,5.212220424505141780e-01,1.234452412058213017e-01,-6.275055702766632604e-02,-2.837830493557758071e-01,-2.996394795297253055e-01,-2.108059713895220344e-01,-2.558152893032022979e-01,-2.433071516888853092e-01,-2.888775956858761207e-01,-3.862532866355229966e-01,-4.284998640434993233e-01,-5.067358851434798916e-01,-4.208360263421637160e-01,-2.517220329155991920e-01,-1.219769918784751189e-01,-3.000015622948630500e-02,-1.564185984268999796e-01,-5.238250553127479781e-02,-1.241309618658398978e-01,3.274090059104121236e-02,8.346155907329158921e-03,1.471547986833497412e-01,1.076548063535083533e-02,-4.570262137135409214e-02,-1.700839098880337352e-01,-1.890583154984305791e-01,-7.734015977423382149e-02,-5.659968493202500311e-02,-8.822443959515860468e-02,-8.825784506814347841e-02,-2.938596304184473151e-01,-3.350209985760382869e-01,-2.935606055973215556e-01,-3.170218022018039261e-01,-3.292324998270246827e-01,-4.016344400594873965e-01,-3.734385483906931258e-01,-2.860496398466415569e-01,-1.173990923167649025e-01,-1.353129986308991284e-01,-3.189827184527557757e-01,-2.558873967794283999e-01,-2.594397443869866371e-01,-4.228114190430146135e-01,-5.034456114945495830e-01,-4.835241291512150097e-01,-5.037544366341156765e-01,-5.085245133764265679e-01,-4.126898617252163781e-01,-2.451278036864360244e-01,-1.181510389352770085e-01,-3.920764746028108649e-01,-2.848401742986804153e-01,-5.577033886159377118e-03,-1.672474469625784832e-01,-2.802847985587101909e-01,-1.710625757255472557e-01,2.870520414613819682e-01,5.148316117436334549e-01,4.383072044520125998e-01,7.426260976418251891e-01,5.743090880559184042e-01,4.730331285116005091e-01,4.126714045983855272e-01,2.658635670286626368e-02,-1.890629811795510040e-01,-5.223120437464157106e-01,-5.334357047525197792e-01,-4.872833688044179712e-01,-3.698815621071049886e-01,-2.300686979428964163e-01,4.748564039871824155e-02,1.762529727668442348e-02,-1.800864184016806036e-01,-4.654841782080667428e-02,1.892824726099329724e-01,2.267061225880056818e-01,1.714968201427958805e-01,2.208923890538416202e-01,3.151758998444073034e-01,2.781232962894579774e-01,2.158315485968559100e-01,2.093380567798238112e-01,1.591123592735736170e-01,2.164710511472504872e-01,3.438251480966081908e-01,3.529859992581811379e-01,2.737002285654311362e-01,2.610176297921860677e-01,-7.403556720520236556e-02,-2.114440382762631243e-01,-4.830271114458160042e-01,-5.123799989439559166e-01,-5.611415540439540495e-01,-5.167365909340223551e-01,-3.030539988709179955e-01,-1.078970431169057748e-01,-1.724886161146940711e-02,1.384861285426960131e-01,8.737265375752568952e-02,-4.994308931922775835e-02
-1.510559601207345226e-01,-4.045368943716676213e-01,-4.572299905926772712e-01,-5.145040114274993526e-01,-5.061710118580263762e-01,-3.803136033268774141e-01,-1.477945026874629975e-01,-2.309203206832408650e-01,-1.021946783373712947e-01,2.663820938034079377e-01,5.180053759700109506e-01,6.932113853260172265e-01,8.750149399401402350e-01,9.999999999999998890e-01,8.680082683984410297e-01,7.155179453009072876e-01,3.902694656576207177e-01,1.818574195883507494e-01,-1.077685956377942844e-01,-1.068926493794997157e-01,3.405893478242496414e-02,-1.043255376330910478e-01,-1.644956794153438762e-01,-2.646343327203560802e-01,-4.350759937802340382e-01,-4.700983957843967720e-01,-5.316136958717926353e-01,-3.911133214898634414e-01,-1.877689969717610818e-01,-2.708848125700519683e-03,1.325270930595865981e-01,-8.585937527230635968e-03,2.034086030382820445e-02,-6.557035783064937666e-03,1.207689672030175659e-01,1.063281863567464985e-01,1.758958676098997809e-01,3.179863354577210088e-02,-3.123815114693143796e-02,-1.953611252691331568e-01,-2.036236073711158723e-01,-4.901509607679899183e-02,-4.222640664137163047e-02,-6.878539666295076238e-02,-8.422924399992209876e-02,-3.124541237972253138e-01,-3.863433883216182974e-01,-3.158859935622737036e-01,-3.386664965284860718e-01,-2.617169966465656139e-01,-3.186896698380319304e-01,-3.143281221541562309e-01,-2.982768614778326666e-01,-2.461948468903433496e-01,-2.100450323673499486e-01,-3.572081596728409747e-01,-3.238657587776339608e-01,-3.331743958025048524e-01,-4.430126708884221665e-01,-5.131403719492012572e-01,-4.849062896370546216e-01,-5.189086936050572030e-01,-5.327250716399756225e-01,-3.285608659311509139e-01,-1.084333382480333619e-01,-6.126391320933797374e-02,-3.684424534962399966e-01,-2.137478609700574350e-01,8.513161171935240690e-02,-1.522549037463949706e-01,-2.739772882724890724e-01,-1.615284277983634886e-01,1.199654635881080705e-01,4.029156377004378675e-01,3.507296367041211616e-01,7.290755719093461318e-01,5.750644959734313444e-01,3.380467525230114179e-01,1.814885312974386378e-01,-1.894129449715852287e-01,-3.856660609490455416e-01,-5.759327799326966479e-01,-5.134124464802507504e-01,-4.060991957818982367e-01,-2.830220517276929582e-01,-1.540083929691396514e-01,9.036883421863955990e-02,1.686110542878777301e-03,-1.940878158166524925e-01,-3.876407760639432459e-02,1.662832885937608474e-01,2.105229380594014488e-01,1.480054784356493736e-01,1.880647008369809858e-01,2.806367961612711848e-01,2.239102000356304745e-01,1.904853335663606317e-01,1.910253471747756782e-01,1.453253636512131519e-01,1.750251356784680856e-01,3.383086546097527902e-01,3.560111370922198204e-01,3.107694669187254233e-01,3.669366192000297344e-01,9.735381553180150194e-02,-6.769338181494735651e-02,-3.756968689387372162e-01,-5.014062385182186388e-01,-5.841229374355818571e-01,-5.906652744331338800e-01,-4.259764489547229749e-01,-1.640974497562483481e-01,-6.470198182712959267e-02,2.024195118217081979e-01,2.815436391904522218e-01,2.006664657499655502e-01
-1.616051097572653306e-01,-5.699389828478443887e-01,-5.856128627273009535e-01,-6.103432967099881035e-01,-6.085074994425355710e-01,-4.521097269847387246e-01,-2.011116366264732724e-01,-2.302277554347312294e-01,-9.352450745205230509e-02,2.164223229955792582e-01,5.199145313266883006e-01,4.936196839826063609e-01,6.770091018617467871e-01,8.680082683984410297e-01,1.000000000000000000e+00,8.728279033560011335e-01,6.498866494489217160e-01,3.596818676765660139e-01,-8.996313420777141134e-03,5.804500877187596802e-02,3.029818895483586405e-01,1.507021548701777680e-01,8.237537483958239093e-02,-8.772189756211409839e-02,-3.121490581977094392e-01,-4.286945167400011414e-01,-5.378201143911655047e-01,-4.229363850578510275e-01,-2.276608958545124073e-01,3.559757858501397948e-02,2.754449055949761971e-01,1.203949103414542754e-01,1.297681730452028837e-01,8.161831931623583780e-02,2.269503936375404929e-01,1.411971322723462874e-01,1.998729027889831478e-01,-5.397376006340029800e-03,-9.544084990050125117e-02,-2.820494523137365706e-01,-3.292230219186353946e-01,-1.416003989973170785e-01,-1.302472912823041118e-01,-1.771340016343439239e-01,-1.587997016618884205e-01,-2.972227812838615368e-01,-3.580030472972969835e-01,-2.468367938316030630e-01,-2.512794615756393513e-01,-1.459026797169242773e-01,-2.462773498832546148e-01,-3.463617403414016582e-01,-3.759201953797026707e-01,-4.456563342164546193e-01,-3.638647669473285551e-01,-4.880926511290370473e-01,-4.825958289224862030e-01,-4.696001941148563730e-01,-5.590088502303389717e-01,-5.947472587033371116e-01,-5.659857769207402578e-01,-6.468374490111201691e-01,-6.528909799836476457e-01,-3.017271529462832169e-01,-9.769380066421765041e-02,-1.741779024269046461e-01,-4.866782426854779353e-01,-2.553571650430066509e-01,3.962590083303369620e-03,-1.739288733231600381e-01,-3.579984500089550270e-01,-1.899838289973922456e-01,-1.004334261834059772e-01,2.413165984899395544e-01,3.595329914291454654e-01,8.337152713081867894e-01,7.516393787110239311e-01,4.310304859176405379e-01,2.448021075909702360e-01,-1.448403658195811794e-01,-3.965589934951824214e-01,-5.961595654774918263e-01,-5.690971430837947764e-01,-4.549599309113531720e-01,-3.532518277837849441e-01,-1.566069051674820745e-01,1.174684709197428983e-01,-5.368479578519688711e-02,-3.051964610693054247e-01,-1.049322098076016369e-01,1.487885034624184810e-01,2.381281714456942866e-01,2.290023039894820422e-01,2.073443347179578788e-01,3.568131885816437365e-01,2.564589667744527346e-01,1.925741619546579297e-01,2.113961285119471400e-01,1.552270913464030844e-01,2.732628869192580412e-01,4.843951268971323776e-01,5.102948889531895293e-01,4.759050305216652732e-01,5.777992355137383518e-01,2.352018343515832333e-01,-4.559906047761334846e-02,-3.780569707810242375e-01,-5.408068890772796955e-01,-5.774089711719845308e-01,-5.710787472707009593e-01,-3.219256517466068668e-01,4.171572800545229193e-02,1.188909729592525361e-01,4.562828193091123530e-01,6.053822891789450988e-01,5.233246846271391028e-01
-2.521455967465552894e-01,-6.380888114069563910e-01,-6.705133515121428633e-01,-6.574011215757071813e-01,-5.549925268254105593e-01,-3.988965579760226365e-01,-1.583478169792817136e-01,-1.793360325363616004e-01,-9.304227781142122844e-02,1.514325638902569160e-01,3.409546164133930857e-01,2.496566649913437019e-01,5.212220424505141780e-01,7.155179453009071766e-01,8.728279033560011335e-01,1.000000000000000000e+00,8.286604847699441390e-01,6.283764902451115519e-01,2.512283414609244869e-01,2.792775342353377432e-01,4.339018620695780371e-01,2.062247290482897288e-01,6.716677251034691709e-02,-1.415851040424584151e-01,-3.614398537819491497e-01,-4.666571556967647472e-01,-5.155095523342733133e-01,-3.583646379423329753e-01,-1.531265747082926343e-01,1.239995432601501552e-01,3.301206449788055552e-01,1.389706546049036817e-01,1.816729039838636262e-01,1.466631100463590964e-01,3.385187044713702242e-01,2.583124929521387059e-01,2.672940711337456476e-01,7.643528752470764298e-02,-9.105680505824502446e-02,-2.604097709608361177e-01,-2.899750470713353123e-01,-1.211590109374085372e-01,-1.205868244414211310e-01,-1.818167661865401630e-01,-1.739860755002609616e-01,-3.392131758250242490e-01,-3.582547182845441380e-01,-2.254128525699900798e-01,-1.958705997396682219e-01,-3.028961716786368261e-02,-6.581149023044730040e-02,-1.249669139063362550e-01,-1.619689123066144487e-01,-3.045298562674406684e-01,-2.474821705489837487e-01,-4.201178381302542175e-01,-5.016465755599079923e-01,-5.246156630943920041e-01,-5.951744954071981342e-01,-5.200983926864801710e-01,-4.149513514284496885e-01,-5.082198143012942593e-01,-4.680682312341234996e-01,-1.526075193691074118e-02,2.561074752024212198e-01,1.791836469713056212e-01,-2.467067500813498182e-01,3.611389382233272383e-02,3.441093344019821032e-01,-5.289964881425648219e-02,-1.545272660396674325e-01,-1.661176233283593595e-01,4.087600164667494484e-02,4.347934586969076087e-01,5.251036225713271444e-01,7.654780463640328270e-01,5.228004108816581841e-01,1.942589944602115815e-01,1.190574153306202948e-01,-1.986628162927349672e-01,-3.641917383304537625e-01,-5.454359064643575783e-01,-5.597597688945323835e-01,-5.350470241411390271e-01,-5.021768332090686959e-01,-4.169598616683710124e-01,-1.625236905359840611e-01,-3.328757561796473197e-01,-4.938552625251488304e-01,-2.925423032606443430e-01,-3.235647714564623967e-02,1.404367343284943295e-02,1.543408901112386100e-01,1.441914621159451904e-01,2.793331511316903826e-01,2.302100040426945105e-01,1.809992823281216245e-01,2.269489557167007898e-01,1.670362630535015547e-01,2.884331597429615202e-01,4.775853060649254966e-01,4.359298235555718604e-01,3.195600150757357261e-01,4.455846932901032509e-01,2.993944075086685599e-02,-1.446592354430696614e-01,-3.626962488279513730e-01,-4.925415590027692470e-01,-5.199138585213740615e-01,-5.570879274600469833e-01,-4.040819689068665399e-01,-1.036267404000738440e-01,-9.771930285739816036e-02,2.214198411172270120e-01,4.542913428963122335e-01,4.230497901045343068e-01
-2.068421153513891053e-01,-5.515422065384470995e-01,-4.951861450107511442e-01,-5.091603029439024652e-01,-5.042918711405776078e-01,-4.641377271498797197e-01,-3.668978648702737044e-01,-3.381449346934294886e-01,-3.228681929306736476e-01,-2.023938425922353901e-01,-2.545907238277069981e-02,-5.660824979585106498e-02,1.234452412058213155e-01,3.902694656576207177e-01,6.498866494489217160e-01,8.286604847699441390e-01,9.999999999999998890e-01,8.761489755844962257e-01,6.249047234548041896e-01,7.055149930717017348e-01,8.475642294142589073e-01,6.466306464103369622e-01,4.507054762599434494e-01,1.321154750244263876e-01,-1.066896086081883938e-01,-2.749150988293123099e-01,-2.961439305306807768e-01,-2.037495523910241579e-01,-1.011340175410751357e-01,2.008970900693621275e-01,4.503694749757657378e-01,3.547792142855433206e-01,3.239475835573188411e-01,3.197309380819913227e-01,4.228892256064170074e-01,2.819276014195527535e-01,1.268037084821635463e-01,-3.156935394467542261e-02,-1.201710489423186007e-01,-2.179725538920019023e-01,-2.577388145398050168e-01,-1.442095788737957074e-01,-1.732048186393153055e-01,-2.217154343500375158e-01,-1.973696912006988602e-01,-1.997835042153848495e-01,-1.332617376004132936e-01,9.707992344366866977e-02,2.447374245101089085e-01,4.589091874871343846e-01,4.327945493211818873e-01,3.017502962982744341e-01,2.005488514715521309e-01,-8.886811230582043752e-02,1.455131883457263207e-02,-8.836750403585447167e-02,-3.379424472538867241e-01,-3.413420321118538769e-01,-3.628338832483884446e-01,-1.571618115098581681e-01,-7.994013811451119306e-03,-2.183608548712490383e-01,-2.003142201330457839e-01,3.742160774552345526e-01,5.402019680510149469e-01,2.124064234025377085e-01,-1.059889616726428646e-01,2.074762284462119966e-01,3.409459329293689778e-01,-9.333633240742800208e-02,-2.013879053450693679e-01,-1.737930802324756385e-01,-2.353932683012600335e-01,1.080098368032969824e-01,2.387766111854079387e-01,4.308125557119884541e-01,3.114045621285668197e-01,-4.061043019222081857e-02,-1.558320756150713693e-01,-3.238842513537532053e-01,-3.806918821011169296e-01,-3.517795007292777720e-01,-3.498667363950372367e-01,-3.093706672985654382e-01,-3.336901478163336598e-01,-2.846602393863419955e-01,-1.919137445592689062e-01,-3.642097427122354958e-01,-4.362593927973945629e-01,-3.370675252278840239e-01,-2.368834895684515662e-01,-1.711019462073802289e-01,3.564819441633022834e-02,-2.645753182122213484e-02,-1.095181974265883353e-02,-7.329269070037972011e-02,-3.834625686746523723e-03,5.997572468710800353e-02,1.312823932871408708e-02,7.807841063547010796e-02,2.488054199419398593e-01,2.331100731749686794e-01,2.101027123615929748e-01,3.633399436991516795e-01,1.415639329704166671e-01,-4.111493364871478262e-02,-1.201132652962434294e-01,-2.929452239620051746e-01,-2.946684799963923407e-01,-3.340550385742350747e-01,-3.057691089987807365e-01,-2.013298947707197611e-02,-6.034458674008540829e-02,2.758046059097896130e-01,6.297745607991834804e-01,6.635269963171325225e-01
-2.014279808667634175e-01,-4.271649993185940297e-01,-3.928987558144747538e-01,-4.076676127516529191e-01,-3.997300546468009474e-01,-4.429353683733990854e-01,-4.336197073590222772e-01,-4.009298199119087358e-01,-4.091424235205785576e-01,-3.624107970835871995e-01,-2.977081653788427040e-01,-2.151992688981566870e-01,-6.275055702766631216e-02,1.818574195883507494e-01,3.596818676765661249e-01,6.283764902451115519e-01,8.761489755844962257e-01,1.000000000000000222e+00,8.890261402543153668e-01,8.592911241880484274e-01,8.012090216608727111e-01,4.953996292859459416e-01,2.153422736897872003e-01,-9.727084702284664874e-02,-2.818544146016256358e-01,-3.302398249562201737e-01,-2.673642631993248253e-01,-3.529808618427833500e-02,1.787518432703143895e-02,3.126586233123966885e-01,4.852475338859872922e-01,3.960312512445077204e-01,3.928991007944935276e-01,4.149000867731036934e-01,4.955438178463005272e-01,3.897333000885617738e-01,1.725163592592927897e-01,5.937468506776195226e-02,-5.592514259942581167e-02,-1.395539042692289788e-01,-1.103755762860800654e-01,-2.717057002685043313e-02,-7.402904762250100967e-02,-1.113133007789113837e-01,-1.405671746680204059e-01,-2.878619080119420026e-01,-2.196955412768942240e-01,-3.586520865825036652e-02,1.702855565515150327e-01,4.518978179044350618e-01,5.261296211767924058e-01,5.774024863152193987e-01,4.326087217551879416e-01,8.165806591426311156e-02,9.678685467765439643e-02,-1.189022563134674304e-02,-2.715097470686603787e-01,-2.177139889103422432e-01,-2.414041734757703395e-01,-3.594482495976673853e-02,2.090653126171941323e-01,6.211697735219615796e-02,-5.703083766245515890e-04,4.883294336045524431e-01,8.149356168801344946e-01,5.053869313853653900e-01,2.582391063107736806e-01,5.953826018956012156e-01,6.181950392710110487e-01,1.929714976661118381e-02,4.379265758417803800e-02,-1.061461142606715119e-01,-1.456246031612805636e-01,1.262636147551683130e-01,6.164541362706842803e-02,1.041416614082751324e-01,-8.501224608113400194e-02,-3.573748461357676987e-01,-4.252382347318232059e-01,-4.744904028989275768e-01,-4.310797527966233056e-01,-2.763838993359623020e-01,-2.791333053488654348e-01,-2.625206681716044099e-01,-3.297609833574970395e-01,-3.708229913895008667e-01,-3.539400327296409743e-01,-4.980810317585511737e-01,-4.465184054906412570e-01,-3.856016062483579865e-01,-3.398268248343913056e-01,-3.327620785659074487e-01,-5.813074231934099029e-02,-1.125961010839562626e-01,-1.150463101140047628e-01,-1.063841603205864655e-01,-3.825762902018638861e-02,3.089100542472075078e-02,-3.930270228151110231e-04,4.903651481524590183e-02,1.502279125963082718e-01,8.165899591893351073e-02,2.096276889111806443e-02,1.858281253854844883e-01,2.104198978485007435e-02,-4.015148984226182827e-02,-3.356072798638370241e-02,-1.894674763504811954e-01,-1.847326784017091217e-01,-3.471807948244207687e-01,-4.454273540288596345e-01,-3.140128531250085397e-01,-3.576918668261896972e-01,-8.638709013607434595e-02,2.933300066126571237e-01,3.705644365298960130e-01
-1.507218900191926447e-01,-2.181851958732183849e-01,-1.461660894152876089e-01,-1.923135601170952169e-01,-2.172539398777946495e-01,-3.236328639341836122e-01,-4.004240342666880448e-01,-3.375928758015190878e-01,-3.883971835134314987e-01,-4.467252768099060911e-01,-4.685631002579615512e-01,-3.251618657174943916e-01,-2.837830493557758071e-01,-1.077685956377942844e-01,-8.996313420777161951e-03,2.512283414609245424e-01,6.249047234548043006e-01,8.890261402543154778e-01,9.999999999999998890e-01,9.388394893158341636e-01,7.263114702345285778e-01,4.568660581807266197e-01,1.808841322765510629e-01,-9.314051796248216941e-02,-1.694166995699349365e-01,-1.581163887115880906e-01,-6.776993285587168403e-02,8.388328089861429859e-02,5.247331309202531852e-02,2.680186498262495665e-01,3.859809486894182351e-01,3.845299511984848762e-01,3.825776136254127047e-01,4.034150546929909376e-01,4.004178512827669123e-01,2.927001789006494215e-01,3.306633373289011996e-02,-1.260423294943152292e-02,-6.110801520360837485e-02,-6.014376279565267214e-02,-1.778167168608256465e-02,-4.103838153962862702e-03,-6.200311166163362253e-02,-7.523599312844055087e-02,-1.059850059202125105e-01,-1.934343906867826424e-01,-1.269977033824718216e-01,1.378214457209746627e-02,2.969010724280390923e-01,5.863328610697061682e-01,7.270055782230476771e-01,8.595171551993737724e-01,7.273814520520952565e-01,3.833690111618122676e-01,3.680285064118593574e-01,2.969849489325532277e-01,-3.477826391416864900e-03,5.144750712919588659e-02,4.374900440690954878e-02,2.736000907203594013e-01,5.361245683122565220e-01,3.737252666358180098e-01,2.700593862814226198e-01,6.349517829905021449e-01,8.893107724691269311e-01,5.207342366176368476e-01,4.460307642750620527e-01,7.249388039053886734e-01,5.523332155882844097e-01,7.008205721584787051e-02,1.085687871062719634e-01,-6.999417005592432905e-02,-1.789324026125901357e-01,-3.215832218932173497e-02,-1.399466009580127013e-01,-2.262120733751327439e-01,-3.464375799123327604e-01,-4.801869208544065626e-01,-5.047768744770030347e-01,-4.022703885637307630e-01,-2.882609330569101957e-01,-4.999434250729099805e-02,-4.754975345277214632e-02,-5.271195201508481476e-02,-1.347382434788393646e-01,-2.344961355605310604e-01,-3.354212125316265447e-01,-4.213398127866394005e-01,-2.709074676236780665e-01,-2.958372819189364900e-01,-3.802301730556527648e-01,-4.052464900177488172e-01,-1.591214552540663740e-01,-2.087265883493592822e-01,-2.852982479016765716e-01,-2.585680109935772353e-01,-1.445308838711162613e-01,-8.380674370451361710e-02,-9.796219297774194645e-02,-1.109807675910246816e-01,-7.179375069090217221e-02,-1.226598039348810731e-01,-1.318314772918378341e-01,8.348736095354133274e-04,5.431827119532288764e-03,2.212784103737709326e-02,1.254463029200534874e-01,1.512590287942640289e-03,3.047283833444347154e-02,-1.182717677038159082e-01,-2.919798262222994545e-01,-3.026935658170522014e-01,-3.759980210358387920e-01,-2.433245191590451828e-01,7.214653703856049871e-02,1.468985778755011462e-01
-1.062231833714054607e-01,-2.732786563277135317e-01,-1.568016638846621291e-01,-1.869863188015704614e-01,-2.523131915260330982e-01,-3.160588908465376545e-01,-3.827950487294918824e-01,-3.012198919373887396e-01,-3.742999848204870972e-01,-4.377469462698463376e-01,-4.313852529543170666e-01,-3.280010712628095293e-01,-2.996394795297252500e-01,-1.068926493794997296e-01,5.804500877187597496e-02,2.792775342353377432e-01,7.055149930717017348e-01,8.592911241880485385e-01,9.388394893158341636e-01,9.999999999999997780e-01,8.795108867394417773e-01,6.820160390093689129e-01,4.170311112908705042e-01,1.011256354327928764e-01,-4.656339573185437272e-03,-7.910888590948084165e-02,-3.347163029299124459e-02,4.062746905952010351e-02,-2.465257780660866718e-02,1.888528364424645056e-01,3.579388714986876940e-01,4.195921492770003924e-01,3.691640983177512103e-01,3.635658145600883517e-01,3.129727154891476237e-01,1.806216886513111186e-01,-7.594426168428115853e-02,-1.272588279335657713e-01,-6.670563423997531716e-02,-9.300297016080910639e-02,-6.588450472911741573e-02,-5.389236632043116482e-02,-1.007761362982774050e-01,-1.081056924219044035e-01,-1.133104339500986407e-01,-1.162646467535601025e-01,-2.739696343593234391e-03,1.936199828259467792e-01,4.878267052685864580e-01,7.596372141929602639e-01,8.214051503923983644e-01,8.076854489878972920e-01,7.277860706062361240e-01,3.757550878999044719e-01,4.301658057037711091e-01,3.495665169279738582e-01,-1.949961943729059538e-02,-1.703369289002023418e-02,-3.815312425043715892e-03,2.711010193079755326e-01,4.887020011820987775e-01,2.292130153237457446e-01,1.736644655431657247e-01,6.150710508599096515e-01,7.477702341779557393e-01,2.795201607631039309e-01,1.904341359647769016e-01,4.803883707928874314e-01,3.164376958970905318e-01,-5.419524690176451276e-02,-1.209485087530117464e-01,-1.146200016866824739e-01,-3.225181705208574057e-01,-1.718611544142261416e-01,-1.550289020022260489e-01,-1.752719707693454754e-01,-2.219902665609593539e-01,-3.916463958858733552e-01,-4.401777303466588021e-01,-3.412901653884335973e-01,-2.465471384972955371e-01,-2.283512315206474852e-02,-2.272141569235023098e-02,8.064513491293917591e-03,-8.025300773879809335e-02,-1.000845413295900627e-01,-2.005130448948231614e-01,-3.123570555878870669e-01,-2.548688140442177952e-01,-2.837424285125957901e-01,-3.689161519897733443e-01,-3.231577368569159558e-01,-1.091543075975772298e-01,-1.851014139205012232e-01,-3.120343179241832909e-01,-3.432067368103954297e-01,-1.727760163989327524e-01,-1.261085490482722615e-01,-1.329962878194097531e-01,-1.971565551836182983e-01,-1.126139826390354093e-01,-8.764993571823931351e-02,-2.022057028078521473e-02,8.935068057354988991e-02,1.381888627564434591e-01,5.429928897237980279e-02,1.476012977521115044e-01,-7.985119496635087596e-04,3.992528949861301468e-02,-5.063493805108376655e-02,-1.851187813169138385e-01,-1.404432635304211641e-01,-2.136803328163337790e-01,-4.655436963372509840e-02,2.877139949182035417e-01,3.747557172901254674e-01
-9.345431840561156667e-02,-3.364578573080996282e-01,-2.106424481993268982e-01,-2.296645160532083951e-01,-3.382129195093120932e-01,-3.868326590824574529e-01,-4.353793802725600126e-01,-3.800805552685847521e-01,-4.281427591134561172e-01,-4.328118296559668732e-01,-3.214763351257952095e-01,-2.609053318615647821e-01,-2.108059713895220344e-01,3.405893478242495720e-02,3.029818895483586405e-01,4.339018620695780926e-01,8.475642294142589073e-01,8.012090216608727111e-01,7.263114702345284668e-01,8.795108867394417773e-01,9.999999999999998890e-01,9.008665601103881260e-01,7.042410875503745116e-01,3.654957550698287316e-01,1.514669951774066381e-01,-5.943100285787251275e-02,-7.129799035850033218e-02,-5.447167419831511204e-02,-8.459134273520706182e-02,1.644452291637447938e-01,4.033438769126553303e-01,4.509034145744321154e-01,3.508902958417093876e-01,3.575084686244218712e-01,3.255155713074294188e-01,1.658814909409661587e-01,-8.075127053883074391e-02,-1.692672233248814495e-01,-7.895260011325534732e-02,-1.550715138230603918e-01,-1.731226010040199936e-01,-1.127212703870773963e-01,-1.485144503272990135e-01,-1.661210759276724735e-01,-1.383952478053418478e-01,-2.319186138844418418e-02,1.270083004129524129e-01,4.022207135678546042e-01,6.086751939233673303e-01,7.970936079645083439e-01,7.407739411538547536e-01,5.421439628372453079e-01,4.461301255636122010e-01,1.176743259652730800e-01,2.576187095499847257e-01,2.135780577651554546e-01,-1.399723625692995133e-01,-1.390115466938262601e-01,-1.090081743075277526e-01,1.500096927210890774e-01,2.799552725221162719e-01,-4.709819019088693805e-03,-6.609928118307504576e-03,5.170008477200837005e-01,5.310730287837257535e-01,5.344198676340924936e-02,-8.122551118802144587e-02,1.773404351617687558e-01,1.287402198018745003e-01,-1.177857574275198438e-01,-2.726316019246819433e-01,-1.372016024554273961e-01,-4.195565232401239353e-01,-2.398424074882564705e-01,-1.153515064595156264e-01,2.210464583962681515e-02,6.235732545157336715e-02,-2.283395173492897279e-01,-3.577795592594869012e-01,-3.703163042435611563e-01,-3.232377857528054288e-01,-1.174631147381716423e-01,-9.018854516357600881e-02,-1.322626114754874016e-02,-7.783597922895624244e-02,-2.155304850753602883e-02,-8.416160601504717176e-02,-2.295840072284230926e-01,-2.617779191830015839e-01,-2.689793051865772555e-01,-3.261908953783563270e-01,-2.283580953857235196e-01,-4.783233988017761285e-02,-1.425886218756115265e-01,-2.592999093187385307e-01,-3.400678013469847771e-01,-1.602450445126656631e-01,-1.111049332173244114e-01,-1.270696494636466001e-01,-1.711798364631245128e-01,-3.711183132406786073e-02,1.715083710637833533e-02,1.208164648484751774e-01,2.377019580644862684e-01,2.640222496058757251e-01,7.211785990439562033e-02,1.022420453296633142e-01,-8.115540449335793827e-02,-6.401039779352044046e-02,-9.245207469142159573e-02,-1.650541911381863680e-01,4.837532413336809167e-02,1.034998875644822574e-03,2.891864401081628011e-01,6.573369177062970969e-01,7.522218351605198805e-01
-2.751280601767749912e-02,-2.168799896587368103e-01,-7.561503281200976367e-02,-8.560777236420856473e-02,-2.181809075291912259e-01,-2.543645912023794198e-01,-3.213875138612176108e-01,-2.611726476176345901e-01,-3.143212057868662868e-01,-3.573531964325429855e-01,-2.525663341634280523e-01,-2.127965843175836924e-01,-2.558152893032022979e-01,-1.043255376330910478e-01,1.507021548701777958e-01,2.062247290482897288e-01,6.466306464103369622e-01,4.953996292859459416e-01,4.568660581807266752e-01,6.820160390093689129e-01,9.008665601103881260e-01,1.000000000000000000e+00,9.293155449557067849e-01,6.633340583278337643e-01,4.772094403585719902e-01,1.941761173337973045e-01,1.254128363967775273e-01,-5.550517386930597236e-02,-1.561322601347774619e-01,-1.803953490844505516e-03,2.239364853151115664e-01,3.458432492885286091e-01,2.294169796053228960e-01,2.213369859047584487e-01,1.492773319365244267e-01,-2.068596076435512410e-02,-2.461517528072412753e-01,-2.970560643625674291e-01,-1.084123305298155537e-01,-8.540835082830797176e-02,-1.538996712070862527e-01,-1.537493761735913289e-01,-1.826304835699903428e-01,-1.771840500681696740e-01,-1.080863603924175492e-01,2.310812104527647792e-01,4.095127231478987162e-01,6.980925861232243346e-01,8.398796737492866260e-01,8.902467081245525327e-01,7.583726115198180517e-01,4.226732182435365970e-01,3.754500053328191922e-01,1.561336388458683666e-01,3.426901275541996417e-01,3.489127406637628215e-01,-1.629766238289123703e-02,-5.410386835699800695e-02,-3.482509685521752163e-03,2.719096023424823483e-01,3.042330763017314088e-01,-1.086527754332113072e-02,4.348255467270896457e-02,4.910722722514040406e-01,2.778872014630562881e-01,-1.864670208557664410e-01,-2.290233901144509698e-01,-9.205761781890474393e-02,-1.468556822112199733e-01,-1.280440437832498779e-01,-3.548388810959825501e-01,-1.203684907933812442e-01,-4.616794265849671897e-01,-3.735153752314795961e-01,-1.591697796044339863e-01,-3.419855962053329479e-02,1.431353606012845670e-01,-7.439898810638188864e-02,-2.063269288035572691e-01,-1.939469995635182409e-01,-1.537961715950490749e-01,8.036588807137754961e-03,2.745528392171719956e-02,9.140550576635805835e-02,3.210422744995613392e-02,1.245271584354547684e-01,2.367002914808771438e-02,-6.491829624077041783e-02,-1.275199049152963005e-01,-2.036122717434415419e-01,-3.097750913730049072e-01,-1.654645381197704379e-01,-3.382407322246953896e-02,-1.424247539424916276e-01,-3.293210273619832096e-01,-4.463473117436186910e-01,-2.218343773359563731e-01,-1.869000179045567922e-01,-1.994509888034469713e-01,-2.875212605412680311e-01,-1.595880142496824416e-01,-4.602927397214350708e-02,1.151694685125647932e-01,1.500896091240450092e-01,2.579018257245080936e-01,2.946023376638408006e-02,1.191685467661210418e-01,2.301067300671662871e-03,3.656815735963464542e-02,1.443407161568387997e-01,1.005478299721591501e-01,3.202454796023819217e-01,2.677812758746247468e-01,4.810475571997269717e-01,7.412697277447488631e-01,8.130184986376332024e-01
6.287591680683694666e-03,-1.380099193322143758e-01,7.430439105873447650e-03,-1.022673218786257976e-03,-1.373235529718454528e-01,-1.683722463092461874e-01,-2.260179987652629618e-01,-1.496263981114291375e-01,-1.712699165790145805e-01,-2.301437032094299784e-01,-1.060205768484577538e-01,-1.310851361671022675e-01,-2.433071516888853092e-01,-1.644956794153439039e-01,8.237537483958239093e-02,6.716677251034691709e-02,4.507054762599434494e-01,2.153422736897871448e-01,1.808841322765510629e-01,4.170311112908704487e-01,7.042410875503745116e-01,9.293155449557067849e-01,1.000000000000000222e+00,8.585791605635713086e-01,7.060720430330702513e-01,3.825154038158957159e-01,2.755553600493044764e-01,-5.489806971918627376e-02,-1.733800290232533348e-01,-1.026395470906081298e-01,1.149614730346695118e-01,2.528838087500774878e-01,1.408332085192337269e-01,1.169032917393380278e-01,3.870005408982944706e-02,-1.374212188089508346e-01,-3.087982969812912426e-01,-3.407297734700278080e-01,-1.344702646935183044e-01,-1.665865809977173234e-02,-1.541596615059991071e-01,-2.086690024736176652e-01,-2.191221849600028249e-01,-2.028717414841993971e-01,-8.532047535703399244e-02,4.370414947051088350e-01,5.953487787098880046e-01,8.294131819809551498e-01,8.532275173668214530e-01,7.864189744550891259e-01,6.281197398845185242e-01,2.363091178380801738e-01,2.291370012546304347e-01,1.254571904660626847e-01,3.066657602263287430e-01,3.477658878144871957e-01,3.788782077611028282e-02,-1.002665785902969765e-02,4.765894843310668899e-02,2.917147237568149531e-01,2.390766854136467667e-01,-5.005823930209964134e-02,4.434454682931782132e-02,3.952580100857328582e-01,3.794170265865938474e-02,-3.586859991376060708e-01,-3.359486836685208755e-01,-2.915610934781747154e-01,-3.352559531797091319e-01,-1.490193389896256326e-01,-3.925845689613043921e-01,-1.197416420397488523e-01,-4.891295463496458940e-01,-4.458781528779798276e-01,-1.415290186663738792e-01,3.269243193536709030e-03,2.854250450542198947e-01,1.415190847938857799e-01,-2.291354736917062748e-03,-1.508736532959182967e-03,-1.440798687470483397e-02,9.188135564266505795e-02,1.008915749368911319e-01,1.447807193799690584e-01,1.028045529220673465e-01,2.191691483031628085e-01,1.099887665297804296e-01,4.812557520713963560e-02,-3.262239677483373679e-02,-1.428310086003364565e-01,-2.626807923938977440e-01,-9.369735643979784645e-02,-1.986211289422049140e-03,-1.273248714326715991e-01,-3.120988756071387260e-01,-4.627052279390604372e-01,-2.465552869968673511e-01,-2.146075154178050115e-01,-2.303166586365582580e-01,-3.033048746372040139e-01,-1.783324254539992160e-01,-3.794798359825501954e-02,1.470878645763795678e-01,1.340801840946538592e-01,2.677244901590628001e-01,1.300919043903283473e-02,1.212316680558913756e-01,6.799491972629295722e-02,1.101882977771363181e-01,3.094029142443063263e-01,3.212275154022517509e-01,5.700850098555827472e-01,5.170082830305061661e-01,6.551233692538031006e-01,7.799852297330226447e-01,7.918168427931439046e-01
5.875594020059236866e-02,-1.843224938236435670e-02,7.004097181640212000e-02,7.336134297962747242e-02,-7.540215125276154839e-02,-1.175872868055420767e-01,-1.630185529492767793e-01,-5.517211711053784939e-02,-3.911013852563387239e-02,-1.380601484906280596e-01,-5.376724766687743934e-02,-1.325828963642502467e-01,-2.888775956858761207e-01,-2.646343327203561357e-01,-8.772189756211409839e-02,-1.415851040424584706e-01,1.321154750244263876e-01,-9.727084702284664874e-02,-9.314051796248208615e-02,1.011256354327929041e-01,3.654957550698287316e-01,6.633340583278336533e-01,8.585791605635713086e-01,1.000000000000000000e+00,9.165834966750655566e-01,6.543918179585445083e-01,4.915607788197430272e-01,2.358788674568581406e-02,-1.094301236609920985e-01,-1.427148518214763073e-01,3.668327881470573315e-02,2.029510931634148085e-01,1.137279883876734926e-01,7.359856739913876733e-02,-2.967932421891554887e-02,-2.063210744980337741e-01,-3.056866307579327313e-01,-3.000764903405906958e-01,-1.159312535576138697e-01,1.595894353497618601e-01,-5.346625644103029235e-02,-1.942388262607041005e-01,-1.730020800063104824e-01,-1.185447322487938604e-01,3.818157661524136659e-02,7.570513876930815567e-01,8.172402169450009302e-01,8.702181573302945061e-01,6.589374448331042355e-01,5.122139874462552367e-01,3.765152453866394966e-01,3.422194601066212011e-02,7.095789899223126085e-02,7.525657812120555012e-02,2.198916156079148976e-01,2.596344270367608176e-01,-9.357308192817482412e-03,-6.297378622030666562e-02,1.524226341408027249e-02,2.257877272989007589e-01,1.214672316937023266e-01,-1.019258494724892133e-01,1.054571078459014960e-02,2.126284724320513242e-01,-1.968398026728386263e-01,-4.655747609567140732e-01,-3.517804777892297730e-01,-3.864916019676045700e-01,-4.192028511993593498e-01,-1.080557115554034858e-01,-3.150790081305955281e-01,-6.443567641288094894e-02,-4.556951637679764189e-01,-4.956941276783534689e-01,-1.867966834788839237e-01,-6.571032147226613107e-02,2.885053728234478476e-01,2.510021694637403211e-01,1.092670263371133682e-01,1.318427515216678558e-01,7.278399153284284551e-02,1.700446103002999920e-01,1.609636775076058457e-01,1.794033127552960571e-01,1.208606076738035773e-01,2.432302333326397947e-01,1.203904083787911694e-01,7.624869925140832783e-02,-2.621766814378813718e-02,-1.869534375863609599e-01,-2.992954313064935534e-01,-7.989803677691716122e-02,4.723180507147401765e-03,-1.323630006549711136e-01,-3.137038929793077857e-01,-4.858409691987364276e-01,-2.626222071144562187e-01,-2.361885695177985411e-01,-2.383526980179381805e-01,-3.339306815490452607e-01,-2.115144905668989439e-01,-6.187383946033037790e-02,1.252979686618272692e-01,7.834483863279093074e-02,2.355111737721545528e-01,-2.400993321188966273e-02,1.509090139973095490e-01,1.864318198196424359e-01,2.240154417719625590e-01,4.786660800644438329e-01,5.321990126809941213e-01,7.431382508857246050e-01,7.253214462408884566e-01,7.174080664952876552e-01,6.290769101634049454e-01,5.917649527521816610e-01
7.229928038258688627e-02,1.137889481290394883e-01,2.309654901825774209e-01,2.179412625116246560e-01,1.197644897780396622e-01,9.143490199599434154e-02,2.830147840490715438e-02,1.727652457431089472e-01,1.399369011927831252e-01,-3.281636867541690150e-02,-2.811652218150992311e-02,-2.007561385264878817e-01,-3.862532866355229411e-01,-4.350759937802340382e-01,-3.121490581977094392e-01,-3.614398537819491497e-01,-1.066896086081884215e-01,-2.818544146016255803e-01,-1.694166995699349365e-01,-4.656339573185435537e-03,1.514669951774066659e-01,4.772094403585719902e-01,7.060720430330702513e-01,9.165834966750655566e-01,1.000000000000000000e+00,8.622854699548341273e-01,7.381750199095274967e-01,1.912696494925814894e-01,-2.737070172319506361e-02,-2.087226307118456026e-01,-1.297829348027810248e-01,7.350430811667331421e-02,-2.669203500356648329e-02,-6.817086363559825279e-02,-2.119012418743832782e-01,-3.339907009244251213e-01,-3.603298282284252974e-01,-2.862156416015300131e-01,-8.634211207995667881e-02,3.139354785188576691e-01,8.136790849957914462e-02,-1.922950742721803996e-01,-1.698674045604277039e-01,-1.223085752206825028e-01,3.994538376742345215e-02,8.223663804372379760e-01,8.241659362047579762e-01,7.541818778241423660e-01,5.909640121944356173e-01,4.292849192504137323e-01,3.469426719299077977e-01,5.256427622579508407e-02,1.007989139122986155e-01,1.281958431745464644e-01,2.585744286431350125e-01,3.828136648717294643e-01,1.435449071135272148e-01,6.449229315916922556e-02,1.960581381294005110e-01,3.957836492482874613e-01,2.369475081979550701e-01,4.471620380503877473e-02,1.934545808562233848e-01,2.579221196864101562e-01,-2.355134179313308485e-01,-4.575298632179475300e-01,-2.672885125186686972e-01,-3.688507033666166834e-01,-4.762980227046586523e-01,-1.088796291391211785e-01,-2.816999025933584755e-01,-8.166598058830475126e-02,-4.001615127582273668e-01,-5.011242467234079401e-01,-1.504410772348875880e-01,-1.547207290062547758e-01,1.870246304656580094e-01,2.916054863459719981e-01,2.528950608570988967e-01,3.866029636497663180e-01,3.605890899811374228e-01,3.988799096846106784e-01,3.686934842999118889e-01,3.158673285746017023e-01,2.647878128040338508e-01,3.126193916367215886e-01,1.493111304858431021e-01,1.536027090769721826e-01,1.047905440574639496e-01,-6.915043723060242120e-02,-2.327746161954671877e-01,-6.122806547862996024e-02,-2.766770788513940940e-02,-1.461563378024382243e-01,-3.364642159266207355e-01,-4.963691898820699611e-01,-2.926230673186215880e-01,-2.787163461707733436e-01,-2.581015827237884142e-01,-3.645244122559747613e-01,-3.219249322498090038e-01,-1.663151415466938565e-01,2.863524955248837600e-02,-6.206749907448482623e-02,1.748050865195739378e-01,2.701384490994733489e-02,2.630810727229329626e-01,3.904511516768197632e-01,4.599775715941235021e-01,7.548952337441559024e-01,7.871513351427957828e-01,8.344282127181210651e-01,7.628375545071848229e-01,5.767725815159803204e-01,3.852650221298977717e-01,3.238318703273513899e-01
1.207909421092021873e-01,2.505910721212377124e-01,2.989192854816447031e-01,2.633017685798374474e-01,1.681809373950565456e-01,1.135990707553318213e-01,4.264194169716866573e-02,1.733846862877356787e-01,1.064538563154629608e-01,-7.834149300557935458e-02,-1.118389937015672048e-01,-2.619558040558694345e-01,-4.284998640434992678e-01,-4.700983957843966610e-01,-4.286945167400010304e-01,-4.666571556967647472e-01,-2.749150988293124209e-01,-3.302398249562201737e-01,-1.581163887115880906e-01,-7.910888590948084165e-02,-5.943100285787247805e-02,1.941761173337972490e-01,3.825154038158957159e-01,6.543918179585445083e-01,8.622854699548341273e-01,1.000000000000000000e+00,8.447854952549059826e-01,3.364632283519896627e-01,-3.295983559069318169e-02,-2.808916995831772234e-01,-2.533151428173839870e-01,-2.440025818210834335e-02,-7.705492685622429561e-02,-1.425050361805819121e-01,-3.074875201751606779e-01,-4.067934211911234388e-01,-3.698497729678616452e-01,-2.665812200858303505e-01,4.427969193331866490e-03,5.915333191243314914e-01,4.261328184184444701e-01,-7.697415983661866357e-02,-6.221792101077656262e-02,-2.260444637767163034e-02,9.331096540562459907e-02,8.532226730072293153e-01,6.864267626946098932e-01,4.686152658366606327e-01,3.665630422051362469e-01,2.370994343966596196e-01,2.182485996882954082e-01,4.090560186476676491e-02,4.533644956916146884e-02,3.377194526265010766e-02,1.371675730544103800e-01,3.112655465752727779e-01,8.321683985606867506e-02,2.477271594138957464e-02,2.213842866352796201e-01,3.672433260720150972e-01,2.192472964187281159e-01,1.250978357888296866e-01,2.526321847971703116e-01,1.901032235954726590e-01,-1.832285455800312379e-01,-2.983836051002896617e-01,-6.050998270271991386e-02,-1.787152786234530166e-01,-3.079585179515957338e-01,-3.899243112945473266e-02,-8.864354691060248592e-02,-2.153427688843086510e-02,-2.759626189885069913e-01,-4.178946386817175562e-01,-1.782888558370863685e-01,-2.652742230637716858e-01,1.069963777211945140e-02,1.850666010076603696e-01,1.937775005466420841e-01,4.043987077082386028e-01,3.802321230867563573e-01,3.784271794951915013e-01,3.673815722434711772e-01,2.933736679355908872e-01,2.705655656716988711e-01,2.858688854730069839e-01,1.190974684572034120e-01,1.480747855620389020e-01,1.216867268784632833e-01,-6.182370339775812573e-02,-2.227106609032440399e-01,-6.728576622627703563e-02,-2.460853354504841800e-02,-1.349340302635131661e-01,-3.241043541738544698e-01,-4.607771633181047544e-01,-2.728125198933333273e-01,-2.727383844048059669e-01,-2.222824768197222967e-01,-3.185568922720647400e-01,-3.293201453896766329e-01,-1.865641191000139698e-01,-1.868210907591127609e-02,-1.393180208182035473e-01,9.197026575442664165e-02,-5.112072137539308558e-03,2.125821696755148260e-01,4.008779775218764829e-01,4.983381789347418045e-01,8.109428366817671430e-01,8.433114115138786726e-01,7.094697275302218609e-01,6.455979419767139404e-01,3.371070182745204424e-01,9.092823936707009058e-02,2.202271482323581858e-02
4.767084345761239683e-02,3.880024147500352183e-01,5.008545045748832303e-01,4.408244587646972801e-01,4.100868685367152766e-01,2.971049586117828212e-01,1.194347611124632891e-01,2.218831663958406586e-01,5.096643696724847267e-02,-1.673995885856306431e-01,-2.625479876716755867e-01,-3.725754128154982192e-01,-5.067358851434798916e-01,-5.316136958717926353e-01,-5.378201143911655047e-01,-5.155095523342734243e-01,-2.961439305306807768e-01,-2.673642631993248253e-01,-6.776993285587168403e-02,-3.347163029299124459e-02,-7.129799035850033218e-02,1.254128363967774995e-01,2.755553600493044764e-01,4.915607788197429162e-01,7.381750199095274967e-01,8.447854952549059826e-01,9.999999999999997780e-01,6.908039415700831798e-01,3.724767726249537114e-01,-8.924832185390236747e-03,-1.798846931954125594e-01,-3.482099242062485639e-02,-1.807350533008846849e-01,-1.449264340124305217e-01,-2.819752803214018444e-01,-2.075153570581525497e-01,-1.891347267973632340e-01,3.875006551555721518e-02,1.498519306029243714e-01,4.885559015390722459e-01,2.788093228099897125e-01,-7.647846056419149718e-02,-7.118912225714246755e-02,-9.427684368234592882e-02,1.380803218062872685e-02,5.953292765297729661e-01,5.806599864336240424e-01,3.958117035899857972e-01,2.984710624115209376e-01,1.848378137225884510e-01,2.189804226995788194e-01,1.276552428877388845e-01,9.275597078766253945e-02,6.418059018701735563e-02,8.403838053949215514e-02,3.738541757355656192e-01,2.888709878334362879e-01,2.588382206652752315e-01,4.728642816201314991e-01,5.843918811281857417e-01,4.023092045180513554e-01,3.912506958133968871e-01,5.262952619035033974e-01,4.007522957792031826e-01,1.147678886608854108e-03,-6.516326887035141235e-02,1.455670728973713912e-01,-2.859499939508202901e-02,-1.636280791276612523e-01,-4.630500989519246990e-02,-1.134774016363809292e-02,-2.706641043802211072e-02,-1.669538824271333821e-01,-3.253280431021402519e-01,-1.237803429020235407e-01,-3.690333035985761123e-01,-1.829853067343273632e-01,2.253284961538373592e-03,9.146964424581736919e-02,4.006027667358157407e-01,5.515801554527977046e-01,6.926632100353842247e-01,6.584800530148487985e-01,5.196999526318377693e-01,4.551638524156590426e-01,2.920229276006203190e-01,4.010683860485290964e-02,1.038564971822689004e-01,2.503751797499916276e-01,9.452369325391632437e-02,-1.682264563213509978e-01,-1.710621129783744254e-01,-1.504397926938801089e-01,-2.153144451808275128e-01,-3.724003436880940487e-01,-4.302739374500116898e-01,-2.995402692635857900e-01,-3.021489490099886766e-01,-2.246826753617915118e-01,-3.215463513044244936e-01,-4.790387121894523204e-01,-4.156116461349770308e-01,-2.636676362113255512e-01,-3.491798015773538433e-01,2.654970314218818919e-02,1.994721193488390443e-01,5.230262157549638857e-01,7.763085261377312696e-01,8.464772400059894508e-01,9.399123704769130061e-01,7.369623460194082432e-01,5.458449041226413057e-01,3.921269553155923848e-01,1.123553506174047451e-01,-6.029180962481182210e-02,-6.450676111790266953e-02
6.746607191052425567e-02,3.433523192960671322e-01,4.162529054394397132e-01,3.740193777926216767e-01,3.724223896203214257e-01,2.264933619823488176e-01,2.292790838089345598e-02,7.744107927004439951e-02,-1.030686493520335950e-01,-2.673544575139416013e-01,-3.965003675164489594e-01,-3.760074045994263314e-01,-4.208360263421637160e-01,-3.911133214898634969e-01,-4.229363850578510275e-01,-3.583646379423329753e-01,-2.037495523910241579e-01,-3.529808618427833500e-02,8.388328089861431247e-02,4.062746905952006188e-02,-5.447167419831509816e-02,-5.550517386930601399e-02,-5.489806971918630846e-02,2.358788674568575855e-02,1.912696494925814616e-01,3.364632283519897182e-01,6.908039415700832908e-01,1.000000000000000000e+00,7.160179373426313054e-01,3.860980256666767252e-01,2.470533905587546028e-02,-2.592243231229427944e-02,-1.759121828749207195e-01,-1.939550795108011677e-02,-5.086519622181003702e-02,2.355267725210292429e-01,2.117702744535316650e-01,5.006529762149598550e-01,5.147687032237781013e-01,3.566853094003271663e-01,2.011943402958363269e-01,6.259528392258343309e-03,-8.238908064876575982e-03,-9.730321680312359334e-02,-6.291774772292481333e-02,6.612313455723524414e-02,1.879519252121698569e-01,8.040690392718130575e-02,6.915588689716099628e-03,-2.714296385445913451e-02,3.592176554192541560e-02,1.034547276327821841e-01,1.136814998745924732e-02,-8.268275547817473259e-02,-1.809118430896837215e-01,9.815774687781048113e-02,1.565931580926106514e-01,2.191675152928310166e-01,4.128242755363645822e-01,4.063374510945006457e-01,2.947651451197845773e-01,4.128678658312216476e-01,4.523218189737349682e-01,2.990518187232079628e-01,1.802269995189380580e-01,2.120188793941488736e-01,3.325513475369673566e-01,2.196745103991384618e-01,1.328701846560288446e-01,1.842721001853424648e-02,1.343313801363969495e-01,-2.879824090444136481e-02,-2.921970727664971110e-02,-1.485018716114850090e-01,-1.747753504541801617e-01,-4.163324156298328638e-01,-3.957873585610217071e-01,-2.943613426254176324e-01,-1.865622244969598331e-01,1.241739085145789206e-01,3.506863229808788174e-01,6.057720945224430720e-01,5.415250448476474077e-01,4.412374329312090393e-01,3.614975322450136308e-01,1.283597763230142075e-01,-8.862688903012146124e-02,1.067631237135813899e-02,1.930049652412193784e-01,1.066063997910090405e-01,-1.177067513455061776e-01,-1.984032047415911493e-01,-1.397841440779963029e-01,-1.863729559702108074e-01,-2.923644685528080100e-01,-2.397008076888921257e-01,-1.938900894482899206e-01,-1.947793745350952233e-01,-1.329918975794610603e-01,-1.963266470170006717e-01,-4.320324149949038572e-01,-4.434234171890274467e-01,-3.604009289003703431e-01,-4.238783225656112541e-01,-8.055767113617216812e-02,2.787024765128923165e-01,5.733599660814878707e-01,7.812780647146703172e-01,8.147057728391650100e-01,5.705921602982267915e-01,2.451141798595170562e-01,1.588575400491352291e-02,-1.200785281985307790e-01,-2.323851081776350802e-01,-2.311819586219839573e-01,-1.439269520972841776e-01
-6.928403352793151282e-02,2.201178696313273730e-01,3.190491451761340858e-01,3.149061082426383718e-01,3.891060764380067094e-01,2.385992691785846498e-01,3.671788311111673364e-02,2.048111092792562205e-02,-1.370339100701180590e-01,-2.209937725592149571e-01,-3.215413203132871933e-01,-2.623081876336351148e-01,-2.517220329155991920e-01,-1.877689969717610818e-01,-2.276608958545124073e-01,-1.531265747082926343e-01,-1.011340175410751219e-01,1.787518432703146670e-02,5.247331309202531852e-02,-2.465257780660865677e-02,-8.459134273520706182e-02,-1.561322601347774897e-01,-1.733800290232533348e-01,-1.094301236609921263e-01,-2.737070172319511219e-02,-3.295983559069320251e-02,3.724767726249537114e-01,7.160179373426314164e-01,1.000000000000000000e+00,8.311854889910901267e-01,4.400154775398135154e-01,1.824300102232706555e-01,-7.978830948684846949e-03,2.403999715506731361e-01,2.978534588495918012e-01,6.691064570911678944e-01,6.604831226804587230e-01,8.261618962898380492e-01,2.200543049485200187e-01,-2.900127531653057689e-03,-2.235379668629952354e-01,-8.761600080228769405e-02,-1.100411692202508257e-01,-1.791575362332852306e-01,-1.333338610809292057e-01,-1.489169510805138930e-01,-1.176153829634112025e-02,-1.006609925439933412e-01,-2.046809621115684708e-01,-1.754080487717596948e-01,-7.196432102086500193e-02,5.371551008145357409e-02,-9.251726801863181804e-03,-4.121412181177366157e-02,-1.640189504075206528e-01,3.931736080381949272e-02,2.033397575476959818e-01,2.170140096467885471e-01,3.394465497715393187e-01,3.085629446377431417e-01,2.260505917904948869e-01,3.602333871696056233e-01,3.985673391095594931e-01,2.685628295383303832e-01,2.029554310553940977e-01,2.886827188597084759e-01,3.187009602955853671e-01,2.093814013672809227e-01,1.625147989426926898e-01,2.107164473924277512e-02,1.677385726963017687e-01,-8.136555991185831288e-04,7.294362644028055953e-02,5.654547035143187191e-03,-4.514998474188358646e-02,-2.556126381817539484e-01,-3.111577012594679004e-01,-3.043233180334880550e-01,-2.159051159751665117e-01,-4.271794776583780900e-02,2.314258711052695761e-01,5.585241395667358555e-01,5.439023182735518436e-01,4.587838258531006796e-01,3.308111514961474264e-01,-3.374980557306272305e-02,-2.209761235478765462e-01,-1.375576113587087257e-01,1.198637125216621274e-01,1.306572323718644124e-01,-5.887016395778332800e-02,-2.870351562835138926e-01,-3.204722022052828856e-01,-2.407873374284355272e-01,-1.912186720699793618e-01,-2.621968633056916131e-02,-1.066170148773528947e-01,-1.021281560075615463e-01,8.818307517486410896e-02,7.796655411551176029e-02,-2.749157651365277122e-01,-4.974244507310647823e-01,-5.390965995545154987e-01,-3.640099101411006233e-01,-3.472216056080901225e-02,5.578757518942699667e-01,7.387277401370496710e-01,7.556936366442839059e-01,6.181761272971890708e-01,2.823012222866224108e-01,-7.235800446087128912e-02,-1.467375419389805036e-01,-2.521157535572281505e-01,-2.449361046078983584e-01,-2.069454780963089491e-01,-1.155291697132262707e-01
-1.019472038983735840e-01,-4.447811456327201152e-02,2.750740186626689579e-02,4.806466308013255390e-02,8.088933509753953865e-02,-5.024736631818495225e-02,-1.969109305616667527e-01,-2.305183994329129127e-01,-2.989581899265277287e-01,-3.009108558483289397e-01,-3.183014676302147183e-01,-1.557300542997589743e-01,-1.219769918784751189e-01,-2.708848125700503203e-03,3.559757858501400724e-02,1.239995432601501552e-01,2.008970900693621275e-01,3.126586233123966330e-01,2.680186498262495665e-01,1.888528364424645056e-01,1.644452291637447661e-01,-1.803953490844542812e-03,-1.026395470906080881e-01,-1.427148518214763351e-01,-2.087226307118455748e-01,-2.808916995831772789e-01,-8.924832185390248890e-03,3.860980256666767252e-01,8.311854889910897937e-01,1.000000000000000222e+00,8.114476886434524028e-01,5.059036846574938018e-01,3.748062084455012766e-01,6.050487212857903474e-01,7.057935784383140287e-01,9.147658486878693651e-01,8.102065353408506310e-01,7.824939171321222409e-01,1.100404947002355527e-01,-1.585308544341868242e-01,-3.368365152713401200e-01,-1.570897219111851428e-01,-1.517551860457708734e-01,-1.941790837250145507e-01,-1.358499513195544905e-01,-2.460108874838096427e-01,-1.188533497750102336e-01,-1.312894452049805094e-01,-1.891925577980802520e-01,-7.375215537098744889e-02,2.398611684902800939e-02,1.562716041019011626e-01,7.244028226824038297e-02,-3.264741174038503224e-02,-1.496005341042945525e-01,-8.142698837600027828e-02,-4.234057914034638180e-03,5.411493475370882794e-02,8.690425701888429555e-02,8.922249964275304202e-02,1.446900339795997581e-01,2.098510602053008378e-01,1.635155726701146006e-01,2.127184059944714489e-01,3.365663036809050657e-01,3.224739937477462126e-01,2.866612100024488186e-01,3.207778788888456245e-01,2.851874070159776120e-01,6.367942366799479725e-02,1.470973042719032620e-01,-2.091017991642915921e-02,-1.374514538451280382e-02,1.968350543251826124e-02,-1.021779451010227657e-01,-1.429813864592171246e-01,-2.143375193739073814e-01,-3.497068919541815313e-01,-3.672916661745226907e-01,-3.425164179163386335e-01,-1.388211508059369603e-01,2.208088281493711946e-01,2.119861493416503040e-01,2.362556991846659904e-01,7.270193666668867127e-02,-2.229185087665603027e-01,-3.607018229282737964e-01,-3.354108472351022274e-01,-1.198705056051531659e-01,-1.006513119112283361e-01,-2.117295971937095678e-01,-3.921556721136520429e-01,-3.426562975938398647e-01,-2.608240720459537032e-01,-2.030984480813764204e-01,-1.172942956710103755e-02,-7.163720580502307145e-02,-2.908130139240955661e-02,1.717332997451129495e-01,1.936510850333493794e-01,-9.081639921567689899e-02,-3.831536796599415151e-01,-4.769458437938555173e-01,-1.635280351209038308e-01,4.052518121925430261e-02,5.125685823682193387e-01,5.806099194760540039e-01,4.007335167299938550e-01,2.271887617374512003e-01,-1.215124417736452023e-01,-3.787908286563691496e-01,-3.011180336066984209e-01,-3.299847824365874649e-01,-1.626360815462989662e-01,-6.771993914840504156e-03,7.586686172649641235e-02
-1.868607963559099916e-01,-3.045522554911607727e-01,-2.203435909365425160e-01,-2.115200093165738038e-01,-2.688738774159191158e-01,-3.598205087057788076e-01,-4.326584890841528308e-01,-4.436654781294200878e-01,-4.012398907088325917e-01,-3.444323246909337666e-01,-2.331202787689314326e-01,-3.819597088297038701e-02,-3.000015622948631194e-02,1.325270930595865981e-01,2.754449055949761971e-01,3.301206449788055552e-01,4.503694749757657378e-01,4.852475338859871812e-01,3.859809486894182351e-01,3.579388714986875830e-01,4.033438769126553303e-01,2.239364853151116219e-01,1.149614730346694841e-01,3.668327881470571233e-02,-1.297829348027809970e-01,-2.533151428173840425e-01,-1.798846931954125872e-01,2.470533905587547069e-02,4.400154775398135154e-01,8.114476886434524028e-01,1.000000000000000000e+00,8.069573967242564816e-01,6.824030647058242360e-01,7.643902740022207043e-01,8.268511672684246694e-01,7.292463054191250516e-01,5.774048001315575940e-01,4.014979582716284856e-01,-2.691877512760976546e-02,-1.735281263070095614e-01,-3.209925002735087296e-01,-1.891787147545662406e-01,-1.458824843808999572e-01,-1.614445278197543243e-01,-8.461388513888079554e-02,-1.146118272045752312e-01,-4.845532883024934040e-02,-3.789552849637116416e-02,-7.791551657559474264e-02,7.954326745494293138e-02,1.417313373781343144e-01,2.043098351078558861e-01,1.366113975586848162e-01,-1.426714113622140449e-02,-8.167236451902330774e-02,-1.521725642779397369e-01,-2.193368406461337350e-01,-1.287148456750367431e-01,-1.679182162636150277e-01,-1.054300357643109115e-01,4.204678479711639050e-02,-2.032608348673884194e-02,-1.153262273825473305e-01,1.358506130900546949e-01,3.192617839042271033e-01,1.509232964270309785e-01,7.975298584213534603e-02,2.508447185563643100e-01,2.346154419507911482e-01,2.394012115216906031e-02,-3.962168246165519853e-02,-1.003177705576445006e-01,-2.530261566319723654e-01,-1.160327700439504200e-01,-1.743716684755687030e-01,3.187424051240315276e-03,2.227889514826159392e-02,-2.099073476253301707e-01,-3.723811413725607311e-01,-4.819950522568807183e-01,-4.208585038930789946e-01,-6.386339801265139560e-02,-5.898179421593002097e-02,8.568471463638552277e-02,-8.564535807901280107e-02,-1.901970420159725950e-01,-2.845191474615774707e-01,-4.266752332251598223e-01,-3.247597999983726780e-01,-3.404769642391830553e-01,-3.959486607762934818e-01,-4.030839437440608131e-01,-2.784949554217463485e-01,-2.859730843903806052e-01,-1.842689406370361105e-01,-1.192401537089149977e-01,-9.353459097161113955e-02,-2.079698863575317122e-02,1.442120910611138784e-01,2.666060898467518814e-01,1.632834453083466808e-01,-9.798008587121542767e-02,-1.485208224718974623e-01,2.569613712526580551e-01,3.303956209155722856e-01,4.502912600013056488e-01,3.947843411715908912e-01,7.944645634559585612e-02,-8.231191093234602185e-02,-3.122085038203164520e-01,-4.133270518001658234e-01,-1.750516300731220498e-01,-1.183273894547639954e-01,1.303703732198684129e-01,3.076832818088915400e-01,3.410277835044973060e-01
-1.436250497420527017e-01,-2.168934955110585761e-01,-1.098891600344891056e-01,-1.592812891269723696e-01,-3.287328937701126663e-01,-4.157946588651415532e-01,-5.055483967350313801e-01,-4.561413913076628468e-01,-4.101667545528547287e-01,-4.039349995045323216e-01,-3.023962986422005783e-01,-1.016873854377833980e-01,-1.564185984268999519e-01,-8.585937527230649846e-03,1.203949103414543031e-01,1.389706546049035985e-01,3.547792142855432651e-01,3.960312512445076649e-01,3.845299511984849317e-01,4.195921492770003924e-01,4.509034145744321154e-01,3.458432492885286091e-01,2.528838087500774878e-01,2.029510931634148085e-01,7.350430811667331421e-02,-2.440025818210831213e-02,-3.482099242062484945e-02,-2.592243231229427944e-02,1.824300102232706000e-01,5.059036846574938018e-01,8.069573967242564816e-01,1.000000000000000000e+00,8.287596408372444046e-01,8.348766238737670431e-01,6.776822765095807943e-01,3.641743996417292628e-01,1.361351393821480515e-01,1.713353609391324653e-02,-2.229190178961391183e-02,-4.126441757813629346e-02,-1.382462539227456710e-01,-1.029570970047892359e-01,-2.855488546102021366e-02,-4.410389861175150611e-02,2.822449685795015706e-02,8.445874109909637384e-02,1.683942895989853084e-01,1.542193776702291963e-01,1.381949041064319539e-01,2.613078323678598158e-01,2.945383168346300540e-01,2.863968531622976266e-01,2.457289273976380750e-01,9.323554057496639957e-02,9.108230877019551919e-02,2.860905698990989614e-03,-1.210041184460449865e-01,-2.057914160506031306e-02,-9.662916211962711832e-02,4.042593546838774490e-03,1.439997074788528231e-01,-6.775946690734766832e-03,-1.220177716400467766e-01,1.316866492299551272e-01,2.150777751963382223e-01,-5.756879456724563887e-02,-4.143429626984846542e-02,1.274383474333388999e-01,5.792129648313133761e-02,-4.025828510126159415e-02,-2.174637199247584918e-01,-1.676773914470317817e-01,-4.531443277075313802e-01,-3.571191170446970653e-01,-3.784193566418918575e-01,-1.711824374382265868e-01,-4.931964679945909091e-02,-2.165215593061270150e-01,-4.064429128746032127e-01,-4.444323009517526235e-01,-4.062090879752535688e-01,3.542711250359963267e-03,1.173169261122455551e-02,2.263216317497859786e-01,5.617347421222019382e-02,8.773922079450657829e-02,-5.971709557718254957e-02,-2.399330998567086037e-01,-1.792094764402086537e-01,-2.997410482121534714e-01,-4.064494966424371247e-01,-3.087936255539842079e-01,-2.263311106263719563e-01,-2.422249656267606854e-01,-3.109564471929844864e-01,-3.413090232325906581e-01,-1.944357509775657133e-01,-1.602713151130101821e-01,-7.657650417268171972e-02,-3.568270416480483209e-02,-6.384081695172441617e-02,-1.426315273529983607e-01,-4.375710846496679712e-02,2.886721698466086505e-01,5.246344484322882362e-01,4.029308999522698276e-01,4.343341398625729100e-01,9.456289231951733876e-02,-9.679897911736306051e-03,-1.649200798498605403e-01,-2.623072165954091206e-01,-7.425410080769023757e-02,-5.557915347766720880e-03,1.695659433081794232e-01,3.150611356010020736e-01,3.623378729998749104e-01
-6.989300117859006956e-02,-3.162888661415163005e-01,-3.177509157804079276e-01,-3.358020095807927596e-01,-4.576836383306432943e-01,-5.075009786464598216e-01,-4.991897081214288767e-01,-4.733013369880233467e-01,-3.311008176344534815e-01,-2.937257406529973358e-01,-1.925608516766416090e-01,-1.157071392014937319e-02,-5.238250553127481168e-02,2.034086030382819751e-02,1.297681730452028837e-01,1.816729039838636539e-01,3.239475835573188411e-01,3.928991007944934166e-01,3.825776136254127602e-01,3.691640983177512103e-01,3.508902958417093876e-01,2.294169796053228405e-01,1.408332085192337546e-01,1.137279883876735065e-01,-2.669203500356650410e-02,-7.705492685622425397e-02,-1.807350533008846849e-01,-1.759121828749207195e-01,-7.978830948684834806e-03,3.748062084455013321e-01,6.824030647058242360e-01,8.287596408372444046e-01,9.999999999999998890e-01,9.061642768603908049e-01,7.673301737146253076e-01,4.032953361774227474e-01,1.965424451710668374e-01,3.450707550016424846e-02,-5.307680149595057212e-02,4.228424314012439039e-02,-1.758855901845818998e-02,-1.106727841859780903e-01,-6.259199837162240931e-02,-7.447739175875643658e-02,-2.772878395378213304e-02,1.123411088591638879e-01,1.049937539379387497e-01,8.550035930880581225e-02,6.650619268637353310e-02,1.771491011044665498e-01,2.070865217973809347e-01,2.672167953333757229e-01,2.307681337254603726e-01,9.521709389970506310e-02,6.526830809918351961e-02,-1.030898632483318450e-01,-2.271579283207297018e-01,-1.079092611635821680e-01,-2.573336412982537569e-01,-1.583628191111041417e-01,5.133079619364596530e-02,-7.192916577753641350e-02,-2.183130183431163940e-01,4.947246671846591143e-02,2.379688230851191577e-01,3.556681471302138714e-02,1.318614434741227984e-02,2.110334313868667266e-01,1.993528900811479820e-01,5.467991393966612629e-02,-8.394713835482120468e-02,-1.339350721234132957e-01,-3.188968699552198749e-01,-1.984787116701605403e-01,-2.794345531111926961e-01,-9.070314397881426571e-02,-9.146807403466392095e-03,-1.445854790960243164e-01,-3.371416004330360372e-01,-4.287432743227748144e-01,-5.151323525391493519e-01,-2.072269477788034331e-01,-2.572421949837019328e-01,-1.104572542676080932e-01,-2.629851060015548359e-01,-1.651574948675700039e-01,-2.193421408666188233e-01,-3.216980521197454479e-01,-2.910658586666640124e-01,-3.821022773559039076e-01,-3.806239540657922471e-01,-3.021619384406848408e-01,-1.385562002498067213e-01,-1.457790499367594139e-01,-2.364547484660848853e-01,-2.168811688887245792e-01,-8.639348741733629544e-02,-6.535310219558172762e-02,3.496830757559361413e-03,-6.907909910107438468e-03,3.717718192924503867e-02,-5.921621030259319185e-02,-4.936741320450370452e-02,2.058219198030376840e-01,2.210788068231875347e-01,6.829061758362532653e-02,8.693325807087676216e-02,-1.827004019967449211e-01,-2.084722313840350338e-01,-3.118785410376993528e-01,-2.941985739612248407e-01,-1.164776044844140074e-01,-1.993825981688895910e-02,1.200319257972307929e-01,2.251745097759633996e-01,2.197240648997614287e-01
-6.466979171626155432e-02,-1.840398707132392397e-01,-1.732674528415658333e-01,-1.830103122079907996e-01,-2.853589594842830812e-01,-4.019980721678849678e-01,-4.907567666338835677e-01,-5.039815843909514204e-01,-4.427221593892831097e-01,-4.138997160498822381e-01,-3.368166229338883100e-01,-9.510722449644380683e-02,-1.241309618658398978e-01,-6.557035783064928125e-03,8.161831931623578229e-02,1.466631100463591242e-01,3.197309380819913782e-01,4.149000867731036934e-01,4.034150546929909376e-01,3.635658145600883517e-01,3.575084686244218712e-01,2.213369859047583654e-01,1.169032917393380139e-01,7.359856739913875345e-02,-6.817086363559826667e-02,-1.425050361805819121e-01,-1.449264340124305217e-01,-1.939550795108012371e-02,2.403999715506730805e-01,6.050487212857903474e-01,7.643902740022207043e-01,8.348766238737670431e-01,9.061642768603908049e-01,1.000000000000000222e+00,8.702207405331294776e-01,6.074784668028605505e-01,3.442827952279581827e-01,2.203080070149652792e-01,-8.946586535380322835e-03,-5.158136046473108145e-03,-1.089553950770279223e-01,-1.370332797151400661e-01,-8.885625550413170370e-02,-1.280327778473064615e-01,-5.741757020069704343e-02,4.917508916493738141e-02,1.188537125491800628e-01,9.156949176333650797e-02,5.525417228580797174e-02,1.718203834539367703e-01,2.329411708680040882e-01,3.036129674940920564e-01,2.216792774688002565e-01,7.502987275750529206e-02,3.777927204874159672e-02,-2.956212128881538850e-02,-1.063668884934397540e-01,-1.665588633033885171e-02,-1.162493888168903006e-01,-2.188696282623534342e-02,1.529058001210568951e-01,7.241298377707479361e-02,-4.627067435704589754e-02,1.662099294870955923e-01,3.301348675527559506e-01,1.636272010361877471e-01,1.575363181455401718e-01,2.933184780229167732e-01,2.571401608531286298e-01,9.288547062123725384e-02,2.817908104607204714e-02,-9.886049662804639870e-02,-2.531847817711294635e-01,-1.750779275387590039e-01,-3.089405098278203421e-01,-1.856472613583934894e-01,-1.349733115683385276e-01,-3.006387086582120172e-01,-4.672945250293134567e-01,-5.162725843955416893e-01,-4.718197107861268336e-01,-6.187993520275020948e-02,-9.512375141266690703e-02,3.574016955592628636e-02,-1.357166930670123672e-01,-1.837861622859535138e-01,-2.998462423180126568e-01,-3.337467491573661849e-01,-2.077423943864964428e-01,-3.006577771144373634e-01,-3.572036660065939229e-01,-3.733626127011160922e-01,-2.125775123212618467e-01,-1.730162518937159166e-01,-2.991163347464181888e-01,-1.924925030376199719e-01,-9.566597728863557304e-02,-6.701871471474507569e-02,-5.276149296458074178e-03,-6.349699907227235318e-02,-1.037459163231266163e-01,-2.431726340353448923e-01,-2.523034571201158149e-01,1.951895160589463274e-02,1.437073382976801206e-01,1.752723546381284581e-01,2.865706794600885177e-01,-3.082129418479094335e-05,-7.617610178851400016e-02,-2.843915131913534178e-01,-3.854111864294695322e-01,-2.204364948870752017e-01,-1.602867425844698157e-01,1.441786884780156888e-02,1.781547541623397513e-01,2.257230982632968952e-01
-6.855615941020405668e-02,-2.555382192880598091e-01,-3.093517295548305346e-01,-2.882368155435625634e-01,-3.082600426599430565e-01,-3.822134244714964768e-01,-3.958902440265087974e-01,-4.466174325430763425e-01,-3.603142945256771479e-01,-2.853211219196875037e-01,-2.075927391114730514e-01,3.495469724447824826e-03,3.274090059104121236e-02,1.207689672030175659e-01,2.269503936375404929e-01,3.385187044713702242e-01,4.228892256064170074e-01,4.955438178463005272e-01,4.004178512827669123e-01,3.129727154891475682e-01,3.255155713074294188e-01,1.492773319365243989e-01,3.870005408982943318e-02,-2.967932421891555927e-02,-2.119012418743832782e-01,-3.074875201751607889e-01,-2.819752803214018444e-01,-5.086519622181003702e-02,2.978534588495918012e-01,7.057935784383140287e-01,8.268511672684246694e-01,6.776822765095807943e-01,7.673301737146253076e-01,8.702207405331294776e-01,9.999999999999998890e-01,8.077080823421499689e-01,6.095412726335223130e-01,4.200264002441556621e-01,-1.976136185023243466e-02,-1.215457192947402704e-01,-2.591714224116927201e-01,-1.771680917154429824e-01,-1.372655208528544279e-01,-1.803956029275419481e-01,-1.004379209241974824e-01,-1.062230369447901834e-01,-4.080952597901715828e-02,-2.351259613135676246e-02,-6.668646022794907924e-02,5.958862513138504097e-02,1.226673673757213007e-01,2.278742073244362232e-01,1.331395145620846432e-01,1.679876719439496978e-03,-6.736748260544388189e-02,-1.902080397370449760e-01,-2.332658196627956093e-01,-1.107258247392072237e-01,-2.245749011129242467e-01,-1.547584887667063924e-01,4.351400382185041660e-02,2.997361870713506279e-02,-8.941257579009544154e-02,1.425507188029332406e-01,4.036491473909690209e-01,3.215462565386180138e-01,2.342248203477077517e-01,3.852802457569211581e-01,4.030076134515938602e-01,1.355905286849087565e-01,1.720617361144669011e-01,-1.257563061713857502e-03,-5.709526945745386356e-02,7.044209638748907820e-02,-9.044264899861957641e-02,5.192462069300934902e-03,-4.068903098271365454e-02,-2.478434950369524659e-01,-3.823675219919611679e-01,-5.122921094941337294e-01,-4.939208579653401321e-01,-2.184717395214748059e-01,-2.647780127237982506e-01,-1.796261900555033986e-01,-3.376901872770536883e-01,-4.234403509007277910e-01,-4.811011967399491107e-01,-4.652469301754538211e-01,-3.325776016062474416e-01,-3.876815743594951846e-01,-3.825969286179627393e-01,-4.367047420409614356e-01,-2.127702810438831527e-01,-1.905261861749424912e-01,-2.325463047118259685e-01,-7.682799496111934745e-02,-3.414154207759346332e-02,4.236281181746393704e-02,1.719334416342798155e-01,1.415747823100995395e-01,5.954013347548350876e-02,-1.969149172831400063e-01,-3.067169920227169611e-01,-1.940550602191587135e-02,-5.988437829199286938e-02,6.040760991976770744e-02,1.145707120530743278e-01,-1.163312251743502113e-01,-2.120529205000082351e-01,-4.259136222879590372e-01,-4.936681725539873722e-01,-2.841569126100755294e-01,-2.264878929833205323e-01,2.772163464976841549e-03,1.797755066777146638e-01,2.013991411488023353e-01
-4.155865566365164743e-02,-1.243521034118663243e-01,-1.497085987737945545e-01,-9.879812751477931587e-02,-4.048459332457186172e-02,-1.393487151835903215e-01,-2.073955994389364010e-01,-2.683426550731763949e-01,-2.806032339227401695e-01,-2.303016162370309372e-01,-2.328591234274691724e-01,-6.377415945066479408e-02,8.346155907329145043e-03,1.063281863567464985e-01,1.411971322723463151e-01,2.583124929521387059e-01,2.819276014195528091e-01,3.897333000885617738e-01,2.927001789006495325e-01,1.806216886513111186e-01,1.658814909409661864e-01,-2.068596076435514838e-02,-1.374212188089507791e-01,-2.063210744980338018e-01,-3.339907009244250657e-01,-4.067934211911234388e-01,-2.075153570581525497e-01,2.355267725210292429e-01,6.691064570911678944e-01,9.147658486878693651e-01,7.292463054191250516e-01,3.641743996417292628e-01,4.032953361774227474e-01,6.074784668028605505e-01,8.077080823421497469e-01,1.000000000000000222e+00,8.821189033252768708e-01,8.083056312800439569e-01,1.038099963582393148e-01,-1.657558033063194769e-01,-3.310534232058934823e-01,-1.235603265994957706e-01,-1.500261578571401855e-01,-1.982248336694594493e-01,-1.460159779357079468e-01,-2.917433861149534846e-01,-1.936384739050155956e-01,-1.598640900269676646e-01,-2.088318282946294013e-01,-9.577256077130717749e-02,-1.836514826045865939e-02,1.277515931628155632e-01,2.831031942583514885e-02,-7.441229079292764614e-02,-1.829572483786518211e-01,-1.992811600225818658e-01,-1.330147501412320410e-01,-5.647720913331374243e-02,-7.187721824753659505e-02,-7.087905659300620942e-02,4.092680987084069966e-02,1.311583060666975387e-01,5.699215446494804854e-02,1.474172869391215668e-01,3.870368436605338691e-01,4.229756643280564443e-01,3.325964296619987048e-01,4.031525930307173766e-01,4.206445350822873852e-01,1.451473148306317573e-01,2.792236713445334084e-01,4.308676985231355699e-02,1.201155653075509366e-01,1.866561820671749639e-01,-4.482571865595457589e-03,-3.130420192322806716e-02,-1.611297276913899179e-01,-3.253502282067365914e-01,-3.525675302851409842e-01,-3.991745200762750745e-01,-2.765802831876723045e-01,-3.002148520325030948e-02,-6.657245411423555470e-02,-6.556484908560415714e-02,-2.041708033644916986e-01,-4.498081526994184287e-01,-5.158402014586186413e-01,-4.195353757353512125e-01,-2.382521290011747894e-01,-2.038620344568480847e-01,-2.222945835682069160e-01,-4.019680844022018862e-01,-2.528563201924892145e-01,-1.866951661005952501e-01,-1.697076278445722453e-01,6.843994658734939285e-02,1.026278173236345667e-02,5.957505210771359833e-02,2.402417994718758498e-01,2.047246285250253484e-01,-1.994432768584439297e-02,-3.248454786569272557e-01,-4.847164768572294613e-01,-2.435651356264928180e-01,-2.160574302862391105e-01,2.086214925519877528e-01,2.653297856513247011e-01,1.172623779101453767e-01,-1.167498750981772228e-02,-3.247049883151741922e-01,-5.013959732164763317e-01,-3.904885453912896875e-01,-3.927855488375454063e-01,-1.821970987879134862e-01,-3.898370616780566251e-03,5.344237926967073532e-02
-2.244213501137323069e-02,-1.418299357100317459e-01,-1.896097189946287787e-01,-1.181534876035542914e-01,1.620017510800510685e-04,-2.146081853063498690e-02,5.116944549298777477e-03,-6.134791622919332638e-02,-6.364392363123336227e-02,8.942253335516439985e-03,-1.731513511373625799e-03,4.371401563667189072e-02,1.471547986833497412e-01,1.758958676098996976e-01,1.998729027889832033e-01,2.672940711337457032e-01,1.268037084821635463e-01,1.725163592592927897e-01,3.306633373289009914e-02,-7.594426168428115853e-02,-8.075127053883074391e-02,-2.461517528072412753e-01,-3.087982969812912426e-01,-3.056866307579327313e-01,-3.603298282284252974e-01,-3.698497729678616452e-01,-1.891347267973632340e-01,2.117702744535316650e-01,6.604831226804587230e-01,8.102065353408506310e-01,5.774048001315575940e-01,1.361351393821480793e-01,1.965424451710668374e-01,3.442827952279581827e-01,6.095412726335223130e-01,8.821189033252768708e-01,9.999999999999997780e-01,8.954499689970647491e-01,6.812487777325368365e-02,-1.749563026859356218e-01,-3.059399695977332301e-01,-1.091773302713880400e-01,-1.396217321114410215e-01,-1.692783971735605242e-01,-1.536118205303825812e-01,-3.223839963884398419e-01,-3.109261313267548954e-01,-3.491994243387048225e-01,-4.240723454044516560e-01,-3.530454705553080497e-01,-3.075676709823882971e-01,-1.479032198743989446e-01,-1.988785340812082025e-01,-2.291724847794081310e-01,-3.561800986639165889e-01,-3.911196916899641884e-01,-2.288795085047788669e-01,-1.664754429876105779e-01,-1.702114506539472161e-01,-2.480113287197007743e-01,-2.064792410251101440e-01,-4.772603584837724344e-02,-7.253808285887000662e-02,-7.877220222661181215e-02,1.531347918704248356e-01,3.113286225358337100e-01,1.834802614169563917e-01,2.294221474311364251e-01,3.164897015719275730e-01,1.102067922414385476e-01,2.489774483323891341e-01,5.695349474816623764e-02,2.514071733752020754e-01,3.125447514736091614e-01,1.792089175753408259e-01,1.480280190826589737e-01,-7.897467589873408828e-03,-1.219404373117216611e-01,-9.543631571714289441e-02,-1.735502492202708469e-01,-1.283522290388792453e-01,-8.860072065319284096e-02,-1.250072805392793140e-01,-1.699925194672492201e-01,-2.527100487025329967e-01,-4.506056717506726761e-01,-4.276689823024652504e-01,-3.282012638578998831e-01,-2.264700147414914766e-01,-1.379584663605264994e-01,-8.856505266089063910e-02,-2.615615943701762314e-01,-1.682525630451068011e-01,-1.132990221324200047e-01,-2.393680403544465232e-03,2.084395555498099739e-01,9.329363657190949122e-02,1.365228988015265432e-01,3.624983233020697693e-01,3.901041893989721787e-01,1.374503312562525559e-01,-1.754054469646024739e-01,-3.633814333486516390e-01,-1.653309387212419379e-01,-2.515227999904726675e-01,1.751065961454283393e-01,1.228432683379590690e-01,7.522516216487409868e-02,-3.784596293687521318e-02,-2.902134392563682774e-01,-3.615333213647644595e-01,-2.893682450939294992e-01,-2.735312874247969317e-01,-1.410632502746975714e-01,-7.963669154822876350e-02,-5.958882404147679279e-02
-3.062322121214025930e-02,5.748437424558887343e-02,2.995709147567136160e-02,8.297616068309127124e-02,2.038144999661072876e-01,1.337794940383017217e-01,7.622261825301238081e-02,1.768787421534978588e-02,-4.406047592600900037e-02,-3.325219137586949564e-02,-1.085199904917096142e-01,-7.302742015787831720e-02,1.076548063535081624e-02,3.179863354577210088e-02,-5.397376006340041076e-03,7.643528752470762910e-02,-3.156935394467538791e-02,5.937468506776198002e-02,-1.260423294943149863e-02,-1.272588279335657713e-01,-1.692672233248814773e-01,-2.970560643625674291e-01,-3.407297734700278080e-01,-3.000764903405906958e-01,-2.862156416015300131e-01,-2.665812200858303505e-01,3.875006551555721518e-02,5.006529762149598550e-01,8.261618962898378271e-01,7.824939171321222409e-01,4.014979582716284856e-01,1.713353609391328469e-02,3.450707550016421377e-02,2.203080070149652792e-01,4.200264002441556621e-01,8.083056312800439569e-01,8.954499689970647491e-01,1.000000000000000000e+00,2.684913626055663305e-01,-1.129985785998989349e-02,-2.242118849243953660e-01,-9.710569426539292226e-03,-6.524013500827557932e-02,-1.607973137097158112e-01,-1.489729119700988758e-01,-2.947084852738520167e-01,-2.012243291880943807e-01,-2.823256508496781447e-01,-3.829915864103071721e-01,-3.497305025498194664e-01,-2.877531383768877071e-01,-1.212861663025405212e-01,-1.721014967237425863e-01,-1.866527545293564794e-01,-3.128325629929664675e-01,-2.555346555039738066e-01,-8.979962237889578536e-02,-4.912207908133949669e-02,2.605311554438521568e-02,-4.847959510484763090e-02,-7.561765833341352328e-02,1.203094952145302293e-01,1.275226990581944386e-01,2.216245121373884228e-02,1.533383990621098314e-01,3.535899279099394832e-01,2.821364276075611910e-01,2.347774496436277336e-01,2.979173258940024938e-01,1.079041440400029389e-01,3.001437473515022325e-01,8.864740869951974467e-02,2.838512348664740115e-01,2.723081293983066198e-01,1.314149214922890330e-01,-1.569354966213118083e-02,-1.731378079737355136e-01,-2.109847643587021149e-01,-1.261909857842628824e-01,-9.105433646650049062e-02,3.968856388896245535e-02,1.702958724499017418e-01,1.231748215333116625e-01,3.007318170290535983e-02,-6.208684175613413819e-02,-3.261728704313969218e-01,-3.816477152515689863e-01,-2.556482024050185653e-01,-9.832825673022160817e-02,-3.143469157446675960e-02,-7.574449879953772113e-02,-2.787322591860524335e-01,-2.109569793576946406e-01,-1.431011172319960334e-01,-7.748318900494409467e-02,1.219467075520269672e-01,1.108448533084317213e-02,4.643647281939090182e-02,2.395788734620267757e-01,2.344369953228621628e-01,-7.190173799517410314e-02,-3.298028575505190796e-01,-4.666940384436508715e-01,-3.449395647136921927e-01,-2.932336258675978247e-01,2.403870080016029254e-01,3.037535087491246566e-01,3.404427938900451145e-01,2.342192697791075084e-01,-7.411001666043018354e-02,-2.760187592810947055e-01,-2.940179993676983461e-01,-3.380366317443436186e-01,-2.751927649145025079e-01,-2.304362841388285510e-01,-1.784228934609024542e-01
5.227821136079312953e-02,7.102573339579995593e-02,4.723897817066373406e-02,5.259571566241671992e-02,3.452610149026667796e-02,1.099831804399034087e-02,-1.872119222515048267e-02,-1.059973843598525055e-02,-2.705400203184313290e-02,-5.453962591245276742e-02,-1.057557883241981300e-01,-6.822257139017477712e-02,-4.570262137135407826e-02,-3.123815114693143796e-02,-9.544084990050122341e-02,-9.105680505824502446e-02,-1.201710489423186146e-01,-5.592514259942581167e-02,-6.110801520360838179e-02,-6.670563423997533103e-02,-7.895260011325538896e-02,-1.084123305298155537e-01,-1.344702646935183044e-01,-1.159312535576139253e-01,-8.634211207995667881e-02,4.427969193331850878e-03,1.498519306029243436e-01,5.147687032237779903e-01,2.200543049485200187e-01,1.100404947002355666e-01,-2.691877512760977587e-02,-2.229190178961391530e-02,-5.307680149595057906e-02,-8.946586535380314162e-03,-1.976136185023243466e-02,1.038099963582393703e-01,6.812487777325369753e-02,2.684913626055663305e-01,9.999999999999997780e-01,2.300188496656815906e-01,2.611739362385131491e-01,6.881187168081470684e-02,3.248406020475212014e-02,-2.006150065159142612e-02,-9.413725663026409340e-03,-1.075585709411972235e-01,3.820760603778045744e-02,5.616875357136917601e-03,-9.336843554775629828e-02,-1.193108838405974453e-01,-1.377891699001132786e-01,-1.003290605229661403e-01,-8.191877168957743816e-02,-7.722813172422277050e-02,-1.158142133821634667e-01,-1.159700899991564643e-01,-1.237157214552506712e-01,-6.684988087151717828e-02,7.482718766116671152e-03,-3.573754675244669027e-02,-8.534568154419040764e-02,-1.766030093168445558e-02,-3.152434402580710920e-02,-1.119867236130508981e-01,-7.083078108215298818e-02,1.232516266536043403e-02,3.074262573802703444e-02,1.253023017390211304e-02,3.346867839079509244e-02,9.325959701610718466e-02,7.969858840431420788e-02,6.977939424640640376e-02,4.772409876502068521e-02,-1.312894045738049846e-02,-1.124721038162168757e-01,-1.526200150825088586e-01,-1.902022355339222093e-01,-1.485534300511527350e-01,-1.276040853351721460e-01,-2.631776791551244943e-02,-1.708236284569613142e-02,6.479608083693383369e-02,2.287785368539730149e-02,3.476373469075021150e-02,2.267594214769577329e-02,-8.088227478897914297e-03,-6.287734341551254325e-02,-4.131262247012383593e-02,-3.660240328475340699e-02,-6.210107872358612557e-02,-1.095613100754220803e-01,-9.049701691041074636e-02,-8.654601845063143728e-02,-8.089481556431163400e-02,-1.111121030323413972e-01,-1.190223071887786671e-01,-8.121733595656546734e-02,-8.435222608152703749e-02,-2.534230855869471812e-03,-1.007342553567615595e-01,-1.433655485484318648e-01,-1.345423962950066943e-01,-1.164597593767052602e-01,-1.636903535550597588e-01,-7.662356350175425490e-02,-1.513309986173410303e-02,7.263397082175990227e-02,1.590988236395882161e-01,1.941701049847286698e-01,2.761820041097648795e-02,-7.336711101818953196e-02,-1.825854849307070038e-01,-2.000877547917052912e-01,-2.041042692975391371e-01,-1.580613064864344608e-01,-8.763546591249510298e-02
-2.371345508568007202e-02,1.929282245610755842e-01,1.562709327229384881e-01,1.871754601612560798e-01,1.969883172747323719e-01,1.536525347133063935e-01,8.216467089850305883e-02,8.175071093854288651e-02,2.885167194250414999e-02,-4.702581322204529152e-02,-1.386513731342250977e-01,-1.560804150662982726e-01,-1.700839098880337352e-01,-1.953611252691331568e-01,-2.820494523137366261e-01,-2.604097709608361177e-01,-2.179725538920019301e-01,-1.395539042692289788e-01,-6.014376279565272071e-02,-9.300297016080910639e-02,-1.550715138230603363e-01,-8.540835082830804115e-02,-1.665865809977173234e-02,1.595894353497618601e-01,3.139354785188576691e-01,5.915333191243313804e-01,4.885559015390722459e-01,3.566853094003271663e-01,-2.900127531653039908e-03,-1.585308544341868242e-01,-1.735281263070095614e-01,-4.126441757813630734e-02,4.228424314012438345e-02,-5.158136046473113349e-03,-1.215457192947402565e-01,-1.657558033063194491e-01,-1.749563026859356218e-01,-1.129985785998990043e-02,2.300188496656815906e-01,1.000000000000000000e+00,7.787859060124566746e-01,1.687762528792046690e-01,1.537292877724868168e-01,1.172025472890017295e-01,9.648586025205385663e-02,5.974232726827821693e-01,4.754469631672664787e-01,1.764858047656896467e-01,1.024923181311861303e-01,1.322177823408634927e-02,2.953779297172169638e-02,-8.039225565777706473e-03,-5.426445566560018918e-02,-1.145853174748250325e-01,-6.788092062466170862e-02,8.456473469745511007e-02,-1.507347048282556834e-01,-1.372618267783344004e-01,2.889885491676577253e-02,1.296534262107842672e-01,5.791620019078089904e-02,1.013827141091669104e-01,2.051469305920760877e-01,8.694079515623091836e-02,1.042288138395467204e-02,1.007678686435022342e-01,1.845177394122008985e-01,1.000495841446410739e-01,9.315127217260134318e-02,-8.014645264060471508e-02,1.828720852534471142e-01,1.168722985492861993e-01,9.043132857862991314e-02,-1.177035256223317276e-02,-3.579256819885449220e-02,-1.978698219783122103e-01,-1.939661637671177552e-01,-6.753218631659274607e-02,-2.871395208466985972e-03,1.516506573973603333e-01,1.589032168315097360e-01,1.687562613435108494e-01,1.395120125715216819e-01,7.307405719081426498e-02,1.841485200923980575e-02,-2.799526182216808406e-02,-1.643205570756547662e-01,-1.163799872319694340e-01,-8.950663022563450089e-02,-2.388122691242325624e-01,-3.453449440487147970e-01,-2.445390306157700089e-01,-1.184763460665437390e-01,-1.708280948302613733e-01,-3.373140028377842325e-01,-4.022021376493355449e-01,-1.929564065111406823e-01,-1.695587892610076197e-01,-1.513662072856288565e-01,-2.303505983337950369e-01,-2.503255242077030429e-01,-2.193766696118105430e-01,-1.868933757789892625e-01,-2.660910802192645308e-01,-1.566881830282245980e-01,-1.465204756909918582e-01,3.174084843868834466e-02,1.591937732116337767e-01,1.926734612153562509e-01,3.673868568653463895e-01,3.299152033756996838e-01,1.631595174274506066e-01,9.165946792149004541e-02,-1.095941278302320493e-01,-2.037240465822968971e-01,-2.349823731007444350e-01
2.982204900903277431e-02,2.586574027447590685e-01,1.695095984202440731e-01,1.332339209606672736e-01,1.009508281544419656e-01,2.546101120966921122e-02,-3.527725588431259579e-02,-4.152481243440495073e-02,-7.581948432788776504e-02,-1.469148479710476740e-01,-2.533530794347830795e-01,-2.083568726676542637e-01,-1.890583154984305791e-01,-2.036236073711158723e-01,-3.292230219186353946e-01,-2.899750470713353678e-01,-2.577388145398050723e-01,-1.103755762860800793e-01,-1.778167168608255425e-02,-6.588450472911738798e-02,-1.731226010040199936e-01,-1.538996712070862527e-01,-1.541596615059990516e-01,-5.346625644103031316e-02,8.136790849957913074e-02,4.261328184184444701e-01,2.788093228099897125e-01,2.011943402958363269e-01,-2.235379668629952354e-01,-3.368365152713401200e-01,-3.209925002735087296e-01,-1.382462539227456988e-01,-1.758855901845815181e-02,-1.089553950770279084e-01,-2.591714224116926646e-01,-3.310534232058934268e-01,-3.059399695977331746e-01,-2.242118849243953105e-01,2.611739362385131491e-01,7.787859060124566746e-01,9.999999999999998890e-01,2.707838322616289428e-01,3.790309490420756267e-01,2.744722129456610982e-01,1.822178515688038514e-01,4.103740446616850890e-01,2.379947357476933922e-01,5.109974832471457507e-02,5.388462195087209694e-02,-1.195602355984482813e-02,4.982064952753284710e-03,3.490910966744108224e-02,-1.089764108180977902e-02,-6.002102025240695776e-02,-4.229624306043468923e-02,4.320536957964624114e-02,-9.760133384234373488e-02,-4.405760589111805403e-02,7.802720935671388081e-02,7.457161121379915492e-02,7.577729757672445332e-02,1.583023926813816318e-01,1.745644534622390887e-01,5.629714679009812858e-03,3.780562007172501987e-02,1.539935392757807164e-01,2.612700112530227936e-01,1.745065120092221811e-01,1.651302681491877977e-01,-3.282774332163471143e-02,2.307989347996896035e-01,1.639263752409897412e-01,9.252771941645135390e-02,-2.720080257405417534e-02,-1.694734895933460717e-01,-3.258306441211444304e-01,-3.655385012566012004e-01,-2.393251463014507974e-01,-1.875456258902380158e-01,-1.576907876732242962e-04,-3.835902898532260290e-03,-1.551533163259253938e-02,3.022144412497309793e-02,-2.985714349885313420e-03,4.104379228573677013e-02,4.170116210666088841e-02,-3.224206068574411027e-02,4.467275406831618459e-03,1.598712004700683642e-02,-1.124715057186656264e-01,-1.867304225529800576e-01,-8.313694927144513191e-02,-2.713866363510628044e-02,-9.164425167069049916e-02,-2.231752786968282665e-01,-3.055923443353332214e-01,-1.648891010023227632e-01,-1.740401403578420714e-01,-1.464256143984729863e-01,-1.927626462804632734e-01,-2.009053700834773915e-01,-1.138489517662178985e-01,-6.526455393064534150e-02,-1.939566121574058943e-01,-1.302541310654438400e-01,-2.016746926648632643e-01,-1.326026636896080468e-01,-1.963735923720456161e-02,3.238482685533047856e-02,1.911968080744630705e-01,1.691428979771037733e-01,-9.371568865540386151e-02,-1.019137230796472310e-01,-2.898172798437480546e-01,-3.328772458811801171e-01,-2.971479406265359891e-01
8.885471860430819990e-02,1.956739678636725821e-01,1.302013995273858249e-01,1.110847228443790635e-01,4.906340894058552199e-02,-2.207281178787182802e-02,-7.538780155833324503e-02,-9.352633295869886010e-02,-1.101293638458327867e-01,-1.300266406337331482e-01,-1.953976959440930916e-01,-1.031141162075509959e-01,-7.734015977423383537e-02,-4.901509607679898489e-02,-1.416003989973170230e-01,-1.211590109374085233e-01,-1.442095788737957074e-01,-2.717057002685042272e-02,-4.103838153962847089e-03,-5.389236632043113706e-02,-1.127212703870773824e-01,-1.537493761735912734e-01,-2.086690024736176929e-01,-1.942388262607041005e-01,-1.922950742721803996e-01,-7.697415983661869132e-02,-7.647846056419149718e-02,6.259528392258345043e-03,-8.761600080228766629e-02,-1.570897219111851428e-01,-1.891787147545662684e-01,-1.029570970047892914e-01,-1.106727841859781319e-01,-1.370332797151400661e-01,-1.771680917154429824e-01,-1.235603265994957567e-01,-1.091773302713880678e-01,-9.710569426539278348e-03,6.881187168081470684e-02,1.687762528792046690e-01,2.707838322616289428e-01,1.000000000000000222e+00,3.441116268109420395e-01,1.459713521047090179e-01,5.917779241865213369e-02,-5.965532226573816432e-02,-4.374566752301392580e-02,-9.055944569164160740e-02,-9.613345535191414326e-02,-9.977611709322505018e-02,-8.489921692462414071e-02,-9.281039964127780692e-03,-3.725185624396182282e-02,-4.284574096326908971e-02,-6.594773341079833429e-02,-7.272047233086492701e-02,-5.713472038675153353e-02,1.174276091110287683e-02,3.846831730496812901e-02,-3.654006724524172522e-02,-9.619156446360419563e-04,1.010013311136646191e-01,3.783367919974327948e-02,-8.273447086658090865e-02,3.236568596805174808e-02,1.433670541452046754e-01,1.929749858976767263e-01,1.393016618250175476e-01,1.454178798572277886e-01,8.162411850934259139e-02,1.871799234862128458e-01,7.606023326285538122e-02,1.051485267607743940e-01,2.958803151784000773e-02,-1.420279939001000136e-01,-2.136816402040784268e-01,-2.783933616177520221e-01,-2.552361444653534761e-01,-2.359546321517085599e-01,-1.869893559034325192e-01,-1.373825036564979563e-01,-8.036788630455329874e-02,-1.771372770396025670e-02,1.671079643807498599e-02,4.506459064435067857e-02,6.139520517545111328e-02,7.739203220728087772e-03,5.427003704862767147e-02,4.670129613699812443e-02,-3.327760726976811134e-02,-7.633149093519743522e-02,-2.557091664172716008e-02,-2.278473974756071996e-02,-5.016244170837215466e-02,-1.301999499369016489e-01,-1.511578567280112417e-01,-8.784247738940018091e-02,-9.919536203056300572e-02,-9.696648952363398632e-02,-1.305109106824345611e-01,-1.609050231586927893e-01,-1.094042199763566175e-01,-5.997719524326219909e-02,-1.424575275358151705e-01,-6.786419545288495392e-02,-9.742964548670035585e-02,-8.859732503965769834e-02,-7.187835309361913227e-02,-5.881913189107546708e-02,-1.139453256730075109e-01,-1.768986605261134715e-01,-2.980234667165325702e-01,-2.707743046919425245e-01,-2.716007322301768889e-01,-2.341995103143083568e-01,-1.727049733569359369e-01
8.944764623038517493e-02,1.920177296797384858e-01,1.406163411514542994e-01,1.560477124293841722e-01,8.732525242401951993e-02,2.855926472928417906e-02,-2.549999340628581954e-02,-4.436814970775156824e-02,-6.546653173543329207e-02,-8.218262091201862518e-02,-1.512936994366848864e-01,-9.030753429599842896e-02,-5.659968493202500311e-02,-4.222640664137163047e-02,-1.302472912823041118e-01,-1.205868244414210755e-01,-1.732048186393152223e-01,-7.402904762250099580e-02,-6.200311166163362947e-02,-1.007761362982774050e-01,-1.485144503272990413e-01,-1.826304835699903706e-01,-2.191221849600028249e-01,-1.730020800063105102e-01,-1.698674045604277039e-01,-6.221792101077658343e-02,-7.118912225714248143e-02,-8.238908064876575982e-03,-1.100411692202507979e-01,-1.517551860457708734e-01,-1.458824843808999572e-01,-2.855488546102019284e-02,-6.259199837162238156e-02,-8.885625550413170370e-02,-1.372655208528544002e-01,-1.500261578571401577e-01,-1.396217321114410215e-01,-6.524013500827563483e-02,3.248406020475210626e-02,1.537292877724868445e-01,3.790309490420755711e-01,3.441116268109420395e-01,9.999999999999998890e-01,2.828713873974818549e-01,1.044764331493350101e-01,-1.259156763061149500e-02,3.680121250435743757e-02,-6.683431492161584497e-02,-1.251397761496995387e-01,-1.421855415064813000e-01,-1.401709362221214838e-01,-7.520355560512408111e-02,-8.479175830941351744e-02,-7.921807305852338055e-02,-9.826478721523534965e-02,-1.462250580116097598e-01,-1.383234184124529642e-01,-5.229724351567874990e-02,-1.422338840778517542e-02,-8.774996555427461153e-02,-6.385026016344559630e-02,4.284853125674737556e-02,2.863404495805035432e-03,-1.327796010381375180e-01,-2.828788082086950567e-02,1.078458225366547701e-01,1.433875273098855208e-01,8.195688683687329945e-02,1.033523166714097330e-01,7.917012901703049388e-02,1.779647392357662505e-01,8.232992076089384881e-02,1.325086161139875929e-01,5.021755513577801089e-02,-1.085762364637558736e-01,-1.820097518435034589e-01,-2.461022953641884559e-01,-2.093782096715643970e-01,-1.876037037718232270e-01,-1.516403258963802680e-01,-1.023670481937303811e-01,-3.500931492934222095e-02,5.264745162028999521e-04,5.440743551256626426e-02,3.986709651725008074e-02,7.039414555466029511e-02,-1.499958609496697924e-02,1.800292733606974338e-02,-4.722342467158539316e-03,-1.072267275972233203e-01,-1.615147928219606566e-01,-7.199378784760693262e-02,-4.209287413778946274e-02,-7.988062324931574643e-02,-1.904491337509516546e-01,-2.259750175362830737e-01,-1.186064131208850320e-01,-1.199836616429282160e-01,-1.194469711144707513e-01,-1.732683875966506137e-01,-1.866183922352330216e-01,-1.289440564933639344e-01,-6.572747226807756915e-02,-1.353925063576575383e-01,-3.532390802256368117e-02,-1.041383665736407144e-01,-5.731955780836163472e-02,-6.462538126157145457e-02,-7.143298597400751793e-02,-1.285638050961808443e-01,-2.030684693612639091e-01,-2.697164530851484665e-01,-2.267152525280926034e-01,-2.456031727714836355e-01,-2.352267223831836784e-01,-1.716737225182272675e-01
9.756712961018444707e-02,1.999930246592863670e-01,1.459650619174271968e-01,1.394524173358423214e-01,4.474962206398885867e-02,-2.032745202219348249e-02,-7.207572428028290179e-02,-7.477606065486198939e-02,-8.177998350278981032e-02,-1.102688329910502668e-01,-1.883165111661105617e-01,-1.112427905476424672e-01,-8.822443959515860468e-02,-6.878539666295073463e-02,-1.771340016343439239e-01,-1.818167661865401907e-01,-2.217154343500375158e-01,-1.113133007789113005e-01,-7.523599312844053699e-02,-1.081056924219043619e-01,-1.661210759276724458e-01,-1.771840500681697017e-01,-2.028717414841993971e-01,-1.185447322487939159e-01,-1.223085752206825721e-01,-2.260444637767165116e-02,-9.427684368234594270e-02,-9.730321680312357946e-02,-1.791575362332852028e-01,-1.941790837250145507e-01,-1.614445278197543798e-01,-4.410389861175150611e-02,-7.447739175875643658e-02,-1.280327778473064615e-01,-1.803956029275418649e-01,-1.982248336694594493e-01,-1.692783971735604687e-01,-1.607973137097157557e-01,-2.006150065159143653e-02,1.172025472890017295e-01,2.744722129456612092e-01,1.459713521047090456e-01,2.828713873974819104e-01,1.000000000000000000e+00,2.267478748045981540e-01,8.448571949365678291e-02,5.307018182949960888e-02,-2.861846700053882059e-02,-8.240711425622027075e-02,-1.158991997188978385e-01,-1.153226996543729871e-01,-5.870950460123737502e-02,-6.151037884505408670e-02,-4.487462353025256645e-02,-5.119668627961002083e-02,-9.376826898960161083e-02,-8.752759888050047621e-02,-1.752582957352063694e-02,6.836891110983754627e-03,-7.512605731205271309e-02,-4.555713992991840267e-02,4.089504442102265963e-02,-1.837723112183896335e-02,-1.680051026998509445e-01,-6.801071682061156365e-02,4.869052816383630938e-02,1.179277530580550293e-01,6.029633533858996114e-02,6.687987707385106839e-02,6.069673617157591433e-02,1.458766782996330780e-01,6.937911930513754322e-02,7.914237262348967905e-02,-2.052100724467964196e-02,-1.875347330312362448e-01,-2.435820452880663733e-01,-2.790758664887356688e-01,-2.328661388748822503e-01,-2.261209701359272739e-01,-1.825056989992657197e-01,-1.430151380180932075e-01,-8.733543398555404513e-02,-1.767936400001969208e-02,5.042686470616447592e-02,6.769844541494862700e-02,1.268680994284943908e-01,6.575180294119400970e-02,8.577131580227841112e-02,4.333307598276169015e-02,-5.559269233808415006e-02,-9.503901659863844831e-02,5.512631434669490980e-03,3.453702101151643819e-03,-3.930657958650113359e-02,-1.366077333569606922e-01,-1.914474749637861684e-01,-9.351721560529047128e-02,-9.992321282202103194e-02,-1.023314416325125237e-01,-1.554329685705751474e-01,-1.361093315747149424e-01,-5.710238392091206150e-02,1.505783942219758240e-02,-5.556559902770008552e-02,2.711030613335669442e-02,-8.273435578021509640e-02,-8.407953606605726715e-02,-1.079026795262959526e-01,-1.316291573557251127e-01,-1.244720844106646934e-01,-1.483264626162819622e-01,-2.636605022898823036e-01,-1.548649247947967156e-01,-2.346584882531887739e-01,-2.449661483726735534e-01,-1.869328360770297903e-01
6.631669491741373768e-02,1.512129883087708071e-01,1.254396015196480862e-01,1.442399182972406158e-01,5.954892197524065678e-02,1.419656861022567350e-02,-3.611318049614058862e-02,-2.973237806520807533e-02,-3.818208913848693264e-02,-7.034148544505526568e-02,-1.211268672675028246e-01,-8.473027091844827219e-02,-8.825784506814346453e-02,-8.422924399992209876e-02,-1.587997016618884205e-01,-1.739860755002609616e-01,-1.973696912006988324e-01,-1.405671746680204337e-01,-1.059850059202124828e-01,-1.133104339500986130e-01,-1.383952478053418478e-01,-1.080863603924175353e-01,-8.532047535703397856e-02,3.818157661524135271e-02,3.994538376742345909e-02,9.331096540562458519e-02,1.380803218062872338e-02,-6.291774772292481333e-02,-1.333338610809291780e-01,-1.358499513195545183e-01,-8.461388513888079554e-02,2.822449685795015706e-02,-2.772878395378214345e-02,-5.741757020069703649e-02,-1.004379209241974685e-01,-1.460159779357079468e-01,-1.536118205303825535e-01,-1.489729119700988480e-01,-9.413725663026407606e-03,9.648586025205385663e-02,1.822178515688038514e-01,5.917779241865210593e-02,1.044764331493350101e-01,2.267478748045981540e-01,1.000000000000000000e+00,2.053529196454384198e-01,2.549341109374304581e-01,1.043014253913671086e-01,2.977376051774970750e-02,-6.857932805191839509e-02,-8.345747800504620117e-02,-7.601065002035166385e-02,-6.692435002431806890e-02,-5.405920451519710679e-02,-4.356730230847063318e-02,-8.614096300643186988e-02,-1.069700437553635641e-01,-5.659831493360919369e-02,-2.153813760670663519e-02,-5.398509132239262542e-02,-5.204371316833046601e-02,-8.997142736317373032e-03,-2.658308513747187005e-02,-1.373157002162760654e-01,-1.127777139903670262e-01,-2.581011170513768799e-02,3.748924685848922800e-02,-1.318168189995846604e-02,3.436338657153394354e-03,3.196576446032479285e-02,8.203634154020243707e-02,5.531086930528238826e-02,3.101890718372175837e-02,-5.903029689543214109e-02,-1.509745804828913074e-01,-1.877369405337782349e-01,-1.780883681712744082e-01,-1.217351579722419225e-01,-1.284479678606257336e-01,-9.359936468291434053e-02,-6.891375785165215762e-02,-6.925297371563970093e-03,1.949167387964791109e-02,7.640952901474105941e-02,5.329756982825398226e-02,1.056119989180034774e-01,2.533507499801752536e-02,3.076111157143328681e-02,-6.195077147792808596e-03,-1.082965579561886854e-01,-1.568267092844340960e-01,-5.088981219676754625e-02,-1.984463936423645769e-02,-6.746403702980331707e-02,-1.694445108201085570e-01,-2.242764068891418272e-01,-1.142752533198933551e-01,-1.106424143988561926e-01,-1.134962142881927732e-01,-1.652547351139078136e-01,-1.453142316492068986e-01,-8.038172259158520017e-02,-7.750925661984840731e-03,-5.674191271340757459e-02,3.838618535374205970e-02,-6.833075103833809172e-02,-1.743325363375807305e-02,-3.879719940918788246e-02,-4.547527612597568325e-02,-2.749698218198771277e-02,-3.304529113007823732e-02,-7.891370087389548704e-02,9.994277415920528249e-03,-5.840891949889287504e-02,-1.517880707570528065e-01,-1.196634251328818621e-01
9.034336505373770365e-02,1.686089221786195580e-01,1.672297495494160235e-01,2.005191875684451952e-01,8.901089365822761890e-02,2.036157676018663862e-02,-4.558836526628851776e-02,2.941181243511508184e-02,2.369123745471406889e-02,-8.988577336935800466e-02,-1.104292046338851557e-01,-1.704722857679726866e-01,-2.938596304184473151e-01,-3.124541237972252583e-01,-2.972227812838615368e-01,-3.392131758250242490e-01,-1.997835042153848495e-01,-2.878619080119420026e-01,-1.934343906867826424e-01,-1.162646467535601025e-01,-2.319186138844420500e-02,2.310812104527647792e-01,4.370414947051088350e-01,7.570513876930814456e-01,8.223663804372378650e-01,8.532226730072293153e-01,5.953292765297729661e-01,6.612313455723527189e-02,-1.489169510805138652e-01,-2.460108874838096427e-01,-1.146118272045752312e-01,8.445874109909635996e-02,1.123411088591639156e-01,4.917508916493742999e-02,-1.062230369447901557e-01,-2.917433861149534291e-01,-3.223839963884398419e-01,-2.947084852738519611e-01,-1.075585709411971819e-01,5.974232726827821693e-01,4.103740446616850890e-01,-5.965532226573818514e-02,-1.259156763061148633e-02,8.448571949365678291e-02,2.053529196454384198e-01,1.000000000000000000e+00,8.495980461329398770e-01,6.233003998621923225e-01,3.766444615650667571e-01,2.279120518687445807e-01,1.776548061999170258e-01,-2.085837108621479974e-02,2.005775702590769424e-03,2.683204816165512402e-02,1.564925965458200396e-01,2.240753720561477202e-01,-8.617273827473501124e-02,-1.484347058277204756e-01,5.504303123862903111e-04,1.815598201746891627e-01,8.415643833761000947e-02,-2.480572537767154404e-02,1.045226624702496332e-01,8.829454850046659919e-02,-2.152201681631003005e-01,-2.834199087319974053e-01,-1.050557715174175732e-01,-2.072084427844173016e-01,-2.620464662966273672e-01,-4.745943533133701979e-03,-7.582928294390414888e-03,2.652745423257287655e-02,-1.958325961352394284e-01,-3.291195095055800546e-01,-1.721191969395013399e-01,-2.034335763685840015e-01,5.134730856845436120e-02,1.470464092110937149e-01,8.375626490769436105e-02,1.810274416945033549e-01,1.326211207560279437e-01,1.851863567708743330e-01,1.824875318832782090e-01,1.638703589897995416e-01,9.112752072864545305e-02,1.567408326955005704e-01,2.138216280078712034e-03,1.397126159953310416e-02,-6.275873988528501979e-02,-2.633824388416957096e-01,-3.727998201686128499e-01,-1.520065289276572862e-01,-3.715854376661575920e-02,-1.548635612629973846e-01,-3.724536610212536569e-01,-5.020774191076761150e-01,-2.632105699749262007e-01,-2.447207601245534325e-01,-2.255017212323180142e-01,-3.390006826965422659e-01,-2.693987592400984288e-01,-1.478553044442044995e-01,-1.180850524278634003e-02,-9.656036732078752960e-02,5.854200252839064644e-02,-1.237965915317097709e-01,8.030754769986965524e-02,1.612688618787164463e-01,1.989711889186852878e-01,5.268594975871750963e-01,5.894709229406073225e-01,6.108195799415234717e-01,6.011307443345621504e-01,4.066857487104933999e-01,1.850161407568448602e-01,1.200677637721053875e-01
5.236503492516369346e-02,1.599903793744610891e-01,2.134675308728598286e-01,2.784154276458575827e-01,1.888436277981283551e-01,1.258082720868229087e-01,2.906901009556647070e-03,7.436153562931589744e-02,3.417167150609361909e-02,-1.078310708995741246e-01,-1.658807051713104275e-01,-1.839986090214714154e-01,-3.350209985760382869e-01,-3.863433883216183529e-01,-3.580030472972970390e-01,-3.582547182845441380e-01,-1.332617376004133214e-01,-2.196955412768942795e-01,-1.269977033824718216e-01,-2.739696343593217478e-03,1.270083004129524129e-01,4.095127231478987162e-01,5.953487787098880046e-01,8.172402169450009302e-01,8.241659362047578652e-01,6.864267626946098932e-01,5.806599864336240424e-01,1.879519252121698847e-01,-1.176153829634109770e-02,-1.188533497750102197e-01,-4.845532883024931264e-02,1.683942895989853361e-01,1.049937539379387358e-01,1.188537125491800767e-01,-4.080952597901714440e-02,-1.936384739050155401e-01,-3.109261313267549509e-01,-2.012243291880944085e-01,3.820760603778047826e-02,4.754469631672665342e-01,2.379947357476933922e-01,-4.374566752301393968e-02,3.680121250435743757e-02,5.307018182949962276e-02,2.549341109374304581e-01,8.495980461329398770e-01,1.000000000000000000e+00,8.570391040064465615e-01,5.938761618676838827e-01,4.001815220507399240e-01,3.138886091474895057e-01,6.898913003086644402e-02,1.124564612318524892e-01,1.372629388166072273e-01,2.452097364132610757e-01,3.050159028140962403e-01,-1.104632814019506325e-02,-5.724360905031600916e-02,6.574764595663303013e-02,2.944959229899997144e-01,1.974397509300683529e-01,5.551661614887387630e-02,1.933931931778801738e-01,2.180167044580983426e-01,-1.471454589023293291e-01,-2.572473318449755575e-01,-1.042442644094867948e-01,-2.230831047081834051e-01,-2.787223291830902561e-01,-2.253439789656819930e-02,-5.989416500469953164e-02,2.635725987222327371e-02,-2.067728465272713756e-01,-3.501580213116778917e-01,-1.935320288392683719e-01,-2.745080004549603214e-01,-2.778170141963966569e-02,6.685808006893657895e-02,2.157808905271157637e-02,1.489823349483306858e-01,1.948468244436220853e-01,3.460044506390488328e-01,2.838400707479240559e-01,2.679854080063108768e-01,1.290880864981442944e-01,1.570456804717486610e-01,-6.620371081359760490e-02,-2.408288960276347770e-02,-5.681702532833566438e-02,-3.023890218529011742e-01,-4.775655141157633676e-01,-2.657568394308898463e-01,-1.378032683255454305e-01,-2.437093159181579760e-01,-5.133162870969414371e-01,-6.277526091067682223e-01,-3.436636886735842666e-01,-3.150221799747363050e-01,-3.128523643407202237e-01,-4.666717420146793138e-01,-4.303939927941847765e-01,-3.135045093918848447e-01,-1.534679372403158770e-01,-2.376325676492240802e-01,1.923761121703774016e-02,-1.109448458292761203e-01,2.292363387764662086e-01,3.003143106851439148e-01,3.363908538594891917e-01,5.246499488609686068e-01,4.605136517128125551e-01,5.226666554414001187e-01,4.620898313163867566e-01,3.441585806062402719e-01,2.319813061540933752e-01,2.287835655248326439e-01
4.396023865761854860e-02,7.720092268442868555e-02,1.505463205025099616e-01,1.766424302389590084e-01,6.147013980085465346e-02,-7.304205737156678827e-03,-1.183611871244041741e-01,-6.159465571369151377e-02,-9.563548661024835751e-02,-2.036724433119249111e-01,-2.111124990302745419e-01,-1.514174921026958665e-01,-2.935606055973215556e-01,-3.158859935622737036e-01,-2.468367938316030630e-01,-2.254128525699901353e-01,9.707992344366869752e-02,-3.586520865825036652e-02,1.378214457209748361e-02,1.936199828259467792e-01,4.022207135678546042e-01,6.980925861232244456e-01,8.294131819809551498e-01,8.702181573302945061e-01,7.541818778241423660e-01,4.686152658366606327e-01,3.958117035899857972e-01,8.040690392718130575e-02,-1.006609925439933273e-01,-1.312894452049805094e-01,-3.789552849637114335e-02,1.542193776702291963e-01,8.550035930880582613e-02,9.156949176333650797e-02,-2.351259613135675552e-02,-1.598640900269676646e-01,-3.491994243387047114e-01,-2.823256508496781447e-01,5.616875357136961837e-03,1.764858047656897022e-01,5.109974832471455425e-02,-9.055944569164160740e-02,-6.683431492161585885e-02,-2.861846700053879977e-02,1.043014253913671086e-01,6.233003998621924335e-01,8.570391040064464505e-01,1.000000000000000000e+00,8.264765736748524994e-01,6.510208183714719654e-01,5.095991445277130438e-01,1.988668189081008175e-01,2.378325886737988615e-01,2.514261120908499181e-01,3.696652059071956486e-01,3.902128545470920362e-01,9.682632386573883365e-02,5.253863073839917103e-02,1.081039458469920944e-01,3.421571555461812575e-01,2.863843808748213760e-01,8.257100803046663051e-02,1.795957028897952612e-01,3.375180643745621656e-01,-3.431571817846303801e-02,-2.587081156107933766e-01,-1.616917811688242390e-01,-2.413572521239077950e-01,-2.667199732533748202e-01,-3.465264830439548221e-02,-1.695671473528581330e-01,7.017415824828143441e-04,-2.855455138114467162e-01,-3.760151331238955619e-01,-2.223425245864923683e-01,-2.516719829992533630e-01,5.661883550157490244e-03,2.580442627702836931e-04,-8.775282330421370347e-02,6.316584153509115229e-03,6.184212362720906131e-02,2.170483071772321970e-01,1.886770379646713625e-01,1.990471718882913243e-01,1.047473078903214255e-01,1.667212185199299923e-01,-1.124634461187178427e-02,2.123453315886148982e-02,-6.792984390126963895e-03,-2.202900021680915532e-01,-3.872006173806328277e-01,-2.032397783585658535e-01,-1.009090196789350219e-01,-2.004287036830758595e-01,-4.490346481181566873e-01,-5.619212019375242617e-01,-3.004141065154601886e-01,-2.762299043892310624e-01,-2.949561883938018325e-01,-4.502892580100789077e-01,-3.710153279122306857e-01,-2.444949025778166696e-01,-8.231570158266549031e-02,-1.683360337709133847e-01,4.417871378929785764e-02,-1.261693364754332136e-01,1.498336719781195592e-01,1.887682990312540554e-01,2.218586968556086614e-01,3.923993819466849997e-01,3.090887492201896403e-01,4.438531058955375586e-01,3.838924298691639980e-01,4.148778424789022479e-01,4.389363692676724882e-01,4.806670396165280135e-01
3.037930525995514996e-02,6.898908636444492370e-02,1.918450380362421159e-01,1.735280233205920564e-01,6.482809239075429386e-02,8.649653701133885528e-03,-1.156445401323499822e-01,-6.946968311467432988e-02,-1.476145434423405955e-01,-2.589105521151729983e-01,-2.762912128749654972e-01,-1.769421320737627201e-01,-3.170218022018040371e-01,-3.386664965284860718e-01,-2.512794615756394068e-01,-1.958705997396682219e-01,2.447374245101089085e-01,1.702855565515150327e-01,2.969010724280391478e-01,4.878267052685864580e-01,6.086751939233673303e-01,8.398796737492866260e-01,8.532275173668214530e-01,6.589374448331042355e-01,5.909640121944356173e-01,3.665630422051361914e-01,2.984710624115209932e-01,6.915588689716132588e-03,-2.046809621115684708e-01,-1.891925577980802520e-01,-7.791551657559472877e-02,1.381949041064319539e-01,6.650619268637353310e-02,5.525417228580797174e-02,-6.668646022794906536e-02,-2.088318282946294013e-01,-4.240723454044516560e-01,-3.829915864103071166e-01,-9.336843554775628440e-02,1.024923181311861581e-01,5.388462195087213857e-02,-9.613345535191411551e-02,-1.251397761496994832e-01,-8.240711425622025688e-02,2.977376051774970750e-02,3.766444615650667571e-01,5.938761618676838827e-01,8.264765736748524994e-01,1.000000000000000222e+00,9.212571866693533007e-01,8.085127662900442047e-01,4.967489006153112396e-01,5.047633565850245807e-01,4.176737829956017611e-01,5.782192776193750827e-01,6.171553039455670575e-01,2.614000790069699875e-01,2.014821512877763565e-01,2.630298009564707162e-01,5.308807513821990343e-01,5.218597378848588431e-01,2.504059207217232963e-01,3.238901606449054449e-01,5.452645036821003321e-01,2.016785868292770567e-01,-1.545966076939810641e-01,-6.718155714582457749e-02,-8.831535009281119009e-02,-2.183256819441264096e-01,-6.962148257288443276e-02,-2.201016181599381449e-01,-4.609817799598484034e-02,-3.000306123347112330e-01,-3.567334818180717959e-01,-2.138704320289775418e-01,-2.878524136667485744e-01,-9.242459949047079903e-02,-1.133439312139401939e-01,-1.520567999540289872e-01,-2.322399246561471231e-02,7.665470584681831345e-02,2.009782996003597610e-01,2.123383916765010926e-01,2.208439564018743473e-01,1.739895157870688103e-01,2.140698038144821791e-01,2.732059649129114226e-02,7.681126920551090143e-02,9.568563107267409606e-02,-9.120958687074523508e-02,-3.076544675108076055e-01,-1.982592453520093945e-01,-1.184290728134097526e-01,-2.038267794054637316e-01,-4.903522794982902999e-01,-5.714061723485381883e-01,-2.974605114520674776e-01,-2.798571356994940529e-01,-2.937228628460316071e-01,-4.608909042142131929e-01,-4.162592043398345432e-01,-2.826264936819984919e-01,-9.434884701935540574e-02,-1.727292945724948625e-01,6.370062647206303774e-02,-6.442440001423710427e-02,1.372038762830898317e-01,1.156084863218231479e-01,1.677293650583531748e-01,3.607572507892805591e-01,2.591981010308878619e-01,3.143421275101852541e-01,2.249084432877737072e-01,2.563456985884495776e-01,4.066018007037395798e-01,4.609606037492065544e-01
-9.611531309443440904e-03,-5.465196658201155328e-02,8.879821055619452341e-02,6.025661523442212009e-02,-4.779668025151256189e-02,-1.051941869012440328e-01,-2.215856584510569049e-01,-1.618366517802645177e-01,-2.544641220882817856e-01,-3.532205797310827289e-01,-3.675806469649224861e-01,-2.505060324838869201e-01,-3.292324998270246827e-01,-2.617169966465657249e-01,-1.459026797169242773e-01,-3.028961716786372771e-02,4.589091874871344401e-01,4.518978179044350618e-01,5.863328610697061682e-01,7.596372141929602639e-01,7.970936079645083439e-01,8.902467081245526437e-01,7.864189744550891259e-01,5.122139874462552367e-01,4.292849192504137323e-01,2.370994343966596474e-01,1.848378137225884510e-01,-2.714296385445911369e-02,-1.754080487717597503e-01,-7.375215537098747665e-02,7.954326745494295914e-02,2.613078323678598158e-01,1.771491011044666053e-01,1.718203834539367703e-01,5.958862513138503403e-02,-9.577256077130721912e-02,-3.530454705553081052e-01,-3.497305025498194664e-01,-1.193108838405973898e-01,1.322177823408633192e-02,-1.195602355984482813e-02,-9.977611709322506406e-02,-1.421855415064813000e-01,-1.158991997188978662e-01,-6.857932805191839509e-02,2.279120518687446362e-01,4.001815220507399240e-01,6.510208183714719654e-01,9.212571866693533007e-01,1.000000000000000222e+00,9.475242658553743036e-01,7.049438049607426038e-01,6.896598348258494715e-01,4.945463269976789200e-01,6.618313256622975205e-01,6.540895439057698990e-01,2.251104894980828497e-01,1.550095078214982769e-01,2.096612162197796780e-01,5.237077038126419781e-01,5.984322531177255211e-01,2.727402942625273274e-01,3.125417110517547670e-01,6.509446738440681779e-01,4.319506842198909680e-01,-2.975090037213265134e-02,3.359502154540010559e-04,1.006798491337258655e-01,-7.921595001947032144e-02,-7.668978813294657915e-02,-2.333271738304042164e-01,-9.039675336915507786e-02,-3.403725843777403726e-01,-3.261389859698093363e-01,-2.082109678141065845e-01,-2.676406578621398635e-01,-1.504563282465791185e-01,-2.419027508465093068e-01,-2.817441624357889252e-01,-1.557456248050165248e-01,-3.645521972961707213e-02,1.332151681023764078e-01,1.573975824212760222e-01,1.844138104456698735e-01,1.234673630842496317e-01,1.410344234323123169e-01,-3.302895012696274724e-02,-4.023024826789849823e-02,-1.111274111518400880e-02,-1.488701879597225108e-01,-3.444129024365062408e-01,-2.509512556471154010e-01,-1.323042260704329343e-01,-2.171516625438279779e-01,-4.814564785795846791e-01,-5.498116046573406912e-01,-2.794113564586830356e-01,-2.509792948952145331e-01,-2.493616313616412172e-01,-4.249006347104373749e-01,-3.539681780681670498e-01,-2.412235373166347896e-01,-6.966141516047860693e-02,-7.791685840713814815e-02,1.235747740596597893e-01,1.962265960503088887e-03,1.651769490644960370e-01,6.715454447644254865e-02,1.061243609694160067e-01,2.383307150904121208e-01,1.194923897884889313e-01,1.779498525349034466e-01,8.659690647456179391e-02,1.745218084935488967e-01,4.096798470326209474e-01,4.837335109250105458e-01
-5.348766133289924868e-02,-5.287793751653105910e-03,1.520836053201590765e-01,9.542440146726967332e-02,1.525289138974128544e-02,-8.307293845946286948e-02,-2.325483017899690752e-01,-1.630380440056125313e-01,-2.760770933608113209e-01,-4.061523240247394972e-01,-4.592377411963596279e-01,-3.336765385140360585e-01,-4.016344400594873965e-01,-3.186896698380318749e-01,-2.462773498832546148e-01,-6.581149023044724489e-02,4.327945493211818873e-01,5.261296211767924058e-01,7.270055782230476771e-01,8.214051503923983644e-01,7.407739411538546426e-01,7.583726115198179407e-01,6.281197398845185242e-01,3.765152453866394966e-01,3.469426719299077977e-01,2.182485996882954360e-01,2.189804226995788750e-01,3.592176554192538784e-02,-7.196432102086500193e-02,2.398611684902800939e-02,1.417313373781343144e-01,2.945383168346300540e-01,2.070865217973809347e-01,2.329411708680040882e-01,1.226673673757212868e-01,-1.836514826045862817e-02,-3.075676709823882971e-01,-2.877531383768877071e-01,-1.377891699001132508e-01,2.953779297172174842e-02,4.982064952753310731e-03,-8.489921692462418235e-02,-1.401709362221214283e-01,-1.153226996543729593e-01,-8.345747800504618730e-02,1.776548061999170258e-01,3.138886091474893947e-01,5.095991445277130438e-01,8.085127662900443157e-01,9.475242658553743036e-01,1.000000000000000222e+00,8.723095491928308798e-01,8.375491564826896829e-01,6.244679943308228953e-01,7.384731385970816353e-01,7.538525663819545253e-01,3.377411951209163266e-01,2.720328891592145859e-01,3.294359011558019579e-01,6.484134724270661509e-01,7.647084906327032972e-01,4.652576396131552494e-01,4.831688183977966289e-01,7.865465872911024947e-01,6.159860470465716720e-01,1.624058031116654144e-01,2.106275774134505341e-01,3.153511928462652270e-01,7.274286691990859699e-02,-4.546338139466426370e-02,-1.240916421155115607e-01,-9.713842493967310421e-02,-3.071429797554139918e-01,-2.836429843621440794e-01,-2.044142785176243093e-01,-3.552235675552347094e-01,-2.980194040463099436e-01,-3.543544667594564213e-01,-3.517498198124244246e-01,-1.716142531342555733e-01,-2.091537558672171976e-03,2.253395723753754409e-01,2.543093685369570700e-01,2.554852350548579842e-01,1.824760503233389120e-01,1.021796985114998696e-01,-1.115602047262429092e-01,-1.128837192281746671e-01,1.270708261403624174e-02,-1.333521245752705420e-01,-3.687332031033456192e-01,-3.313056027661990810e-01,-1.986062803861762538e-01,-2.703762295168212204e-01,-5.085379844196931121e-01,-5.455373374195989777e-01,-3.037997047146135388e-01,-2.635582238107948005e-01,-2.706437364252594069e-01,-4.158473246310694371e-01,-3.844567449287052407e-01,-3.133373841615933464e-01,-1.707743751694584533e-01,-1.411059006900216573e-01,9.521374343679808727e-02,7.643953576882243917e-02,2.725236115650319091e-01,1.641676061001437481e-01,1.878615582494249647e-01,2.699267179728810917e-01,9.034123890695322512e-02,7.924505956533267614e-02,-4.028831889315632325e-02,-3.977292734506343228e-03,2.289389817463595156e-01,2.953694348184071616e-01
-8.876497804719073181e-02,4.033092454209498412e-02,1.422538727320490359e-01,4.677726122081680982e-02,2.257741087334717324e-03,-1.317154525102885443e-01,-2.713254076128477910e-01,-2.019131703017369439e-01,-2.826787069561107479e-01,-4.098800398468433470e-01,-5.104632117052508855e-01,-3.118466384899422073e-01,-3.734385483906932368e-01,-3.143281221541562309e-01,-3.463617403414016582e-01,-1.249669139063362550e-01,3.017502962982744341e-01,5.774024863152193987e-01,8.595171551993738834e-01,8.076854489878972920e-01,5.421439628372453079e-01,4.226732182435365970e-01,2.363091178380802293e-01,3.422194601066208541e-02,5.256427622579509795e-02,4.090560186476679266e-02,1.276552428877388845e-01,1.034547276327821841e-01,5.371551008145357409e-02,1.562716041019011626e-01,2.043098351078558861e-01,2.863968531622977376e-01,2.672167953333756674e-01,3.036129674940920564e-01,2.278742073244362232e-01,1.277515931628155077e-01,-1.479032198743989723e-01,-1.212861663025405490e-01,-1.003290605229661403e-01,-8.039225565777683921e-03,3.490910966744110305e-02,-9.281039964127780692e-03,-7.520355560512409498e-02,-5.870950460123739584e-02,-7.601065002035163609e-02,-2.085837108621476157e-02,6.898913003086648565e-02,1.988668189081008175e-01,4.967489006153111841e-01,7.049438049607426038e-01,8.723095491928308798e-01,1.000000000000000000e+00,9.301260272093627712e-01,7.197548628941465854e-01,7.056315637518395523e-01,6.844348228520859001e-01,3.750554073968236923e-01,3.876845624634534526e-01,3.804981865359507442e-01,6.252400132925074461e-01,8.418334548545122198e-01,6.503573476235811057e-01,5.555460954358961700e-01,7.559229631306566555e-01,7.875361785214799459e-01,4.218048840396746435e-01,5.117655045954031534e-01,6.325055924459925816e-01,3.380087831996343994e-01,9.458733192655907618e-02,9.059032328764030084e-02,-5.698626579071690984e-02,-1.816209892557855976e-01,-1.578928913513092669e-01,-2.520054603035207230e-01,-4.589426495668406103e-01,-4.948645735670021972e-01,-4.872197633379695692e-01,-4.583413906514745562e-01,-2.473254433813195929e-01,-6.766980791978931264e-02,1.964810627750302463e-01,2.170480701033533077e-01,1.894359840678471463e-01,1.206571857778718920e-01,-4.034662762748840448e-02,-2.494709532989765055e-01,-2.358575149848066432e-01,-4.374179832644613589e-03,-1.364333049004122500e-01,-3.657723658415719115e-01,-4.165428010538149151e-01,-2.657871470193506891e-01,-2.976789355491873401e-01,-4.613226185871808771e-01,-4.274973049981142248e-01,-2.534577938056900570e-01,-2.059003915974937649e-01,-2.030998088513318867e-01,-3.077679338721149849e-01,-3.347437275980592042e-01,-3.557313549256927998e-01,-2.942088603437090222e-01,-2.223114744470288673e-01,-2.412800242826098826e-02,8.114735213305536432e-02,2.731171575282193564e-01,1.852546404887714937e-01,1.984002321636161859e-01,1.453061958472468551e-01,-8.263704955618114689e-02,-1.902963505939438138e-01,-2.930948362073007574e-01,-3.035345711270559521e-01,-1.033932547020138398e-01,-4.415492705450725641e-02
-7.843619310725510885e-02,-9.394531836734417232e-03,1.058184076112774902e-01,4.497540082698676250e-02,5.617058740505042995e-03,-8.761087611749722448e-02,-1.930007319020961287e-01,-1.194428148494313113e-01,-1.777593827163296003e-01,-2.919482206937418223e-01,-3.946427899159185015e-01,-1.771856291285302809e-01,-2.860496398466415569e-01,-2.982768614778326666e-01,-3.759201953797026707e-01,-1.619689123066144487e-01,2.005488514715521309e-01,4.326087217551879416e-01,7.273814520520951454e-01,7.277860706062361240e-01,4.461301255636120899e-01,3.754500053328192477e-01,2.291370012546304347e-01,7.095789899223126085e-02,1.007989139122986572e-01,4.533644956916148966e-02,9.275597078766253945e-02,1.136814998745928722e-02,-9.251726801863145375e-03,7.244028226824038297e-02,1.366113975586848439e-01,2.457289273976379917e-01,2.307681337254603726e-01,2.216792774688002843e-01,1.331395145620846154e-01,2.831031942583508640e-02,-1.988785340812082303e-01,-1.721014967237426141e-01,-8.191877168957743816e-02,-5.426445566560018918e-02,-1.089764108180974259e-02,-3.725185624396182282e-02,-8.479175830941350356e-02,-6.151037884505407283e-02,-6.692435002431806890e-02,2.005775702590782000e-03,1.124564612318524476e-01,2.378325886737989170e-01,5.047633565850244697e-01,6.896598348258494715e-01,8.375491564826896829e-01,9.301260272093627712e-01,9.999999999999998890e-01,8.934356176201588839e-01,8.617215962095491344e-01,7.308729393976870492e-01,3.982736027227611331e-01,3.281951788592039065e-01,3.005849862863506083e-01,5.571213346274936917e-01,7.591540869831662208e-01,5.198754576891043699e-01,4.625089583581531993e-01,6.403239145205796845e-01,6.217957162031951812e-01,2.684392842426325809e-01,3.240006627600328093e-01,4.534986260807524761e-01,1.783332455576125131e-01,-2.301315663588108899e-03,-3.320641994174720196e-02,-6.908529615931623125e-02,-1.892806678041574764e-01,-1.736839224951247096e-01,-2.187930156355710476e-01,-4.308076483842773752e-01,-4.341125531605850574e-01,-3.749807067995421517e-01,-3.522027344935528825e-01,-1.632176271746476059e-01,-2.761147490883462258e-02,1.871134951127333967e-01,1.985596201659085014e-01,1.849956467939941340e-01,1.092984169452782123e-01,1.130305954620387798e-02,-1.738210355048682709e-01,-1.670311432243325178e-01,-7.221699673603181741e-03,-1.471319880641069056e-01,-3.416863468288192096e-01,-3.430467999413708280e-01,-2.165138370337807150e-01,-2.503933036461520878e-01,-4.239111891123782949e-01,-4.200431248582539023e-01,-2.329288823966947086e-01,-1.998670744504635610e-01,-1.953329142071455193e-01,-3.211081075058525025e-01,-3.226836950631267187e-01,-3.026237327293065382e-01,-2.189511424859663380e-01,-1.776522862172802419e-01,9.306992348017198435e-03,6.546358649150295361e-02,2.317214422976600074e-01,1.469026214875867875e-01,1.492857212934198263e-01,1.398865697778030881e-01,-3.289596062752866285e-02,-1.301877537464919410e-01,-2.066411248823024627e-01,-2.565806935307898273e-01,-1.312266482764262721e-01,-1.046682106806926110e-01
-2.486248158735222466e-02,7.745349366266686408e-02,1.578965543907711599e-01,9.676739620633330319e-02,7.325652218615136269e-02,3.941482799608279387e-03,-7.361674859988709407e-02,-3.194454782132621906e-02,-3.644965540576155377e-02,-1.135260447937658235e-01,-2.095991442775632652e-01,5.738611297404435513e-02,-1.173990923167648470e-01,-2.461948468903434051e-01,-4.456563342164545638e-01,-3.045298562674406129e-01,-8.886811230582043752e-02,8.165806591426311156e-02,3.833690111618122676e-01,3.757550878999044164e-01,1.176743259652731216e-01,1.561336388458682833e-01,1.254571904660626569e-01,7.525657812120549461e-02,1.281958431745464644e-01,3.377194526265009378e-02,6.418059018701735563e-02,-8.268275547817473259e-02,-4.121412181177362688e-02,-3.264741174038496979e-02,-1.426714113622136980e-02,9.323554057496639957e-02,9.521709389970506310e-02,7.502987275750527818e-02,1.679876719439517144e-03,-7.441229079292767390e-02,-2.291724847794081033e-01,-1.866527545293564794e-01,-7.722813172422277050e-02,-1.145853174748250325e-01,-6.002102025240697858e-02,-4.284574096326907583e-02,-7.921807305852339443e-02,-4.487462353025255951e-02,-5.405920451519712067e-02,2.683204816165513096e-02,1.372629388166072828e-01,2.514261120908499181e-01,4.176737829956017611e-01,4.945463269976789200e-01,6.244679943308228953e-01,7.197548628941465854e-01,8.934356176201589950e-01,1.000000000000000000e+00,9.262929016045508002e-01,7.529149871606438671e-01,5.422600496892435729e-01,4.316910469741191969e-01,3.356957208197545173e-01,5.170217476350278396e-01,6.646994663134252468e-01,4.689997784267063152e-01,4.190164954696510846e-01,4.427803554454723955e-01,3.398267689890125398e-01,1.317586587873793291e-01,2.165242669127360742e-01,2.458141630581555936e-01,1.718765265610812734e-02,-1.142232627790308857e-03,-4.791520252802036056e-02,-4.022794480523302768e-02,-9.997341835821335621e-02,-1.384836118813628780e-01,-1.949674649284214023e-01,-4.042371469927844574e-01,-3.577635095753570749e-01,-2.057299932989667124e-01,-1.959266426786480386e-01,-5.649508612160117349e-02,3.744937497135452514e-02,1.787487371096958544e-01,1.928247043416793371e-01,1.799425196725629450e-01,1.404739225760765486e-01,7.344156433631456038e-02,-7.482199370169224928e-02,-1.080468552238818443e-02,1.314126515995890643e-01,-3.182702624270353220e-02,-2.064425740339566884e-01,-2.041017314559918361e-01,-1.668354458673935725e-01,-1.924213113878344983e-01,-3.324081889232251563e-01,-3.342168416920812679e-01,-1.972062069416071484e-01,-1.797242880780464680e-01,-1.824489434141426392e-01,-2.908442482213240421e-01,-3.159766729133450247e-01,-2.849319817768299901e-01,-2.057127720166745943e-01,-2.211873460290779136e-01,-3.960362611031123525e-02,2.756674439312516156e-02,1.658231101091939830e-01,1.257888144832141064e-01,9.466138145733254960e-02,1.378312709702614047e-01,1.111819511467649312e-02,-8.165119060876448176e-02,-1.130548682674106103e-01,-2.297081244679089196e-01,-2.505408406013102662e-01,-2.697966876587929996e-01
6.727947728525356108e-03,6.892685831338837832e-02,1.683653331337023884e-01,1.235605644618869986e-01,7.236843346983400094e-02,2.431075559678545772e-02,-5.526059993966538769e-02,-4.068175222145140220e-03,-2.680958080258927581e-02,-1.040420626084514050e-01,-1.940089189835667582e-01,-1.021764333543139815e-02,-1.353129986308991006e-01,-2.100450323673498931e-01,-3.638647669473284996e-01,-2.474821705489836932e-01,1.455131883457262514e-02,9.678685467765436867e-02,3.680285064118593574e-01,4.301658057037712202e-01,2.576187095499847812e-01,3.426901275541995862e-01,3.066657602263287430e-01,2.198916156079148976e-01,2.585744286431350125e-01,1.371675730544104355e-01,8.403838053949214126e-02,-1.809118430896837215e-01,-1.640189504075206528e-01,-1.496005341042945525e-01,-8.167236451902329386e-02,9.108230877019546368e-02,6.526830809918349185e-02,3.777927204874159672e-02,-6.736748260544388189e-02,-1.829572483786518211e-01,-3.561800986639165889e-01,-3.128325629929665230e-01,-1.158142133821634667e-01,-6.788092062466172250e-02,-4.229624306043468229e-02,-6.594773341079832041e-02,-9.826478721523536353e-02,-5.119668627961000001e-02,-4.356730230847061930e-02,1.564925965458200119e-01,2.452097364132610202e-01,3.696652059071957597e-01,5.782192776193750827e-01,6.618313256622975205e-01,7.384731385970816353e-01,7.056315637518395523e-01,8.617215962095489123e-01,9.262929016045508002e-01,1.000000000000000222e+00,8.346116053698906523e-01,5.025513210310165180e-01,3.373294985330989593e-01,3.005003546698497563e-01,5.464837427827250460e-01,6.489580571081620120e-01,3.711592319656348837e-01,3.821833215363183989e-01,4.774273624604937205e-01,2.810355835695692028e-01,4.641319562339757746e-03,7.575212721239771296e-02,1.088867899269243128e-01,-1.106577684642188197e-01,-1.558398128588616739e-02,-1.284406256273310509e-01,-6.540835872811091856e-02,-1.408788776862978376e-01,-1.842817569367898589e-01,-1.678512259479202073e-01,-3.374433105423531032e-01,-2.832996372346028302e-01,-1.736441264812625951e-01,-1.615210975808282490e-01,-3.548831619935938902e-02,5.439164104474567690e-02,1.662724484031589123e-01,2.027141485377998431e-01,2.061785222121754468e-01,1.691334441512045150e-01,1.487310264363279622e-01,-8.317876330822054302e-04,3.858075879172753048e-02,1.131474521661928745e-01,-2.718282685226726045e-02,-2.071864780671469619e-01,-1.584093808392901814e-01,-1.390313036759912857e-01,-1.782358763790907741e-01,-3.734204712662473336e-01,-4.113973759358617865e-01,-2.267873517241369707e-01,-2.142432012322327273e-01,-2.167400447093950633e-01,-3.856263602808086555e-01,-3.627388805139746819e-01,-2.684283853671923237e-01,-1.369581964405366670e-01,-1.746745748775666296e-01,2.340967208033477645e-02,1.606785619242005400e-02,1.466750730354551557e-01,6.178187862662475049e-02,2.932943607448179613e-02,1.792414196503264723e-01,8.095304831666609580e-02,2.200929254487450984e-02,-2.709675705832257850e-02,-1.291302168517346749e-01,-1.066419474479226304e-01,-1.007810424535270089e-01
4.274178139223840794e-03,3.175657524484493677e-01,4.764861645949936553e-01,3.873661431101823038e-01,3.600260449917785932e-01,2.617925976710377411e-01,6.533462725743413579e-02,8.526007749199014663e-02,-5.424886591241482453e-02,-1.995166907106124821e-01,-3.322124249734696999e-01,-2.059557453712571873e-01,-3.189827184527558313e-01,-3.572081596728409747e-01,-4.880926511290370473e-01,-4.201178381302541620e-01,-8.836750403585447167e-02,-1.189022563134675692e-02,2.969849489325532277e-01,3.495665169279738582e-01,2.135780577651554546e-01,3.489127406637627660e-01,3.477658878144871957e-01,2.596344270367608731e-01,3.828136648717294643e-01,3.112655465752727779e-01,3.738541757355655637e-01,9.815774687781052277e-02,3.931736080381951354e-02,-8.142698837600023665e-02,-1.521725642779397092e-01,2.860905698990997420e-03,-1.030898632483318311e-01,-2.956212128881539544e-02,-1.902080397370449760e-01,-1.992811600225818658e-01,-3.911196916899641884e-01,-2.555346555039738621e-01,-1.159700899991564366e-01,8.456473469745508231e-02,4.320536957964622726e-02,-7.272047233086492701e-02,-1.462250580116097598e-01,-9.376826898960158307e-02,-8.614096300643186988e-02,2.240753720561477480e-01,3.050159028140962403e-01,3.902128545470920362e-01,6.171553039455671685e-01,6.540895439057700100e-01,7.538525663819545253e-01,6.844348228520857891e-01,7.308729393976869382e-01,7.529149871606438671e-01,8.346116053698906523e-01,9.999999999999997780e-01,7.663588449217428877e-01,6.054555418960764213e-01,6.512542104082349459e-01,8.631736899086630554e-01,8.374348387865195864e-01,6.247958312350874177e-01,6.893887712231919762e-01,6.656308535264182646e-01,3.017741711445376951e-01,5.496825813672744782e-02,2.153250663622133798e-01,1.070121220019534664e-01,-1.745387289631548655e-01,-7.168228451506909737e-02,-8.611364095807884367e-02,-5.916560646615182106e-02,-1.180820564280029294e-01,-2.407727333268245562e-01,-1.649405523455470257e-01,-4.357892130673833297e-01,-3.702394541142483009e-01,-2.513363895422813243e-01,-1.587094252809381767e-01,6.644823908488274589e-02,3.045953829959195391e-01,4.837337198061216204e-01,5.433217495598180458e-01,5.042175300443419994e-01,4.932261696428258402e-01,3.332014708054013563e-01,1.180800529913387797e-01,2.102483087144184082e-01,4.007520386614257801e-01,2.543605659271065966e-01,-3.624894668456036390e-02,-8.386363026247481423e-02,-2.092601795060340664e-01,-2.571104993327294475e-01,-3.651153304885184636e-01,-4.118738103035309295e-01,-3.182076496112307695e-01,-3.264181309521754226e-01,-3.557228205686573941e-01,-4.086601511373530449e-01,-5.169569542016212438e-01,-4.410439294237607499e-01,-2.732950038234513990e-01,-3.103296035002716113e-01,6.467901890510313612e-02,2.281913236359652819e-01,4.092111302582004395e-01,3.836755517716335384e-01,3.447574807160064259e-01,4.851057200409059078e-01,2.679229157695048325e-01,1.248638895832535900e-01,-1.255583307756663429e-02,-1.572200586204880457e-01,-1.219126393239245848e-01,-9.063769321446127347e-02
4.966867110024410920e-02,4.761835848303505592e-01,6.002396188738712279e-01,4.306019117947995078e-01,4.366803423975008092e-01,3.324542119217908653e-01,1.527718987914600812e-01,1.404786888048850102e-01,7.138528842523726888e-03,-1.193202342457653081e-01,-2.306360229654720317e-01,-1.528396654089426987e-01,-2.558873967794283999e-01,-3.238657587776339608e-01,-4.825958289224863140e-01,-5.016465755599078813e-01,-3.379424472538867241e-01,-2.715097470686603787e-01,-3.477826391416856660e-03,-1.949961943729057803e-02,-1.399723625692995410e-01,-1.629766238289123703e-02,3.788782077611028976e-02,-9.357308192817475473e-03,1.435449071135272425e-01,8.321683985606864731e-02,2.888709878334362324e-01,1.565931580926106514e-01,2.033397575476959818e-01,-4.234057914034627772e-03,-2.193368406461337350e-01,-1.210041184460450003e-01,-2.271579283207296740e-01,-1.063668884934397124e-01,-2.332658196627955538e-01,-1.330147501412320132e-01,-2.288795085047788946e-01,-8.979962237889582699e-02,-1.237157214552506435e-01,-1.507347048282556834e-01,-9.760133384234370713e-02,-5.713472038675152659e-02,-1.383234184124529642e-01,-8.752759888050047621e-02,-1.069700437553635641e-01,-8.617273827473499737e-02,-1.104632814019506498e-02,9.682632386573883365e-02,2.614000790069699875e-01,2.251104894980828497e-01,3.377411951209163821e-01,3.750554073968236923e-01,3.982736027227611331e-01,5.422600496892435729e-01,5.025513210310165180e-01,7.663588449217429988e-01,1.000000000000000000e+00,9.025680334246846126e-01,8.392429764517032043e-01,7.956330499235815257e-01,7.115358525058359529e-01,6.957109453348723216e-01,6.821916423591677381e-01,4.398552118980269543e-01,9.704768911519998098e-02,4.699000444190076786e-02,2.471208948729588795e-01,2.122675811553727948e-02,-2.253490917193266829e-01,-8.249972260511126421e-02,-5.464682188022220583e-02,-3.808361988200363590e-02,-3.628177778435918988e-02,-1.947494371109260158e-01,-1.486555716957384532e-01,-4.049194783986779234e-01,-3.455054874997874337e-01,-1.878718823903111623e-01,-6.807591560672046627e-02,1.595893728843341408e-01,3.883930417947964453e-01,5.194277098275851268e-01,5.884463686542031891e-01,5.415659757529209806e-01,6.368831775609983259e-01,4.238932355126321383e-01,2.900391140268611112e-01,4.734067218706679570e-01,7.654003715372736938e-01,6.619491318301266025e-01,3.816744920942996000e-01,1.617832239884054446e-01,-1.817936517687868958e-01,-9.647969773831990836e-02,-1.004473795445736811e-01,-8.690425593856193620e-02,-2.099384995842947799e-01,-2.449848259754675017e-01,-2.314857516809160354e-01,-2.215696517420626677e-01,-4.386704759371934381e-01,-4.286114047259035886e-01,-3.233896836334779756e-01,-3.417864995485785928e-01,3.750479519362478337e-02,3.349962369291347164e-01,4.442562809050411010e-01,4.736864286157723702e-01,4.234053330408140692e-01,4.304506262553380869e-01,2.004252711241548968e-01,1.544226496560230366e-02,-9.455901106945582835e-02,-2.420500798003407950e-01,-2.782980056093988241e-01,-2.485882773379632926e-01
7.266250161369461336e-02,4.805499275689090188e-01,5.706828224002287175e-01,3.463257090671366667e-01,3.211741000835550142e-01,2.149153834190963286e-01,5.305097609759374527e-02,5.707907459952835105e-02,-1.916210815504474155e-02,-1.485006169788236075e-01,-2.470727553409008403e-01,-1.462001344719568441e-01,-2.594397443869866371e-01,-3.331743958025048524e-01,-4.696001941148563730e-01,-5.246156630943921151e-01,-3.413420321118538769e-01,-2.177139889103422432e-01,5.144750712919589353e-02,-1.703369289002023071e-02,-1.390115466938262045e-01,-5.410386835699801389e-02,-1.002665785902967684e-02,-6.297378622030666562e-02,6.449229315916925331e-02,2.477271594138959199e-02,2.588382206652752315e-01,2.191675152928310166e-01,2.170140096467885471e-01,5.411493475370883488e-02,-1.287148456750367431e-01,-2.057914160506032694e-02,-1.079092611635821958e-01,-1.665588633033884131e-02,-1.107258247392072098e-01,-5.647720913331370773e-02,-1.664754429876106334e-01,-4.912207908133949669e-02,-6.684988087151716440e-02,-1.372618267783343726e-01,-4.405760589111806791e-02,1.174276091110286295e-02,-5.229724351567875684e-02,-1.752582957352063694e-02,-5.659831493360920063e-02,-1.484347058277204756e-01,-5.724360905031600916e-02,5.253863073839918491e-02,2.014821512877763565e-01,1.550095078214982769e-01,2.720328891592145859e-01,3.876845624634534526e-01,3.281951788592039065e-01,4.316910469741192524e-01,3.373294985330988482e-01,6.054555418960763102e-01,9.025680334246846126e-01,1.000000000000000222e+00,8.702839570357302490e-01,7.577720483016620046e-01,7.270457438069221068e-01,7.792333053813896848e-01,6.543874457994839355e-01,3.966484259832511738e-01,1.414469018250895938e-01,9.729341747897009285e-02,3.706626428302592369e-01,1.448049748023978733e-01,-1.401687645111414637e-01,-4.899936459702908254e-02,-2.133252428934107395e-02,-2.115971005567431409e-02,-9.163203402065543679e-02,-2.333304417452621848e-01,-2.506907232094920945e-01,-4.357336943383717243e-01,-3.619995001416191349e-01,-2.113630234725504820e-01,-1.227456513151643919e-01,9.222862359721493986e-02,2.890846996947130099e-01,4.604824739021309288e-01,5.124403594940453166e-01,4.837889941423815787e-01,5.885530893269286246e-01,3.893708272301155127e-01,2.283903797092764754e-01,4.367047447456445242e-01,7.620113193602124912e-01,6.087738118466105020e-01,2.867330235145973960e-01,7.524624514852433499e-02,-2.153319268088939864e-01,-1.941812978169236703e-01,-2.222637862684566923e-01,-1.759462038347919255e-01,-2.035997574001521260e-01,-2.163966001382932325e-01,-1.838663400419008331e-01,-2.568255723662516421e-01,-4.613577158075268247e-01,-4.729701886687118773e-01,-3.557976574717445217e-01,-3.612670766291370406e-01,2.870964155278978372e-02,2.922550708561301169e-01,4.176031676292573103e-01,4.519473529900540076e-01,4.230257574853018565e-01,3.562725062384146102e-01,1.244935108081595271e-01,-4.888285607846628439e-02,-1.355466246609213221e-01,-2.490241752477024562e-01,-2.741301817235056171e-01,-2.489511460140210741e-01
1.168969129216532732e-01,7.008212609737533016e-01,8.293300953145943399e-01,6.248871813746073034e-01,5.466456466401411474e-01,3.262235620809638692e-01,5.271371715695835625e-02,8.069873969649610235e-02,-9.467882157022453060e-02,-2.672094119787458699e-01,-3.955152970768578968e-01,-3.329973250000896057e-01,-4.228114190430146691e-01,-4.430126708884221665e-01,-5.590088502303389717e-01,-5.951744954071981342e-01,-3.628338832483884446e-01,-2.414041734757703395e-01,4.374900440690954184e-02,-3.815312425043702448e-03,-1.090081743075277249e-01,-3.482509685521767775e-03,4.765894843310670981e-02,1.524226341408029331e-02,1.960581381294005110e-01,2.213842866352796201e-01,4.728642816201314436e-01,4.128242755363645822e-01,3.394465497715392632e-01,8.690425701888430943e-02,-1.679182162636150000e-01,-9.662916211962706281e-02,-2.573336412982538124e-01,-1.162493888168903144e-01,-2.245749011129242467e-01,-7.187721824753659505e-02,-1.702114506539472438e-01,2.605311554438521568e-02,7.482718766116679826e-03,2.889885491676580376e-02,7.802720935671388081e-02,3.846831730496812901e-02,-1.422338840778515807e-02,6.836891110983766770e-03,-2.153813760670662131e-02,5.504303123863248971e-04,6.574764595663305788e-02,1.081039458469921499e-01,2.630298009564707162e-01,2.096612162197796780e-01,3.294359011558019579e-01,3.804981865359507442e-01,3.005849862863505528e-01,3.356957208197545173e-01,3.005003546698496453e-01,6.512542104082349459e-01,8.392429764517030932e-01,8.702839570357302490e-01,1.000000000000000000e+00,8.889317682281687727e-01,7.724694736854936794e-01,8.549005863371257341e-01,8.258862708108322126e-01,5.099726476620306537e-01,1.669091203131576051e-01,1.304158290592616898e-01,4.349979441414122960e-01,1.353066274586746665e-01,-1.581361320693114303e-01,-5.286001331467082148e-02,6.153663283884823476e-02,2.199157215320686823e-03,-6.887040093653919171e-02,-2.764016604024097101e-01,-2.731830085893827698e-01,-5.320560482853476936e-01,-4.561448830346111483e-01,-3.154080163596937325e-01,-1.765019616622852117e-01,1.305432316802505044e-01,4.164013716435843726e-01,6.517950134915864169e-01,7.646425031608617973e-01,7.243789292329604335e-01,8.137966818028332661e-01,5.061937224008363767e-01,2.254364253674105423e-01,4.133000245547279738e-01,7.565866777743263105e-01,6.124222041023699159e-01,1.989714939182298248e-01,-4.131870992481193050e-02,-3.264488391376451082e-01,-2.779549137745440657e-01,-3.298647983323260147e-01,-2.634032800984370537e-01,-2.650627074154344176e-01,-2.708776183082042821e-01,-2.113150958287175196e-01,-3.127451963693816395e-01,-5.642060443216527776e-01,-5.929822609143369228e-01,-4.388561987772759410e-01,-4.447090499300047628e-01,7.262298772320881224e-02,4.442650801361560653e-01,5.872409273910441652e-01,6.371258470898816251e-01,6.041162160733725139e-01,5.606714465366378075e-01,2.491323144535512180e-01,1.616376383585284293e-02,-1.273069649141922721e-01,-2.744298177009584228e-01,-2.765860358732409319e-01,-2.191719153650358021e-01
1.707871143599024380e-02,5.268993183675537706e-01,7.003949984457845668e-01,5.568886871937138716e-01,5.253321198431872840e-01,3.499148622189283131e-01,7.967889671588725131e-02,1.176401854233589672e-01,-8.554201257727907237e-02,-2.958188207943835413e-01,-4.628716383384611777e-01,-4.162269564331557148e-01,-5.034456114945495830e-01,-5.131403719492012572e-01,-5.947472587033371116e-01,-5.200983926864801710e-01,-1.571618115098581681e-01,-3.594482495976671771e-02,2.736000907203594013e-01,2.711010193079755326e-01,1.500096927210890219e-01,2.719096023424822373e-01,2.917147237568149531e-01,2.257877272989007589e-01,3.957836492482874613e-01,3.672433260720150972e-01,5.843918811281857417e-01,4.063374510945005902e-01,3.085629446377431973e-01,8.922249964275305589e-02,-1.054300357643108976e-01,4.042593546838757143e-03,-1.583628191111041694e-01,-2.188696282623532954e-02,-1.547584887667063647e-01,-7.087905659300620942e-02,-2.480113287197008021e-01,-4.847959510484759621e-02,-3.573754675244667639e-02,1.296534262107842672e-01,7.457161121379915492e-02,-3.654006724524171829e-02,-8.774996555427461153e-02,-7.512605731205269921e-02,-5.398509132239263930e-02,1.815598201746891627e-01,2.944959229899997144e-01,3.421571555461812575e-01,5.308807513821990343e-01,5.237077038126419781e-01,6.484134724270661509e-01,6.252400132925074461e-01,5.571213346274936917e-01,5.170217476350278396e-01,5.464837427827251570e-01,8.631736899086630554e-01,7.956330499235815257e-01,7.577720483016620046e-01,8.889317682281687727e-01,1.000000000000000000e+00,9.184089709158522741e-01,8.501980207009386392e-01,8.974480525545321941e-01,7.701330421014570549e-01,3.706300606560330446e-01,1.953400977234957536e-01,4.298024062268377965e-01,2.154192072095350574e-01,-9.148572827334683355e-02,-4.113373642501945426e-02,3.409559437346126182e-02,-3.543078108035695867e-02,-9.825659495576105629e-02,-2.556957206369863678e-01,-1.827268816414594765e-01,-5.316186082589893225e-01,-4.761596294846057731e-01,-3.517949665416417737e-01,-1.961534400402526190e-01,1.267206279934313951e-01,4.484505872337882226e-01,7.129984299589930963e-01,7.750629549760740256e-01,6.894343339703684626e-01,6.835441736575235128e-01,3.826163114430561896e-01,6.777798002975018998e-02,2.219036184955204827e-01,5.416924067476250881e-01,3.675266360671216037e-01,-4.115744560979490291e-02,-2.073333709848149131e-01,-3.538206112390587799e-01,-3.367173190687490769e-01,-4.765170414461187831e-01,-4.472840987041379335e-01,-3.494212637584757086e-01,-3.359789704801086629e-01,-3.086199674090441269e-01,-4.300591898817770486e-01,-6.290670778449712897e-01,-6.250322234934050369e-01,-4.672881898944784562e-01,-4.713644779911950189e-01,2.525268047897051560e-02,3.575253196379223342e-01,6.222399837739789330e-01,6.656459211221898986e-01,6.431536587019575091e-01,6.645746686860680708e-01,3.262109285348058774e-01,1.261214582751911673e-01,-7.189909343396072572e-02,-2.267721143229911307e-01,-1.774467071328784951e-01,-1.152117858440248055e-01
2.414199230637530027e-03,3.826194161298845375e-01,5.016889161511161044e-01,3.443844213252484354e-01,3.049721403215716053e-01,1.377502348499051732e-01,-9.655971727419981887e-02,-3.441097316962803132e-02,-1.785169637453865032e-01,-3.699853753803661327e-01,-5.304276110612188289e-01,-3.904755958363650414e-01,-4.835241291512150097e-01,-4.849062896370546216e-01,-5.659857769207402578e-01,-4.149513514284497440e-01,-7.994013811451126245e-03,2.090653126171941323e-01,5.361245683122565220e-01,4.887020011820987775e-01,2.799552725221162164e-01,3.042330763017314088e-01,2.390766854136468222e-01,1.214672316937023128e-01,2.369475081979550701e-01,2.192472964187281159e-01,4.023092045180513554e-01,2.947651451197846328e-01,2.260505917904949147e-01,1.446900339795997581e-01,4.204678479711641131e-02,1.439997074788528508e-01,5.133079619364597224e-02,1.529058001210568951e-01,4.351400382185045823e-02,4.092680987084073435e-02,-2.064792410251101717e-01,-7.561765833341353715e-02,-8.534568154419036601e-02,5.791620019078090598e-02,7.577729757672443944e-02,-9.619156446360382700e-04,-6.385026016344559630e-02,-4.555713992991840960e-02,-5.204371316833047295e-02,8.415643833761000947e-02,1.974397509300683251e-01,2.863843808748214315e-01,5.218597378848588431e-01,5.984322531177256321e-01,7.647084906327031861e-01,8.418334548545122198e-01,7.591540869831662208e-01,6.646994663134252468e-01,6.489580571081620120e-01,8.374348387865195864e-01,7.115358525058359529e-01,7.270457438069222178e-01,7.724694736854936794e-01,9.184089709158520520e-01,1.000000000000000000e+00,8.971246161949575360e-01,8.340007323185707477e-01,8.107897774515925304e-01,5.906509505757919776e-01,3.477468203011006564e-01,5.770510624363663910e-01,4.708804443792184991e-01,1.236645093980007215e-01,4.840810988573850809e-02,1.044042861763613272e-01,-2.460010671338828600e-02,-1.459386244967644519e-01,-2.405141393188956755e-01,-2.732637768865413541e-01,-5.737772523513665623e-01,-5.553792451507201244e-01,-4.578942366954931731e-01,-3.499983445318878839e-01,-4.488799268896370709e-02,2.405377325514001519e-01,5.402560434210612605e-01,5.626406001979414873e-01,5.005732524597490407e-01,4.692362318627428808e-01,1.892110377034191548e-01,-1.072481585480969113e-01,2.001599301182972399e-02,3.570330403838436473e-01,1.656370108523572415e-01,-2.020967928794117907e-01,-3.413820186921643907e-01,-3.701564814012265892e-01,-3.639470089768622185e-01,-5.211714172417289959e-01,-4.683609935328542639e-01,-3.308393187213540809e-01,-2.943626943904746329e-01,-2.782327365830110644e-01,-3.967191084244984789e-01,-5.472881670517254493e-01,-5.808565956714245582e-01,-4.712366204633666733e-01,-4.339894098229559183e-01,-3.629849267789668488e-02,2.282594688538039096e-01,5.092429519303370844e-01,5.012648063826212752e-01,4.939735517542636067e-01,4.632943605693401468e-01,1.411019972012501067e-01,-4.512828716160328241e-02,-2.025696099550340634e-01,-3.133740249853722015e-01,-2.099458680050397263e-01,-1.469088328522662745e-01
3.705564801711952461e-02,6.009281416287161059e-01,6.449570538472655379e-01,4.884476478939143163e-01,4.774231537059733799e-01,2.493344092223633568e-01,-2.848543987675314706e-02,-2.680734183675958018e-02,-1.950251810528471907e-01,-3.885389652705470431e-01,-5.773883929830018191e-01,-4.328573097793892432e-01,-5.037544366341156765e-01,-5.189086936050572030e-01,-6.468374490111201691e-01,-5.082198143012942593e-01,-2.183608548712491770e-01,6.211697735219615796e-02,3.737252666358180098e-01,2.292130153237456891e-01,-4.709819019088693805e-03,-1.086527754332113072e-02,-5.005823930209962053e-02,-1.019258494724892550e-01,4.471620380503878861e-02,1.250978357888296866e-01,3.912506958133968871e-01,4.128678658312215921e-01,3.602333871696056788e-01,2.098510602053008656e-01,-2.032608348673883500e-02,-6.775946690734789384e-03,-7.192916577753642737e-02,7.241298377707479361e-02,2.997361870713503157e-02,1.311583060666975387e-01,-4.772603584837724344e-02,1.203094952145302293e-01,-1.766030093168446946e-02,1.013827141091669243e-01,1.583023926813816040e-01,1.010013311136646191e-01,4.284853125674734781e-02,4.089504442102265963e-02,-8.997142736317381706e-03,-2.480572537767156832e-02,5.551661614887379997e-02,8.257100803046661663e-02,2.504059207217233518e-01,2.727402942625273830e-01,4.652576396131552494e-01,6.503573476235809947e-01,5.198754576891043699e-01,4.689997784267063707e-01,3.711592319656348282e-01,6.247958312350874177e-01,6.957109453348723216e-01,7.792333053813896848e-01,8.549005863371257341e-01,8.501980207009388613e-01,8.971246161949575360e-01,1.000000000000000000e+00,9.084831547577559840e-01,6.816864045126759253e-01,5.452832756439093265e-01,5.191769474415345309e-01,7.924354368349125766e-01,5.725031329796168578e-01,2.536229446487257566e-01,1.353972738414453425e-01,3.703563906932804684e-01,1.189949106809951307e-01,5.960397618735986669e-02,-1.069271434937257015e-01,-2.542564007789004932e-01,-6.404297200627340203e-01,-6.768364650729471466e-01,-5.442450038509220045e-01,-3.936579653395149148e-01,-6.270757755989751769e-02,2.627378040458532849e-01,5.600318239281365518e-01,6.033466900588718707e-01,5.092922166447928500e-01,5.035369028812129999e-01,1.356862533686631067e-01,-1.779621927391567271e-01,1.979384469948933245e-02,4.458709358494582498e-01,2.621787032347752122e-01,-1.168021303817449730e-01,-3.679404394416040391e-01,-4.216131910739759348e-01,-3.497421430259582964e-01,-4.560941460713693330e-01,-3.057398848783449141e-01,-2.428406346680993533e-01,-2.056803239107931058e-01,-1.690574227544690833e-01,-2.769220308655043206e-01,-5.141293043011432307e-01,-6.451129881953265865e-01,-6.171768553246831379e-01,-5.822059621337143387e-01,-1.896235701098614446e-01,2.224214688919739780e-01,4.915471152371455044e-01,5.528774582977700192e-01,5.317414980942148928e-01,4.179695937836853115e-01,4.550931856137312853e-02,-2.073504216736490324e-01,-3.625162742441906394e-01,-4.945598238473232766e-01,-4.295773324147362238e-01,-3.545766656890584345e-01
-4.802686835083523620e-02,5.893340704710402500e-01,7.052694309343088275e-01,6.313369704258069426e-01,6.961600791881312755e-01,4.855830218568988332e-01,1.917560503176531095e-01,1.560707505603713963e-01,-9.739035212881223813e-02,-3.057590441412196824e-01,-5.402091634219156058e-01,-5.071996215038339084e-01,-5.085245133764264569e-01,-5.327250716399756225e-01,-6.528909799836476457e-01,-4.680682312341236107e-01,-2.003142201330457839e-01,-5.703083766245484448e-04,2.700593862814226198e-01,1.736644655431657247e-01,-6.609928118307490698e-03,4.348255467270889518e-02,4.434454682931784908e-02,1.054571078459014960e-02,1.934545808562234404e-01,2.526321847971703116e-01,5.262952619035033974e-01,4.523218189737348571e-01,3.985673391095595486e-01,1.635155726701146006e-01,-1.153262273825473028e-01,-1.220177716400467210e-01,-2.183130183431163662e-01,-4.627067435704587672e-02,-8.941257579009542766e-02,5.699215446494805548e-02,-7.253808285887002050e-02,1.275226990581944664e-01,-3.152434402580710227e-02,2.051469305920760877e-01,1.745644534622391442e-01,3.783367919974328641e-02,2.863404495805042371e-03,-1.837723112183895641e-02,-2.658308513747188045e-02,1.045226624702496332e-01,1.933931931778802293e-01,1.795957028897952334e-01,3.238901606449055559e-01,3.125417110517547670e-01,4.831688183977966289e-01,5.555460954358961700e-01,4.625089583581531993e-01,4.190164954696510846e-01,3.821833215363183989e-01,6.893887712231919762e-01,6.821916423591677381e-01,6.543874457994839355e-01,8.258862708108323236e-01,8.974480525545321941e-01,8.340007323185707477e-01,9.084831547577559840e-01,1.000000000000000000e+00,7.916922259521087524e-01,5.106111640677171160e-01,5.197636649008149368e-01,6.638843241291990660e-01,4.123544180265878434e-01,1.976531726142580214e-01,3.121782334579380203e-02,3.417725944098713442e-01,7.344348880389449385e-02,2.068933915083082664e-01,3.225278981245081888e-02,-1.352311336834747515e-03,-5.397984681178269462e-01,-6.360042494360650389e-01,-5.094281160100404549e-01,-2.639772833129718221e-01,8.639490388725253045e-02,4.735062030825947232e-01,7.072205459736883304e-01,7.553657547952102869e-01,6.015128341975781723e-01,5.581220727372624424e-01,1.415412484663608472e-01,-1.825208494025244710e-01,1.006124867794592169e-02,4.153538042102303818e-01,2.649611555402230367e-01,-1.102025372042372969e-01,-3.711835860745520410e-01,-4.213240748356244514e-01,-3.342785197915573159e-01,-4.394849090042455275e-01,-2.951485629568832980e-01,-2.400779710902996023e-01,-2.025353324885541262e-01,-1.690118864215574834e-01,-2.836327864506894558e-01,-5.297763328351235979e-01,-6.525191500944432788e-01,-6.363962497982006417e-01,-6.236775224528768868e-01,-2.251568116631670335e-01,2.506533662795211170e-01,5.495612181110337557e-01,6.506826804683001342e-01,6.184720122232159056e-01,5.784903740803112315e-01,1.804242751618463647e-01,-7.870346081812816530e-02,-3.056420728303853585e-01,-4.723461720623270965e-01,-4.093893246911317063e-01,-3.220871482220064586e-01
-1.930767457578216884e-01,1.274157636651435388e-01,2.888017456763350976e-01,2.246060595558740380e-01,2.971854179017128228e-01,1.656246877024123154e-01,-2.041866970433890358e-02,-1.945922476074057883e-02,-2.217499142455254812e-01,-3.653175287807016169e-01,-4.935596648539714582e-01,-4.807458786427080688e-01,-4.126898617252163781e-01,-3.285608659311509139e-01,-3.017271529462832169e-01,-1.526075193691070302e-02,3.742160774552344971e-01,4.883294336045524431e-01,6.349517829905021449e-01,6.150710508599095405e-01,5.170008477200838115e-01,4.910722722514039296e-01,3.952580100857329137e-01,2.126284724320512964e-01,2.579221196864101562e-01,1.901032235954726868e-01,4.007522957792031826e-01,2.990518187232080183e-01,2.685628295383304387e-01,2.127184059944715322e-01,1.358506130900546949e-01,1.316866492299551272e-01,4.947246671846591143e-02,1.662099294870956201e-01,1.425507188029332961e-01,1.474172869391215390e-01,-7.877220222661181215e-02,2.216245121373884228e-02,-1.119867236130508842e-01,8.694079515623093224e-02,5.629714679009778164e-03,-8.273447086658092253e-02,-1.327796010381375458e-01,-1.680051026998509722e-01,-1.373157002162760376e-01,8.829454850046659919e-02,2.180167044580984259e-01,3.375180643745621656e-01,5.452645036821003321e-01,6.509446738440681779e-01,7.865465872911026057e-01,7.559229631306566555e-01,6.403239145205796845e-01,4.427803554454723955e-01,4.774273624604938315e-01,6.656308535264182646e-01,4.398552118980268988e-01,3.966484259832511183e-01,5.099726476620306537e-01,7.701330421014570549e-01,8.107897774515925304e-01,6.816864045126760363e-01,7.916922259521087524e-01,9.999999999999998890e-01,7.806698126272516580e-01,5.389539494641490958e-01,4.834841563201960346e-01,4.651723373532519745e-01,3.446608666963213996e-01,-2.634510823182906192e-02,1.202779320170780375e-01,-6.850154397220774294e-02,1.725772416606841456e-02,5.504166349349869786e-02,1.311693408998798327e-01,-2.705814296264925090e-01,-3.899081568772533868e-01,-4.464661527927433760e-01,-2.888722346248190909e-01,-5.899695275256753441e-02,2.453342865223880898e-01,4.875071079766014059e-01,4.981584423237898074e-01,3.570231577384970767e-01,2.712354343123133948e-01,-5.346322747305802536e-02,-2.940130272923527910e-01,-2.325519982962008236e-01,7.288931042436530561e-02,-2.711020728718372894e-02,-3.050619082968294427e-01,-4.537327413941343313e-01,-3.361771222281773608e-01,-3.153330912552433918e-01,-4.489571017017597310e-01,-3.908035732955216779e-01,-2.556997928765518124e-01,-1.918845786021272648e-01,-2.027857424126826291e-01,-2.871443721712243491e-01,-3.766363392770741281e-01,-4.503017805717859368e-01,-4.308318212147024262e-01,-3.557259481766383291e-01,-1.260374610739505574e-01,1.584543552123207077e-01,4.459432783657588106e-01,4.625651549109365823e-01,4.549422359073274635e-01,4.287291586319454950e-01,9.077191911915348521e-02,1.628476679817251679e-02,-2.101451271079516070e-01,-2.170032786955171933e-01,2.349289522180981679e-03,8.960579188495451652e-02
-2.193280593223240760e-01,-7.988170151920037654e-02,-4.724268385524242608e-02,-8.895848428198066538e-02,-5.711808906734547331e-03,-1.379806211531588167e-01,-2.471620372202622540e-01,-2.621721506469066876e-01,-3.679873092772523169e-01,-4.188895577680761262e-01,-5.084944967444083863e-01,-3.639100795143022649e-01,-2.451278036864360244e-01,-1.084333382480333619e-01,-9.769380066421760878e-02,2.561074752024212198e-01,5.402019680510149469e-01,8.149356168801344946e-01,8.893107724691271532e-01,7.477702341779557393e-01,5.310730287837258645e-01,2.778872014630563436e-01,3.794170265865942637e-02,-1.968398026728386263e-01,-2.355134179313308485e-01,-1.832285455800312379e-01,1.147678886608852374e-03,1.802269995189380580e-01,2.029554310553940977e-01,3.365663036809050657e-01,3.192617839042271033e-01,2.150777751963382778e-01,2.379688230851192132e-01,3.301348675527559506e-01,4.036491473909691319e-01,3.870368436605338691e-01,1.531347918704248634e-01,1.533383990621098314e-01,-7.083078108215298818e-02,1.042288138395464775e-02,3.780562007172498518e-02,3.236568596805173420e-02,-2.828788082086951955e-02,-6.801071682061159140e-02,-1.127777139903669984e-01,-2.152201681631003005e-01,-1.471454589023293291e-01,-3.431571817846300332e-02,2.016785868292770290e-01,4.319506842198909680e-01,6.159860470465716720e-01,7.875361785214799459e-01,6.217957162031951812e-01,3.398267689890125398e-01,2.810355835695692028e-01,3.017741711445376951e-01,9.704768911519996710e-02,1.414469018250895938e-01,1.669091203131575774e-01,3.706300606560330446e-01,5.906509505757919776e-01,5.452832756439093265e-01,5.106111640677171160e-01,7.806698126272516580e-01,1.000000000000000222e+00,8.213819852679246081e-01,6.796471679658161458e-01,8.377905607317520653e-01,7.724157438703325163e-01,1.511959567692158779e-01,3.580788944038699739e-01,-9.080659345495890834e-04,1.244219720819054326e-01,2.579353824890935343e-01,8.591769371180495163e-02,-2.111278759715876363e-01,-4.646425876334147609e-01,-5.857848122059523543e-01,-5.030394401389560732e-01,-3.807202033640907368e-01,-1.609555355154664025e-01,5.848221590526082175e-02,6.038916575528297664e-02,-3.739479523017867624e-02,-1.202272686935568768e-01,-3.888381874824324291e-01,-5.093492537960009336e-01,-5.027239615665561878e-01,-2.275405627080509252e-01,-2.592206536316044030e-01,-3.740284680024534847e-01,-5.170643657591101894e-01,-2.656868232336636049e-01,-2.455620900540997908e-01,-2.938584986787856068e-01,-1.808587945636512817e-01,-1.139726523592895086e-01,-3.383345117001392705e-02,-5.175220187901956315e-02,-5.263254115520710902e-02,-1.003563718633015550e-01,-2.550583654297780556e-01,-3.642210475275121651e-01,-2.322089221260141001e-01,-2.469620623964087214e-01,-1.909785619775287296e-02,1.541895977890294089e-01,1.148454534888446732e-01,1.101121201736725563e-01,-5.915892647732669263e-02,-3.375308481152831108e-01,-4.048220553582718706e-01,-5.333057076219490655e-01,-4.375914380911548052e-01,-1.358256919508130933e-01,-4.537492925752281692e-02
-2.000213106389959750e-01,1.017709649155231627e-01,1.949841257059514374e-02,3.710920968061125896e-02,2.234215093549901388e-01,9.165850094064094400e-02,-2.085963579339961474e-02,-1.467045597792625555e-01,-2.622881045177131720e-01,-2.796327172894956248e-01,-4.343392647458664269e-01,-2.952843487259463329e-01,-1.181510389352770085e-01,-6.126391320933799456e-02,-1.741779024269047293e-01,1.791836469713056212e-01,2.124064234025376252e-01,5.053869313853653900e-01,5.207342366176368476e-01,2.795201607631038754e-01,5.344198676340921467e-02,-1.864670208557664688e-01,-3.586859991376060708e-01,-4.655747609567141843e-01,-4.575298632179475855e-01,-2.983836051002896061e-01,-6.516326887035137072e-02,2.120188793941489014e-01,2.886827188597084759e-01,3.224739937477462126e-01,1.509232964270310340e-01,-5.756879456724565275e-02,3.556681471302135938e-02,1.636272010361877471e-01,3.215462565386180138e-01,4.229756643280563333e-01,3.113286225358337655e-01,3.535899279099394832e-01,1.232516266536043750e-02,1.007678686435022342e-01,1.539935392757807164e-01,1.433670541452047031e-01,1.078458225366547840e-01,4.869052816383629551e-02,-2.581011170513772268e-02,-2.834199087319974608e-01,-2.572473318449756130e-01,-2.587081156107934321e-01,-1.545966076939811196e-01,-2.975090037213266522e-02,1.624058031116654421e-01,4.218048840396746435e-01,2.684392842426325809e-01,1.317586587873793291e-01,4.641319562339749072e-03,5.496825813672742700e-02,4.699000444190074011e-02,9.729341747897012060e-02,1.304158290592617453e-01,1.953400977234957536e-01,3.477468203011007120e-01,5.191769474415345309e-01,5.197636649008149368e-01,5.389539494641490958e-01,8.213819852679246081e-01,1.000000000000000222e+00,8.271735904839975229e-01,8.383742670247806839e-01,8.984104918611027779e-01,2.907638872210286385e-01,7.027469772268714054e-01,1.896275728040321129e-01,5.342488235379393435e-01,5.873458236321611459e-01,2.730423572111443931e-01,-1.808862387398243454e-01,-5.541282216343900169e-01,-6.076478907832746357e-01,-4.411696837836417973e-01,-3.487584095802331308e-01,-9.363104547611708628e-02,4.418568086362054809e-02,3.950733920096177743e-02,-1.174737084897404249e-01,-1.894573584501658692e-01,-5.309838664814849896e-01,-6.096120483284774849e-01,-5.160309414389400162e-01,-1.982948090610425484e-01,-1.988739772907473224e-01,-2.571360555715270224e-01,-4.938703949104115143e-01,-2.800680674395566450e-01,-1.736516838946215169e-01,-1.535792723197438869e-01,5.248427718643310785e-02,2.298991183053774798e-02,9.400890733555247736e-02,7.448756788852750610e-02,1.006672262316002653e-01,-2.720837781861289162e-02,-2.748589624070369442e-01,-5.047845312427300390e-01,-4.155011811425826096e-01,-5.134554969467601815e-01,-1.289892178643801124e-01,3.336078102017727559e-02,9.356650574169178558e-02,5.156757910369851039e-02,-1.564165050676465663e-01,-4.548749959708715540e-01,-5.934553069463427422e-01,-7.071724632947851141e-01,-6.738558915380727932e-01,-4.739076466045918368e-01,-3.825258016481465351e-01
-5.664330076025055581e-03,4.184260908603203988e-01,3.020212448874354805e-01,2.387373027127319969e-01,3.122539022830896904e-01,1.109742148961799513e-01,-1.007114837355834874e-01,-1.670954787138451414e-01,-2.795287265978525504e-01,-4.045960162030737828e-01,-5.749496822101813898e-01,-3.989667942556379687e-01,-3.920764746028108649e-01,-3.684424534962399411e-01,-4.866782426854778798e-01,-2.467067500813498182e-01,-1.059889616726428507e-01,2.582391063107737361e-01,4.460307642750620527e-01,1.904341359647769572e-01,-8.122551118802143200e-02,-2.290233901144509698e-01,-3.359486836685208755e-01,-3.517804777892298840e-01,-2.672885125186686972e-01,-6.050998270271987917e-02,1.455670728973713912e-01,3.325513475369673566e-01,3.187009602955853671e-01,2.866612100024488186e-01,7.975298584213534603e-02,-4.143429626984844460e-02,1.318614434741227984e-02,1.575363181455401718e-01,2.342248203477077517e-01,3.325964296619987604e-01,1.834802614169563917e-01,2.821364276075612465e-01,3.074262573802699280e-02,1.845177394122009262e-01,2.612700112530227936e-01,1.929749858976767263e-01,1.433875273098855485e-01,1.179277530580550293e-01,3.748924685848923494e-02,-1.050557715174175732e-01,-1.042442644094868642e-01,-1.616917811688243223e-01,-6.718155714582457749e-02,3.359502154539845760e-04,2.106275774134505341e-01,5.117655045954032644e-01,3.240006627600328648e-01,2.165242669127361297e-01,7.575212721239774072e-02,2.153250663622133798e-01,2.471208948729588795e-01,3.706626428302592924e-01,4.349979441414122960e-01,4.298024062268377965e-01,5.770510624363663910e-01,7.924354368349125766e-01,6.638843241291991770e-01,4.834841563201960346e-01,6.796471679658162568e-01,8.271735904839975229e-01,9.999999999999998890e-01,8.788463486955732096e-01,6.821065299554105454e-01,4.226101865507596034e-01,7.633893190826716024e-01,2.963255117825848162e-01,3.107698806817144055e-01,2.057257614045738814e-01,-1.328974736140063617e-01,-5.216587947990082297e-01,-6.972708035466080867e-01,-6.238164819639001601e-01,-5.049765666475085624e-01,-2.888661510005453570e-01,-2.650399985197592415e-02,2.149988781028768503e-01,2.250629292828243699e-01,9.748674455111074055e-02,5.473217653782103120e-02,-2.986910053326958248e-01,-5.012789113061000279e-01,-3.475572630633183557e-01,3.769927131748961741e-02,-6.546684193377719230e-02,-2.581271427949682895e-01,-4.968255423830555406e-01,-3.605456104366346337e-01,-2.763440405328251859e-01,-3.074985544941979954e-01,-9.746675690522046964e-02,-9.056076775619964492e-02,-3.285217151142539455e-02,-1.639949806000785826e-02,-3.636650085124843584e-02,-2.357717118397920919e-01,-4.626325240586115495e-01,-6.077762227832184116e-01,-5.508570234567383705e-01,-4.393902216876223732e-01,-4.273492640042575452e-02,1.859983080276786382e-01,2.652410175470892306e-01,2.470849006875026899e-01,6.785368597029925453e-02,-2.420526621035137549e-01,-4.704920461879019689e-01,-5.645971990945124475e-01,-6.440196423680831783e-01,-5.476724396466422506e-01,-4.718748993867870611e-01
-6.560835733279672677e-02,4.388742064923803476e-02,-4.442915542037329663e-02,-8.040178349499980948e-02,-5.617095971123082891e-03,-1.357064321711689558e-01,-2.536108984896455198e-01,-2.694784595115156112e-01,-3.130647823851913647e-01,-3.884037565865203767e-01,-4.999962998361273114e-01,-3.200567579509356331e-01,-2.848401742986804153e-01,-2.137478609700573517e-01,-2.553571650430066509e-01,3.611389382233275158e-02,2.074762284462120243e-01,5.953826018956012156e-01,7.249388039053885624e-01,4.803883707928874314e-01,1.773404351617687003e-01,-9.205761781890471618e-02,-2.915610934781747154e-01,-3.864916019676045700e-01,-3.688507033666166834e-01,-1.787152786234530166e-01,-2.859499939508207411e-02,2.196745103991384618e-01,2.093814013672809227e-01,3.207778788888456245e-01,2.508447185563643100e-01,1.274383474333389277e-01,2.110334313868667266e-01,2.933184780229167732e-01,3.852802457569212136e-01,4.031525930307173766e-01,2.294221474311364251e-01,2.347774496436277336e-01,1.253023017390211130e-02,1.000495841446410461e-01,1.745065120092221256e-01,1.393016618250175476e-01,8.195688683687329945e-02,6.029633533858996114e-02,-1.318168189995845216e-02,-2.072084427844172461e-01,-2.230831047081833218e-01,-2.413572521239077950e-01,-8.831535009281119009e-02,1.006798491337258794e-01,3.153511928462652270e-01,6.325055924459925816e-01,4.534986260807524761e-01,2.458141630581555936e-01,1.088867899269242989e-01,1.070121220019534386e-01,2.122675811553724826e-02,1.448049748023979011e-01,1.353066274586746665e-01,2.154192072095350852e-01,4.708804443792184991e-01,5.725031329796168578e-01,4.123544180265878434e-01,4.651723373532519190e-01,8.377905607317519543e-01,8.383742670247806839e-01,8.788463486955732096e-01,1.000000000000000222e+00,8.214884519701529664e-01,3.855219088711325792e-01,6.224181568800986053e-01,1.307382863342419488e-01,1.797319492386464657e-01,2.210004979269242498e-01,-1.037823653576401411e-01,-3.603614774964932210e-01,-5.693181888829719206e-01,-5.741928652658321308e-01,-5.217808662340428505e-01,-3.964294401345009322e-01,-2.310214870683993671e-01,-3.099573306129462663e-02,-5.785484137281494965e-02,-1.504913997643714529e-01,-2.121775292493978948e-01,-4.403498607454576774e-01,-5.425768231594791935e-01,-5.028417311302245674e-01,-2.187518723003859800e-01,-2.610477672476763655e-01,-3.313934215515801918e-01,-4.807546758167593470e-01,-2.412777652390735161e-01,-2.131758869229443687e-01,-2.203777534944844074e-01,-6.877864904750204122e-02,-5.965904016388060005e-02,5.846464452976826189e-03,-6.076453192812173235e-03,4.570874344443593557e-02,-4.999445879823352645e-02,-2.395765144035450211e-01,-3.934347947178148952e-01,-2.997748963739192973e-01,-3.469116989818861185e-01,-1.226595174358825757e-01,3.943172290547784092e-02,5.424184099048209862e-02,6.587120567313392572e-02,-1.372244073625100702e-01,-3.591916323412068790e-01,-5.094440995834971231e-01,-5.622440768651080223e-01,-5.629424754294702904e-01,-3.939185049321868859e-01,-3.397334638726438594e-01
-1.706060110341217351e-01,-1.179245137740921046e-01,-2.458135173949786700e-01,-2.361883672017949520e-01,-1.121372273189111396e-01,-2.270724307863596914e-01,-2.557270621487780504e-01,-3.275219972064274954e-01,-3.340068572166671190e-01,-2.913025458900584397e-01,-3.403064136519199367e-01,-1.622083735323736620e-01,-5.577033886159389262e-03,8.513161171935240690e-02,3.962590083303358345e-03,3.441093344019821587e-01,3.409459329293689778e-01,6.181950392710109377e-01,5.523332155882841876e-01,3.164376958970905318e-01,1.287402198018744726e-01,-1.468556822112200011e-01,-3.352559531797091319e-01,-4.192028511993593498e-01,-4.762980227046586523e-01,-3.079585179515956783e-01,-1.636280791276613078e-01,1.328701846560288446e-01,1.625147989426926343e-01,2.851874070159776120e-01,2.346154419507911482e-01,5.792129648313138618e-02,1.993528900811479820e-01,2.571401608531286298e-01,4.030076134515938602e-01,4.206445350822873297e-01,3.164897015719275730e-01,2.979173258940024938e-01,3.346867839079510631e-02,9.315127217260134318e-02,1.651302681491877977e-01,1.454178798572277886e-01,1.033523166714097608e-01,6.687987707385104064e-02,3.436338657153413870e-03,-2.620464662966273117e-01,-2.787223291830901450e-01,-2.667199732533748202e-01,-2.183256819441264651e-01,-7.921595001947036307e-02,7.274286691990861087e-02,3.380087831996343994e-01,1.783332455576124853e-01,1.718765265610808918e-02,-1.106577684642188614e-01,-1.745387289631548655e-01,-2.253490917193266829e-01,-1.401687645111414360e-01,-1.581361320693114303e-01,-9.148572827334688906e-02,1.236645093980007215e-01,2.536229446487257566e-01,1.976531726142580492e-01,3.446608666963213996e-01,7.724157438703325163e-01,8.984104918611027779e-01,6.821065299554105454e-01,8.214884519701529664e-01,1.000000000000000000e+00,3.609924368026054542e-01,6.083212421809773840e-01,1.013506723446522678e-01,3.710388345382290010e-01,5.080843853028421675e-01,1.636470122596261623e-01,-8.059448535169441707e-02,-3.992113778523894152e-01,-4.947070377053459644e-01,-4.542666653355095785e-01,-4.545983497451975275e-01,-3.425821638368181099e-01,-2.328019570312106490e-01,-2.480326460367475727e-01,-3.544952109586730904e-01,-4.193168058047023750e-01,-6.156143390884427635e-01,-5.934055556397521691e-01,-6.056406420926961909e-01,-3.993892108319456180e-01,-3.568568082691289667e-01,-2.943291164127596615e-01,-4.199212850616976800e-01,-1.246883312947878464e-01,-1.074730235171264398e-01,-3.570645969571076966e-02,1.001367246686283990e-01,5.261787918597132796e-02,1.152414127073054240e-01,9.978671096227891002e-02,1.948260325926851333e-01,1.381582680659318163e-01,-6.707363289047862942e-02,-2.870387160681217575e-01,-2.005169301997693776e-01,-4.269988914116918943e-01,-2.257622884429483778e-01,-1.420772975058004206e-01,-9.853327111449433628e-02,-1.104047446220496609e-01,-3.166882444206294278e-01,-5.059844049721378134e-01,-5.814229904477790090e-01,-5.990307230948883621e-01,-5.287966733377054140e-01,-3.385273116300283047e-01,-2.606673344044889706e-01
1.630277923496013890e-03,2.374087391359099193e-03,-1.016266232250775808e-01,-9.087553723271837858e-02,-4.247217348423867195e-02,-1.026955948354926901e-01,-1.245727522874394699e-01,-1.324131788146879207e-01,-1.392066185830604652e-01,-1.760477680228318687e-01,-2.079907731986100627e-01,-1.542001342372367467e-01,-1.672474469625785110e-01,-1.522549037463949984e-01,-1.739288733231600381e-01,-5.289964881425648219e-02,-9.333633240742798820e-02,1.929714976661119769e-02,7.008205721584787051e-02,-5.419524690176448500e-02,-1.177857574275198438e-01,-1.280440437832499334e-01,-1.490193389896256049e-01,-1.080557115554035136e-01,-1.088796291391211785e-01,-3.899243112945472572e-02,-4.630500989519248378e-02,1.842721001853424648e-02,2.107164473924278900e-02,6.367942366799482501e-02,2.394012115216905684e-02,-4.025828510126159415e-02,5.467991393966612629e-02,9.288547062123723996e-02,1.355905286849087565e-01,1.451473148306317573e-01,1.102067922414385753e-01,1.079041440400029250e-01,9.325959701610718466e-02,-8.014645264060472896e-02,-3.282774332163471143e-02,8.162411850934259139e-02,7.917012901703050776e-02,6.069673617157589351e-02,3.196576446032479285e-02,-4.745943533133720194e-03,-2.253439789656818196e-02,-3.465264830439547528e-02,-6.962148257288444664e-02,-7.668978813294657915e-02,-4.546338139466425676e-02,9.458733192655907618e-02,-2.301315663588096323e-03,-1.142232627790280017e-03,-1.558398128588616739e-02,-7.168228451506912513e-02,-8.249972260511127808e-02,-4.899936459702906172e-02,-5.286001331467081454e-02,-4.113373642501945426e-02,4.840810988573852197e-02,1.353972738414453147e-01,3.121782334579381590e-02,-2.634510823182906539e-02,1.511959567692159334e-01,2.907638872210286385e-01,4.226101865507596589e-01,3.855219088711326347e-01,3.609924368026054542e-01,9.999999999999997780e-01,6.447437949760531639e-01,6.853304608742209758e-02,2.154128114016618800e-01,1.690444002337291585e-01,-6.722130852839612591e-02,-1.988242359044478935e-01,-2.218665610182700698e-01,-1.962677355453591732e-01,-2.038756611173802025e-01,-1.785525701667259324e-01,-1.666115972507407061e-01,-1.360496576798882196e-01,-1.574737096766074262e-01,-2.124534867849289244e-01,-2.301771412487851609e-01,-2.977220209074623036e-01,-2.898750936664938882e-01,-2.663033458725173053e-01,-1.774523496148176227e-01,-1.671240402145156012e-01,-1.467253892419382311e-01,-1.918875004301301146e-01,-8.947959915324181501e-02,-6.774455708985621660e-02,-4.669326981558383910e-02,2.396263882574046350e-02,1.029311205745597584e-02,3.467655887060843573e-02,2.537110610243811445e-02,6.592494882275128087e-02,1.789075893835782513e-02,-7.659710615110040810e-02,-1.823481840838279966e-01,-1.805039523505768129e-01,-2.707035652787441182e-01,-1.823184783383728913e-01,-1.311431038456700171e-01,-9.382283252674782081e-02,-6.812769750224161036e-02,-1.057612395947999384e-01,-1.361526271743476457e-01,-1.871267780356489219e-01,-1.621647224256140551e-01,-1.891997394371115193e-01,-2.006561482758714432e-01,-1.659305091633817841e-01
-1.223347339599085808e-02,3.226755392886367924e-01,1.281157753821229595e-01,2.232224882930496368e-01,3.554521037999855970e-01,1.789569571384097835e-01,3.850782903394850409e-02,-9.785634708602282406e-02,-1.877460782009962303e-01,-2.641120967561589872e-01,-4.085291249208904962e-01,-3.271007553488998187e-01,-2.802847985587101909e-01,-2.739772882724890724e-01,-3.579984500089550270e-01,-1.545272660396673770e-01,-2.013879053450693957e-01,4.379265758417804494e-02,1.085687871062719634e-01,-1.209485087530117464e-01,-2.726316019246819433e-01,-3.548388810959825501e-01,-3.925845689613043921e-01,-3.150790081305955281e-01,-2.816999025933584755e-01,-8.864354691060245817e-02,-1.134774016363812761e-02,1.343313801363969218e-01,1.677385726963017964e-01,1.470973042719032620e-01,-3.962168246165518465e-02,-2.174637199247584640e-01,-8.394713835482119080e-02,2.817908104607199857e-02,1.720617361144669011e-01,2.792236713445334639e-01,2.489774483323890786e-01,3.001437473515022325e-01,7.969858840431416624e-02,1.828720852534471142e-01,2.307989347996896312e-01,1.871799234862128736e-01,1.779647392357662505e-01,1.458766782996330780e-01,8.203634154020243707e-02,-7.582928294390403612e-03,-5.989416500469952470e-02,-1.695671473528581052e-01,-2.201016181599381449e-01,-2.333271738304041609e-01,-1.240916421155115468e-01,9.059032328764030084e-02,-3.320641994174718115e-02,-4.791520252802034668e-02,-1.284406256273310232e-01,-8.611364095807882979e-02,-5.464682188022220583e-02,-2.133252428934111905e-02,6.153663283884824864e-02,3.409559437346124794e-02,1.044042861763613411e-01,3.703563906932804684e-01,3.417725944098714552e-01,1.202779320170780653e-01,3.580788944038699739e-01,7.027469772268714054e-01,7.633893190826714914e-01,6.224181568800986053e-01,6.083212421809773840e-01,6.447437949760531639e-01,9.999999999999998890e-01,5.217687699201839502e-01,5.970913127848862523e-01,4.297932952813757757e-01,6.810578770148195682e-02,-3.408470626818535520e-01,-5.184625131687022881e-01,-4.664357932380778782e-01,-3.629838960649519608e-01,-2.585059431021290433e-01,-9.272681964745631278e-02,-1.599364537867172323e-02,-1.286453373275365381e-02,-1.469867425157100616e-01,-2.091146389528402427e-01,-4.700821905823243663e-01,-5.401110450768478177e-01,-4.220244381519754340e-01,-1.790857985228960503e-01,-1.913363305726810126e-01,-2.071962615849950728e-01,-3.780297156999538055e-01,-2.015148285431801189e-01,-1.352469566700243153e-01,-8.163788490709911194e-02,1.065605378560357530e-01,4.121288637933773202e-02,9.141753275726349770e-02,7.888958192836323380e-02,1.421618399025535440e-01,-1.111568637079501584e-02,-2.335430804876458544e-01,-4.627771290501061507e-01,-4.593007013989928167e-01,-5.614062103487240663e-01,-2.473070301698199192e-01,-1.129891088654446790e-01,-2.317869083609839717e-03,-2.062413552088908364e-02,-1.038461507043338811e-01,-2.713071333051751965e-01,-4.190629997573043775e-01,-4.580166429205543843e-01,-5.192541115173885391e-01,-4.955393325848523323e-01,-4.267689349822906819e-01
1.377759291985999057e-01,3.439235916583580632e-01,9.195650804622672314e-02,1.481817331660023329e-01,1.971182541634718399e-01,1.291705444729635555e-01,9.285117492704099418e-02,-4.387793636317133261e-02,-7.752606496102380784e-02,-1.341909946527044539e-01,-1.809979198748148110e-01,-1.470563252547597011e-01,-1.710625757255472557e-01,-1.615284277983634886e-01,-1.899838289973922456e-01,-1.661176233283593595e-01,-1.737930802324756940e-01,-1.061461142606715119e-01,-6.999417005592431518e-02,-1.146200016866824600e-01,-1.372016024554273961e-01,-1.203684907933812165e-01,-1.197416420397488246e-01,-6.443567641288096282e-02,-8.166598058830475126e-02,-2.153427688843086510e-02,-2.706641043802211072e-02,-2.879824090444136134e-02,-8.136555991185887666e-04,-2.091017991642914187e-02,-1.003177705576445283e-01,-1.676773914470317817e-01,-1.339350721234133235e-01,-9.886049662804639870e-02,-1.257563061713862923e-03,4.308676985231357781e-02,5.695349474816625152e-02,8.864740869951975855e-02,6.977939424640637600e-02,1.168722985492861854e-01,1.639263752409897412e-01,7.606023326285535346e-02,8.232992076089383493e-02,6.937911930513755709e-02,5.531086930528238826e-02,2.652745423257285573e-02,2.635725987222327718e-02,7.017415824828141272e-04,-4.609817799598482646e-02,-9.039675336915507786e-02,-9.713842493967306257e-02,-5.698626579071690984e-02,-6.908529615931625900e-02,-4.022794480523302074e-02,-6.540835872811091856e-02,-5.916560646615182106e-02,-3.808361988200361509e-02,-2.115971005567431409e-02,2.199157215320698966e-03,-3.543078108035695173e-02,-2.460010671338828253e-02,1.189949106809951723e-01,7.344348880389449385e-02,-6.850154397220771518e-02,-9.080659345495796508e-04,1.896275728040321129e-01,2.963255117825848717e-01,1.307382863342419488e-01,1.013506723446522539e-01,6.853304608742206983e-02,5.217687699201839502e-01,9.999999999999997780e-01,3.732329188004809839e-01,1.608653246953563876e-01,-1.301888349000457183e-02,-1.892415196013179368e-01,-1.992815196754220697e-01,-1.742247288844000208e-01,-1.593018093362069398e-01,-1.187170461140115985e-01,-8.654084787184108951e-02,-7.116908816059520915e-02,-4.673329797978680727e-02,-1.093451423981857823e-01,-1.241749217314345594e-01,-2.675304460204875889e-01,-2.728654745218539457e-01,-1.993520544446033271e-01,-9.832110630630204462e-02,-1.069987890040185741e-01,-9.514112805470292811e-02,-1.523744700908326588e-01,-8.023238834563899136e-02,-5.540599073116189016e-02,-4.449271416143806002e-02,8.097084709939340874e-03,1.857985472323328210e-02,3.185449706718138790e-02,2.014734404186788869e-02,3.290230445829627620e-02,-4.500552557769234990e-02,-1.247009421903294141e-01,-2.348501792368475061e-01,-2.707244270683107357e-01,-3.310172087322616474e-01,-1.998777853669519988e-01,-1.431376581044934704e-01,-5.685190936542358631e-02,-6.708126562355183620e-02,-7.234097549707520225e-02,-1.103003344121876173e-01,-1.387903339932012592e-01,-1.366912009487168955e-01,-1.516625280757252781e-01,-1.653503306401472028e-01,-1.138845322294737977e-01
-1.531194253930358296e-01,1.354888327506702239e-01,3.268962111519748120e-03,1.663206815200820310e-01,4.512420696816601406e-01,5.430375664744816477e-01,5.901715673393044259e-01,3.557943702346261783e-01,2.410036446594561177e-01,3.035525927760368559e-01,4.624892419792913517e-02,4.014423606702170050e-02,2.870520414613819682e-01,1.199654635881081260e-01,-1.004334261834059217e-01,4.087600164667494484e-02,-2.353932683012600335e-01,-1.456246031612805636e-01,-1.789324026125901912e-01,-3.225181705208573502e-01,-4.195565232401239353e-01,-4.616794265849671897e-01,-4.891295463496458940e-01,-4.556951637679763634e-01,-4.001615127582274223e-01,-2.759626189885069913e-01,-1.669538824271334099e-01,-2.921970727664971804e-02,7.294362644028058729e-02,-1.374514538451281943e-02,-2.530261566319723654e-01,-4.531443277075313802e-01,-3.188968699552198749e-01,-2.531847817711295190e-01,-5.709526945745389132e-02,1.201155653075509366e-01,2.514071733752020754e-01,2.838512348664740115e-01,4.772409876502068521e-02,9.043132857862991314e-02,9.252771941645135390e-02,1.051485267607743940e-01,1.325086161139875651e-01,7.914237262348966517e-02,3.101890718372174796e-02,-1.958325961352394007e-01,-2.067728465272713756e-01,-2.855455138114467162e-01,-3.000306123347112330e-01,-3.403725843777403726e-01,-3.071429797554139363e-01,-1.816209892557855976e-01,-1.892806678041575041e-01,-9.997341835821335621e-02,-1.408788776862978376e-01,-1.180820564280029017e-01,-3.628177778435917600e-02,-9.163203402065546455e-02,-6.887040093653921946e-02,-9.825659495576105629e-02,-1.459386244967644519e-01,5.960397618735994302e-02,2.068933915083082664e-01,1.725772416606841456e-02,1.244219720819054603e-01,5.342488235379393435e-01,3.107698806817143500e-01,1.797319492386464379e-01,3.710388345382290010e-01,2.154128114016618245e-01,5.970913127848863633e-01,3.732329188004810394e-01,9.999999999999998890e-01,8.847362137643557389e-01,6.219849345539113505e-01,1.389910918668380291e-01,-2.657253904116397836e-01,-2.486695780716735582e-01,6.289156732784136061e-02,3.128068895872902072e-02,2.067438804980692713e-01,-1.647799863617957494e-02,-5.069363333761837953e-02,-2.172277881041413394e-01,-2.520562838333578748e-01,-4.924371786909299553e-01,-4.168541178658312085e-01,-2.753203690324354524e-01,-1.533121726120411643e-01,-6.250586539090371985e-02,2.332517585232633806e-02,-1.678057392288765104e-01,-1.115465331445199965e-01,3.851662346968500600e-02,1.008629277338676244e-01,2.711549350178268925e-01,1.783538327347214680e-01,1.940288432191307755e-01,1.637874011319876144e-01,1.792125216805081078e-01,7.151962047272125700e-02,-1.019778905587720441e-01,-3.559234212851254964e-01,-4.065696508859040215e-01,-6.261462688806209709e-01,-2.950323678822798223e-01,-2.603962170432770895e-01,-1.116103484513821104e-01,-1.462100239509936117e-01,-1.776260219881677094e-01,-2.945928693536927767e-01,-4.201566402239296782e-01,-5.095679440094313950e-01,-5.381736554703198117e-01,-5.522115882764530026e-01,-5.106343671668537310e-01
-3.170543895175804705e-01,-2.037658582394961115e-01,-3.094188004384094692e-01,-1.928865996714196063e-01,1.311163756725036156e-01,3.049574277836157865e-01,4.794179780691277259e-01,2.898735513513113760e-01,2.475769002727925827e-01,4.035063932135393716e-01,2.451108572647009709e-01,2.008326204443605656e-01,5.148316117436335659e-01,4.029156377004378675e-01,2.413165984899395544e-01,4.347934586969076087e-01,1.080098368032970102e-01,1.262636147551683130e-01,-3.215832218932182518e-02,-1.718611544142261138e-01,-2.398424074882564705e-01,-3.735153752314795961e-01,-4.458781528779798276e-01,-4.956941276783535244e-01,-5.011242467234080511e-01,-4.178946386817175562e-01,-3.253280431021402519e-01,-1.485018716114850090e-01,5.654547035143221885e-03,1.968350543251825083e-02,-1.160327700439504062e-01,-3.571191170446970653e-01,-1.984787116701605403e-01,-1.750779275387590039e-01,7.044209638748906432e-02,1.866561820671750194e-01,3.125447514736091614e-01,2.723081293983066753e-01,-1.312894045738050713e-02,-1.177035256223319185e-02,-2.720080257405421351e-02,2.958803151783999733e-02,5.021755513577798313e-02,-2.052100724467967319e-02,-5.903029689543211334e-02,-3.291195095055799436e-01,-3.501580213116778917e-01,-3.760151331238955619e-01,-3.567334818180717404e-01,-3.261389859698093363e-01,-2.836429843621440794e-01,-1.578928913513092114e-01,-1.736839224951247096e-01,-1.384836118813628780e-01,-1.842817569367898034e-01,-2.407727333268245562e-01,-1.947494371109259881e-01,-2.333304417452621848e-01,-2.764016604024097101e-01,-2.556957206369863678e-01,-2.405141393188956755e-01,-1.069271434937257570e-01,3.225278981245087440e-02,5.504166349349871173e-02,2.579353824890935898e-01,5.873458236321611459e-01,2.057257614045739647e-01,2.210004979269242498e-01,5.080843853028421675e-01,1.690444002337291585e-01,4.297932952813757757e-01,1.608653246953563876e-01,8.847362137643557389e-01,1.000000000000000000e+00,8.136580143172722490e-01,4.637192807107294312e-01,-9.736009273646571011e-03,-8.826946217762203506e-02,1.747757350684019384e-01,1.809141994858868424e-02,8.858704076079602918e-02,-2.062401049146129484e-01,-2.624890938427876241e-01,-4.274985921149905832e-01,-4.342653233530114898e-01,-6.018075844254686668e-01,-4.199898472792686355e-01,-3.575788742932679010e-01,-3.112726195874778168e-01,-1.577908560378347980e-01,1.892986948378022269e-02,-1.383384276911786559e-01,-3.426501980316841445e-02,1.090457030031716096e-01,1.898334250147454827e-01,3.189508892562242792e-01,2.348821540552014364e-01,2.617350641802888012e-01,2.073930592873649004e-01,2.409863878049183228e-01,2.327278275026102572e-01,7.919742269718373084e-02,-1.788281641934193478e-01,-1.885109575173032070e-01,-5.532976912955085425e-01,-3.277989903866728172e-01,-3.715403990581825355e-01,-2.667280256267428040e-01,-2.975806181820835339e-01,-3.410016085587970203e-01,-3.760579578615508289e-01,-3.910659341555176027e-01,-4.819982773383652552e-01,-4.180938505115294745e-01,-3.655254541291758086e-01,-3.755843549990926511e-01
-3.381807461483912203e-01,-3.605670003745133911e-01,-3.378693082152319227e-01,-2.160768004716596968e-01,1.400952283993202319e-01,4.176950988626923489e-01,6.578784477889130233e-01,5.499803879105927829e-01,4.801882594999993814e-01,5.787715142651482791e-01,4.805998882753015344e-01,1.316423876452448016e-01,4.383072044520125443e-01,3.507296367041211616e-01,3.595329914291454654e-01,5.251036225713271444e-01,2.387766111854078832e-01,6.164541362706842803e-02,-1.399466009580127013e-01,-1.550289020022260489e-01,-1.153515064595155987e-01,-1.591697796044339863e-01,-1.415290186663738792e-01,-1.867966834788839792e-01,-1.504410772348876157e-01,-1.782888558370863685e-01,-1.237803429020235685e-01,-1.747753504541801617e-01,-4.514998474188358646e-02,-1.021779451010227657e-01,-1.743716684755687030e-01,-3.784193566418917465e-01,-2.794345531111926961e-01,-3.089405098278202866e-01,-9.044264899861963192e-02,-4.482571865595465395e-03,1.792089175753408259e-01,1.314149214922890607e-01,-1.124721038162168896e-01,-3.579256819885449220e-02,-1.694734895933460994e-01,-1.420279939000999858e-01,-1.085762364637558736e-01,-1.875347330312362448e-01,-1.509745804828913351e-01,-1.721191969395013399e-01,-1.935320288392683719e-01,-2.223425245864923683e-01,-2.138704320289775140e-01,-2.082109678141066123e-01,-2.044142785176243093e-01,-2.520054603035207230e-01,-2.187930156355709921e-01,-1.949674649284214023e-01,-1.678512259479201796e-01,-1.649405523455470257e-01,-1.486555716957384532e-01,-2.506907232094920390e-01,-2.731830085893827698e-01,-1.827268816414594488e-01,-2.732637768865412431e-01,-2.542564007789004932e-01,-1.352311336834711953e-03,1.311693408998798327e-01,8.591769371180495163e-02,2.730423572111443931e-01,-1.328974736140063617e-01,-1.037823653576401689e-01,1.636470122596261900e-01,-6.722130852839613979e-02,6.810578770148195682e-02,-1.301888349000460479e-02,6.219849345539114616e-01,8.136580143172722490e-01,1.000000000000000000e+00,7.082763358878036986e-01,3.344541061428744633e-01,2.695896705776376634e-01,5.553629878351553639e-01,4.084189151015251706e-01,3.928835996151057719e-01,-2.410174119463504017e-02,-1.209020287134141836e-01,-3.233126547794452632e-01,-3.258933014293037278e-01,-4.308332965885590116e-01,-2.324514143245224040e-01,-2.121319772240909118e-01,-2.522400226923005029e-01,-7.408431611693047647e-02,1.074395309115625530e-01,1.153838762823100605e-02,6.276609084553289031e-02,1.510922449284911595e-01,2.480299593117767654e-01,2.772030189568131520e-01,1.955166116949871302e-01,2.207042232240467583e-01,1.599179879749131894e-01,2.113967993659080502e-01,2.622511471988767662e-01,1.956488941907338908e-01,6.557321526187921863e-03,-2.147859599288724428e-02,-3.688045408234940647e-01,-2.445594317150666663e-01,-2.833444478448821635e-01,-1.561624762076502249e-01,-1.376998022476779160e-01,-4.649008179742005614e-02,2.983728669290256277e-02,9.133264522960005127e-02,-8.259916311271947587e-02,-6.341426221668854113e-02,-5.745891063771008805e-02,-1.304366500032775322e-01
-2.402318252666128806e-01,-6.080987661986344550e-01,-6.165116843543420044e-01,-5.845032637652519680e-01,-4.051276474229881797e-01,-9.424562689430618367e-02,2.603899972001517127e-01,2.603273784840398619e-01,4.013635919051494194e-01,6.515961428401395583e-01,8.167058549837592496e-01,5.387740248351358119e-01,7.426260976418251891e-01,7.290755719093461318e-01,8.337152713081865674e-01,7.654780463640327159e-01,4.308125557119884541e-01,1.041416614082750908e-01,-2.262120733751327717e-01,-1.752719707693455031e-01,2.210464583962679086e-02,-3.419855962053326009e-02,3.269243193536682142e-03,-6.571032147226610332e-02,-1.547207290062547758e-01,-2.652742230637716858e-01,-3.690333035985761123e-01,-4.163324156298328638e-01,-2.556126381817539484e-01,-1.429813864592171524e-01,3.187424051240318745e-03,-1.711824374382265868e-01,-9.070314397881426571e-02,-1.856472613583935172e-01,5.192462069300917554e-03,-3.130420192322810879e-02,1.480280190826589737e-01,-1.569354966213123981e-02,-1.526200150825088586e-01,-1.978698219783122381e-01,-3.258306441211444304e-01,-2.136816402040784268e-01,-1.820097518435034312e-01,-2.435820452880662901e-01,-1.877369405337782071e-01,-2.034335763685840015e-01,-2.745080004549602659e-01,-2.516719829992533630e-01,-2.878524136667485189e-01,-2.676406578621398635e-01,-3.552235675552347094e-01,-4.589426495668405548e-01,-4.308076483842773752e-01,-4.042371469927844574e-01,-3.374433105423531032e-01,-4.357892130673833297e-01,-4.049194783986779234e-01,-4.357336943383717243e-01,-5.320560482853476936e-01,-5.316186082589893225e-01,-5.737772523513665623e-01,-6.404297200627340203e-01,-5.397984681178269462e-01,-2.705814296264925090e-01,-2.111278759715877196e-01,-1.808862387398243177e-01,-5.216587947990082297e-01,-3.603614774964932210e-01,-8.059448535169443095e-02,-1.988242359044478935e-01,-3.408470626818535520e-01,-1.892415196013179646e-01,1.389910918668380291e-01,4.637192807107295422e-01,7.082763358878036986e-01,1.000000000000000000e+00,8.373818421903723719e-01,6.779624057908409940e-01,6.815634210163497020e-01,3.124242086640900973e-01,3.757318254450382755e-02,-4.039105890037963942e-01,-4.781963656979338340e-01,-5.193608026596645555e-01,-4.273969640413471938e-01,-2.891511573923969958e-01,3.364110591373174752e-02,-7.656319983842990728e-02,-3.229179756944878243e-01,-9.473335449472018721e-02,2.076964554626376525e-01,2.627468149029372202e-01,2.603712094283081591e-01,2.602084701047914228e-01,4.343698619684102646e-01,3.424658359499977989e-01,2.358842231762242891e-01,2.508213639017387031e-01,1.771003802299938867e-01,3.045961819761447420e-01,5.004515990818040327e-01,5.240333217097381535e-01,4.218355466968569112e-01,4.316592132352063960e-01,-1.232547053648175121e-02,-2.126002891459616295e-01,-4.555092408591727704e-01,-4.550979417355318080e-01,-4.328779136948788797e-01,-3.162298333377264736e-01,-6.632377383953991061e-03,2.719322487767595886e-01,2.506491223672627777e-01,4.068563408974484319e-01,3.966065609630436972e-01,2.414496305009225796e-01
-6.800159246908245303e-02,-5.186940122048456780e-01,-5.030097611595285567e-01,-5.177711704463655584e-01,-5.054082210782694373e-01,-2.857874334933097615e-01,1.519960141269163963e-02,7.956880298774336724e-02,2.751315072698196640e-01,4.875133065557184509e-01,8.033355582063849143e-01,5.975730639695323587e-01,5.743090880559184042e-01,5.750644959734313444e-01,7.516393787110239311e-01,5.228004108816581841e-01,3.114045621285667642e-01,-8.501224608113398806e-02,-3.464375799123327604e-01,-2.219902665609593539e-01,6.235732545157332551e-02,1.431353606012845947e-01,2.854250450542198392e-01,2.885053728234479031e-01,1.870246304656580094e-01,1.069963777211946007e-02,-1.829853067343273354e-01,-3.957873585610216516e-01,-3.111577012594679004e-01,-2.143375193739074092e-01,2.227889514826158698e-02,-4.931964679945906316e-02,-9.146807403466400768e-03,-1.349733115683384999e-01,-4.068903098271366148e-02,-1.611297276913899457e-01,-7.897467589873433114e-03,-1.731378079737355136e-01,-1.902022355339222093e-01,-1.939661637671177552e-01,-3.655385012566011449e-01,-2.783933616177519110e-01,-2.461022953641884281e-01,-2.790758664887356688e-01,-1.780883681712744082e-01,5.134730856845431957e-02,-2.778170141963966222e-02,5.661883550157504122e-03,-9.242459949047078516e-02,-1.504563282465791185e-01,-2.980194040463099436e-01,-4.948645735670021972e-01,-4.341125531605850019e-01,-3.577635095753570194e-01,-2.832996372346028302e-01,-3.702394541142482454e-01,-3.455054874997874337e-01,-3.619995001416191349e-01,-4.561448830346110928e-01,-4.761596294846057731e-01,-5.553792451507201244e-01,-6.768364650729471466e-01,-6.360042494360650389e-01,-3.899081568772533868e-01,-4.646425876334147609e-01,-5.541282216343900169e-01,-6.972708035466083087e-01,-5.693181888829719206e-01,-3.992113778523894152e-01,-2.218665610182700698e-01,-5.184625131687022881e-01,-1.992815196754220697e-01,-2.657253904116397836e-01,-9.736009273646538051e-03,3.344541061428744633e-01,8.373818421903723719e-01,1.000000000000000000e+00,8.848350161166159689e-01,6.943374032539796348e-01,3.378899772791179035e-01,-3.711175314595530766e-02,-3.741958537136004237e-01,-4.159895366870266509e-01,-3.836791088841232100e-01,-2.688157828791613024e-01,-4.520812826523798976e-03,2.568726541399414254e-01,1.374439011635051056e-01,-1.647679521755876786e-01,-3.086084439819283126e-02,2.047501674854048381e-01,3.581364902226457647e-01,3.104169948061226703e-01,2.325250236704773932e-01,3.654114264099341258e-01,1.923194276580455220e-01,1.326466394703140206e-01,1.399264947482877497e-01,8.305953065384161227e-02,2.115654652946385439e-01,4.269532032761369500e-01,5.310110710237919696e-01,5.521358269080535175e-01,5.420489763811459083e-01,2.318471212365887102e-01,-1.208941767848630416e-01,-3.664476070792655471e-01,-3.751612000520057055e-01,-3.290070991273236767e-01,-1.366491100264405067e-01,2.525344296036028391e-01,6.089806269269654182e-01,6.626363834170042599e-01,7.867609035036827736e-01,6.736855177630760583e-01,4.715579271343262602e-01
1.156915874434022960e-02,-3.848291736059951673e-01,-3.697524801393860527e-01,-3.765476099155464773e-01,-3.232149992650470982e-01,-9.183721099275067579e-02,2.038080304423612321e-01,3.357141702536533545e-01,5.472737977576700441e-01,6.642675677424955127e-01,8.956705163501944567e-01,6.051481538754267531e-01,4.730331285116005091e-01,3.380467525230114179e-01,4.310304859176405379e-01,1.942589944602115815e-01,-4.061043019222081163e-02,-3.573748461357676987e-01,-4.801869208544064516e-01,-3.916463958858734107e-01,-2.283395173492897834e-01,-7.439898810638186089e-02,1.415190847938857521e-01,2.510021694637403211e-01,2.916054863459719981e-01,1.850666010076603696e-01,2.253284961538332826e-03,-2.943613426254176324e-01,-3.043233180334880550e-01,-3.497068919541815313e-01,-2.099073476253301984e-01,-2.165215593061270150e-01,-1.445854790960243164e-01,-3.006387086582120172e-01,-2.478434950369525214e-01,-3.253502282067365914e-01,-1.219404373117216334e-01,-2.109847643587021426e-01,-1.485534300511527073e-01,-6.753218631659277382e-02,-2.393251463014507974e-01,-2.552361444653534761e-01,-2.093782096715643970e-01,-2.328661388748822225e-01,-1.217351579722419225e-01,1.470464092110936594e-01,6.685808006893657895e-02,2.580442627702781095e-04,-1.133439312139401800e-01,-2.419027508465093068e-01,-3.543544667594564768e-01,-4.872197633379695136e-01,-3.749807067995421517e-01,-2.057299932989667401e-01,-1.736441264812625951e-01,-2.513363895422813243e-01,-1.878718823903111623e-01,-2.113630234725504820e-01,-3.154080163596937325e-01,-3.517949665416417182e-01,-4.578942366954932286e-01,-5.442450038509220045e-01,-5.094281160100405659e-01,-4.464661527927433760e-01,-5.857848122059523543e-01,-6.076478907832745247e-01,-6.238164819639000491e-01,-5.741928652658321308e-01,-4.947070377053459644e-01,-1.962677355453591455e-01,-4.664357932380778782e-01,-1.742247288844000208e-01,-2.486695780716735582e-01,-8.826946217762204894e-02,2.695896705776376634e-01,6.779624057908407719e-01,8.848350161166159689e-01,1.000000000000000000e+00,8.710432854018865800e-01,6.210508723682947041e-01,2.256981033050750873e-01,-1.888341390831203004e-01,-2.778074176092575343e-01,-3.132359319542833975e-01,-2.040289071771134444e-01,4.075021974040404088e-02,2.651672888662086613e-01,2.293116373140408615e-01,-4.033198153638443278e-02,3.798622600571991553e-02,2.413287100776399241e-01,3.900739616958820433e-01,3.009447489766762240e-01,2.180739199100470427e-01,3.389335396368768349e-01,1.774379246722902759e-01,1.006303942240372590e-01,8.992454497506159605e-02,4.427834237708107301e-02,1.610042952936701632e-01,3.160315251655144708e-01,4.355568798454129698e-01,4.513394504652359362e-01,3.558196547730443915e-01,1.001874931023591930e-01,-1.871650458874911382e-01,-3.344600308133690580e-01,-2.375748064444472840e-01,-1.451650647084102852e-01,9.626590748553924548e-02,4.966848451718076096e-01,6.969011690130013648e-01,7.193934868045390729e-01,6.381204506121890274e-01,3.789223957779402352e-01,1.408667822778262579e-01
-7.190720310395559700e-02,-3.062190716106329980e-01,-2.600293348075849442e-01,-2.181553535495149576e-01,-2.093478566880380490e-02,3.044459287724269325e-01,6.105221964881158980e-01,7.281082900348010423e-01,8.315752625225018013e-01,8.693964610316001762e-01,8.882670165613477664e-01,4.103776840312902130e-01,4.126714045983855272e-01,1.814885312974386100e-01,2.448021075909702915e-01,1.190574153306202948e-01,-1.558320756150713693e-01,-4.252382347318230948e-01,-5.047768744770030347e-01,-4.401777303466588021e-01,-3.577795592594869012e-01,-2.063269288035572413e-01,-2.291354736917053207e-03,1.092670263371133543e-01,2.528950608570990077e-01,1.937775005466420841e-01,9.146964424581736919e-02,-1.865622244969597776e-01,-2.159051159751665394e-01,-3.672916661745226907e-01,-3.723811413725606756e-01,-4.064429128746032127e-01,-3.371416004330360372e-01,-4.672945250293134567e-01,-3.823675219919612234e-01,-3.525675302851409842e-01,-9.543631571714288053e-02,-1.261909857842628824e-01,-1.276040853351721738e-01,-2.871395208466970793e-03,-1.875456258902380158e-01,-2.359546321517085599e-01,-1.876037037718232270e-01,-2.261209701359272739e-01,-1.284479678606257613e-01,8.375626490769430554e-02,2.157808905271159719e-02,-8.775282330421370347e-02,-1.520567999540289317e-01,-2.817441624357889252e-01,-3.517498198124243691e-01,-4.583413906514745562e-01,-3.522027344935529380e-01,-1.959266426786479554e-01,-1.615210975808282490e-01,-1.587094252809381767e-01,-6.807591560672043851e-02,-1.227456513151643919e-01,-1.765019616622852117e-01,-1.961534400402526190e-01,-3.499983445318878839e-01,-3.936579653395149148e-01,-2.639772833129718221e-01,-2.888722346248190909e-01,-5.030394401389561843e-01,-4.411696837836416862e-01,-5.049765666475085624e-01,-5.217808662340427395e-01,-4.542666653355095785e-01,-2.038756611173802025e-01,-3.629838960649520163e-01,-1.593018093362069121e-01,6.289156732784131898e-02,1.747757350684019106e-01,5.553629878351553639e-01,6.815634210163497020e-01,6.943374032539797458e-01,8.710432854018865800e-01,1.000000000000000000e+00,8.609561561959853115e-01,5.885768548254992627e-01,4.822530264809439526e-02,-9.759258455223288053e-02,-2.319314310626186537e-01,-1.505424023300532266e-01,-4.413591499531528684e-02,1.659018625219637610e-01,1.816852035790444964e-01,-1.205557361680552678e-02,1.048307478748236043e-01,2.870855789880915054e-01,3.404361613479826021e-01,2.318648759520072211e-01,2.127583650480325550e-01,3.308054628495468719e-01,2.318106373155960909e-01,1.274873998517403739e-01,1.075144083973803705e-01,7.000597892731667826e-02,1.481566311106788103e-01,2.359031282011778974e-01,3.195789922521929394e-01,2.814834566652626990e-01,1.492883563055659446e-01,-9.214209102344141089e-02,-2.094241410169613848e-01,-2.765637079595247294e-01,-1.035144524972124724e-01,1.233292291977037061e-02,2.540182505542984415e-01,5.788889085751354191e-01,6.318283462203716505e-01,5.330219318918006932e-01,3.626103305251532904e-01,9.767839684733467531e-02,-1.123442296392948708e-01
-7.853565052415205708e-03,-4.189742773834468498e-02,6.159450885298917155e-02,8.983603758210700896e-02,2.727123684333831455e-01,5.069203287877914743e-01,6.841181520605189581e-01,8.501396900346966934e-01,8.045498956055419093e-01,6.841884927704351416e-01,5.796224891563760417e-01,4.460573473377540260e-02,2.658635670286625674e-02,-1.894129449715852287e-01,-1.448403658195811516e-01,-1.986628162927349395e-01,-3.238842513537532053e-01,-4.744904028989275768e-01,-4.022703885637307630e-01,-3.412901653884335973e-01,-3.703163042435611563e-01,-1.939469995635182409e-01,-1.508736532959182317e-03,1.318427515216678558e-01,3.866029636497664290e-01,4.043987077082386028e-01,4.006027667358156852e-01,1.241739085145788929e-01,-4.271794776583780900e-02,-3.425164179163386891e-01,-4.819950522568807183e-01,-4.444323009517526235e-01,-4.287432743227747034e-01,-5.162725843955416893e-01,-5.122921094941336184e-01,-3.991745200762750190e-01,-1.735502492202708469e-01,-9.105433646650050450e-02,-2.631776791551247024e-02,1.516506573973603333e-01,-1.576907876732274404e-04,-1.869893559034325192e-01,-1.516403258963802958e-01,-1.825056989992657197e-01,-9.359936468291434053e-02,1.810274416945033549e-01,1.489823349483307413e-01,6.316584153509116964e-03,-2.322399246561468109e-02,-1.557456248050165248e-01,-1.716142531342555455e-01,-2.473254433813195374e-01,-1.632176271746476059e-01,-5.649508612160117349e-02,-3.548831619935938209e-02,6.644823908488274589e-02,1.595893728843341408e-01,9.222862359721493986e-02,1.305432316802505044e-01,1.267206279934313395e-01,-4.488799268896371403e-02,-6.270757755989750382e-02,8.639490388725254433e-02,-5.899695275256749971e-02,-3.807202033640907368e-01,-3.487584095802331863e-01,-2.888661510005454125e-01,-3.964294401345008767e-01,-4.545983497451975275e-01,-1.785525701667259602e-01,-2.585059431021290433e-01,-1.187170461140115985e-01,3.128068895872902072e-02,1.809141994858871894e-02,4.084189151015251706e-01,3.124242086640902083e-01,3.378899772791180145e-01,6.210508723682947041e-01,8.609561561959855336e-01,9.999999999999998890e-01,8.584391454269942878e-01,4.025304491036527099e-01,2.350124377541698562e-01,6.009491391902052615e-02,9.886025258034988883e-02,8.374274057607657140e-02,1.462749985190101853e-01,2.139551270591534271e-01,1.482649524578881217e-01,1.985582626813827967e-01,2.355359344361998564e-01,2.383116748355383618e-01,1.152606933003603867e-01,1.055726116941973491e-01,1.498699915428988727e-01,8.792782279372222953e-02,1.845793164375985132e-02,-1.035162572058756329e-02,-1.456171217602651724e-02,6.587282165194151620e-04,-2.073193174871047414e-02,6.455161127240140184e-02,6.238335089483195567e-02,-1.082279120888070961e-01,-1.337537752062293861e-01,-1.123819775522448688e-01,-1.638797793862956445e-02,2.216467187673079875e-01,3.821809738669913470e-01,5.921092334259037138e-01,7.655103096230183590e-01,6.247220549018920321e-01,4.407417393872351541e-01,1.475788319824630490e-01,-1.164206445561872250e-01,-2.570606253916474793e-01
-4.967576052393620628e-02,2.118144780061648191e-01,3.765282478200734362e-01,4.369906725140961790e-01,6.471806196731925143e-01,7.945763709672307717e-01,7.804265018014305832e-01,8.669670816575787420e-01,6.584206546146881278e-01,4.656798686354335359e-01,2.177140542106169863e-01,-2.219517977942733200e-01,-1.890629811795510040e-01,-3.856660609490456526e-01,-3.965589934951824214e-01,-3.641917383304537625e-01,-3.806918821011168741e-01,-4.310797527966233056e-01,-2.882609330569102513e-01,-2.465471384972955371e-01,-3.232377857528054288e-01,-1.537961715950490471e-01,-1.440798687470478019e-02,7.278399153284283163e-02,3.605890899811374228e-01,3.802321230867563573e-01,5.515801554527975936e-01,3.506863229808788174e-01,2.314258711052696038e-01,-1.388211508059370158e-01,-4.208585038930789946e-01,-4.062090879752535688e-01,-5.151323525391493519e-01,-4.718197107861268336e-01,-4.939208579653401321e-01,-2.765802831876723045e-01,-1.283522290388792453e-01,3.968856388896242066e-02,-1.708236284569613836e-02,1.589032168315097637e-01,-3.835902898532266361e-03,-1.373825036564979285e-01,-1.023670481937303811e-01,-1.430151380180931797e-01,-6.891375785165215762e-02,1.326211207560279437e-01,1.948468244436220576e-01,6.184212362720903355e-02,7.665470584681832733e-02,-3.645521972961708601e-02,-2.091537558672148123e-03,-6.766980791978932652e-02,-2.761147490883463299e-02,3.744937497135452514e-02,5.439164104474567690e-02,3.045953829959195391e-01,3.883930417947964453e-01,2.890846996947129544e-01,4.164013716435843726e-01,4.484505872337882226e-01,2.405377325514001519e-01,2.627378040458532849e-01,4.735062030825947232e-01,2.453342865223880898e-01,-1.609555355154664025e-01,-9.363104547611708628e-02,-2.650399985197590680e-02,-2.310214870683992838e-01,-3.425821638368180544e-01,-1.666115972507406784e-01,-9.272681964745631278e-02,-8.654084787184107563e-02,2.067438804980692713e-01,8.858704076079607082e-02,3.928835996151058274e-01,3.757318254450384143e-02,-3.711175314595532154e-02,2.256981033050750873e-01,5.885768548254992627e-01,8.584391454269942878e-01,1.000000000000000000e+00,7.392103079730372173e-01,5.898293003075796292e-01,3.936868199350793684e-01,3.463230374998595984e-01,1.371157446127068413e-01,4.325867507270194506e-02,1.486299425401024221e-01,2.486464164360407958e-01,2.694252823534335484e-01,1.690445340351801051e-01,5.164432742430322826e-02,-7.615064937765732289e-02,-2.238962220473321788e-02,-1.316627852012372708e-02,2.125689114715979128e-02,-4.380676288647836203e-02,-7.138269858336168672e-02,-5.469636586014773455e-02,-8.554135776047941397e-02,-2.352691529902235235e-01,-2.261778986939252667e-01,-2.314656003099571369e-01,-3.553508029412195679e-01,-1.736152490058977538e-01,8.495171477975209384e-02,3.134480956638504567e-01,5.401426247925610324e-01,6.361296926196433610e-01,7.364442062379813470e-01,6.565270440365115201e-01,4.210697057369696128e-01,1.602837017114374374e-01,-1.252964111650243240e-01,-2.955512875756338143e-01,-3.309949147311296858e-01
-3.701820604007233229e-02,4.414780735137847634e-01,6.604492673051218787e-01,6.759183661017891254e-01,7.337525339264209245e-01,6.436271038727142679e-01,3.715760213906874609e-01,4.152367671747378974e-01,1.574813039418697658e-01,-8.813277803251404197e-02,-3.071648477488560514e-01,-4.704710747356650735e-01,-5.223120437464157106e-01,-5.759327799326966479e-01,-5.961595654774918263e-01,-5.454359064643576893e-01,-3.517795007292777720e-01,-2.763838993359623020e-01,-4.999434250729096335e-02,-2.283512315206470342e-02,-1.174631147381715590e-01,8.036588807137706389e-03,9.188135564266505795e-02,1.700446103002999643e-01,3.988799096846106784e-01,3.784271794951915013e-01,6.926632100353842247e-01,6.057720945224429610e-01,5.585241395667358555e-01,2.208088281493712224e-01,-6.386339801265138172e-02,3.542711250359945052e-03,-2.072269477788034053e-01,-6.187993520275020948e-02,-2.184717395214748059e-01,-3.002148520325028172e-02,-8.860072065319284096e-02,1.702958724499017973e-01,6.479608083693386145e-02,1.687562613435108771e-01,-1.551533163259254805e-02,-8.036788630455325710e-02,-3.500931492934220013e-02,-8.733543398555396187e-02,-6.925297371563971828e-03,1.851863567708743330e-01,3.460044506390488328e-01,2.170483071772321970e-01,2.009782996003597055e-01,1.332151681023764078e-01,2.253395723753754687e-01,1.964810627750302463e-01,1.871134951127333967e-01,1.787487371096958544e-01,1.662724484031589678e-01,4.837337198061216204e-01,5.194277098275851268e-01,4.604824739021309843e-01,6.517950134915863059e-01,7.129984299589930963e-01,5.402560434210612605e-01,5.600318239281364407e-01,7.072205459736883304e-01,4.875071079766014059e-01,5.848221590526084257e-02,4.418568086362058972e-02,2.149988781028769058e-01,-3.099573306129461275e-02,-2.328019570312105935e-01,-1.360496576798882196e-01,-1.599364537867171282e-02,-7.116908816059519527e-02,-1.647799863617957494e-02,-2.062401049146129484e-01,-2.410174119463505057e-02,-4.039105890037963942e-01,-3.741958537136004792e-01,-1.888341390831203281e-01,4.822530264809435363e-02,4.025304491036527654e-01,7.392103079730373283e-01,1.000000000000000000e+00,9.198270677337762047e-01,8.045656909105982635e-01,6.484848295334002533e-01,3.388330433631441818e-01,2.391119570866844998e-02,8.863308739547429149e-02,3.356684720612958528e-01,2.689964404520899799e-01,-2.651203455638709294e-02,-1.826075338901350098e-01,-2.791464981126053901e-01,-2.177350567383367352e-01,-2.944712335384819801e-01,-2.207013413339840024e-01,-1.993049091891270497e-01,-2.126043405829557698e-01,-2.065236526481711021e-01,-2.813866065722213650e-01,-5.073606558148204826e-01,-5.288344500334951626e-01,-4.349997579731718633e-01,-4.273126572893090058e-01,6.368936222427235005e-02,4.511963585651326825e-01,7.988775251967054070e-01,8.882076103487618335e-01,8.786936443491225601e-01,7.685149115270314413e-01,4.305078361922332064e-01,2.298701061189478700e-01,-1.104106895342563208e-03,-2.057264562086945081e-01,-2.605288851874497102e-01,-1.958668135803039723e-01
-3.164244424428809543e-02,5.830541082128989361e-01,8.163094730943419863e-01,7.688966282596906288e-01,7.500637731470638503e-01,5.456936199980670921e-01,2.230070936612377486e-01,2.345554772206564220e-01,-3.186400034224858707e-02,-2.479746608359974513e-01,-4.102644225859152227e-01,-4.780092590777281769e-01,-5.334357047525197792e-01,-5.134124464802507504e-01,-5.690971430837948875e-01,-5.597597688945323835e-01,-3.498667363950372367e-01,-2.791333053488654348e-01,-4.754975345277211163e-02,-2.272141569235020669e-02,-9.018854516357602269e-02,2.745528392171719956e-02,1.008915749368911319e-01,1.609636775076058179e-01,3.686934842999118889e-01,3.673815722434711772e-01,6.584800530148487985e-01,5.415250448476474077e-01,5.439023182735518436e-01,2.119861493416503595e-01,-5.898179421593000710e-02,1.173169261122456418e-02,-2.572421949837019328e-01,-9.512375141266690703e-02,-2.647780127237982506e-01,-6.657245411423551307e-02,-1.250072805392793140e-01,1.231748215333116903e-01,2.287785368539731537e-02,1.395120125715217096e-01,3.022144412497308405e-02,-1.771372770396026364e-02,5.264745162028976752e-04,-1.767936400001966085e-02,1.949167387964791109e-02,1.824875318832782090e-01,2.838400707479240559e-01,1.886770379646713625e-01,2.123383916765010926e-01,1.573975824212760222e-01,2.543093685369570700e-01,2.170480701033532800e-01,1.985596201659084181e-01,1.928247043416793371e-01,2.027141485377998986e-01,5.433217495598180458e-01,5.884463686542031891e-01,5.124403594940453166e-01,7.646425031608617973e-01,7.750629549760740256e-01,5.626406001979415983e-01,6.033466900588718707e-01,7.553657547952101758e-01,4.981584423237898074e-01,6.038916575528299746e-02,3.950733920096178436e-02,2.250629292828243699e-01,-5.785484137281494965e-02,-2.480326460367475727e-01,-1.574737096766073985e-01,-1.286453373275363646e-02,-4.673329797978680727e-02,-5.069363333761833096e-02,-2.624890938427876241e-01,-1.209020287134141974e-01,-4.781963656979337229e-01,-4.159895366870266509e-01,-2.778074176092575898e-01,-9.759258455223288053e-02,2.350124377541698562e-01,5.898293003075797403e-01,9.198270677337762047e-01,1.000000000000000222e+00,9.214434238428905743e-01,8.412484882578656897e-01,5.090115401055129718e-01,1.673164176849989970e-01,2.275825180972823880e-01,4.979600318492895528e-01,4.208429770008452753e-01,5.318729285921703492e-02,-1.402792800908743975e-01,-3.366284450914550086e-01,-2.562141496744264613e-01,-3.083856154855172393e-01,-2.495326730557720918e-01,-2.310492702949807631e-01,-2.410333008155210177e-01,-2.089315921240243734e-01,-2.808430350776822126e-01,-5.350504155261716077e-01,-5.623407392259822668e-01,-4.232479279895942637e-01,-3.717519793549796114e-01,2.012473998265881525e-01,6.309730763256133912e-01,8.505361473362871294e-01,8.829221896109059609e-01,8.030744674496157476e-01,7.224679101051124652e-01,3.557857058626626712e-01,1.607233146046457839e-01,-3.427451013090975634e-02,-2.062921836960815158e-01,-2.269123385883095312e-01,-1.364060710401045207e-01
6.452957910090922899e-02,6.040376552004533828e-01,8.477983239503112944e-01,7.800328769657077777e-01,6.207617885309100192e-01,3.777570370237557373e-01,2.847991218203761721e-02,4.667216320449620037e-02,-1.933558169644374325e-01,-3.651174783149657155e-01,-4.579141778212094116e-01,-4.057020942087641857e-01,-4.872833688044179712e-01,-4.060991957818982367e-01,-4.549599309113532830e-01,-5.350470241411390271e-01,-3.093706672985654382e-01,-2.625206681716044099e-01,-5.271195201508481476e-02,8.064513491293926264e-03,-1.322626114754874363e-02,9.140550576635808611e-02,1.447807193799690306e-01,1.794033127552960849e-01,3.158673285746017023e-01,2.933736679355908872e-01,5.196999526318376583e-01,4.412374329312089838e-01,4.587838258531006241e-01,2.362556991846659626e-01,8.568471463638552277e-02,2.263216317497859231e-01,-1.104572542676080793e-01,3.574016955592627942e-02,-1.796261900555033986e-01,-6.556484908560418490e-02,-1.699925194672492201e-01,3.007318170290538065e-02,3.476373469075021844e-02,7.307405719081432049e-02,-2.985714349885328599e-03,1.671079643807500334e-02,5.440743551256626426e-02,5.042686470616451755e-02,7.640952901474103165e-02,1.638703589897995694e-01,2.679854080063108213e-01,1.990471718882912966e-01,2.208439564018743473e-01,1.844138104456697624e-01,2.554852350548579842e-01,1.894359840678471463e-01,1.849956467939941340e-01,1.799425196725628617e-01,2.061785222121754468e-01,5.042175300443419994e-01,5.415659757529208695e-01,4.837889941423815787e-01,7.243789292329604335e-01,6.894343339703684626e-01,5.005732524597490407e-01,5.092922166447928500e-01,6.015128341975779502e-01,3.570231577384970212e-01,-3.739479523017870399e-02,-1.174737084897404249e-01,9.748674455111075443e-02,-1.504913997643714807e-01,-3.544952109586730904e-01,-2.124534867849288966e-01,-1.469867425157100616e-01,-1.093451423981857684e-01,-2.172277881041413394e-01,-4.274985921149905832e-01,-3.233126547794452632e-01,-5.193608026596646665e-01,-3.836791088841232100e-01,-3.132359319542834530e-01,-2.319314310626186260e-01,6.009491391902051227e-02,3.936868199350793684e-01,8.045656909105982635e-01,9.214434238428905743e-01,1.000000000000000000e+00,9.172975547091721804e-01,6.956701934212973226e-01,3.323840148839505848e-01,3.296466860649437391e-01,5.324336735999795067e-01,4.193597680453282628e-01,3.697582460709782776e-02,-7.244791215671628204e-02,-3.337444222351831913e-01,-2.944172366295460530e-01,-3.245644716961247900e-01,-3.086542188176708001e-01,-2.722250457868972684e-01,-2.811435414793304055e-01,-2.469910428191730012e-01,-2.833819235927904634e-01,-5.188630947037393693e-01,-5.286972715619698837e-01,-3.011485943437066659e-01,-1.932175991800788861e-01,4.634985422174264236e-01,7.460697047460503883e-01,8.713989590537586372e-01,7.676889322246567282e-01,6.596914661969149885e-01,5.608723428189916760e-01,2.216739685377492608e-01,9.222938712299612318e-02,-2.590793343464761408e-02,-1.101965304134294582e-01,-9.742851443778834108e-02,2.744171096425936790e-03
6.735990965754237725e-02,6.453348765466232484e-01,8.577515706418690211e-01,6.807843381117584247e-01,5.028365443106602717e-01,2.650959268590635243e-01,-2.190266636899886390e-02,1.079743259074058409e-02,-1.828335037903079663e-01,-3.061265481050156056e-01,-3.395362841224296990e-01,-2.901921431868860202e-01,-3.698815621071050441e-01,-2.830220517276929582e-01,-3.532518277837849441e-01,-5.021768332090686959e-01,-3.336901478163337154e-01,-3.297609833574970950e-01,-1.347382434788393646e-01,-8.025300773879810723e-02,-7.783597922895618693e-02,3.210422744995612004e-02,1.028045529220673326e-01,1.208606076738035495e-01,2.647878128040338508e-01,2.705655656716988711e-01,4.551638524156589316e-01,3.614975322450136863e-01,3.308111514961474819e-01,7.270193666668869903e-02,-8.564535807901280107e-02,5.617347421222020076e-02,-2.629851060015548359e-01,-1.357166930670123395e-01,-3.376901872770536328e-01,-2.041708033644916986e-01,-2.527100487025329412e-01,-6.208684175613410350e-02,2.267594214769578717e-02,1.841485200923981963e-02,4.104379228573674931e-02,4.506459064435068551e-02,3.986709651725008768e-02,6.769844541494861312e-02,5.329756982825397532e-02,9.112752072864545305e-02,1.290880864981442666e-01,1.047473078903213839e-01,1.739895157870688103e-01,1.234673630842496178e-01,1.824760503233389120e-01,1.206571857778718920e-01,1.092984169452782123e-01,1.404739225760765486e-01,1.691334441512044873e-01,4.932261696428258402e-01,6.368831775609983259e-01,5.885530893269286246e-01,8.137966818028332661e-01,6.835441736575235128e-01,4.692362318627428808e-01,5.035369028812129999e-01,5.581220727372623314e-01,2.712354343123133948e-01,-1.202272686935568213e-01,-1.894573584501659247e-01,5.473217653782104508e-02,-2.121775292493978948e-01,-4.193168058047023750e-01,-2.301771412487851609e-01,-2.091146389528402427e-01,-1.241749217314345594e-01,-2.520562838333579303e-01,-4.342653233530113788e-01,-3.258933014293037833e-01,-4.273969640413471938e-01,-2.688157828791613024e-01,-2.040289071771134444e-01,-1.505424023300532266e-01,9.886025258034988883e-02,3.463230374998596539e-01,6.484848295334002533e-01,8.412484882578656897e-01,9.172975547091719584e-01,1.000000000000000000e+00,8.193238405121127110e-01,5.537939188085231335e-01,5.805295850760497922e-01,7.539593138235365366e-01,6.649343630394422000e-01,2.835120225904325664e-01,1.499019190625678899e-01,-2.588853036572222877e-01,-2.336822530591871616e-01,-2.012763452208318204e-01,-2.418897568600696657e-01,-2.669269911631355074e-01,-2.878583155662847171e-01,-2.279340169943052663e-01,-2.737085611707386068e-01,-4.855151011854619281e-01,-4.386330951490464147e-01,-1.702003009196796923e-01,-1.102640710187270112e-01,5.021930627524063828e-01,7.355619682400961201e-01,7.306794551899664647e-01,6.629187858162290947e-01,5.665304586520183427e-01,5.250435250346262572e-01,2.642659708937480922e-01,1.233463646202115488e-01,3.348960868375040756e-02,-5.368269599774708190e-02,-6.556727968972510256e-02,4.089639974464648678e-04
1.704635949829801655e-01,4.469690303160905875e-01,6.295389340995936056e-01,4.573827088432204091e-01,1.686664337736622776e-01,2.757442583273542538e-02,-1.436600008646895243e-01,-7.586933041585464110e-02,-1.431384779817492237e-01,-2.134725803577737779e-01,-1.382168617719275738e-01,-8.641190390693227752e-02,-2.300686979428964163e-01,-1.540083929691396514e-01,-1.566069051674820189e-01,-4.169598616683710679e-01,-2.846602393863419400e-01,-3.708229913895008667e-01,-2.344961355605310604e-01,-1.000845413295899378e-01,-2.155304850753603924e-02,1.245271584354547684e-01,2.191691483031628085e-01,2.432302333326397947e-01,3.126193916367215886e-01,2.858688854730069839e-01,2.920229276006203190e-01,1.283597763230142075e-01,-3.374980557306272305e-02,-2.229185087665603582e-01,-1.901970420159725950e-01,8.773922079450657829e-02,-1.651574948675700039e-01,-1.837861622859535415e-01,-4.234403509007277910e-01,-4.498081526994184287e-01,-4.506056717506726761e-01,-3.261728704313968108e-01,-8.088227478897916031e-03,-2.799526182216807713e-02,4.170116210666085371e-02,6.139520517545109940e-02,7.039414555466029511e-02,1.268680994284943908e-01,1.056119989180034358e-01,1.567408326955005982e-01,1.570456804717486332e-01,1.667212185199299368e-01,2.140698038144821236e-01,1.410344234323122892e-01,1.021796985114998696e-01,-4.034662762748847387e-02,1.130305954620389013e-02,7.344156433631456038e-02,1.487310264363279622e-01,3.332014708054014118e-01,4.238932355126321383e-01,3.893708272301155682e-01,5.061937224008363767e-01,3.826163114430561896e-01,1.892110377034191548e-01,1.356862533686630512e-01,1.415412484663608195e-01,-5.346322747305801842e-02,-3.888381874824323181e-01,-5.309838664814849896e-01,-2.986910053326958248e-01,-4.403498607454576774e-01,-6.156143390884427635e-01,-2.977220209074623036e-01,-4.700821905823242552e-01,-2.675304460204875334e-01,-4.924371786909299553e-01,-6.018075844254686668e-01,-4.308332965885589561e-01,-2.891511573923969958e-01,-4.520812826523772088e-03,4.075021974040402700e-02,-4.413591499531529377e-02,8.374274057607659916e-02,1.371157446127068413e-01,3.388330433631441818e-01,5.090115401055129718e-01,6.956701934212973226e-01,8.193238405121127110e-01,9.999999999999997780e-01,8.646625351648029589e-01,7.924466728476635691e-01,7.123682405328845002e-01,6.302330184120513712e-01,3.792338932809636298e-01,4.614475571996016767e-01,3.601061172817078548e-02,-1.024411378026605229e-01,-4.275517270687159699e-02,-2.406385580161205517e-01,-2.761499899826697635e-01,-3.111463921620672424e-01,-2.645796873962625306e-01,-2.823037765990423220e-01,-3.553182627478448929e-01,-1.424098720563888865e-01,2.683211783359510383e-01,2.336522035409077380e-01,7.302156483744081106e-01,5.740965490348410860e-01,4.311902102340076093e-01,3.369089444974582848e-01,2.978979813974442781e-01,3.509340111838680776e-01,2.953918827432519545e-01,2.576011110515784575e-01,2.795384459363201568e-01,2.291479434809609861e-01,1.681892292918388820e-01,1.775563861345227923e-01
5.688897694062849258e-02,1.489438029971179578e-01,2.714201748193216246e-01,9.725050756025695187e-02,-9.549095423354203582e-02,-8.829268451480097590e-02,-7.971038229424322330e-02,-2.103004275085841243e-02,1.505422996037315136e-02,3.393225950388933931e-02,1.615847608319519180e-01,1.294844166040210465e-01,4.748564039871826237e-02,9.036883421863955990e-02,1.174684709197429122e-01,-1.625236905359840889e-01,-1.919137445592689062e-01,-3.539400327296409743e-01,-3.354212125316265447e-01,-2.005130448948231614e-01,-8.416160601504721339e-02,2.367002914808774561e-02,1.099887665297804296e-01,1.203904083787911972e-01,1.493111304858431021e-01,1.190974684572034120e-01,4.010683860485295821e-02,-8.862688903012148900e-02,-2.209761235478765462e-01,-3.607018229282739075e-01,-2.845191474615774707e-01,-5.971709557718256345e-02,-2.193421408666187677e-01,-2.998462423180126568e-01,-4.811011967399491107e-01,-5.158402014586187523e-01,-4.276689823024652504e-01,-3.816477152515689863e-01,-6.287734341551254325e-02,-1.643205570756547662e-01,-3.224206068574410333e-02,7.739203220728091241e-03,-1.499958609496697230e-02,6.575180294119402358e-02,2.533507499801750107e-02,2.138216280078714636e-03,-6.620371081359764653e-02,-1.124634461187178601e-02,2.732059649129111450e-02,-3.302895012696278193e-02,-1.115602047262429092e-01,-2.494709532989764778e-01,-1.738210355048683264e-01,-7.482199370169223540e-02,-8.317876330822144290e-04,1.180800529913387797e-01,2.900391140268611112e-01,2.283903797092764754e-01,2.254364253674105423e-01,6.777798002975018998e-02,-1.072481585480968974e-01,-1.779621927391566993e-01,-1.825208494025244710e-01,-2.940130272923527910e-01,-5.093492537960009336e-01,-6.096120483284774849e-01,-5.012789113061000279e-01,-5.425768231594791935e-01,-5.934055556397521691e-01,-2.898750936664938882e-01,-5.401110450768479287e-01,-2.728654745218540012e-01,-4.168541178658312085e-01,-4.199898472792685800e-01,-2.324514143245224040e-01,3.364110591373171283e-02,2.568726541399414254e-01,2.651672888662086613e-01,1.659018625219638443e-01,1.462749985190101853e-01,4.325867507270195894e-02,2.391119570866844651e-02,1.673164176849989970e-01,3.323840148839505848e-01,5.537939188085231335e-01,8.646625351648029589e-01,1.000000000000000000e+00,8.574351226086027733e-01,6.381081321055016575e-01,7.054732603507029021e-01,6.656638959055842797e-01,7.918324261295685007e-01,2.912233818613982339e-01,1.089486165700135484e-01,3.521921434499493131e-01,5.893600930733649407e-02,-1.688292631847350678e-01,-2.372856852409762629e-01,-1.943032345285251039e-01,-6.190015173475024030e-02,-6.413402136435117362e-02,2.173562144839298049e-01,5.716378813985691920e-01,4.978811884651226927e-01,7.123453912720759673e-01,4.287474231623022436e-01,1.135921722926246796e-01,4.697095190445571555e-02,3.322249199690989474e-02,1.282451198839207884e-01,2.489171586148927751e-01,2.602835327867414339e-01,3.318024235937458433e-01,3.159924662278364993e-01,2.292871560924428231e-01,1.886952099311133002e-01
2.544772493115504131e-01,3.520585811717434899e-01,4.120318746237904284e-01,2.246058956728303468e-01,5.809311830657861581e-02,4.500277253581233539e-02,3.996175166205327006e-02,7.216107317409245492e-02,7.903508202696156448e-02,6.925170223203443165e-02,1.394578409441429023e-01,1.294296162030247055e-01,1.762529727668442348e-02,1.686110542878763857e-03,-5.368479578519688017e-02,-3.328757561796473197e-01,-3.642097427122354958e-01,-4.980810317585511737e-01,-4.213398127866394005e-01,-3.123570555878871224e-01,-2.295840072284230371e-01,-6.491829624077037619e-02,4.812557520713962866e-02,7.624869925140832783e-02,1.536027090769722103e-01,1.480747855620388465e-01,1.038564971822689420e-01,1.067631237135812511e-02,-1.375576113587086979e-01,-3.354108472351021719e-01,-4.266752332251597668e-01,-2.399330998567086592e-01,-3.216980521197455589e-01,-3.337467491573660738e-01,-4.652469301754538211e-01,-4.195353757353512125e-01,-3.282012638578999386e-01,-2.556482024050186208e-01,-4.131262247012385674e-02,-1.163799872319694478e-01,4.467275406831625398e-03,5.427003704862767841e-02,1.800292733606973644e-02,8.577131580227841112e-02,3.076111157143326946e-02,1.397126159953310937e-02,-2.408288960276350199e-02,2.123453315886147941e-02,7.681126920551090143e-02,-4.023024826789849129e-02,-1.128837192281745977e-01,-2.358575149848066432e-01,-1.670311432243325456e-01,-1.080468552238819657e-02,3.858075879172753048e-02,2.102483087144184082e-01,4.734067218706679570e-01,4.367047447456445242e-01,4.133000245547278628e-01,2.219036184955204827e-01,2.001599301182971705e-02,1.979384469948931510e-02,1.006124867794596506e-02,-2.325519982962008514e-01,-5.027239615665561878e-01,-5.160309414389400162e-01,-3.475572630633183557e-01,-5.028417311302245674e-01,-6.056406420926963019e-01,-2.663033458725173053e-01,-4.220244381519754340e-01,-1.993520544446033549e-01,-2.753203690324355080e-01,-3.575788742932679010e-01,-2.121319772240909951e-01,-7.656319983842992116e-02,1.374439011635051056e-01,2.293116373140408892e-01,1.816852035790444131e-01,2.139551270591533716e-01,1.486299425401024776e-01,8.863308739547431925e-02,2.275825180972823880e-01,3.296466860649437947e-01,5.805295850760497922e-01,7.924466728476635691e-01,8.574351226086027733e-01,9.999999999999997780e-01,8.588167120141412259e-01,7.888666498790700699e-01,6.558750639550368078e-01,7.115709609312411699e-01,2.116099619586274128e-01,5.089686089602350749e-02,1.118029431976172855e-01,-4.528774880591696084e-02,-1.470581344384828681e-01,-2.054832155531408355e-01,-1.422835558809309453e-01,-2.569774408566982138e-01,-3.020763317540596238e-01,-6.466165159414052899e-02,2.585786390226820219e-01,9.791619620795824486e-02,3.696944156511080548e-01,2.593531873281084699e-01,8.432733570810541091e-02,1.003324272579858983e-01,1.081205478089001387e-01,2.061841864618909892e-01,2.888614351837194838e-01,2.218103006563583723e-01,2.651949572819171097e-01,1.867475616248820136e-01,6.426214813333616660e-02,2.517605408275181561e-02
2.084783897540671560e-01,5.874883464358219287e-01,6.649520755020514873e-01,4.335347095424440522e-01,3.159349973149442325e-01,1.837772293766159748e-01,4.574689961764447088e-02,3.740141441861161153e-02,-4.610258933385931457e-02,-1.218694640134009438e-01,-1.233060331997395537e-01,-6.869399997277117476e-02,-1.800864184016806313e-01,-1.940878158166524925e-01,-3.051964610693054247e-01,-4.938552625251488859e-01,-4.362593927973946739e-01,-4.465184054906412570e-01,-2.709074676236780665e-01,-2.548688140442177952e-01,-2.617779191830015839e-01,-1.275199049152962727e-01,-3.262239677483374373e-02,-2.621766814378815105e-02,1.047905440574639635e-01,1.216867268784632833e-01,2.503751797499916831e-01,1.930049652412194061e-01,1.198637125216621274e-01,-1.198705056051532214e-01,-3.247597999983726780e-01,-1.792094764402086537e-01,-2.910658586666639569e-01,-2.077423943864964984e-01,-3.325776016062473861e-01,-2.382521290011747894e-01,-2.264700147414914766e-01,-9.832825673022160817e-02,-3.660240328475340699e-02,-8.950663022563445925e-02,1.598712004700686765e-02,4.670129613699813831e-02,-4.722342467158497682e-03,4.333307598276171790e-02,-6.195077147792803392e-03,-6.275873988528503367e-02,-5.681702532833570601e-02,-6.792984390126995120e-03,9.568563107267406831e-02,-1.111274111518401747e-02,1.270708261403621746e-02,-4.374179832644713335e-03,-7.221699673603218170e-03,1.314126515995890365e-01,1.131474521661928745e-01,4.007520386614257801e-01,7.654003715372736938e-01,7.620113193602124912e-01,7.565866777743263105e-01,5.416924067476250881e-01,3.570330403838436473e-01,4.458709358494582498e-01,4.153538042102303818e-01,7.288931042436530561e-02,-2.275405627080509252e-01,-1.982948090610426040e-01,3.769927131748962434e-02,-2.187518723003859800e-01,-3.993892108319456735e-01,-1.774523496148176227e-01,-1.790857985228960503e-01,-9.832110630630204462e-02,-1.533121726120411366e-01,-3.112726195874778168e-01,-2.522400226923006139e-01,-3.229179756944878243e-01,-1.647679521755877063e-01,-4.033198153638445360e-02,-1.205557361680555280e-02,1.482649524578881495e-01,2.486464164360407958e-01,3.356684720612959083e-01,4.979600318492896083e-01,5.324336735999795067e-01,7.539593138235365366e-01,7.123682405328845002e-01,6.381081321055016575e-01,8.588167120141412259e-01,9.999999999999998890e-01,8.815054587958746080e-01,5.902593662646336004e-01,4.331682651657547956e-01,-7.081794578515414329e-02,-6.503870221044082134e-02,-4.291872806770449106e-02,-7.091357535034922832e-02,-1.770482273406654428e-01,-2.194501113895304389e-01,-1.497592886341630181e-01,-2.410486819165608141e-01,-4.327442545759475623e-01,-3.510844776186080596e-01,-1.260207396370878197e-01,-1.894268949241867950e-01,2.220788723928732722e-01,3.950314894954942146e-01,3.380426609883180888e-01,3.732355165535937713e-01,3.406260957950162926e-01,3.437809965946909130e-01,2.264860593006119971e-01,6.829059677163673570e-02,3.798481887222229098e-02,-7.350469667646850058e-02,-1.491790587688549552e-01,-1.372175498318045361e-01
8.399954208195596628e-02,4.169729533322985016e-01,5.109646731857402369e-01,3.156732138945027022e-01,2.820405557504980787e-01,2.161365833406991011e-01,1.325352454037189709e-01,1.080265913059622052e-01,3.271890005724256700e-02,5.971565798824198489e-03,2.179927819004464848e-02,-2.894859661974590395e-02,-4.654841782080666734e-02,-3.876407760639431072e-02,-1.049322098076016091e-01,-2.925423032606443430e-01,-3.370675252278840239e-01,-3.856016062483579865e-01,-2.958372819189364900e-01,-2.837424285125957901e-01,-2.689793051865772555e-01,-2.036122717434415974e-01,-1.428310086003364843e-01,-1.869534375863609599e-01,-6.915043723060239345e-02,-6.182370339775815349e-02,9.452369325391632437e-02,1.066063997910090405e-01,1.306572323718644402e-01,-1.006513119112284055e-01,-3.404769642391830553e-01,-2.997410482121534714e-01,-3.821022773559039076e-01,-3.006577771144373634e-01,-3.876815743594950736e-01,-2.038620344568480569e-01,-1.379584663605264716e-01,-3.143469157446675960e-02,-6.210107872358613945e-02,-2.388122691242325624e-01,-1.124715057186656542e-01,-3.327760726976811134e-02,-1.072267275972233341e-01,-5.559269233808414312e-02,-1.082965579561886854e-01,-2.633824388416957096e-01,-3.023890218529012297e-01,-2.202900021680915255e-01,-9.120958687074522120e-02,-1.488701879597225386e-01,-1.333521245752705697e-01,-1.364333049004123610e-01,-1.471319880641069056e-01,-3.182702624270354608e-02,-2.718282685226724310e-02,2.543605659271065966e-01,6.619491318301266025e-01,6.087738118466103909e-01,6.124222041023699159e-01,3.675266360671215482e-01,1.656370108523572693e-01,2.621787032347752122e-01,2.649611555402229812e-01,-2.711020728718374281e-02,-2.592206536316044030e-01,-1.988739772907473224e-01,-6.546684193377722005e-02,-2.610477672476763655e-01,-3.568568082691289667e-01,-1.671240402145156290e-01,-1.913363305726810126e-01,-1.069987890040186296e-01,-6.250586539090371985e-02,-1.577908560378347980e-01,-7.408431611693047647e-02,-9.473335449472014558e-02,-3.086084439819282432e-02,3.798622600571993635e-02,1.048307478748236321e-01,1.985582626813828244e-01,2.694252823534335484e-01,2.689964404520899799e-01,4.208429770008451642e-01,4.193597680453282628e-01,6.649343630394422000e-01,6.302330184120514822e-01,7.054732603507029021e-01,7.888666498790700699e-01,8.815054587958746080e-01,1.000000000000000222e+00,8.562939707202384954e-01,6.248206579727854093e-01,5.399067937562098546e-02,9.861919668257947136e-02,3.062670836020999765e-01,2.636855441203180828e-01,-5.881293926149731843e-02,-1.360654407267921640e-01,-5.918474157860240809e-02,-2.262327872733594508e-02,-2.270351338957649345e-01,-1.409073756386032550e-01,2.766056124372606728e-02,-1.654816091484583029e-02,2.615941748767121044e-01,4.664191559564189182e-01,2.660690217263247392e-01,2.933142252561966590e-01,2.532167942254481829e-01,2.237875436905220061e-01,1.535010796383816101e-01,2.285485136648506693e-02,-1.807235518441681343e-02,-8.356298604879608405e-02,-1.241512246969813660e-01,-1.137976351209143977e-01
1.147597544603865330e-02,8.641397364789725477e-02,1.121569661296542147e-01,5.546165392492782668e-03,5.936635151945648947e-02,1.345798829235445027e-01,2.023972735183848515e-01,1.686695041188082944e-01,1.838806716867313062e-01,2.365639647514563293e-01,2.932865187584111077e-01,1.545881369964211827e-01,1.892824726099329724e-01,1.662832885937608196e-01,1.487885034624185088e-01,-3.235647714564623967e-02,-2.368834895684515662e-01,-3.398268248343913056e-01,-3.802301730556528203e-01,-3.689161519897733443e-01,-3.261908953783563270e-01,-3.097750913730049627e-01,-2.626807923938977440e-01,-2.992954313064935534e-01,-2.327746161954671877e-01,-2.227106609032440399e-01,-1.682264563213509978e-01,-1.177067513455061776e-01,-5.887016395778332800e-02,-2.117295971937095678e-01,-3.959486607762934818e-01,-4.064494966424371247e-01,-3.806239540657922471e-01,-3.572036660065939229e-01,-3.825969286179626283e-01,-2.222945835682069160e-01,-8.856505266089066686e-02,-7.574449879953772113e-02,-1.095613100754220803e-01,-3.453449440487147970e-01,-1.867304225529800299e-01,-7.633149093519743522e-02,-1.615147928219606288e-01,-9.503901659863846219e-02,-1.568267092844340682e-01,-3.727998201686129054e-01,-4.775655141157633676e-01,-3.872006173806328277e-01,-3.076544675108075499e-01,-3.444129024365062963e-01,-3.687332031033456192e-01,-3.657723658415719670e-01,-3.416863468288191541e-01,-2.064425740339566884e-01,-2.071864780671469897e-01,-3.624894668456036390e-02,3.816744920942994890e-01,2.867330235145973405e-01,1.989714939182298248e-01,-4.115744560979494454e-02,-2.020967928794118462e-01,-1.168021303817449730e-01,-1.102025372042372969e-01,-3.050619082968293871e-01,-3.740284680024534292e-01,-2.571360555715270224e-01,-2.581271427949682340e-01,-3.313934215515802473e-01,-2.943291164127597170e-01,-1.467253892419382311e-01,-2.071962615849950728e-01,-9.514112805470294199e-02,2.332517585232631724e-02,1.892986948378027126e-02,1.074395309115625391e-01,2.076964554626376525e-01,2.047501674854048381e-01,2.413287100776399519e-01,2.870855789880915609e-01,2.355359344361998564e-01,1.690445340351801051e-01,-2.651203455638706519e-02,5.318729285921703492e-02,3.697582460709780694e-02,2.835120225904326219e-01,3.792338932809635743e-01,6.656638959055842797e-01,6.558750639550368078e-01,5.902593662646336004e-01,8.562939707202384954e-01,1.000000000000000000e+00,8.331653208001343902e-01,3.298803030561638372e-01,3.543245498408806871e-01,6.816447710088388012e-01,5.979325735774965178e-01,1.126279958471511078e-01,-2.293541670582340268e-04,3.938611903796543356e-02,2.027417952318970040e-01,9.141092790208703300e-02,2.169337910385912560e-01,2.832206885615315972e-01,1.899880033032533555e-01,1.786583215947801506e-01,2.246677056726431865e-01,-7.338851518493323678e-02,-2.443931212920793378e-02,-2.358442673298567077e-02,-2.608804104736285601e-02,7.905359593029728793e-02,8.688833958267333513e-03,2.683482475430666592e-02,-4.014207577642619172e-03,-7.137687500038052135e-02,-1.037879831446781864e-01
2.663764288692170926e-02,-9.330073619794065909e-02,-6.604987966606817862e-02,-1.493821131763422572e-01,-1.718209301932766275e-01,-3.215535643650582059e-02,1.054540783584352465e-01,1.283267111119498760e-01,2.133799470864840842e-01,2.748776765707417469e-01,3.825603725438142533e-01,2.355077495246191699e-01,2.267061225880057374e-01,2.105229380594014488e-01,2.381281714456942866e-01,1.404367343284939826e-02,-1.711019462073802289e-01,-3.327620785659075597e-01,-4.052464900177488727e-01,-3.231577368569160114e-01,-2.283580953857235751e-01,-1.654645381197704102e-01,-9.369735643979786033e-02,-7.989803677691711958e-02,-6.122806547862992554e-02,-6.728576622627703563e-02,-1.710621129783743699e-01,-1.984032047415911493e-01,-2.870351562835138926e-01,-3.921556721136520429e-01,-4.030839437440608131e-01,-3.087936255539843189e-01,-3.021619384406848408e-01,-3.733626127011161477e-01,-4.367047420409614356e-01,-4.019680844022019417e-01,-2.615615943701762869e-01,-2.787322591860524890e-01,-9.049701691041077412e-02,-2.445390306157700089e-01,-8.313694927144514579e-02,-2.557091664172714274e-02,-7.199378784760691874e-02,5.512631434669512664e-03,-5.088981219676753931e-02,-1.520065289276572862e-01,-2.657568394308898463e-01,-2.032397783585658257e-01,-1.982592453520093112e-01,-2.509512556471154010e-01,-3.313056027661990255e-01,-4.165428010538149151e-01,-3.430467999413708280e-01,-2.041017314559918361e-01,-1.584093808392902092e-01,-8.386363026247480035e-02,1.617832239884055001e-01,7.524624514852437662e-02,-4.131870992481193050e-02,-2.073333709848149131e-01,-3.413820186921643907e-01,-3.679404394416040947e-01,-3.711835860745520965e-01,-4.537327413941343313e-01,-5.170643657591101894e-01,-4.938703949104115143e-01,-4.968255423830554851e-01,-4.807546758167593470e-01,-4.199212850616978465e-01,-1.918875004301300868e-01,-3.780297156999538055e-01,-1.523744700908326588e-01,-1.678057392288765381e-01,-1.383384276911786837e-01,1.153838762823101473e-02,2.627468149029372202e-01,3.581364902226456537e-01,3.900739616958820433e-01,3.404361613479826021e-01,2.383116748355383896e-01,5.164432742430322826e-02,-1.826075338901350098e-01,-1.402792800908743975e-01,-7.244791215671628204e-02,1.499019190625678066e-01,4.614475571996016767e-01,7.918324261295683897e-01,7.115709609312412809e-01,4.331682651657549066e-01,6.248206579727854093e-01,8.331653208001342792e-01,1.000000000000000000e+00,6.552395634264454038e-01,2.589107865085864546e-01,6.273209253288104525e-01,3.672832753675164263e-01,-6.759937477163687619e-03,-9.583744834616239605e-02,-1.041804272712939100e-01,6.925998669555692711e-02,9.819085150328824008e-02,3.927653341220531114e-01,6.247536517711013149e-01,4.149689632935045780e-01,3.441044246929928496e-01,8.705140374655248592e-02,-2.155448740827997367e-01,-1.950915252494506424e-01,-1.511130149211907525e-01,-6.110956579546469869e-02,1.703765396517650799e-01,1.683355355940717446e-01,2.515489609572543195e-01,2.235081810632505439e-01,1.132763682974406577e-01,5.134461292801936749e-02
-1.056136761803868340e-01,-3.021092500121847491e-01,-3.258266042632558257e-01,-3.055351002772874747e-01,-2.822332304622088284e-01,-1.308064856185390812e-01,2.036059548035612857e-02,3.883511157623842358e-02,1.263375329090289101e-01,1.884033660207171945e-01,2.854572484096197238e-01,1.763146304729484581e-01,1.714968201427959082e-01,1.480054784356494013e-01,2.290023039894820422e-01,1.543408901112386378e-01,3.564819441633019365e-02,-5.813074231934099029e-02,-1.591214552540663740e-01,-1.091543075975772853e-01,-4.783233988017764754e-02,-3.382407322246955284e-02,-1.986211289422063018e-03,4.723180507147399163e-03,-2.766770788513943369e-02,-2.460853354504843535e-02,-1.504397926938801366e-01,-1.397841440779962752e-01,-3.204722022052828856e-01,-3.426562975938398647e-01,-2.784949554217463485e-01,-2.263311106263720396e-01,-1.385562002498067213e-01,-2.125775123212617912e-01,-2.127702810438830971e-01,-2.528563201924892145e-01,-1.682525630451067733e-01,-2.109569793576946406e-01,-8.654601845063142340e-02,-1.184763460665437806e-01,-2.713866363510625268e-02,-2.278473974756072343e-02,-4.209287413778944886e-02,3.453702101151654661e-03,-1.984463936423646810e-02,-3.715854376661575920e-02,-1.378032683255454305e-01,-1.009090196789350496e-01,-1.184290728134097248e-01,-1.323042260704329620e-01,-1.986062803861763093e-01,-2.657871470193506891e-01,-2.165138370337807705e-01,-1.668354458673935725e-01,-1.390313036759912857e-01,-2.092601795060340664e-01,-1.817936517687868958e-01,-2.153319268088940419e-01,-3.264488391376451082e-01,-3.538206112390588909e-01,-3.701564814012265892e-01,-4.216131910739759348e-01,-4.213240748356243404e-01,-3.361771222281773608e-01,-2.656868232336636049e-01,-2.800680674395566450e-01,-3.605456104366346337e-01,-2.412777652390735439e-01,-1.246883312947878464e-01,-8.947959915324181501e-02,-2.015148285431801189e-01,-8.023238834563899136e-02,-1.115465331445200242e-01,-3.426501980316838669e-02,6.276609084553289031e-02,2.603712094283081591e-01,3.104169948061226147e-01,3.009447489766762796e-01,2.318648759520073044e-01,1.152606933003604422e-01,-7.615064937765732289e-02,-2.791464981126054457e-01,-3.366284450914551196e-01,-3.337444222351831913e-01,-2.588853036572222321e-01,3.601061172817078548e-02,2.912233818613981784e-01,2.116099619586274683e-01,-7.081794578515412941e-02,5.399067937562098546e-02,3.298803030561638372e-01,6.552395634264455149e-01,9.999999999999997780e-01,2.887668062144978509e-01,3.516560943262000971e-01,1.808266042950011088e-01,4.990922873268466287e-02,-9.130740966162084402e-03,-3.542454769340779713e-02,-1.152374960415542271e-01,6.643832892009506053e-02,4.432144922019564115e-01,6.774146087407844075e-01,2.933279233774758743e-01,5.612891186873820298e-02,-2.797358333946214359e-01,-3.724884845500356367e-01,-3.027385704504220731e-01,-1.948399182492940307e-01,-1.309904306978455224e-01,9.530922623986058662e-02,1.447316378595158715e-01,2.271967844191547792e-01,2.281419815697474929e-01,1.585496258968434324e-01,1.024169104208381142e-01
-5.389078702650780539e-02,-2.349711354330554225e-01,-2.786347703742850235e-01,-2.372789588289163087e-01,-1.678392837997957077e-01,-4.230962267657439879e-02,9.698784962592206516e-02,7.578580671686378778e-02,1.332986686872977000e-01,2.147150107291108945e-01,2.689452313690151031e-01,1.842235443954439722e-01,2.208923890538416202e-01,1.880647008369809581e-01,2.073443347179579066e-01,1.441914621159451626e-01,-2.645753182122212097e-02,-1.125961010839562210e-01,-2.087265883493592822e-01,-1.851014139205011955e-01,-1.425886218756114987e-01,-1.424247539424916276e-01,-1.273248714326716269e-01,-1.323630006549711136e-01,-1.461563378024382520e-01,-1.349340302635131661e-01,-2.153144451808275128e-01,-1.863729559702108074e-01,-2.407873374284354995e-01,-2.608240720459537032e-01,-2.859730843903806052e-01,-2.422249656267606854e-01,-1.457790499367594139e-01,-1.730162518937158889e-01,-1.905261861749424634e-01,-1.866951661005952501e-01,-1.132990221324200186e-01,-1.431011172319960612e-01,-8.089481556431163400e-02,-1.708280948302613733e-01,-9.164425167069049916e-02,-5.016244170837215466e-02,-7.988062324931574643e-02,-3.930657958650113359e-02,-6.746403702980331707e-02,-1.548635612629973568e-01,-2.437093159181579760e-01,-2.004287036830758595e-01,-2.038267794054637039e-01,-2.171516625438279779e-01,-2.703762295168212204e-01,-2.976789355491872291e-01,-2.503933036461520323e-01,-1.924213113878344983e-01,-1.782358763790907741e-01,-2.571104993327294475e-01,-9.647969773831990836e-02,-1.941812978169237536e-01,-2.779549137745441212e-01,-3.367173190687490769e-01,-3.639470089768622185e-01,-3.497421430259583519e-01,-3.342785197915573159e-01,-3.153330912552433918e-01,-2.455620900540998186e-01,-1.736516838946215169e-01,-2.763440405328251859e-01,-2.131758869229443687e-01,-1.074730235171264259e-01,-6.774455708985620273e-02,-1.352469566700243431e-01,-5.540599073116187628e-02,3.851662346968498518e-02,1.090457030031715957e-01,1.510922449284911595e-01,2.602084701047913118e-01,2.325250236704773932e-01,2.180739199100470149e-01,2.127583650480325550e-01,1.055726116941973491e-01,-2.238962220473322828e-02,-2.177350567383367075e-01,-2.562141496744264613e-01,-2.944172366295459975e-01,-2.336822530591871061e-01,-1.024411378026604952e-01,1.089486165700135067e-01,5.089686089602348668e-02,-6.503870221044083522e-02,9.861919668257945748e-02,3.543245498408806871e-01,2.589107865085863991e-01,2.887668062144978509e-01,1.000000000000000000e+00,4.266102476024501433e-01,3.783067088962653868e-01,1.223082847593602862e-01,5.774960462018912527e-02,3.447749771380047984e-02,5.354040884245067633e-02,2.239226218821033509e-01,5.364886694470959450e-01,3.545178660860088260e-01,1.741991475047335036e-01,-7.950578028301151512e-02,-2.303308529594355891e-01,-3.201490771859634155e-01,-2.579462533638792743e-01,-1.927377596941700910e-01,-1.627875391553794404e-01,8.542992134222120518e-03,2.224859028254437890e-02,7.839983671868840098e-02,8.702624494680262501e-02,3.604330439997018021e-02,-3.869225680974382360e-03
-1.648921031195424991e-01,-3.016512879651466750e-01,-3.372494530137684077e-01,-2.880877859806930119e-01,-1.501199009435015830e-01,3.054335155117862601e-03,1.712505372429817541e-01,1.229602889801188065e-01,2.227202242640261287e-01,3.291292217131837061e-01,4.267404521162939668e-01,2.461421384269558144e-01,3.151758998444072479e-01,2.806367961612711848e-01,3.568131885816437365e-01,2.793331511316903826e-01,-1.095181974265884220e-02,-1.150463101140047767e-01,-2.852982479016765716e-01,-3.120343179241832909e-01,-2.592999093187385307e-01,-3.293210273619832096e-01,-3.120988756071387815e-01,-3.137038929793077857e-01,-3.364642159266207355e-01,-3.241043541738544698e-01,-3.724003436880940487e-01,-2.923644685528080100e-01,-1.912186720699793618e-01,-2.030984480813764481e-01,-1.842689406370361105e-01,-3.109564471929844309e-01,-2.364547484660848853e-01,-2.991163347464182443e-01,-2.325463047118259685e-01,-1.697076278445722730e-01,-2.393680403544479109e-03,-7.748318900494412242e-02,-1.111121030323414249e-01,-3.373140028377843436e-01,-2.231752786968282110e-01,-1.301999499369016489e-01,-1.904491337509516824e-01,-1.366077333569606922e-01,-1.694445108201085570e-01,-3.724536610212537124e-01,-5.133162870969414371e-01,-4.490346481181566873e-01,-4.903522794982902444e-01,-4.814564785795846791e-01,-5.085379844196931121e-01,-4.613226185871809881e-01,-4.239111891123783504e-01,-3.324081889232250453e-01,-3.734204712662473336e-01,-3.651153304885184636e-01,-1.004473795445736811e-01,-2.222637862684566923e-01,-3.298647983323260147e-01,-4.765170414461187831e-01,-5.211714172417291069e-01,-4.560941460713693330e-01,-4.394849090042455830e-01,-4.489571017017597865e-01,-2.938584986787856068e-01,-1.535792723197438592e-01,-3.074985544941979398e-01,-2.203777534944844629e-01,-3.570645969571079742e-02,-4.669326981558383216e-02,-8.163788490709912582e-02,-4.449271416143806002e-02,1.008629277338675967e-01,1.898334250147454827e-01,2.480299593117767654e-01,4.343698619684102646e-01,3.654114264099341813e-01,3.389335396368768349e-01,3.308054628495468719e-01,1.498699915428989005e-01,-1.316627852012371667e-02,-2.944712335384819801e-01,-3.083856154855172393e-01,-3.245644716961247900e-01,-2.012763452208318204e-01,-4.275517270687159699e-02,3.521921434499493131e-01,1.118029431976172855e-01,-4.291872806770451881e-02,3.062670836021000320e-01,6.816447710088388012e-01,6.273209253288104525e-01,3.516560943262000971e-01,4.266102476024501433e-01,1.000000000000000000e+00,8.572243942419730534e-01,2.719736162071478280e-01,1.631732308801644438e-01,1.030741427275009697e-01,6.865555473433126998e-01,7.006590778141145170e-01,7.044000410742583540e-01,5.273099229487300255e-01,5.565656287535364344e-01,1.488474905560429606e-01,2.407960528120136820e-02,-3.316273913591346045e-01,-2.918041437191503107e-01,-2.827926743836907120e-01,-2.734956644890895738e-01,-5.057328468010063166e-02,-2.174698877945162659e-02,5.179471828360546204e-02,7.915087835804919536e-02,1.754705288630010671e-02,-3.946423111043525361e-02
-1.133327733273485904e-01,-1.840243677949728873e-01,-2.595379909838257393e-01,-1.660284728024617462e-01,1.412974032404116370e-02,1.235852465525904137e-01,2.318442106955858062e-01,1.384621581324126660e-01,1.907752613790959506e-01,2.887812993228350278e-01,3.257666665744340384e-01,1.875762678012592999e-01,2.781232962894579774e-01,2.239102000356304745e-01,2.564589667744526791e-01,2.302100040426945105e-01,-7.329269070037974787e-02,-1.063841603205864655e-01,-2.585680109935772353e-01,-3.432067368103954297e-01,-3.400678013469847771e-01,-4.463473117436186910e-01,-4.627052279390604372e-01,-4.858409691987364276e-01,-4.963691898820699611e-01,-4.607771633181047544e-01,-4.302739374500116898e-01,-2.397008076888921257e-01,-2.621968633056914744e-02,-1.172942956710106878e-02,-1.192401537089150115e-01,-3.413090232325906581e-01,-2.168811688887245792e-01,-1.924925030376199997e-01,-7.682799496111934745e-02,6.843994658734943448e-02,2.084395555498100017e-01,1.219467075520269811e-01,-1.190223071887786671e-01,-4.022021376493356559e-01,-3.055923443353332769e-01,-1.511578567280112417e-01,-2.259750175362831570e-01,-1.914474749637861406e-01,-2.242764068891418550e-01,-5.020774191076762261e-01,-6.277526091067683334e-01,-5.619212019375242617e-01,-5.714061723485381883e-01,-5.498116046573406912e-01,-5.455373374195989777e-01,-4.274973049981142248e-01,-4.200431248582539023e-01,-3.342168416920812679e-01,-4.113973759358617865e-01,-4.118738103035308740e-01,-8.690425593856192232e-02,-1.759462038347918977e-01,-2.634032800984370537e-01,-4.472840987041379335e-01,-4.683609935328542639e-01,-3.057398848783449141e-01,-2.951485629568832425e-01,-3.908035732955216224e-01,-1.808587945636512817e-01,5.248427718643310091e-02,-9.746675690522044189e-02,-6.877864904750204122e-02,1.001367246686283852e-01,2.396263882574047044e-02,1.065605378560357391e-01,8.097084709939358221e-03,2.711549350178268369e-01,3.189508892562242792e-01,2.772030189568131520e-01,3.424658359499977989e-01,1.923194276580454942e-01,1.774379246722903036e-01,2.318106373155960909e-01,8.792782279372222953e-02,2.125689114715980169e-02,-2.207013413339839747e-01,-2.495326730557720918e-01,-3.086542188176708001e-01,-2.418897568600696379e-01,-2.406385580161205517e-01,5.893600930733648713e-02,-4.528774880591696084e-02,-7.091357535034918669e-02,2.636855441203180828e-01,5.979325735774965178e-01,3.672832753675164263e-01,1.808266042950011643e-01,3.783067088962653868e-01,8.572243942419729423e-01,1.000000000000000000e+00,5.592460813258885999e-01,3.977799961112468141e-01,2.785567584954443121e-01,6.745237111344665193e-01,6.514802316790392345e-01,4.803618054635014900e-01,1.848898725993139147e-01,2.549607589637249982e-01,-1.242768465847818443e-01,-2.502844651840122406e-02,-2.815244291415422984e-01,-2.443133528938419563e-01,-2.493936759771477052e-01,-3.282329202544586599e-01,-1.894517276227963287e-01,-2.105328296861615767e-01,-1.674110048060041545e-01,-1.318577928675302713e-01,-1.590591716531673527e-01,-1.823268530705556001e-01
-5.574544139130276077e-02,-1.696347109716359880e-01,-2.404762119205798299e-01,-1.637736421637894513e-01,-6.550114749071474229e-02,1.915007289805753521e-02,1.135835610050904831e-01,6.022294828232783309e-02,1.014765490381978053e-01,1.822470391406143808e-01,2.042873627472416576e-01,1.437757218469791765e-01,2.158315485968559655e-01,1.904853335663606040e-01,1.925741619546579575e-01,1.809992823281216245e-01,-3.834625686746525024e-03,-3.825762902018639555e-02,-1.445308838711162891e-01,-1.727760163989327524e-01,-1.602450445126656908e-01,-2.218343773359563731e-01,-2.465552869968673511e-01,-2.626222071144562187e-01,-2.926230673186215880e-01,-2.728125198933333828e-01,-2.995402692635857900e-01,-1.938900894482899206e-01,-1.066170148773528670e-01,-7.163720580502307145e-02,-9.353459097161113955e-02,-1.944357509775657133e-01,-8.639348741733629544e-02,-9.566597728863554528e-02,-3.414154207759346332e-02,1.026278173236346188e-02,9.329363657190946346e-02,1.108448533084319468e-02,-8.121733595656542570e-02,-1.929564065111406823e-01,-1.648891010023227632e-01,-8.784247738940018091e-02,-1.186064131208850320e-01,-9.351721560529049904e-02,-1.142752533198933829e-01,-2.632105699749262007e-01,-3.436636886735842666e-01,-3.004141065154601886e-01,-2.974605114520674776e-01,-2.794113564586830356e-01,-3.037997047146135388e-01,-2.534577938056901125e-01,-2.329288823966947086e-01,-1.972062069416071761e-01,-2.267873517241369707e-01,-3.182076496112307695e-01,-2.099384995842948076e-01,-2.035997574001520982e-01,-2.650627074154345286e-01,-3.494212637584756531e-01,-3.308393187213541364e-01,-2.428406346680993533e-01,-2.400779710902996300e-01,-2.556997928765517569e-01,-1.139726523592894808e-01,2.298991183053774798e-02,-9.056076775619964492e-02,-5.965904016388059311e-02,5.261787918597134184e-02,1.029311205745598277e-02,4.121288637933773202e-02,1.857985472323327517e-02,1.783538327347214403e-01,2.348821540552014919e-01,1.955166116949871580e-01,2.358842231762242336e-01,1.326466394703139928e-01,1.006303942240372867e-01,1.274873998517404017e-01,1.845793164375986173e-02,-4.380676288647834815e-02,-1.993049091891271052e-01,-2.310492702949807908e-01,-2.722250457868972684e-01,-2.669269911631355074e-01,-2.761499899826697635e-01,-1.688292631847350955e-01,-1.470581344384828959e-01,-1.770482273406654428e-01,-5.881293926149731843e-02,1.126279958471511078e-01,-6.759937477163664200e-03,4.990922873268463511e-02,1.223082847593602862e-01,2.719736162071478280e-01,5.592460813258885999e-01,1.000000000000000000e+00,2.635165798669995008e-01,1.601591113242107900e-01,2.133251484290437372e-01,4.162286239196822946e-01,2.527755359509065158e-01,3.138042375760732167e-02,4.487551576009480431e-02,-2.186452884008267816e-01,-2.081696718617636888e-01,-2.665469602029260643e-01,-2.411608827048529469e-01,-2.275281481372677661e-01,-2.561804154303540249e-01,-1.453798232555872372e-01,-1.337032879472684621e-01,-9.763574648107468945e-02,-5.600142370421109378e-02,-6.460498741749497176e-02,-8.041046871981009925e-02
-5.726338531392696773e-02,-1.656239961864399146e-01,-2.425659428976849330e-01,-1.641844952386504464e-01,-6.459428745698571339e-02,3.646227430967039981e-03,9.103297499635694401e-02,3.191759240191841679e-02,7.860450968474355649e-02,1.601592837579138007e-01,1.886712337395106687e-01,1.344000988377652417e-01,2.093380567798238390e-01,1.910253471747757059e-01,2.113961285119471400e-01,2.269489557167008453e-01,5.997572468710797577e-02,3.089100542472074731e-02,-8.380674370451363098e-02,-1.261085490482722893e-01,-1.111049332173243837e-01,-1.869000179045567922e-01,-2.146075154178049837e-01,-2.361885695177985134e-01,-2.787163461707733436e-01,-2.727383844048060224e-01,-3.021489490099887321e-01,-1.947793745350952233e-01,-1.021281560075615602e-01,-2.908130139240959477e-02,-2.079698863575317469e-02,-1.602713151130101821e-01,-6.535310219558171374e-02,-6.701871471474508957e-02,4.236281181746389540e-02,5.957505210771359833e-02,1.365228988015265710e-01,4.643647281939088101e-02,-8.435222608152703749e-02,-1.695587892610076197e-01,-1.740401403578420714e-01,-9.919536203056300572e-02,-1.199836616429282438e-01,-9.992321282202104582e-02,-1.106424143988562064e-01,-2.447207601245534048e-01,-3.150221799747363050e-01,-2.762299043892310624e-01,-2.798571356994941084e-01,-2.509792948952144775e-01,-2.635582238107947450e-01,-2.059003915974937093e-01,-1.998670744504635610e-01,-1.797242880780464680e-01,-2.142432012322327273e-01,-3.264181309521754226e-01,-2.449848259754673907e-01,-2.163966001382932325e-01,-2.708776183082042821e-01,-3.359789704801086629e-01,-2.943626943904746329e-01,-2.056803239107931058e-01,-2.025353324885541262e-01,-1.918845786021272648e-01,-3.383345117001392011e-02,9.400890733555244960e-02,-3.285217151142540842e-02,5.846464452976813178e-03,1.152414127073054240e-01,3.467655887060843573e-02,9.141753275726349770e-02,3.185449706718138790e-02,1.940288432191307755e-01,2.617350641802888567e-01,2.207042232240467583e-01,2.508213639017387031e-01,1.399264947482877219e-01,8.992454497506159605e-02,1.075144083973803844e-01,-1.035162572058754941e-02,-7.138269858336168672e-02,-2.126043405829557698e-01,-2.410333008155210177e-01,-2.811435414793304055e-01,-2.878583155662846615e-01,-3.111463921620672424e-01,-2.372856852409762074e-01,-2.054832155531407800e-01,-2.194501113895304389e-01,-1.360654407267921640e-01,-2.293541670582353279e-04,-9.583744834616235442e-02,-9.130740966162084402e-03,5.774960462018912527e-02,1.631732308801644438e-01,3.977799961112468141e-01,2.635165798669995008e-01,9.999999999999998890e-01,2.102435019781452585e-01,2.004297225941467919e-01,3.337343318736993858e-01,1.588150462001803875e-01,-3.319179080415521343e-02,1.780630731895648661e-02,-2.630019732552770217e-01,-2.175476752075937714e-01,-2.725072989059273421e-01,-2.464077560486176433e-01,-2.456704863844063336e-01,-2.710020580217999409e-01,-1.640098810256123973e-01,-1.249676299338859237e-01,-9.570567493837874029e-02,-3.795856058343426848e-02,-3.298042323316377478e-02,-5.289547265772085588e-02
-7.815492891484859816e-02,-1.128521425209040030e-01,-1.864328938018172122e-01,-1.331134524435515498e-01,-4.670093497163346763e-02,7.036937104052197467e-03,7.474824934406706922e-02,1.845416424111420359e-02,4.958990342309199661e-02,1.133290642660522429e-01,1.318767427930598035e-01,8.982457803086221770e-02,1.591123592735735615e-01,1.453253636512131242e-01,1.552270913464030844e-01,1.670362630535015269e-01,1.312823932871407667e-02,-3.930270228151085295e-04,-9.796219297774196033e-02,-1.329962878194097808e-01,-1.270696494636466001e-01,-1.994509888034469713e-01,-2.303166586365582580e-01,-2.383526980179381805e-01,-2.581015827237884697e-01,-2.222824768197222967e-01,-2.246826753617915673e-01,-1.329918975794610603e-01,8.818307517486409508e-02,1.717332997451129772e-01,1.442120910611138784e-01,-7.657650417268171972e-02,3.496830757559321514e-03,-5.276149296458090658e-03,1.719334416342798155e-01,2.402417994718757943e-01,3.624983233020697138e-01,2.395788734620268312e-01,-2.534230855869469643e-03,-1.513662072856288565e-01,-1.464256143984729863e-01,-9.696648952363400020e-02,-1.194469711144707513e-01,-1.023314416325125237e-01,-1.134962142881927732e-01,-2.255017212323180142e-01,-3.128523643407201682e-01,-2.949561883938018325e-01,-2.937228628460315516e-01,-2.493616313616412172e-01,-2.706437364252594069e-01,-2.030998088513318867e-01,-1.953329142071455193e-01,-1.824489434141426669e-01,-2.167400447093951188e-01,-3.557228205686573941e-01,-2.314857516809160354e-01,-1.838663400419008054e-01,-2.113150958287175196e-01,-3.086199674090441269e-01,-2.782327365830111199e-01,-1.690574227544690833e-01,-1.690118864215574834e-01,-2.027857424126826291e-01,-5.175220187901957009e-02,7.448756788852746447e-02,-1.639949806000786520e-02,-6.076453192812175837e-03,9.978671096227888226e-02,2.537110610243811445e-02,7.888958192836320604e-02,2.014734404186787481e-02,1.637874011319876422e-01,2.073930592873649281e-01,1.599179879749131894e-01,1.771003802299938867e-01,8.305953065384161227e-02,4.427834237708105913e-02,7.000597892731665051e-02,-1.456171217602652071e-02,-5.469636586014773455e-02,-2.065236526481711021e-01,-2.089315921240244012e-01,-2.469910428191730012e-01,-2.279340169943052663e-01,-2.645796873962625306e-01,-1.943032345285251039e-01,-1.422835558809309453e-01,-1.497592886341630181e-01,-5.918474157860240809e-02,3.938611903796544050e-02,-1.041804272712938823e-01,-3.542454769340778326e-02,3.447749771380047290e-02,1.030741427275009697e-01,2.785567584954442566e-01,1.601591113242107622e-01,2.102435019781452585e-01,1.000000000000000222e+00,2.732828087512977344e-01,3.063652710915442667e-01,7.436503055783084959e-02,-8.398629785966515993e-02,1.990889377249035683e-02,-1.756505968846973909e-01,-8.089331939761587598e-02,-1.743685205596524346e-01,-1.530814264695204707e-01,-1.925476330825084403e-01,-2.157099102697848381e-01,-1.416860330829980696e-01,-1.212079684429076404e-01,-8.509092267998974446e-02,-4.664337135726578931e-02,-6.319656403138475265e-02,-7.030753953066418149e-02
-1.071060118446234138e-01,-2.471904011416659608e-01,-2.955135699756709644e-01,-2.039560850123363356e-01,-6.258667725114015756e-02,8.781901817845672639e-05,1.011138504945096883e-01,2.459675554651598664e-02,9.450200459289183341e-02,1.767831037318980392e-01,2.484156949664165781e-01,1.666515798683803895e-01,2.164710511472505705e-01,1.750251356784681411e-01,2.732628869192580412e-01,2.884331597429615757e-01,7.807841063547010796e-02,4.903651481524589489e-02,-1.109807675910246816e-01,-1.971565551836183539e-01,-1.711798364631245684e-01,-2.875212605412680311e-01,-3.033048746372039584e-01,-3.339306815490452607e-01,-3.645244122559747613e-01,-3.185568922720646845e-01,-3.215463513044244936e-01,-1.963266470170006717e-01,7.796655411551174641e-02,1.936510850333493794e-01,2.666060898467518814e-01,-3.568270416480483903e-02,-6.907909910107421989e-03,-6.349699907227239482e-02,1.415747823100995395e-01,2.047246285250254316e-01,3.901041893989722342e-01,2.344369953228621628e-01,-1.007342553567615456e-01,-2.303505983337950647e-01,-1.927626462804632734e-01,-1.305109106824345611e-01,-1.732683875966506692e-01,-1.554329685705751474e-01,-1.652547351139078413e-01,-3.390006826965422659e-01,-4.666717420146793138e-01,-4.502892580100789077e-01,-4.608909042142131929e-01,-4.249006347104374304e-01,-4.158473246310694926e-01,-3.077679338721150404e-01,-3.211081075058525025e-01,-2.908442482213240421e-01,-3.856263602808086555e-01,-4.086601511373531004e-01,-2.215696517420626954e-01,-2.568255723662516976e-01,-3.127451963693816395e-01,-4.300591898817771042e-01,-3.967191084244985344e-01,-2.769220308655043206e-01,-2.836327864506894558e-01,-2.871443721712243491e-01,-5.263254115520711596e-02,1.006672262316002653e-01,-3.636650085124843584e-02,4.570874344443594944e-02,1.948260325926851610e-01,6.592494882275129475e-02,1.421618399025535440e-01,3.290230445829629008e-02,1.792125216805081078e-01,2.409863878049184338e-01,2.113967993659081057e-01,3.045961819761447420e-01,2.115654652946385716e-01,1.610042952936701910e-01,1.481566311106788381e-01,6.587282165194120178e-04,-8.554135776047945561e-02,-2.813866065722213650e-01,-2.808430350776822682e-01,-2.833819235927905189e-01,-2.737085611707386068e-01,-2.823037765990423220e-01,-6.190015173475023336e-02,-2.569774408566982138e-01,-2.410486819165608141e-01,-2.262327872733596243e-02,2.027417952318970040e-01,6.925998669555694098e-02,-1.152374960415542549e-01,5.354040884245068327e-02,6.865555473433126998e-01,6.745237111344665193e-01,2.133251484290437372e-01,2.004297225941467919e-01,2.732828087512977344e-01,1.000000000000000222e+00,8.117399428298175401e-01,4.680598059753247053e-01,1.477476685417807301e-01,4.395807062838963941e-01,7.275046040156737948e-02,1.629564666566425402e-01,-1.782885360725073587e-01,-2.065909490680219174e-01,-2.751468697390205831e-01,-2.988577380126106187e-01,-1.743200089007646281e-01,-1.322935733125366331e-01,-6.533502274912436625e-02,-6.288914708749059057e-03,-1.938704545591202547e-02,-4.737822148054308957e-02
-1.775035403394776556e-01,-4.948536956663087683e-01,-5.585975287089969266e-01,-4.515490024520603107e-01,-3.312982573058996238e-01,-1.921772294404398285e-01,7.851031770600414711e-03,-3.748173589699633351e-02,1.189371955404141812e-01,2.553698450716817558e-01,3.947527627892488677e-01,2.662596473887124948e-01,3.438251480966081908e-01,3.383086546097527902e-01,4.843951268971323221e-01,4.775853060649254966e-01,2.488054199419398593e-01,1.502279125963082718e-01,-7.179375069090215833e-02,-1.126139826390354093e-01,-3.711183132406786073e-02,-1.595880142496824416e-01,-1.783324254539992437e-01,-2.115144905668989439e-01,-3.219249322498090593e-01,-3.293201453896766329e-01,-4.790387121894523204e-01,-4.320324149949038572e-01,-2.749157651365277122e-01,-9.081639921567692675e-02,1.632834453083466808e-01,-6.384081695172437454e-02,3.717718192924505255e-02,-1.037459163231266163e-01,5.954013347548352264e-02,-1.994432768584437909e-02,1.374503312562525559e-01,-7.190173799517407538e-02,-1.433655485484318648e-01,-2.503255242077030429e-01,-2.009053700834773915e-01,-1.609050231586927615e-01,-1.866183922352330771e-01,-1.361093315747149146e-01,-1.453142316492068986e-01,-2.693987592400983733e-01,-4.303939927941847210e-01,-3.710153279122306302e-01,-4.162592043398344877e-01,-3.539681780681669943e-01,-3.844567449287052407e-01,-3.347437275980592042e-01,-3.226836950631267187e-01,-3.159766729133450247e-01,-3.627388805139746819e-01,-5.169569542016212438e-01,-4.386704759371934381e-01,-4.613577158075268247e-01,-5.642060443216527776e-01,-6.290670778449711786e-01,-5.472881670517254493e-01,-5.141293043011432307e-01,-5.297763328351235979e-01,-3.766363392770740726e-01,-1.003563718633015550e-01,-2.720837781861288468e-02,-2.357717118397920919e-01,-4.999445879823352645e-02,1.381582680659318163e-01,1.789075893835782166e-02,-1.111568637079501411e-02,-4.500552557769236378e-02,7.151962047272125700e-02,2.327278275026102572e-01,2.622511471988767662e-01,5.004515990818041438e-01,4.269532032761370055e-01,3.160315251655144708e-01,2.359031282011778974e-01,-2.073193174871043251e-02,-2.352691529902235512e-01,-5.073606558148204826e-01,-5.350504155261716077e-01,-5.188630947037393693e-01,-4.855151011854619281e-01,-3.553182627478448929e-01,-6.413402136435120138e-02,-3.020763317540596238e-01,-4.327442545759475623e-01,-2.270351338957649900e-01,9.141092790208701913e-02,9.819085150328824008e-02,6.643832892009506053e-02,2.239226218821033232e-01,7.006590778141145170e-01,6.514802316790392345e-01,4.162286239196823501e-01,3.337343318736993858e-01,3.063652710915442667e-01,8.117399428298175401e-01,1.000000000000000000e+00,8.049704316068317933e-01,4.595031499731264679e-01,6.626153082607902922e-01,7.247343274843742744e-02,-1.326143694587233191e-01,-4.630423337345219714e-01,-4.960601378173831177e-01,-5.030855324691307917e-01,-4.452793184878377497e-01,-1.706098133616277546e-01,-2.353489602428157634e-02,8.516249672175320307e-02,1.963011660222632737e-01,1.859579844869579390e-01,1.125296661205038573e-01
-1.816196449503307830e-01,-5.645897835941178222e-01,-5.949285452382323536e-01,-5.285263604294465623e-01,-4.626701634804809005e-01,-2.698138856299751587e-01,-2.517501815318881619e-02,-1.890351147831197121e-02,1.583282290645860180e-01,2.928245420498954421e-01,4.624924219226202449e-01,3.042468416236644435e-01,3.529859992581811379e-01,3.560111370922198759e-01,5.102948889531895293e-01,4.359298235555718604e-01,2.331100731749686794e-01,8.165899591893352460e-02,-1.226598039348810870e-01,-8.764993571823931351e-02,1.715083710637833533e-02,-4.602927397214346544e-02,-3.794798359825501954e-02,-6.187383946033032933e-02,-1.663151415466938288e-01,-1.865641191000139421e-01,-4.156116461349770308e-01,-4.434234171890274467e-01,-4.974244507310647823e-01,-3.831536796599415151e-01,-9.798008587121541380e-02,-1.426315273529983052e-01,-5.921621030259316409e-02,-2.431726340353448923e-01,-1.969149172831399786e-01,-3.248454786569272557e-01,-1.754054469646024461e-01,-3.298028575505190796e-01,-1.345423962950066943e-01,-2.193766696118105430e-01,-1.138489517662178985e-01,-1.094042199763566314e-01,-1.289440564933639066e-01,-5.710238392091206150e-02,-8.038172259158521404e-02,-1.478553044442045272e-01,-3.135045093918847892e-01,-2.444949025778166696e-01,-2.826264936819984919e-01,-2.412235373166347618e-01,-3.133373841615933464e-01,-3.557313549256927998e-01,-3.026237327293065382e-01,-2.849319817768299345e-01,-2.684283853671923237e-01,-4.410439294237607499e-01,-4.286114047259035331e-01,-4.729701886687117662e-01,-5.929822609143368117e-01,-6.250322234934050369e-01,-5.808565956714244471e-01,-6.451129881953265865e-01,-6.525191500944432788e-01,-4.503017805717859368e-01,-2.550583654297780556e-01,-2.748589624070369442e-01,-4.626325240586115495e-01,-2.395765144035450211e-01,-6.707363289047861554e-02,-7.659710615110039422e-02,-2.335430804876458821e-01,-1.247009421903293863e-01,-1.019778905587720580e-01,7.919742269718374472e-02,1.956488941907339185e-01,5.240333217097381535e-01,5.310110710237919696e-01,4.355568798454129698e-01,3.195789922521929394e-01,6.455161127240140184e-02,-2.261778986939252944e-01,-5.288344500334951626e-01,-5.623407392259822668e-01,-5.286972715619698837e-01,-4.386330951490464147e-01,-1.424098720563888865e-01,2.173562144839298327e-01,-6.466165159414054286e-02,-3.510844776186080596e-01,-1.409073756386032550e-01,2.169337910385912560e-01,3.927653341220532224e-01,4.432144922019564115e-01,5.364886694470959450e-01,7.044000410742581320e-01,4.803618054635014900e-01,2.527755359509065158e-01,1.588150462001803875e-01,7.436503055783084959e-02,4.680598059753246498e-01,8.049704316068317933e-01,1.000000000000000222e+00,8.228550859971524023e-01,7.828299999564656275e-01,2.113940203631990145e-01,-2.276472937490512660e-01,-5.464375681046473865e-01,-5.512954763183131046e-01,-4.887207487082274038e-01,-3.669528478047993647e-01,-1.392343478111383696e-02,1.370876626866825432e-01,2.649408398287412258e-01,3.477636618521136036e-01,3.030453504368397222e-01,2.072669393544483152e-01
-1.311814464379525424e-01,-4.443790335952941262e-01,-4.110478952167100908e-01,-4.381766944697400579e-01,-5.198516770511275586e-01,-3.592320313262204468e-01,-1.555037582193629642e-01,-8.670967683134520043e-02,8.432824707403313580e-02,1.969969578376817299e-01,3.980893055663273783e-01,2.818848559368279938e-01,2.737002285654311362e-01,3.107694669187254233e-01,4.759050305216652732e-01,3.195600150757357261e-01,2.101027123615929748e-01,2.096276889111807831e-02,-1.318314772918377786e-01,-2.022057028078520433e-02,1.208164648484751497e-01,1.151694685125648210e-01,1.470878645763795678e-01,1.252979686618272970e-01,2.863524955248837600e-02,-1.868210907591129344e-02,-2.636676362113255512e-01,-3.604009289003703431e-01,-5.390965995545154987e-01,-4.769458437938555173e-01,-1.485208224718974623e-01,-4.375710846496679712e-02,-4.936741320450366288e-02,-2.523034571201158149e-01,-3.067169920227169611e-01,-4.847164768572294613e-01,-3.633814333486515835e-01,-4.666940384436508160e-01,-1.164597593767052047e-01,-1.868933757789892625e-01,-6.526455393064532762e-02,-5.997719524326219909e-02,-6.572747226807756915e-02,1.505783942219757372e-02,-7.750925661984851139e-03,-1.180850524278631922e-02,-1.534679372403158770e-01,-8.231570158266546255e-02,-9.434884701935540574e-02,-6.966141516047862081e-02,-1.707743751694584811e-01,-2.942088603437090777e-01,-2.189511424859663380e-01,-2.057127720166745388e-01,-1.369581964405366670e-01,-2.732950038234513435e-01,-3.233896836334779756e-01,-3.557976574717444662e-01,-4.388561987772759410e-01,-4.672881898944784562e-01,-4.712366204633666178e-01,-6.171768553246831379e-01,-6.363962497982006417e-01,-4.308318212147023707e-01,-3.642210475275121651e-01,-5.047845312427301501e-01,-6.077762227832184116e-01,-3.934347947178148952e-01,-2.870387160681217575e-01,-1.823481840838279688e-01,-4.627771290501061507e-01,-2.348501792368475338e-01,-3.559234212851254964e-01,-1.788281641934193478e-01,6.557321526187922731e-03,4.218355466968569112e-01,5.521358269080534065e-01,4.513394504652359918e-01,2.814834566652626990e-01,6.238335089483195567e-02,-2.314656003099571369e-01,-4.349997579731718633e-01,-4.232479279895942081e-01,-3.011485943437066659e-01,-1.702003009196796646e-01,2.683211783359509828e-01,5.716378813985691920e-01,2.585786390226820219e-01,-1.260207396370878197e-01,2.766056124372607075e-02,2.832206885615316527e-01,6.247536517711013149e-01,6.774146087407844075e-01,3.545178660860088260e-01,5.273099229487300255e-01,1.848898725993139147e-01,3.138042375760732861e-02,-3.319179080415522731e-02,-8.398629785966515993e-02,1.477476685417807023e-01,4.595031499731264679e-01,8.228550859971524023e-01,1.000000000000000000e+00,8.407758712509199039e-01,5.173385625098343432e-01,-6.838837494666465122e-02,-3.977136647735314279e-01,-4.426971693381032136e-01,-3.722418217925205774e-01,-2.284330237528733598e-01,1.091164045234787328e-01,2.791812159924724757e-01,4.174354965854901178e-01,4.962862636104524161e-01,4.412436498039588595e-01,3.447809882223126232e-01
-2.243348677119101631e-01,-5.008678168610015691e-01,-4.247245019541820987e-01,-4.575902015484640262e-01,-5.486351442427777059e-01,-4.401104005708853517e-01,-2.779865009129427467e-01,-2.301935420655536746e-01,-5.495350412806283835e-02,7.812742120274819568e-02,3.112696056872104600e-01,2.458787606101839607e-01,2.610176297921860677e-01,3.669366192000297344e-01,5.777992355137382408e-01,4.455846932901032509e-01,3.633399436991516240e-01,1.858281253854845438e-01,8.348736095354319757e-04,8.935068057354988991e-02,2.377019580644862684e-01,1.500896091240450647e-01,1.340801840946538315e-01,7.834483863279098625e-02,-6.206749907448484010e-02,-1.393180208182035196e-01,-3.491798015773538433e-01,-4.238783225656112541e-01,-3.640099101411006233e-01,-1.635280351209038863e-01,2.569613712526581106e-01,2.886721698466086505e-01,2.058219198030376840e-01,1.951895160589463274e-02,-1.940550602191587828e-02,-2.435651356264928180e-01,-1.653309387212419657e-01,-3.449395647136922483e-01,-1.636903535550597588e-01,-2.660910802192645863e-01,-1.939566121574059221e-01,-1.424575275358151705e-01,-1.353925063576575383e-01,-5.556559902770009940e-02,-5.674191271340757459e-02,-9.656036732078752960e-02,-2.376325676492240524e-01,-1.683360337709133570e-01,-1.727292945724948625e-01,-7.791685840713812039e-02,-1.411059006900216850e-01,-2.223114744470288118e-01,-1.776522862172801864e-01,-2.211873460290778581e-01,-1.746745748775665741e-01,-3.103296035002716113e-01,-3.417864995485785373e-01,-3.612670766291370406e-01,-4.447090499300048183e-01,-4.713644779911950189e-01,-4.339894098229559183e-01,-5.822059621337143387e-01,-6.236775224528768868e-01,-3.557259481766382736e-01,-2.322089221260141279e-01,-4.155011811425827206e-01,-5.508570234567383705e-01,-2.997748963739193528e-01,-2.005169301997693776e-01,-1.805039523505768406e-01,-4.593007013989928167e-01,-2.707244270683107357e-01,-4.065696508859040770e-01,-1.885109575173031515e-01,-2.147859599288725121e-02,4.316592132352063960e-01,5.420489763811459083e-01,3.558196547730443915e-01,1.492883563055659446e-01,-1.082279120888070822e-01,-3.553508029412195679e-01,-4.273126572893090613e-01,-3.717519793549795559e-01,-1.932175991800789416e-01,-1.102640710187270251e-01,2.336522035409077103e-01,4.978811884651226927e-01,9.791619620795824486e-02,-1.894268949241867950e-01,-1.654816091484583029e-02,1.899880033032533555e-01,4.149689632935044670e-01,2.933279233774758743e-01,1.741991475047334759e-01,5.565656287535364344e-01,2.549607589637249982e-01,4.487551576009481819e-02,1.780630731895648314e-02,1.990889377249034642e-02,4.395807062838963941e-01,6.626153082607904032e-01,7.828299999564656275e-01,8.407758712509199039e-01,1.000000000000000000e+00,7.074349706416079853e-01,2.322920776344971350e-01,-1.875125293684771488e-01,-3.812790203168301417e-01,-4.151616493651208439e-01,-3.384833926336686116e-01,-5.842594364944621310e-02,1.864848173298507272e-01,3.316721053371045613e-01,4.958117078426394486e-01,5.118924160125396527e-01,4.326230528390930807e-01
-9.501663494377601826e-02,-5.736509226415098528e-02,1.567826293397977244e-01,3.369115748921207298e-02,-2.209656692744388085e-01,-2.895245248369189839e-01,-3.653310614473883056e-01,-2.823291987806426095e-01,-2.591072189739954679e-01,-2.377341123316895621e-01,-5.399035519202194378e-02,3.226569208975467017e-03,-7.403556720520235168e-02,9.735381553180150194e-02,2.352018343515831222e-01,2.993944075086685946e-02,1.415639329704166671e-01,2.104198978485005700e-02,5.431827119532284427e-03,1.381888627564435146e-01,2.640222496058757251e-01,2.579018257245081491e-01,2.677244901590627446e-01,2.355111737721545251e-01,1.748050865195739378e-01,9.197026575442664165e-02,2.654970314218821001e-02,-8.055767113617216812e-02,-3.472216056080902613e-02,4.052518121925429567e-02,3.303956209155723411e-01,5.246344484322882362e-01,2.210788068231875347e-01,1.437073382976801206e-01,-5.988437829199286938e-02,-2.160574302862391105e-01,-2.515227999904726119e-01,-2.932336258675978247e-01,-7.662356350175419939e-02,-1.566881830282245980e-01,-1.302541310654438678e-01,-6.786419545288488453e-02,-3.532390802256366730e-02,2.711030613335668749e-02,3.838618535374205970e-02,5.854200252839069502e-02,1.923761121703774710e-02,4.417871378929786458e-02,6.370062647206298223e-02,1.235747740596597477e-01,9.521374343679811503e-02,-2.412800242826105071e-02,9.306992348017201905e-03,-3.960362611031124913e-02,2.340967208033477645e-02,6.467901890510312224e-02,3.750479519362477643e-02,2.870964155278977678e-02,7.262298772320879836e-02,2.525268047897051560e-02,-3.629849267789673345e-02,-1.896235701098615001e-01,-2.251568116631670891e-01,-1.260374610739506129e-01,-2.469620623964088046e-01,-5.134554969467601815e-01,-4.393902216876223732e-01,-3.469116989818861185e-01,-4.269988914116918388e-01,-2.707035652787440627e-01,-5.614062103487240663e-01,-3.310172087322616474e-01,-6.261462688806209709e-01,-5.532976912955085425e-01,-3.688045408234940647e-01,-1.232547053648174601e-02,2.318471212365887935e-01,1.001874931023592485e-01,-9.214209102344145252e-02,-1.337537752062293861e-01,-1.736152490058977260e-01,6.368936222427233618e-02,2.012473998265881525e-01,4.634985422174264236e-01,5.021930627524063828e-01,7.302156483744081106e-01,7.123453912720759673e-01,3.696944156511081103e-01,2.220788723928732444e-01,2.615941748767121044e-01,1.786583215947800951e-01,3.441044246929928496e-01,5.612891186873820298e-02,-7.950578028301150124e-02,1.488474905560429606e-01,-1.242768465847818166e-01,-2.186452884008267816e-01,-2.630019732552770773e-01,-1.756505968846973909e-01,7.275046040156739335e-02,7.247343274843742744e-02,2.113940203631990422e-01,5.173385625098343432e-01,7.074349706416079853e-01,1.000000000000000222e+00,6.955872541486590732e-01,4.031421676203579829e-01,1.258234554161339613e-01,2.864548250755523384e-02,2.631007336776422512e-02,6.364364380207665484e-02,2.182212537305178168e-01,3.030271966264361239e-01,4.173994461332298789e-01,4.481936254416270526e-01,4.405509552254639472e-01
-1.437572586440059585e-01,2.310528362466696684e-01,4.741274727902425323e-01,3.595533652622847631e-01,2.491239943325221640e-01,6.651938002236293390e-02,-1.496770568858270811e-01,-1.438464556774766978e-01,-2.625879387675353893e-01,-3.043407257418546674e-01,-2.651183676421737800e-01,-1.817057843213880086e-01,-2.114440382762631243e-01,-6.769338181494735651e-02,-4.559906047761336234e-02,-1.446592354430696614e-01,-4.111493364871479650e-02,-4.015148984226184908e-02,2.212784103737711061e-02,5.429928897237982360e-02,7.211785990439560645e-02,2.946023376638409394e-02,1.300919043903282259e-02,-2.400993321188967661e-02,2.701384490994733489e-02,-5.112072137539295548e-03,1.994721193488390443e-01,2.787024765128922610e-01,5.578757518942699667e-01,5.125685823682193387e-01,4.502912600013056488e-01,4.029308999522698276e-01,6.829061758362532653e-02,1.752723546381284581e-01,6.040760991976768662e-02,2.086214925519877528e-01,1.751065961454283393e-01,2.403870080016029254e-01,-1.513309986173409089e-02,-1.465204756909918304e-01,-2.016746926648632365e-01,-9.742964548670035585e-02,-1.041383665736406727e-01,-8.273435578021508252e-02,-6.833075103833809172e-02,-1.237965915317097987e-01,-1.109448458292761203e-01,-1.261693364754332414e-01,-6.442440001423711815e-02,1.962265960503088453e-03,7.643953576882242529e-02,8.114735213305532269e-02,6.546358649150293973e-02,2.756674439312516156e-02,1.606785619242006094e-02,2.281913236359652819e-01,3.349962369291347164e-01,2.922550708561301169e-01,4.442650801361560653e-01,3.575253196379223342e-01,2.282594688538039096e-01,2.224214688919739780e-01,2.506533662795211725e-01,1.584543552123207077e-01,-1.909785619775286603e-02,-1.289892178643801124e-01,-4.273492640042573371e-02,-1.226595174358825896e-01,-2.257622884429484333e-01,-1.823184783383728913e-01,-2.473070301698199192e-01,-1.998777853669519433e-01,-2.950323678822798779e-01,-3.277989903866727617e-01,-2.445594317150667218e-01,-2.126002891459616018e-01,-1.208941767848631110e-01,-1.871650458874911660e-01,-2.094241410169614126e-01,-1.123819775522448688e-01,8.495171477975210772e-02,4.511963585651326825e-01,6.309730763256135022e-01,7.460697047460502773e-01,7.355619682400961201e-01,5.740965490348410860e-01,4.287474231623022436e-01,2.593531873281084699e-01,3.950314894954942146e-01,4.664191559564189737e-01,2.246677056726431310e-01,8.705140374655248592e-02,-2.797358333946214359e-01,-2.303308529594355891e-01,2.407960528120137514e-02,-2.502844651840122753e-02,-2.081696718617636888e-01,-2.175476752075937714e-01,-8.089331939761586210e-02,1.629564666566425402e-01,-1.326143694587232913e-01,-2.276472937490512660e-01,-6.838837494666463734e-02,2.322920776344971350e-01,6.955872541486590732e-01,1.000000000000000222e+00,8.047799330714664467e-01,5.728630303218756881e-01,3.704932769220685151e-01,2.064568670612565437e-01,-1.949290382668167343e-02,-2.033495283357886554e-02,-5.621465477855330795e-02,-1.939703149149791779e-03,6.701329629189957393e-02,1.310019437467443149e-01
-9.475305969743672008e-02,3.512975591413993737e-01,5.922821590874599584e-01,5.229043535734348991e-01,4.570557764586586358e-01,2.548876532294924724e-01,-5.606249565644691457e-02,-1.503580839852380023e-02,-2.178128629977330866e-01,-3.819621403839226770e-01,-4.674004800314075503e-01,-4.170947126502889679e-01,-4.830271114458160042e-01,-3.756968689387372717e-01,-3.780569707810242930e-01,-3.626962488279513730e-01,-1.201132652962434572e-01,-3.356072798638370935e-02,1.254463029200535151e-01,1.476012977521115599e-01,1.022420453296633142e-01,1.191685467661210418e-01,1.212316680558913617e-01,1.509090139973094935e-01,2.630810727229329626e-01,2.125821696755148538e-01,5.230262157549639968e-01,5.733599660814878707e-01,7.387277401370496710e-01,5.806099194760541149e-01,3.947843411715909467e-01,4.343341398625729100e-01,8.693325807087674828e-02,2.865706794600885177e-01,1.145707120530743278e-01,2.653297856513247566e-01,1.228432683379590967e-01,3.037535087491246566e-01,7.263397082175991615e-02,3.174084843868834466e-02,-1.326026636896080468e-01,-8.859732503965769834e-02,-5.731955780836163472e-02,-8.407953606605726715e-02,-1.743325363375806958e-02,8.030754769986968300e-02,2.292363387764662086e-01,1.498336719781195592e-01,1.372038762830898040e-01,1.651769490644960370e-01,2.725236115650320201e-01,2.731171575282193564e-01,2.317214422976599519e-01,1.658231101091939830e-01,1.466750730354551280e-01,4.092111302582004950e-01,4.442562809050411010e-01,4.176031676292573103e-01,5.872409273910441652e-01,6.222399837739789330e-01,5.092429519303370844e-01,4.915471152371455044e-01,5.495612181110337557e-01,4.459432783657587551e-01,1.541895977890294367e-01,3.336078102017726865e-02,1.859983080276786382e-01,3.943172290547786174e-02,-1.420772975058004484e-01,-1.311431038456699616e-01,-1.129891088654446651e-01,-1.431376581044934704e-01,-2.603962170432770895e-01,-3.715403990581825355e-01,-2.833444478448821635e-01,-4.555092408591727704e-01,-3.664476070792655471e-01,-3.344600308133690580e-01,-2.765637079595247294e-01,-1.638797793862958874e-02,3.134480956638504567e-01,7.988775251967054070e-01,8.505361473362871294e-01,8.713989590537586372e-01,7.306794551899664647e-01,4.311902102340076093e-01,1.135921722926246796e-01,8.432733570810539703e-02,3.380426609883181444e-01,2.660690217263247392e-01,-7.338851518493323678e-02,-2.155448740827997367e-01,-3.724884845500356367e-01,-3.201490771859635265e-01,-3.316273913591346045e-01,-2.815244291415422984e-01,-2.665469602029261198e-01,-2.725072989059273976e-01,-1.743685205596524068e-01,-1.782885360725073309e-01,-4.630423337345219714e-01,-5.464375681046473865e-01,-3.977136647735315389e-01,-1.875125293684771488e-01,4.031421676203579829e-01,8.047799330714664467e-01,9.999999999999998890e-01,8.758431673582173227e-01,7.301741566817284701e-01,5.075330469985467330e-01,1.257969180583892455e-01,4.536163218178470430e-02,-8.467217340535741765e-02,-1.281891562651422678e-01,-7.186818711525999603e-02,3.672486303006387842e-02
-5.713791082864923265e-02,4.399154086073410741e-01,6.221677466821434743e-01,5.548148374729996446e-01,5.700356616080858307e-01,4.032703464146532579e-01,1.292064282203110315e-01,1.804278577962716568e-01,-4.224456627084090948e-02,-2.524381452379569346e-01,-3.946949143416420003e-01,-4.256562196242467677e-01,-5.123799989439559166e-01,-5.014062385182186388e-01,-5.408068890772796955e-01,-4.925415590027692470e-01,-2.929452239620051746e-01,-1.894674763504812232e-01,1.512590287942680621e-03,-7.985119496635009534e-04,-8.115540449335792439e-02,2.301067300671622972e-03,6.799491972629297110e-02,1.864318198196424081e-01,3.904511516768197632e-01,4.008779775218764829e-01,7.763085261377311586e-01,7.812780647146703172e-01,7.556936366442839059e-01,4.007335167299938550e-01,7.944645634559587000e-02,9.456289231951733876e-02,-1.827004019967449211e-01,-3.082129418481945109e-05,-1.163312251743502113e-01,1.172623779101453489e-01,7.522516216487408480e-02,3.404427938900451145e-01,1.590988236395881883e-01,1.591937732116337767e-01,-1.963735923720456855e-02,-7.187835309361913227e-02,-6.462538126157142682e-02,-1.079026795262959387e-01,-3.879719940918788246e-02,1.612688618787164740e-01,3.003143106851438593e-01,1.887682990312540554e-01,1.156084863218231479e-01,6.715454447644259028e-02,1.641676061001438036e-01,1.852546404887714937e-01,1.469026214875867875e-01,1.257888144832141064e-01,6.178187862662475049e-02,3.836755517716336494e-01,4.736864286157723702e-01,4.519473529900540076e-01,6.371258470898816251e-01,6.656459211221898986e-01,5.012648063826212752e-01,5.528774582977700192e-01,6.506826804683001342e-01,4.625651549109365823e-01,1.148454534888447010e-01,9.356650574169178558e-02,2.652410175470892306e-01,5.424184099048211249e-02,-9.853327111449439180e-02,-9.382283252674786245e-02,-2.317869083609845355e-03,-5.685190936542358631e-02,-1.116103484513820826e-01,-2.667280256267428040e-01,-1.561624762076502804e-01,-4.550979417355318080e-01,-3.751612000520057610e-01,-2.375748064444472840e-01,-1.035144524972124724e-01,2.216467187673079320e-01,5.401426247925611435e-01,8.882076103487618335e-01,8.829221896109059609e-01,7.676889322246567282e-01,6.629187858162289837e-01,3.369089444974583403e-01,4.697095190445572249e-02,1.003324272579858983e-01,3.732355165535937713e-01,2.933142252561966590e-01,-2.443931212920791296e-02,-1.950915252494506424e-01,-3.027385704504220731e-01,-2.579462533638792188e-01,-2.918041437191502552e-01,-2.443133528938419563e-01,-2.411608827048529469e-01,-2.464077560486176155e-01,-1.530814264695204985e-01,-2.065909490680219174e-01,-4.960601378173830067e-01,-5.512954763183132156e-01,-4.426971693381032136e-01,-3.812790203168301972e-01,1.258234554161339613e-01,5.728630303218756881e-01,8.758431673582173227e-01,1.000000000000000000e+00,9.388424639379134851e-01,7.560215533584709879e-01,3.721671804335542344e-01,1.881464174234482867e-01,1.431183047723232418e-02,-1.549155843614397066e-01,-2.076935156591666054e-01,-1.245617882110425234e-01
2.638991245651242309e-02,4.017219564963236955e-01,5.654149022701691063e-01,5.056043564821887104e-01,5.219187815721045842e-01,4.022241138487571699e-01,1.788772171043936376e-01,2.831168182461901717e-01,6.279240990854932647e-02,-1.833580377291740560e-01,-3.321032140517846676e-01,-4.571778939417096010e-01,-5.611415540439541605e-01,-5.841229374355818571e-01,-5.774089711719845308e-01,-5.199138585213741726e-01,-2.946684799963923407e-01,-1.847326784017091772e-01,3.047283833444351317e-02,3.992528949861300774e-02,-6.401039779352050985e-02,3.656815735963461766e-02,1.101882977771363459e-01,2.240154417719625590e-01,4.599775715941235021e-01,4.983381789347418045e-01,8.464772400059894508e-01,8.147057728391648990e-01,6.181761272971890708e-01,2.271887617374512003e-01,-8.231191093234599410e-02,-9.679897911736309521e-03,-2.084722313840350338e-01,-7.617610178851400016e-02,-2.120529205000081518e-01,-1.167498750981767891e-02,-3.784596293687516461e-02,2.342192697791075362e-01,1.941701049847286698e-01,1.926734612153562509e-01,3.238482685533044386e-02,-5.881913189107546014e-02,-7.143298597400754568e-02,-1.316291573557250849e-01,-4.547527612597570407e-02,1.989711889186852878e-01,3.363908538594891362e-01,2.218586968556086614e-01,1.677293650583532025e-01,1.061243609694160067e-01,1.878615582494249647e-01,1.984002321636161859e-01,1.492857212934197986e-01,9.466138145733252185e-02,2.932943607448179613e-02,3.447574807160064259e-01,4.234053330408140692e-01,4.230257574853018565e-01,6.041162160733725139e-01,6.431536587019575091e-01,4.939735517542636067e-01,5.317414980942150038e-01,6.184720122232159056e-01,4.549422359073274080e-01,1.101121201736725563e-01,5.156757910369851039e-02,2.470849006875026899e-01,6.587120567313395347e-02,-1.104047446220496886e-01,-6.812769750224161036e-02,-2.062413552088905588e-02,-6.708126562355182232e-02,-1.462100239509936117e-01,-2.975806181820835894e-01,-1.376998022476779160e-01,-4.328779136948788797e-01,-3.290070991273236767e-01,-1.451650647084102574e-01,1.233292291977038969e-02,3.821809738669912915e-01,6.361296926196433610e-01,8.786936443491227822e-01,8.030744674496158586e-01,6.596914661969149885e-01,5.665304586520183427e-01,2.978979813974442781e-01,3.322249199690990168e-02,1.081205478089001804e-01,3.406260957950162926e-01,2.532167942254482385e-01,-2.358442673298567771e-02,-1.511130149211907525e-01,-1.948399182492940307e-01,-1.927377596941701188e-01,-2.827926743836907120e-01,-2.493936759771477052e-01,-2.275281481372677383e-01,-2.456704863844063336e-01,-1.925476330825085236e-01,-2.751468697390204721e-01,-5.030855324691309027e-01,-4.887207487082274038e-01,-3.722418217925206885e-01,-4.151616493651208994e-01,2.864548250755525466e-02,3.704932769220685151e-01,7.301741566817284701e-01,9.388424639379134851e-01,9.999999999999998890e-01,8.464612599711606178e-01,5.271402363849335693e-01,2.994298874077856443e-01,1.028534351732250524e-01,-1.118487836160287491e-01,-1.923291906694727937e-01,-1.341649293979405022e-01
3.447760354495590235e-02,3.702093204721063069e-01,5.312955128708596320e-01,4.771666563001302763e-01,4.925331778360215740e-01,4.326701784495558534e-01,2.840797338657512494e-01,4.161655715634703379e-01,2.275896382343088609e-01,-2.306530425222182504e-02,-1.500913187402657112e-01,-3.845468539125993512e-01,-5.167365909340223551e-01,-5.906652744331338800e-01,-5.710787472707009593e-01,-5.570879274600470943e-01,-3.340550385742350747e-01,-3.471807948244207132e-01,-1.182717677038158804e-01,-5.063493805108381512e-02,-9.245207469142159573e-02,1.443407161568388275e-01,3.094029142443063263e-01,4.786660800644438329e-01,7.548952337441559024e-01,8.109428366817671430e-01,9.399123704769130061e-01,5.705921602982267915e-01,2.823012222866224663e-01,-1.215124417736452023e-01,-3.122085038203164520e-01,-1.649200798498605680e-01,-3.118785410376994083e-01,-2.843915131913534178e-01,-4.259136222879589262e-01,-3.247049883151742478e-01,-2.902134392563682774e-01,-7.411001666043015579e-02,2.761820041097651918e-02,3.673868568653465561e-01,1.911968080744630982e-01,-1.139453256730075387e-01,-1.285638050961808443e-01,-1.244720844106646518e-01,-2.749698218198770236e-02,5.268594975871750963e-01,5.246499488609686068e-01,3.923993819466850552e-01,3.607572507892805036e-01,2.383307150904121208e-01,2.699267179728810917e-01,1.453061958472467996e-01,1.398865697778030326e-01,1.378312709702614047e-01,1.792414196503264723e-01,4.851057200409059078e-01,4.304506262553381424e-01,3.562725062384146657e-01,5.606714465366376965e-01,6.645746686860679597e-01,4.632943605693402578e-01,4.179695937836853670e-01,5.784903740803112315e-01,4.287291586319454950e-01,-5.915892647732662324e-02,-1.564165050676465663e-01,6.785368597029925453e-02,-1.372244073625100425e-01,-3.166882444206294278e-01,-1.057612395947999523e-01,-1.038461507043338811e-01,-7.234097549707520225e-02,-1.776260219881676816e-01,-3.410016085587970203e-01,-4.649008179742009778e-02,-3.162298333377264736e-01,-1.366491100264404790e-01,9.626590748553924548e-02,2.540182505542983860e-01,5.921092334259037138e-01,7.364442062379813470e-01,7.685149115270314413e-01,7.224679101051124652e-01,5.608723428189917870e-01,5.250435250346262572e-01,3.509340111838680776e-01,1.282451198839207884e-01,2.061841864618909337e-01,3.437809965946909130e-01,2.237875436905219784e-01,-2.608804104736285601e-02,-6.110956579546471951e-02,-1.309904306978455224e-01,-1.627875391553794404e-01,-2.734956644890895738e-01,-3.282329202544586599e-01,-2.561804154303540249e-01,-2.710020580217999409e-01,-2.157099102697848381e-01,-2.988577380126105631e-01,-4.452793184878376942e-01,-3.669528478047993647e-01,-2.284330237528733598e-01,-3.384833926336686116e-01,2.631007336776426328e-02,2.064568670612565437e-01,5.075330469985467330e-01,7.560215533584709879e-01,8.464612599711606178e-01,9.999999999999997780e-01,8.459572051156221129e-01,6.198183802501253670e-01,4.256269431663414204e-01,1.086683311380310102e-01,-7.345631790819036333e-02,-9.037015476283744020e-02
7.905347065507867255e-02,1.043343647490544424e-01,2.093647944224330260e-01,1.715708553910865186e-01,1.869872560631607172e-01,2.617251422764649282e-01,3.047502324728006418e-01,4.917115717352781301e-01,4.450412581333744733e-01,2.568541542699307456e-01,2.343748414715221828e-01,-1.375696191224016207e-01,-3.030539988709179955e-01,-4.259764489547230304e-01,-3.219256517466069223e-01,-4.040819689068665399e-01,-3.057691089987807365e-01,-4.454273540288596345e-01,-2.919798262222993990e-01,-1.851187813169138663e-01,-1.650541911381863402e-01,1.005478299721591640e-01,3.212275154022517509e-01,5.321990126809941213e-01,7.871513351427960048e-01,8.433114115138787836e-01,7.369623460194082432e-01,2.451141798595170007e-01,-7.235800446087130300e-02,-3.787908286563692051e-01,-4.133270518001658234e-01,-2.623072165954091206e-01,-2.941985739612247852e-01,-3.854111864294694767e-01,-4.936681725539873167e-01,-5.013959732164764427e-01,-3.615333213647644595e-01,-2.760187592810947055e-01,-7.336711101818951808e-02,3.299152033756997393e-01,1.691428979771037733e-01,-1.768986605261134992e-01,-2.030684693612639091e-01,-1.483264626162819344e-01,-3.304529113007823732e-02,5.894709229406073225e-01,4.605136517128124996e-01,3.090887492201895848e-01,2.591981010308879174e-01,1.194923897884889036e-01,9.034123890695325287e-02,-8.263704955618117465e-02,-3.289596062752866978e-02,1.111819511467651046e-02,8.095304831666608192e-02,2.679229157695048325e-01,2.004252711241548968e-01,1.244935108081595271e-01,2.491323144535512180e-01,3.262109285348058774e-01,1.411019972012501345e-01,4.550931856137310078e-02,1.804242751618463370e-01,9.077191911915347133e-02,-3.375308481152831108e-01,-4.548749959708715540e-01,-2.420526621035136994e-01,-3.591916323412068235e-01,-5.059844049721378134e-01,-1.361526271743476457e-01,-2.713071333051751965e-01,-1.103003344121876173e-01,-2.945928693536927212e-01,-3.760579578615508844e-01,2.983728669290256277e-02,-6.632377383953991061e-03,2.525344296036028946e-01,4.966848451718076096e-01,5.788889085751353081e-01,7.655103096230183590e-01,6.565270440365115201e-01,4.305078361922332064e-01,3.557857058626625602e-01,2.216739685377491775e-01,2.642659708937480922e-01,2.953918827432519545e-01,2.489171586148928028e-01,2.888614351837194283e-01,2.264860593006119416e-01,1.535010796383815546e-01,7.905359593029727405e-02,1.703765396517650799e-01,9.530922623986057274e-02,8.542992134222125722e-03,-5.057328468010063860e-02,-1.894517276227963565e-01,-1.453798232555872372e-01,-1.640098810256123973e-01,-1.416860330829980696e-01,-1.743200089007646281e-01,-1.706098133616277823e-01,-1.392343478111383696e-02,1.091164045234787328e-01,-5.842594364944619229e-02,6.364364380207665484e-02,-1.949290382668171853e-02,1.257969180583892455e-01,3.721671804335542344e-01,5.271402363849335693e-01,8.459572051156221129e-01,1.000000000000000222e+00,8.526849832064657964e-01,7.395447921482687370e-01,3.991846262962765457e-01,1.077142642738553174e-01,-2.064251978195274714e-02
3.055855337173721264e-02,-1.138509712395744805e-01,-5.439211823403322307e-03,-2.438763177820165579e-02,-5.446117516273800419e-02,4.440116995927115284e-02,1.428765398573679790e-01,3.040205522721384224e-01,3.399287197211490197e-01,2.618701394096886736e-01,3.927548420906932236e-01,6.050621863161842473e-02,-1.078970431169057609e-01,-1.640974497562484036e-01,4.171572800545231968e-02,-1.036267404000738163e-01,-2.013298947707194142e-02,-3.140128531250085397e-01,-3.026935658170522014e-01,-1.404432635304211641e-01,4.837532413336811249e-02,3.202454796023819772e-01,5.700850098555826362e-01,7.431382508857248270e-01,8.344282127181210651e-01,7.094697275302218609e-01,5.458449041226413057e-01,1.588575400491350903e-02,-1.467375419389805036e-01,-3.011180336066984209e-01,-1.750516300731220498e-01,-7.425410080769023757e-02,-1.164776044844140074e-01,-2.204364948870751462e-01,-2.841569126100755294e-01,-3.904885453912896875e-01,-2.893682450939294437e-01,-2.940179993676983461e-01,-1.825854849307070038e-01,1.631595174274506066e-01,-9.371568865540386151e-02,-2.980234667165325702e-01,-2.697164530851485220e-01,-2.636605022898822481e-01,-7.891370087389548704e-02,6.108195799415234717e-01,5.226666554414001187e-01,4.438531058955375586e-01,3.143421275101852541e-01,1.779498525349034466e-01,7.924505956533266227e-02,-1.902963505939438416e-01,-1.301877537464919687e-01,-8.165119060876450952e-02,2.200929254487450984e-02,1.248638895832535900e-01,1.544226496560228978e-02,-4.888285607846627051e-02,1.616376383585285334e-02,1.261214582751911673e-01,-4.512828716160326853e-02,-2.073504216736490324e-01,-7.870346081812816530e-02,1.628476679817248904e-02,-4.048220553582718706e-01,-5.934553069463427422e-01,-4.704920461879018578e-01,-5.094440995834971231e-01,-5.814229904477790090e-01,-1.871267780356489219e-01,-4.190629997573043775e-01,-1.387903339932012592e-01,-4.201566402239295672e-01,-3.910659341555176027e-01,9.133264522960003740e-02,2.719322487767595886e-01,6.089806269269655292e-01,6.969011690130014758e-01,6.318283462203716505e-01,6.247220549018920321e-01,4.210697057369696128e-01,2.298701061189478700e-01,1.607233146046458394e-01,9.222938712299613706e-02,1.233463646202115488e-01,2.576011110515784575e-01,2.602835327867414339e-01,2.218103006563584001e-01,6.829059677163672182e-02,2.285485136648506693e-02,8.688833958267363003e-03,1.683355355940717446e-01,1.447316378595158715e-01,2.224859028254438584e-02,-2.174698877945161271e-02,-2.105328296861615489e-01,-1.337032879472684344e-01,-1.249676299338859237e-01,-1.212079684429076404e-01,-1.322935733125366053e-01,-2.353489602428157634e-02,1.370876626866825154e-01,2.791812159924725312e-01,1.864848173298507272e-01,2.182212537305178168e-01,-2.033495283357883779e-02,4.536163218178471818e-02,1.881464174234482867e-01,2.994298874077856443e-01,6.198183802501253670e-01,8.526849832064656853e-01,1.000000000000000000e+00,9.269402386475906752e-01,7.775896081980473440e-01,5.225896554628355339e-01,3.513115321954956016e-01
1.140353624940155103e-01,-1.622577762615426966e-01,-1.101924989869796229e-01,-1.411449154406600459e-01,-2.541659969551273712e-01,-1.762569665787021289e-01,-5.415601513847655840e-02,9.256339556410232705e-02,2.126295288428634023e-01,1.922240281166339437e-01,4.029636569986688177e-01,2.030804578546810957e-01,-1.724886161146944874e-02,-6.470198182712964818e-02,1.188909729592525499e-01,-9.771930285739814648e-02,-6.034458674008544993e-02,-3.576918668261895307e-01,-3.759980210358387920e-01,-2.136803328163337234e-01,1.034998875644782242e-03,2.677812758746247468e-01,5.170082830305060551e-01,7.253214462408884566e-01,7.628375545071846009e-01,6.455979419767136074e-01,3.921269553155924958e-01,-1.200785281985308206e-01,-2.521157535572280950e-01,-3.299847824365874649e-01,-1.183273894547639399e-01,-5.557915347766707870e-03,-1.993825981688892440e-02,-1.602867425844697324e-01,-2.264878929833205323e-01,-3.927855488375455728e-01,-2.735312874247969317e-01,-3.380366317443435631e-01,-2.000877547917053745e-01,9.165946792149000377e-02,-1.019137230796472449e-01,-2.707743046919426355e-01,-2.267152525280925202e-01,-1.548649247947967156e-01,9.994277415920521310e-03,6.011307443345625945e-01,4.620898313163869786e-01,3.838924298691638315e-01,2.249084432877736517e-01,8.659690647456179391e-02,-4.028831889315630937e-02,-2.930948362073008684e-01,-2.066411248823025459e-01,-1.130548682674105826e-01,-2.709675705832257850e-02,-1.255583307756664296e-02,-9.455901106945582835e-02,-1.355466246609212666e-01,-1.273069649141922444e-01,-7.189909343396075347e-02,-2.025696099550340357e-01,-3.625162742441904729e-01,-3.056420728303853585e-01,-2.101451271079516347e-01,-5.333057076219490655e-01,-7.071724632947848921e-01,-5.645971990945122254e-01,-5.622440768651073562e-01,-5.990307230948885842e-01,-1.621647224256141384e-01,-4.580166429205544953e-01,-1.366912009487168400e-01,-5.095679440094313950e-01,-4.819982773383651997e-01,-8.259916311271943423e-02,2.506491223672626112e-01,6.626363834170039269e-01,7.193934868045391839e-01,5.330219318918006932e-01,4.407417393872347655e-01,1.602837017114375207e-01,-1.104106895342561257e-03,-3.427451013090982573e-02,-2.590793343464754123e-02,3.348960868375045613e-02,2.795384459363201013e-01,3.318024235937458433e-01,2.651949572819169432e-01,3.798481887222228404e-02,-1.807235518441687241e-02,2.683482475430667286e-02,2.515489609572542085e-01,2.271967844191548069e-01,7.839983671868841486e-02,5.179471828360546898e-02,-1.674110048060042100e-01,-9.763574648107470333e-02,-9.570567493837876805e-02,-8.509092267998971670e-02,-6.533502274912442176e-02,8.516249672175317531e-02,2.649408398287412814e-01,4.174354965854902288e-01,3.316721053371045058e-01,3.030271966264360128e-01,-5.621465477855330795e-02,-8.467217340535738990e-02,1.431183047723229643e-02,1.028534351732250246e-01,4.256269431663415870e-01,7.395447921482689591e-01,9.269402386475907862e-01,1.000000000000000000e+00,8.665142506741609907e-01,5.728593051177812701e-01,3.934857775370075861e-01
5.307943105824549507e-02,-3.025137296327146119e-01,-2.500079304378750589e-01,-2.778970994195403832e-01,-4.350015365550408131e-01,-3.680931236812665097e-01,-2.407536384766810478e-01,-1.559434360113235163e-01,-2.713819256787738596e-02,6.188918927789573837e-02,3.645886864967444185e-01,2.857889652660268731e-01,1.384861285426960409e-01,2.024195118217081979e-01,4.562828193091123530e-01,2.214198411172270398e-01,2.758046059097896685e-01,-8.638709013607427656e-02,-2.433245191590450163e-01,-4.655436963372507758e-02,2.891864401081628566e-01,4.810475571997268607e-01,6.551233692538027675e-01,7.174080664952878772e-01,5.767725815159800984e-01,3.371070182745204979e-01,1.123553506174047728e-01,-2.323851081776350247e-01,-2.449361046078983584e-01,-1.626360815462989939e-01,1.303703732198684684e-01,1.695659433081795064e-01,1.200319257972307929e-01,1.441786884780156194e-02,2.772163464976850223e-03,-1.821970987879134862e-01,-1.410632502746976269e-01,-2.751927649145023969e-01,-2.041042692975389705e-01,-1.095941278302320493e-01,-2.898172798437480546e-01,-2.716007322301768889e-01,-2.456031727714835800e-01,-2.346584882531887184e-01,-5.840891949889287504e-02,4.066857487104934554e-01,3.441585806062403274e-01,4.148778424789022479e-01,2.563456985884496331e-01,1.745218084935488412e-01,-3.977292734506344962e-03,-3.035345711270560076e-01,-2.565806935307897163e-01,-2.297081244679089196e-01,-1.291302168517346194e-01,-1.572200586204880457e-01,-2.420500798003407394e-01,-2.490241752477023729e-01,-2.744298177009584228e-01,-2.267721143229911029e-01,-3.133740249853722015e-01,-4.945598238473235542e-01,-4.723461720623269855e-01,-2.170032786955171933e-01,-4.375914380911546941e-01,-6.738558915380724601e-01,-6.440196423680829563e-01,-5.629424754294705124e-01,-5.287966733377051920e-01,-1.891997394371115471e-01,-5.192541115173886501e-01,-1.516625280757252781e-01,-5.381736554703197006e-01,-4.180938505115294745e-01,-6.341426221668854113e-02,4.068563408974483209e-01,7.867609035036825516e-01,6.381204506121890274e-01,3.626103305251531239e-01,1.475788319824629657e-01,-1.252964111650242685e-01,-2.057264562086945081e-01,-2.062921836960815714e-01,-1.101965304134294582e-01,-5.368269599774709577e-02,2.291479434809610416e-01,3.159924662278365548e-01,1.867475616248819581e-01,-7.350469667646852834e-02,-8.356298604879605629e-02,-4.014207577642607029e-03,2.235081810632506549e-01,2.281419815697474929e-01,8.702624494680256950e-02,7.915087835804920924e-02,-1.318577928675302158e-01,-5.600142370421108684e-02,-3.795856058343426848e-02,-4.664337135726580319e-02,-6.288914708749110231e-03,1.963011660222632460e-01,3.477636618521136036e-01,4.962862636104525826e-01,4.958117078426395596e-01,4.173994461332298234e-01,-1.939703149149733666e-03,-1.281891562651423233e-01,-1.549155843614397621e-01,-1.118487836160287630e-01,1.086683311380309824e-01,3.991846262962764347e-01,7.775896081980472330e-01,8.665142506741609907e-01,1.000000000000000222e+00,8.692749789979334896e-01,7.253326710494530927e-01
-2.674578720341936125e-02,-3.761512715607717161e-01,-2.834462398510672054e-01,-3.095954912770536027e-01,-4.697937887709539573e-01,-4.500924669762886299e-01,-3.837933376325755597e-01,-3.375719747894879719e-01,-2.656638070557382214e-01,-1.563060685397149041e-01,1.607172336728293627e-01,1.392966055573726103e-01,8.737265375752568952e-02,2.815436391904522218e-01,6.053822891789449878e-01,4.542913428963121225e-01,6.297745607991834804e-01,2.933300066126571237e-01,7.214653703856055422e-02,2.877139949182035417e-01,6.573369177062969859e-01,7.412697277447488631e-01,7.799852297330227557e-01,6.290769101634048344e-01,3.852650221298977717e-01,9.092823936707010446e-02,-6.029180962481180822e-02,-2.311819586219839018e-01,-2.069454780963088936e-01,-6.771993914840504156e-03,3.076832818088915400e-01,3.150611356010020736e-01,2.251745097759633440e-01,1.781547541623397790e-01,1.797755066777146360e-01,-3.898370616780593139e-03,-7.963669154822876350e-02,-2.304362841388285510e-01,-1.580613064864344053e-01,-2.037240465822968971e-01,-3.328772458811802282e-01,-2.341995103143083012e-01,-2.352267223831836784e-01,-2.449661483726735811e-01,-1.517880707570528065e-01,1.850161407568448602e-01,2.319813061540933752e-01,4.389363692676724882e-01,4.066018007037395798e-01,4.096798470326208919e-01,2.289389817463594878e-01,-1.033932547020138398e-01,-1.312266482764263276e-01,-2.505408406013102662e-01,-1.066419474479226304e-01,-1.219126393239245848e-01,-2.782980056093988241e-01,-2.741301817235056171e-01,-2.765860358732409874e-01,-1.774467071328785228e-01,-2.099458680050397263e-01,-4.295773324147362793e-01,-4.093893246911316508e-01,2.349289522180966067e-03,-1.358256919508131211e-01,-4.739076466045917813e-01,-5.476724396466422506e-01,-3.939185049321868859e-01,-3.385273116300282492e-01,-2.006561482758714154e-01,-4.955393325848523878e-01,-1.653503306401472028e-01,-5.522115882764530026e-01,-3.655254541291756976e-01,-5.745891063771008805e-02,3.966065609630436417e-01,6.736855177630761693e-01,3.789223957779402352e-01,9.767839684733464756e-02,-1.164206445561871972e-01,-2.955512875756338143e-01,-2.605288851874497102e-01,-2.269123385883095312e-01,-9.742851443778829945e-02,-6.556727968972508869e-02,1.681892292918388543e-01,2.292871560924428231e-01,6.426214813333612497e-02,-1.491790587688549274e-01,-1.241512246969813799e-01,-7.137687500038053523e-02,1.132763682974406438e-01,1.585496258968434324e-01,3.604330439997020102e-02,1.754705288630009977e-02,-1.590591716531673527e-01,-6.460498741749498564e-02,-3.298042323316376784e-02,-6.319656403138471101e-02,-1.938704545591202547e-02,1.859579844869578835e-01,3.030453504368397222e-01,4.412436498039588595e-01,5.118924160125396527e-01,4.481936254416270526e-01,6.701329629189953230e-02,-7.186818711525995440e-02,-2.076935156591666054e-01,-1.923291906694727660e-01,-7.345631790819039109e-02,1.077142642738553174e-01,5.225896554628355339e-01,5.728593051177811590e-01,8.692749789979334896e-01,1.000000000000000222e+00,9.483560741685550521e-01
8.001296903784316239e-03,-2.844166528549441630e-01,-1.865282522506890861e-01,-1.970032724667268031e-01,-3.708040439136399691e-01,-4.074370102517136383e-01,-4.186929806704904888e-01,-4.006371111926156359e-01,-3.946106581304643091e-01,-3.212588527322656762e-01,-5.442860090636723186e-02,-5.063532287466721016e-02,-4.994308931922774447e-02,2.006664657499655502e-01,5.233246846271393249e-01,4.230497901045343068e-01,6.635269963171325225e-01,3.705644365298960130e-01,1.468985778755012295e-01,3.747557172901254674e-01,7.522218351605198805e-01,8.130184986376332024e-01,7.918168427931441267e-01,5.917649527521816610e-01,3.238318703273513899e-01,2.202271482323577348e-02,-6.450676111790268341e-02,-1.439269520972841776e-01,-1.155291697132263401e-01,7.586686172649646787e-02,3.410277835044973060e-01,3.623378729998749104e-01,2.197240648997614010e-01,2.257230982632968952e-01,2.013991411488023353e-01,5.344237926967070063e-02,-5.958882404147681361e-02,-1.784228934609024542e-01,-8.763546591249510298e-02,-2.349823731007444627e-01,-2.971479406265359891e-01,-1.727049733569359369e-01,-1.716737225182272952e-01,-1.869328360770297626e-01,-1.196634251328818482e-01,1.200677637721054153e-01,2.287835655248326439e-01,4.806670396165280135e-01,4.609606037492065544e-01,4.837335109250105458e-01,2.953694348184071616e-01,-4.415492705450722866e-02,-1.046682106806926110e-01,-2.697966876587929441e-01,-1.007810424535270089e-01,-9.063769321446123184e-02,-2.485882773379633204e-01,-2.489511460140210186e-01,-2.191719153650357743e-01,-1.152117858440247777e-01,-1.469088328522662745e-01,-3.545766656890584345e-01,-3.220871482220064586e-01,8.960579188495457204e-02,-4.537492925752281692e-02,-3.825258016481465351e-01,-4.718748993867871167e-01,-3.397334638726438039e-01,-2.606673344044890817e-01,-1.659305091633817564e-01,-4.267689349822906819e-01,-1.138845322294738116e-01,-5.106343671668537310e-01,-3.755843549990926511e-01,-1.304366500032775322e-01,2.414496305009225796e-01,4.715579271343264267e-01,1.408667822778262857e-01,-1.123442296392948431e-01,-2.570606253916474793e-01,-3.309949147311296858e-01,-1.958668135803040555e-01,-1.364060710401045207e-01,2.744171096425927249e-03,4.089639974464693672e-04,1.775563861345228478e-01,1.886952099311132725e-01,2.517605408275179479e-02,-1.372175498318045084e-01,-1.137976351209143977e-01,-1.037879831446781448e-01,5.134461292801934668e-02,1.024169104208381420e-01,-3.869225680974386263e-03,-3.946423111043526055e-02,-1.823268530705556001e-01,-8.041046871981011313e-02,-5.289547265772085588e-02,-7.030753953066418149e-02,-4.737822148054308957e-02,1.125296661205038296e-01,2.072669393544482874e-01,3.447809882223125677e-01,4.326230528390930807e-01,4.405509552254640027e-01,1.310019437467443426e-01,3.672486303006389924e-02,-1.245617882110425512e-01,-1.341649293979405300e-01,-9.037015476283746795e-02,-2.064251978195271245e-02,3.513115321954956571e-01,3.934857775370076416e-01,7.253326710494532037e-01,9.483560741685550521e-01,9.999999999999998890e-01
