0.000000000000000000e+00,1.989269421031103491e-02,4.365147684907477732e-03,9.847814165911272788e-02,1.740260509115482135e-02,4.059858148181547804e-02,6.975046841660455244e-03,5.497520404860978260e-02,1.557824804755733594e-01,1.253063370337434423e-01,4.617279506575222570e-02,3.344969035077210995e-02,1.283878200355699217e-01,1.259097014433827599e-01,1.545175506708551527e-02,1.101315059644070171e-02,3.459149602801564471e-02,1.300988045420292116e-01,5.372752221625481939e-02,1.405107153555668620e-01,2.146650487821774589e-01,1.926628107511929588e-01,1.901186358042822322e-01,1.373010174919782611e-01,2.902437585050798852e-02,1.356193732522915640e-01,2.120694805961657048e-01,2.202034859289741797e-01,1.055347121953855161e-01,1.727502067819675080e-02,1.390593070959591504e-01,1.818881464629863165e-01,5.353970019433743066e-02,2.554268800545611562e-02,7.290685899188482921e-02,1.083915254356435931e-01,1.634913967097204046e-01,6.303513767849040772e-02,4.962073041596307132e-02,1.896549567031016736e-02,4.703417744141236145e-02,4.942128291839487098e-03,2.508242944504160410e-02,1.657999925119882367e-02,9.446923117904421074e-02,9.300761357670284113e-02,1.449979156655011869e-01,1.524013836819594625e-01,1.125093240109910631e-01,1.003057378351191742e-01,2.019353838251303213e-01,3.171959014194798004e-02,5.791134901638830823e-02,7.619446433360169135e-02,1.942554640834665003e-02,5.862087547720140623e-02,2.748107638260666175e-02,4.204753747006173548e-02,1.077233880250298981e-01,6.864649831416180792e-02,1.967881932157591329e-01,1.319690238049940345e-01,1.268334217251571028e-02,1.449495336383408439e-01,2.797159848166003160e-03,1.565535393385386609e-02,4.866904653339820808e-02,1.349689962836064239e-01,1.910519277033220775e-01,6.224941974058567640e-02,4.465722088565507453e-02,4.127571714816830051e-02,4.154913142922950220e-02,1.048640061459216177e-02,9.825870991809149135e-02,1.839471531202376831e-01,3.116052509077710808e-01,2.771861472295958917e-01,2.519449565987210704e-01,1.618893914986175853e-01,7.112634587338162451e-02,4.095960145429435040e-02,1.718314821115673463e-01,9.439969015678040254e-02,6.336779887868235206e-02,7.746457988814348106e-02,1.488425379688005923e-01,4.041793403251975336e-03,9.494811100876521248e-03,5.750805414869447629e-02,1.670920331494916700e-01,2.000422879005370191e-02,1.142272767863963812e-01,2.152847117567876223e-01,2.362778115549240554e-01,2.872636190519790578e-01,3.620012384865317623e-02,1.165329579064311449e-02,1.350054929013709826e-01,1.004596761492599355e-01,4.494137779934720411e-02,1.050831428989593419e-01,1.769958895574367808e-01,2.305337816688105002e-01,2.859369048652533052e-01
1.989269421031103491e-02,2.220446049250313081e-16,5.014992562438314039e-03,3.955475474943848102e-02,6.469733537076705066e-02,4.053568065522095143e-03,6.587320184609300744e-03,2.653013840626505804e-02,1.096910509016414959e-01,1.670883389174832034e-02,4.564818845690732374e-02,3.482868917756348770e-02,1.267551165601502050e-01,3.442793048629977370e-02,8.785202004626069261e-03,3.196405885964087590e-02,4.297117465588379259e-02,1.353949055802346757e-01,6.325560205548313997e-02,1.436825023538529367e-02,5.848819617211213628e-02,7.705198549607442104e-02,7.336058939030433435e-02,7.057966461485484788e-02,5.277631176624458798e-02,6.917107946083572712e-02,6.643610258618892761e-02,1.029039602476408133e-01,1.166342378102800531e-02,1.243558639316710845e-02,4.077870298830851836e-02,1.945117173403184685e-01,1.166144805770893272e-01,1.354835551383184455e-01,6.066548388562588434e-02,4.795005567898746879e-03,5.258934691718173543e-02,6.221336225025535238e-02,3.880091698694410063e-03,1.303482188008497911e-02,2.909851155236897746e-03,2.210918977209533343e-02,2.923237821038915385e-02,9.629197585807713899e-03,1.197168406174394240e-01,1.014989248207280870e-01,9.729262619454923100e-02,1.042720223525546996e-01,4.294387081207522161e-02,1.082975161324100932e-01,1.819613335841451796e-01,9.798842652619188520e-02,5.634790819332055611e-02,3.254252366002077790e-02,5.303572173264442524e-02,2.730650730866701625e-02,7.674399119359176513e-02,4.276867909653758737e-03,2.034294423620874870e-02,5.644040309210696105e-02,1.322645615587147994e-03,2.216503736085340126e-02,1.476696518223293286e-01,6.623399878626598514e-02,3.079693116480053394e-01,1.651129713985382275e-01,7.920238098703902274e-03,2.326338565598773389e-02,3.612104179145375626e-02,1.024784348266943868e-02,1.163016279892774285e-02,6.426732092857267986e-03,2.253234138374160533e-02,7.301238215093430739e-03,1.314308889504223199e-02,2.182206513708084827e-02,1.370216862812645431e-02,5.610121022412797864e-02,2.476555314667011620e-02,5.480293901670529877e-02,2.708473402857775048e-02,6.454176476013016861e-02,4.865140205656559580e-02,7.229175051575775779e-03,1.850953517658293634e-03,9.290175283707596821e-02,6.540027697298989029e-02,2.843857038459982056e-02,3.641626061206601483e-02,6.358706245775364030e-03,1.120516591265015016e-01,2.554867238052827005e-02,9.291700459497231890e-03,4.639816984300626501e-02,2.427983893937762927e-02,5.633242545734540307e-02,9.329712919653782022e-02,4.894325417912037679e-02,5.784451361575615458e-02,2.520034572929241712e-02,7.861320463656173985e-03,7.573490413784098041e-02,7.821260580536469609e-02,5.523462909581916547e-02,6.944747627458056072e-02
4.365147684907477732e-03,5.014992562438314039e-03,1.110223024625156540e-16,4.416119620198000195e-02,1.110090072456106913e-01,2.991083989669351961e-04,5.489368807386035831e-02,1.430834803114872100e-03,1.925268326280082931e-02,4.571079607527983590e-02,4.731823170171978177e-02,1.396697298163035450e-02,1.683664888873516730e-01,3.500232956117232952e-02,3.693688527104455055e-02,5.119944353557248640e-02,5.180586317836460841e-02,5.411704755715812665e-03,7.457211608666167169e-02,7.453239377950365840e-02,1.167577270704988068e-01,9.632343286387734516e-02,6.768135320591403548e-02,3.062091194777741276e-02,1.931630816650459215e-02,8.235394383471333901e-02,8.756739674883262659e-02,1.325823439253999148e-01,9.109411638005104894e-03,1.568670627003329598e-02,1.294611434506813819e-01,2.097785748599459155e-01,1.884566179662246210e-01,1.435979630326681689e-01,4.417714702993201514e-02,4.122113268704527544e-02,8.783965539010603341e-02,1.586897035566781772e-02,8.379299688379970856e-04,4.727574640554649266e-03,1.684503743608854742e-02,1.545142713077288232e-02,1.160152994492971712e-02,2.152654611669940765e-03,6.850940417571529939e-02,4.445091269335338380e-02,9.187325264387374846e-02,1.196638625864623051e-01,1.071245032889513310e-01,4.967125185560597456e-03,3.468000570163533303e-02,4.550479307919391009e-02,4.151777129323511173e-02,5.892784521989315183e-02,3.589084385251573028e-03,9.863552057428887077e-02,2.696139231673105874e-02,1.044587971342569865e-02,8.068856746566988036e-03,1.025995806784054110e-01,8.240308481663288775e-02,5.356921643333334426e-02,2.018322401422757151e-01,1.450297294406956428e-01,2.690233162120186927e-01,1.243364832061835679e-01,5.561554099001941864e-03,3.967170227906269275e-02,6.555382122627240182e-03,4.082108612718207685e-02,7.111506494930738831e-03,6.239880385462304169e-02,7.647606200262102583e-02,5.396284298200260121e-02,4.083824044948058951e-02,2.090918364719629441e-02,2.465603876598732036e-02,7.079644917428482009e-02,5.532519369592198144e-02,2.506185816165740210e-03,7.746708127270135469e-02,1.024292781079477882e-01,8.298133462671830607e-02,5.066235581743128158e-03,5.081651891755717410e-03,1.300883495722807703e-01,1.182505300462851072e-01,2.601077173658331021e-02,2.833811293555604793e-02,8.888876406253243267e-03,1.791247627324193126e-01,6.039738816595996429e-02,1.040924295874878780e-03,2.957416872538648489e-02,8.728208334218834352e-03,1.937575197984831715e-02,7.804632623503077182e-02,1.867735467101172553e-02,2.892091845735311750e-02,2.684664472931874712e-02,1.681492725636796193e-02,5.449157425834760815e-02,4.921607948821227208e-02,1.585034615454439244e-02,5.696483102093047313e-02
9.847814165911272788e-02,3.955475474943848102e-02,4.416119620198000195e-02,3.330669073875469621e-16,6.409604745495434130e-02,3.593438859569830779e-02,3.113832515710790450e-02,1.835578981581506564e-02,4.678600548887610483e-02,9.004248615743781770e-03,1.394301958211735526e-01,1.429020754447710151e-01,2.308213331669405899e-01,1.622634858033280558e-01,1.695926627019793687e-01,1.189946574533605750e-01,9.250881621947720790e-02,2.469367989293702603e-02,5.598211282795506616e-02,5.389105163727531123e-02,4.978733360422971099e-02,6.460673003281380833e-02,1.502749163396890214e-02,2.690519553453286916e-02,6.422359946223227256e-03,8.745676649851785722e-02,5.864474511064826645e-02,1.382602729599488045e-01,1.314631470813761027e-02,2.805226663051621494e-02,1.116250676550045451e-01,1.786018254970648256e-01,1.974462854052632110e-01,1.149352644976310289e-01,1.842236773163654501e-02,3.922884802809603610e-02,1.072100908634987665e-01,5.380662329353525647e-02,5.436350860987818057e-02,5.812328051658269962e-02,3.225691904094716428e-02,2.244168390844353267e-02,1.514700795003456890e-02,8.858222879092672586e-04,4.082097265020767640e-02,1.340637325672508484e-02,2.391164433756143987e-02,6.242324400300763854e-02,6.054307541776560858e-02,1.646980401365805841e-02,8.320068794216111188e-03,4.244119218958820883e-02,4.026103347341766087e-02,5.790983490479732765e-02,8.018709225610154423e-03,1.136721527762090123e-01,1.028641733997559538e-02,3.459920671831462347e-02,2.897738330163079912e-02,1.282895233793854839e-01,8.599445698966312612e-02,3.236148519840287285e-02,2.646302811672190947e-01,2.623700208124335465e-01,3.141117460300502096e-01,2.044282636720850255e-01,1.608658604330058528e-01,3.645096020857557795e-02,2.985391944279253140e-02,9.468431068164024147e-03,9.801857187067386512e-03,9.307593493721344480e-02,4.851222736753402209e-02,2.806016057871008051e-03,2.314373567987537683e-02,6.718934423224165453e-02,1.005347254154922015e-01,1.157046419585243124e-01,9.796238559104858412e-02,6.616811783388273915e-02,1.108538178951480324e-01,1.284884272390232063e-01,1.199971271072641787e-01,8.921010503622262000e-03,4.630007702453503571e-03,1.452300857690397018e-01,1.353607142169933053e-01,1.718618519889839047e-02,1.823933341517552237e-02,2.056038219164849773e-02,1.578723345632326858e-01,7.294353085976201800e-02,1.084443932000261901e-02,4.242578825016307675e-02,5.023091890361042200e-02,9.018270590221683092e-02,1.330055866467099723e-01,4.450358054419450982e-02,4.915341659629335336e-02,2.059091834877480043e-02,6.564930765787846401e-03,1.507225858824429165e-02,4.069004689049135481e-02,2.244529287911628535e-02,2.956267244437676966e-02
1.740260509115482135e-02,6.469733537076716168e-02,1.110090072456106913e-01,6.409604745495445233e-02,2.220446049250313081e-16,1.387854409446626081e-01,7.608120091596737300e-02,1.998143283321394126e-01,3.987983682122920870e-01,2.391865163393544214e-01,1.782270193949159198e-02,8.767531771692493869e-02,1.500589932640822577e-01,1.857710473978985144e-02,4.045982311135237763e-02,1.309640437733338714e-01,1.783435855242501700e-01,1.828165676337839829e-01,2.177357789674042032e-01,1.701540510002282069e-01,1.321555987317088454e-01,1.229603699175406545e-01,6.967259963854752214e-02,1.327612257473617663e-02,5.602052941932889052e-04,6.182600688040273962e-02,1.889273786362247187e-02,8.673862842612914403e-02,6.678222800949179527e-02,1.208967660424408452e-01,2.096614077049382685e-01,1.585145289261065682e-01,3.013995882430345885e-01,1.501124220259281716e-01,6.776101470830744877e-02,4.676958758980906405e-02,9.343759159043457663e-02,1.692336311552958619e-02,4.167490122368575078e-02,3.191944762713500722e-02,5.565837501138104493e-02,3.524042709166540915e-02,2.642013651416853792e-02,1.943485144947394022e-02,6.215500154822464068e-02,7.322993676879691050e-03,8.198123940282935063e-02,9.109288467249160304e-02,1.268802173787769161e-01,1.022809138644226734e-01,1.333202847241566069e-01,2.005622313712053795e-01,4.207043214508598278e-02,7.214083143448229984e-02,4.060417270600577555e-02,1.980104427164409708e-01,1.332299684040412768e-01,5.705325227599827853e-02,1.347242386800534542e-02,1.124798820842975444e-01,9.763002056951464169e-02,4.114167442262484098e-02,2.638310304790666416e-01,2.845187391809321786e-01,3.794377970483914231e-02,8.260109816675015315e-02,8.652316704811413572e-02,8.452560455190455402e-02,1.512931322412910395e-01,1.932966771294430675e-01,1.345172777445821644e-01,2.276945357474968734e-02,1.295497539383095864e-01,6.916844943644218091e-02,1.050926731314080209e-01,1.096579010822074096e-02,4.660679925702338605e-02,1.269463080686569767e-01,1.273207906650783428e-01,1.266633551998220530e-01,1.761520280103175684e-01,2.120871910679377192e-01,1.777105916763602744e-01,4.764661934657765663e-02,3.003238044721735778e-02,2.003657820834372494e-01,1.926658626651879258e-01,1.124712847530907368e-02,7.149228905118915241e-03,6.646037936507342980e-02,1.673783343897896625e-01,9.762130257514370357e-02,4.745860089401682247e-02,5.702981350196151267e-02,4.236826409441540875e-02,2.622852762261984605e-03,4.125569656992504608e-02,7.125708603438019040e-02,1.359841372035541784e-03,7.604729734020876375e-02,3.659355251160179012e-03,4.001592653398286514e-02,1.274781304490933687e-02,3.262888591887266876e-02,3.764604208068306201e-02
4.059858148181548498e-02,4.053568065522095143e-03,2.991083989668241738e-04,3.593438859569830779e-02,1.387854409446628301e-01,0.000000000000000000e+00,7.141317322490348118e-03,4.762380215103700909e-02,4.249449488666078856e-01,1.646072702073264615e-01,9.614054672791742806e-03,9.363273662888843551e-02,8.998630486171592391e-02,2.051266103556331766e-02,1.505559197287059670e-02,6.808027752720635650e-02,1.413340775931637427e-01,1.602367888016874575e-01,1.489355984139834332e-01,8.050944787467806396e-02,1.517022998751288432e-02,3.149219583417081636e-02,2.152931508023073204e-02,4.573168153459986757e-03,1.730556330945128007e-02,2.355456484377793647e-04,4.550985448266803290e-02,1.909843962160469658e-02,2.447292932243377850e-02,2.516284251621719870e-02,4.245876928520075921e-03,4.385107231076812440e-02,1.199320207532379445e-01,1.677978999946194705e-02,2.003107527944941735e-03,3.076021914984974209e-02,6.535746582997756238e-03,1.778243778879790363e-02,1.642727515973745056e-02,2.140702060865620759e-02,6.204338582280748138e-02,3.231652652849940216e-02,2.899501959083856245e-02,2.239854232345295931e-02,5.237031542088649988e-02,7.764438548982567981e-03,3.079362645161733136e-02,6.357981461425354919e-04,2.064490639084481938e-03,4.374447375624931911e-02,1.470507725087326634e-01,1.794653217489901587e-01,5.215676258473883609e-03,3.764403985048088430e-02,1.098166146303440616e-02,1.293354782435921502e-01,9.808455448441694147e-02,2.567364602250452044e-02,3.855529440768430682e-02,1.075224384228714580e-01,9.906985809548403410e-02,5.318464381898305171e-02,2.790707097314090168e-01,2.659999596296087065e-01,1.218018171668047711e-01,8.027816306230028953e-02,5.052680915350687973e-02,7.961438514319431337e-02,1.087995993487757967e-01,3.616646479563279115e-02,1.685374769450631582e-03,4.534446232699718138e-02,5.038445193093943342e-02,2.090781942664909909e-02,4.243876585124729817e-02,1.000656829112947510e-01,1.256905371829286355e-01,1.368877638539380825e-01,1.113647025226593146e-01,9.784895020178389913e-02,1.129345644876151022e-01,1.335468827130712466e-01,1.251668558636823692e-01,2.800846090346139489e-02,2.511022343921102962e-02,1.455638712427433645e-01,1.388495349719449656e-01,3.264786778066366968e-03,1.263461635503100589e-02,4.602374429444392595e-02,1.172095216450385058e-01,1.038049631867496575e-01,5.975489428003681602e-02,8.358909256081228922e-02,1.322820116312566907e-01,1.472339659457050920e-01,1.372486670436342815e-01,2.666104126169822203e-02,4.129914376149207422e-03,1.076472509804757283e-01,2.165025865531261529e-02,1.424033696764892554e-02,6.246405764317314313e-03,4.158737918838429498e-02,5.610858938779225702e-02
6.975046841660517694e-03,6.587320184609321561e-03,5.489368807386038607e-02,3.113832515710790450e-02,7.608120091596737300e-02,7.141317322490348118e-03,1.110223024625156540e-16,1.371373960283787108e-01,6.418045175376947409e-01,2.691474823233107605e-01,1.381001133374124001e-02,1.427738471456437841e-01,1.437439173114645752e-01,5.151265947283667490e-02,7.147317990228052587e-02,3.545784638052501547e-02,1.115713869485164822e-01,1.389342153007594727e-01,1.426730360506822948e-01,8.531811295282504259e-02,3.454804584852091964e-02,4.759801346816165679e-02,2.305129947323480283e-02,1.141546233578710767e-02,1.598866559560976897e-02,2.649031570648552325e-03,6.318393241469613675e-02,2.115483312652800124e-02,6.366093289554275447e-02,3.378903783131892435e-02,2.011253068886642570e-02,9.815806152150552411e-02,1.585718134577146499e-01,1.191067584072164065e-02,6.675264890373955318e-03,3.438405654683294316e-02,3.083718756945255657e-04,3.600378616799038145e-02,9.170637238989517992e-03,4.684905311230794234e-02,4.321542825495937323e-02,1.014067670292841811e-02,1.414034520181822741e-03,8.540328965170169290e-03,5.284281592250561488e-02,1.271623640078428652e-02,4.079996631368988658e-02,8.209016024625086227e-03,1.395216384013603372e-03,1.028221872387333202e-02,1.217739296499861651e-01,1.799218279853332103e-01,6.982333970784243560e-02,1.421083150248273613e-02,4.508303200244043879e-02,1.615101255550505377e-01,1.562110082691821611e-01,8.862517035958714096e-02,2.467687182463451645e-02,1.248117880651749417e-02,2.828550820798271179e-02,1.014422153074653887e-02,2.026301257880377960e-01,1.615876709555670865e-01,1.665472245155016351e-01,1.575896574376600690e-01,1.687275254090689902e-01,1.018544548798386851e-01,1.345765296730451199e-01,1.405848642693433570e-01,7.723408450852309315e-02,7.957482189228648473e-03,7.447332358740504921e-02,3.636533137588215947e-03,5.555276123872625316e-03,8.299548262900992290e-02,8.843426690921345201e-02,9.746298592446395181e-02,8.246300190662696206e-02,9.520403314338413137e-02,9.760000532671034290e-02,1.047340936722819249e-01,7.671712262075205957e-02,1.749814047020729207e-02,5.661721405725864131e-03,9.086673983276258304e-02,8.992092755606685694e-02,1.468944007373241406e-02,9.599499327388842651e-03,1.193421915386924312e-02,1.005036620168243827e-01,7.354547810487244153e-02,3.327650407585618780e-02,6.113664048992829836e-02,9.143621837318594014e-02,9.172363183458515090e-02,6.716653070382999635e-02,3.150167670049048435e-02,3.267027729636276523e-02,1.125127650498973231e-01,1.138986208900882868e-02,2.532777749536302414e-02,2.151994024294417995e-02,3.199439716917787391e-02,1.241896754812668591e-02
5.497520404860983811e-02,2.653013840626505804e-02,1.430834803114816589e-03,1.835578981581509339e-02,1.998143283321394681e-01,4.762380215103689807e-02,1.371373960283788218e-01,0.000000000000000000e+00,2.632825759766703744e-01,7.386988039871555944e-02,8.517256236633738431e-02,1.181158976626399126e-01,8.160825006598590448e-02,8.720353722886547976e-02,6.253287302048096685e-02,1.767315478523462380e-02,7.061292637190563770e-02,1.104072539289408517e-01,1.342095953970560973e-01,4.798113861351976928e-02,6.139835160989259855e-03,1.988466446831874124e-02,2.098043075926970397e-02,4.036354775323708344e-02,3.152545424398672802e-02,1.846261983582739991e-02,7.460146794422875538e-03,1.882315405179463275e-02,5.146737773213644340e-02,4.331004008133682026e-02,1.309308892584101214e-01,9.594277843435311537e-02,5.016254611850756717e-02,1.369802848901256476e-01,8.660880052265068629e-02,7.359466087588313610e-02,2.000066770359640311e-02,1.389560395428816528e-02,3.475939510948741068e-02,7.496350514907813845e-02,1.676508268549567471e-02,1.450909935527337769e-02,3.641553505543844438e-02,1.811249693450175946e-02,1.937648549814489224e-03,4.076354767140998037e-02,4.759886137564603437e-03,2.632198680254446699e-02,5.456265082299999181e-02,5.559894499229889320e-02,1.122336735551816012e-01,1.962063463902383176e-01,1.185169110189635278e-01,6.629445444797307796e-02,1.478416873515617930e-02,3.832638997451853768e-02,5.425629702508692753e-02,3.057784233288747544e-02,3.736834417660137020e-02,2.281669411770842482e-02,1.746794040126722902e-02,1.030070383400097378e-03,1.256395051032095367e-01,9.237913335717373720e-02,2.445792951243284663e-01,1.590038907520882061e-01,1.304525294760791043e-01,5.978991023936849891e-02,1.278889725729470683e-02,1.929494055328317970e-02,5.703778281687399421e-02,1.043709180428331607e-01,5.991074146853010707e-02,7.569235774726607024e-02,6.346879559501902857e-02,5.569574073210706300e-02,8.301445136323887253e-03,1.741278523337463219e-02,3.847688435766352666e-02,3.843346356160024652e-02,3.867032072410356291e-02,2.382126392948816229e-02,1.513021098572647771e-02,1.278515629615561977e-02,3.472720196810630267e-02,3.338925354492650044e-02,3.709241478399069591e-02,2.118787949259430536e-02,1.123839101697350629e-02,2.157860225163400758e-02,5.926761037369315810e-02,6.318813557257967062e-02,2.738340666373467736e-02,2.137471701410124936e-02,7.941112629207652818e-02,1.034084422594768737e-01,1.403618295702098728e-01,1.051929748518745378e-01,5.240678631583923358e-02,1.114031782031910112e-02,7.198792812967835797e-02,4.173040583933246284e-02,2.862273478733101673e-02,7.591035118514305458e-03,1.005228690157317084e-03
1.557824804755734427e-01,1.096910509016414959e-01,1.925268326280082931e-02,4.678600548887611871e-02,3.987983682122920315e-01,4.249449488666079966e-01,6.418045175376947409e-01,2.632825759766705964e-01,2.220446049250313081e-16,2.559301230700273821e-01,4.617968609217532605e-01,3.692467093052291260e-01,2.118254113482551659e-01,1.931075790566963712e-01,6.725397788637541008e-02,4.482443224627777334e-02,2.258817675453881346e-01,3.037486564620824336e-01,3.103734703622983426e-01,2.152140108981865918e-01,1.407226767256749000e-01,3.084898326932838941e-02,2.411581232005383102e-03,9.293346065415003521e-02,8.548305995515943778e-02,2.051797096460003522e-02,3.465352945439789667e-02,1.602926568622647929e-02,4.045861093249564222e-02,1.540509083548022018e-01,9.773802660910002604e-02,2.454186544884202348e-01,1.111424331049528647e-01,1.058136055715853951e-01,4.188063211335499303e-02,5.674548027237166087e-02,3.686159203874307677e-02,1.023820933550275564e-02,5.876229895764014527e-02,2.994673393777456949e-02,6.701992157683916984e-02,2.523663843824514724e-02,2.305266038037628862e-02,1.171228286866182744e-02,3.699529191672550066e-02,3.450369937245965912e-02,6.071826150060188887e-02,8.790478347308960938e-02,1.119133658068425241e-01,1.411284314915611793e-01,2.855620067683342089e-01,2.869334214117102988e-01,1.486321224696841858e-02,3.390046337219518313e-02,9.755825754867769595e-02,1.289907414604664904e-01,1.520168002945458119e-01,1.106451132816719529e-01,7.867052739153879148e-02,1.535343350823948072e-01,1.912143536746482575e-01,7.895300328850618499e-02,1.385281106558671482e-01,2.463768596402157729e-01,3.497248133836790007e-01,3.940290307962536764e-01,3.373775780966651316e-01,2.739081687752301097e-01,2.715759691279520105e-01,3.619061339437328328e-01,4.452407841410035982e-01,4.490655148150319298e-01,1.784378983349482195e-01,7.843069905500588135e-02,1.104354066873031170e-02,3.638450728607389717e-02,8.814483397143127452e-02,2.665158389088799484e-02,3.690250194635948111e-02,1.392983448091165144e-01,6.250596255551563174e-02,4.584130739167804891e-02,9.194550943227108863e-02,6.607747826587095918e-02,7.439050117463077982e-02,1.585425590747074620e-01,1.390503656122905607e-01,8.936992053264929126e-02,7.209959122148981714e-02,3.314838084515776828e-02,4.101790022478651876e-02,1.218968675161629101e-01,1.509674016872385727e-01,9.165121070460098551e-02,7.074760503521518307e-02,7.618789097315809000e-03,4.522528529239772110e-02,4.718617272253000650e-02,4.968821443442900110e-02,8.076216235409167110e-02,1.696196124073693079e-01,2.607983958608788844e-01,2.394078706667521206e-01,1.252697184489728333e-01,8.309117051669226428e-02
1.253063370337434979e-01,1.670883389174832034e-02,4.571079607527983590e-02,9.004248615743615236e-03,2.391865163393544491e-01,1.646072702073265170e-01,2.691474823233106495e-01,7.386988039871555944e-02,2.559301230700271601e-01,3.330669073875469621e-16,1.391543033253428430e-01,1.401723885911315692e-01,3.201831049651990835e-01,1.554038879878580914e-01,4.444506780213797192e-02,3.363641216955894075e-02,7.899099349589230878e-02,1.059322556304468366e-01,3.490266598180469249e-02,2.534055085792535911e-02,8.785528946267295858e-02,1.270284165302759671e-01,8.991173828902768173e-02,6.717801558420564978e-02,5.476697530521668078e-02,9.690374346864261135e-03,4.400066868901986172e-03,1.607254881475544961e-02,7.221538593212140089e-02,1.873868863220645720e-02,1.159102022870407422e-01,1.235450941044741180e-02,1.124919176605317372e-01,1.017443348722831820e-01,6.060675584202579458e-02,2.805918457140293976e-02,5.672741624294676266e-02,3.031051335038184580e-02,2.032795543165934193e-02,4.616631683483624071e-02,7.380515552720562367e-02,3.106848690245585243e-02,1.662253109355618652e-02,7.039240369020496879e-03,2.479247625639743879e-02,7.068619909915974109e-03,3.913813078525504863e-02,5.672028591433503353e-02,9.574316833550328143e-02,3.898039397270847140e-02,1.295815602758908502e-01,1.100989291850089646e-01,7.308951777754538193e-02,4.979925771360416142e-03,5.775367363554489986e-02,6.203649446562417569e-02,4.650991367082191186e-02,4.267415456613593561e-02,5.632263067748966012e-02,6.629953069173827318e-02,1.111782381270944309e-01,9.965907242857363624e-02,8.130116432443162955e-02,1.550197647388747990e-01,2.992649421766150342e-01,2.134753442393679257e-01,1.302834544227801095e-01,5.220627129416766099e-02,1.241137745559406369e-02,4.982634217295056622e-02,1.800307075059854323e-01,2.406298069805981876e-01,1.574110050858572585e-01,1.473263831338599839e-01,1.602903989070974533e-01,1.188661795285896328e-01,6.865458980965624680e-02,4.302146057824274283e-02,2.142540640630534454e-02,3.687485910648861942e-02,3.106950989115305622e-02,8.331864436529057283e-03,4.909815650943188947e-02,2.489475842879607104e-02,1.874699015690373116e-03,6.663459431948881573e-02,4.717192223135385776e-02,8.405162126235266040e-03,1.784380943025523636e-02,1.985811904777234904e-02,7.186860974746855923e-03,6.504213488644150498e-02,8.713626249945050084e-02,7.800415933341764418e-02,1.053446917095751945e-01,1.561121950326393726e-01,1.978614524148987197e-01,1.719192819133561478e-01,9.930202029801027397e-02,8.309404476429266273e-02,1.140425439317180878e-01,1.225130179691635152e-01,1.240366214661023925e-01,4.087237952434735755e-02,9.168819813906758931e-02
4.617279506575222570e-02,4.564818845690732374e-02,4.731823170171972626e-02,1.394301958211735526e-01,1.782270193949159198e-02,9.614054672791767092e-03,1.381001133374122614e-02,8.517256236633739819e-02,4.617968609217532050e-01,1.391543033253428430e-01,0.000000000000000000e+00,3.725380131334077305e-02,5.082030858928928696e-01,2.949307113544645809e-01,8.601656220872899716e-02,2.715579508969175049e-02,6.009601737091968543e-02,1.321908565306454397e-01,1.320945958630637129e-01,4.058581129659441511e-02,1.713001451042811540e-02,1.102980751913421320e-01,6.589881580064951838e-02,4.909935266361251105e-02,1.026781345764282705e-03,7.445005529160048097e-02,6.875899956053249662e-02,5.405767187213120217e-02,1.527828540729617157e-02,1.428249113128654546e-02,5.874044480771865862e-02,8.859958676192179750e-02,9.820974810595817228e-02,9.817858261366502193e-02,2.625845040511942674e-02,3.143723327348371677e-03,7.407491331677176771e-02,1.037525693569590901e-02,7.139815712773105172e-02,1.075395151289818135e-01,5.385453501089937367e-02,3.491120447172669367e-02,3.112613088509556813e-02,1.256577393467955828e-02,2.500452687795515216e-02,2.829396256753827221e-02,4.892457329772978425e-02,5.010787960312082512e-02,3.368957156195434566e-02,3.513655320366210200e-02,1.349314798012652139e-01,1.403942735472029912e-01,1.962059464137156373e-01,1.107657250727848014e-01,7.197896119464253228e-03,9.564291195557683700e-03,1.426920113768279097e-02,7.230139177812400231e-02,1.022926904444901308e-01,5.901625197285476077e-02,9.138830724879887235e-02,1.426196950742543157e-01,9.226488455205300587e-02,9.848548486689656656e-02,2.583767405069112288e-01,1.114353249836176341e-01,1.755843678486341819e-01,1.434797336594381134e-01,1.479658809494961424e-01,9.873819953228313295e-02,5.908781481808713515e-02,2.476280640368727637e-03,6.831042126157382821e-02,5.022359202783593934e-02,1.218886928339768527e-02,6.054115474038890277e-03,5.548387057165128644e-02,7.068137817929187605e-02,1.183064930612521548e-01,3.690761686901959659e-02,3.917219237905793239e-02,1.819828295877007340e-02,5.617870594839938225e-02,3.397229725582631699e-02,3.780123623842035485e-02,1.320603538971698576e-02,4.776508519721250901e-03,1.323408393250175008e-02,1.758956155627490470e-02,2.132585486664637098e-02,1.620439154737737808e-02,3.216194907248681734e-02,5.788002463200539460e-02,7.655984185265979347e-02,6.086319383438093533e-02,6.206418951372418696e-02,1.787984843757722819e-02,3.335836828178617708e-02,3.973142933402007415e-02,4.668201922631820544e-02,3.105872974521700636e-02,5.574746094172236544e-02,1.315796487099362144e-01,1.111863350481645529e-01,1.394952453894585942e-01
3.344969035077210995e-02,3.482868917756359872e-02,1.396697298163041001e-02,1.429020754447710706e-01,8.767531771692496645e-02,9.363273662888849103e-02,1.427738471456437841e-01,1.181158976626399681e-01,3.692467093052291260e-01,1.401723885911314582e-01,3.725380131334077305e-02,4.440892098500626162e-16,6.888554905700585707e-01,3.388526096473628568e-01,1.412776629269550943e-01,1.049551234795374210e-01,7.664182886896186986e-05,1.006331942040612770e-01,9.090880500790279872e-02,5.155730865391644491e-03,1.633240354501336311e-02,6.214427481841880430e-02,4.333928982963031196e-04,1.926707351024820047e-02,6.145522696729854850e-02,1.537226888664099955e-01,1.387245491383164997e-01,8.666030097944468769e-02,2.932807605958431818e-03,3.947307893224706599e-03,3.055535081427268596e-02,2.558981444716801334e-02,3.146895450695842700e-02,5.968412870209480192e-02,2.865264567972276161e-02,3.965780396215576320e-02,4.703783869155953729e-02,1.524976004188718925e-02,8.795608780719629816e-02,1.239604116211938806e-01,5.301704920753838590e-02,2.929562516600392810e-02,2.535944677727558494e-02,2.185481771896957692e-02,1.415789849212412133e-02,7.631683273788442134e-02,5.066809615249195931e-02,4.011626896686465438e-02,1.091077608596791038e-02,8.981147257164151521e-02,1.625510823830563778e-01,1.734793464008420605e-01,1.474089417428438298e-02,1.874015680197851919e-02,9.128568369016978878e-02,9.649980177386779934e-02,6.483210685450940813e-02,8.796021145986160361e-02,1.512317624541169025e-01,1.329077660658868898e-01,1.315904750819555935e-01,1.232300790464645468e-01,9.421239532716435550e-02,1.497151055392951513e-01,3.105075136275270986e-01,1.886800398820999147e-01,1.991258672690255915e-01,1.894150373794730169e-01,1.568314520255935651e-01,1.085385800136920986e-01,1.026939348594768930e-01,4.526850781654237488e-02,6.026042223600019954e-02,4.241718759154833318e-02,2.634136684616433799e-02,4.016786561486485052e-02,6.911711488725724717e-02,1.043702335811165505e-01,8.401645832483238541e-02,5.147953361204826717e-03,5.056404518369264633e-03,4.510960419361370599e-02,1.014181635127285597e-01,4.067296765649766610e-02,6.672338168206939923e-02,6.671620242055570360e-02,4.376761917977350924e-02,6.008799859419253209e-02,5.771778266707885963e-02,1.740858713826196058e-02,1.865995907635423223e-02,8.227700698021372938e-02,1.183741260893269032e-01,1.297273885379760516e-01,1.537086963421696040e-01,1.349221504497350455e-01,7.729815887169905197e-02,4.063635017753891576e-02,1.107404622656070203e-01,1.159702065066339771e-01,9.071698545463213748e-02,2.526339662046234169e-02,1.150080022384783046e-01,8.922111213901154358e-02,1.801805995910670810e-01
1.283878200355699217e-01,1.267551165601502050e-01,1.683664888873515619e-01,2.308213331669406454e-01,1.500589932640822022e-01,8.998630486171592391e-02,1.437439173114646029e-01,8.160825006598593223e-02,2.118254113482551659e-01,3.201831049651990835e-01,5.082030858928929806e-01,6.888554905700585707e-01,3.330669073875469621e-16,4.715514931004090027e-01,4.664562573935457368e-01,3.524370038408322636e-01,2.023593323884591011e-01,3.277915379299028986e-03,7.979780006266826153e-03,1.460969388025449289e-01,5.146196535600849886e-02,4.569440258996787518e-02,5.922059980461183426e-02,1.435255096828758070e-01,1.786779871480174142e-01,2.515642785591984953e-01,1.862529557801793079e-01,8.487911565073627540e-02,3.705477857099139655e-02,9.689993544249074497e-02,6.446635927368575547e-02,4.200757763617974511e-02,5.954891063941684937e-02,8.734901016325008483e-02,6.950489824999162014e-02,7.784828469333755774e-02,2.738570592758601124e-02,1.587553949188804520e-02,1.457648378243834031e-01,1.841453278047092135e-01,3.925597251324777770e-02,2.301886695312315573e-02,3.188402033449413281e-02,3.820512897998729757e-02,9.481799016180825213e-02,1.898663413766182861e-01,1.506452704690884603e-01,1.542777631707274999e-01,6.121493427828422762e-02,1.129277212195725355e-01,1.679274799036257482e-01,2.316726199990009338e-01,1.524148052722773539e-01,1.150857386082415473e-01,1.727389074352801979e-01,1.673326117646420086e-01,1.620454477702439056e-01,1.780906328155916207e-01,2.350429419431367406e-01,2.040475329449485953e-01,2.136340242893335351e-01,2.142415446015595859e-01,4.669775193515773859e-02,1.200104458660818108e-02,2.933574591807485699e-01,3.102647275013475370e-01,4.836505950637584039e-01,3.386534609759923597e-01,2.332975411633662899e-01,1.537858033003648983e-01,2.527826777775846190e-02,1.437953910306253025e-01,2.499601394218483041e-01,1.669393122154432807e-01,7.788540372654995103e-02,1.049025423685018277e-02,5.069474805089432823e-02,1.408645487848013689e-01,7.689130447534570090e-02,2.774199113703360031e-02,3.143580365580601194e-02,9.874794093402396167e-02,1.509580713376411365e-01,7.319421525856142918e-02,1.001597650268558348e-01,1.263680786928138566e-01,8.242037398412338511e-02,9.091302752831317835e-02,8.969277365763231313e-02,4.279156560568765644e-02,1.293841649332352906e-02,1.510993376467884286e-01,1.967148308298485859e-01,2.074494227460233764e-01,2.625696700761850910e-01,1.932334683451055468e-01,7.543146981518369931e-02,1.095322752910770636e-01,2.177656194158306691e-01,2.552371237760698297e-01,2.457893170236513103e-01,1.200409099560613702e-01,6.769177716921329080e-02,5.046276687332414135e-02,2.113366222935258720e-01
1.259097014433827599e-01,3.442793048629977370e-02,3.500232956117221850e-02,1.622634858033281113e-01,1.857710473978985144e-02,2.051266103556328990e-02,5.151265947283656388e-02,8.720353722886546588e-02,1.931075790566963712e-01,1.554038879878579804e-01,2.949307113544645809e-01,3.388526096473628568e-01,4.715514931004090582e-01,0.000000000000000000e+00,1.696308168028015650e-03,2.946105047919267417e-02,4.833840560259861086e-02,3.440017182481790170e-02,1.605964795408240942e-01,1.842171789905132084e-01,2.701681205151349463e-01,2.043540571366457281e-01,1.182724329222005766e-01,2.999429341796716608e-02,1.221546550839786027e-01,1.793427084158513152e-01,1.217292148688505771e-01,8.269364097398543278e-02,1.408519398567604011e-02,5.850465541499255684e-02,4.873433749519397173e-02,1.487944922413556026e-02,5.749761734061359375e-03,4.897240069217603797e-02,3.050804291424831505e-02,5.356675436146984826e-03,8.138884071044261148e-02,3.925851205650948694e-02,1.337478130716353297e-01,1.953371249939050147e-01,9.319327603279778383e-02,7.835867102554587571e-02,6.548526446967757597e-02,4.781247971421263843e-02,8.216026028799028325e-02,1.060510575420326451e-01,9.032982119566207446e-02,1.227704627887395983e-01,1.528132834823188180e-01,6.317973255106107411e-03,1.286235792631107433e-02,1.476294505014553726e-01,3.301484605371268755e-01,1.128552345452610850e-01,9.602336113732545808e-02,1.422703093010302400e-01,6.704428683933250088e-02,6.721413507862317172e-02,1.325730507046896656e-01,1.051077921379154345e-01,1.779586797498871609e-01,2.022468866113232289e-01,7.875594371675731509e-04,1.375499613793464138e-01,9.304976734439990294e-02,8.954959528381051248e-02,6.021059409234497117e-02,6.540754733634901452e-02,1.262644800632123365e-01,5.447589633118371522e-02,4.319511935755618315e-02,1.331890105631122756e-02,7.560748209763290539e-02,3.444776881625277731e-02,6.589750331846450093e-02,8.218234141311964169e-02,1.119894695658150419e-01,1.142152349824034352e-01,6.648341293846372901e-03,2.701808870335720147e-03,3.983175207943816243e-02,5.062881171279277892e-02,7.646203701241638395e-02,5.538692395618366460e-02,3.320953149010427707e-02,6.215473739735094538e-02,1.766576516083331883e-02,4.472032292761943251e-02,4.899993020027518242e-02,6.177756223645525235e-03,3.125158128282118364e-02,9.590140475819169952e-02,1.542136795745078226e-01,1.686869160575439897e-01,2.286244263075411509e-01,2.217453278929176208e-01,1.062589693634964499e-01,2.185914434405744622e-02,1.215660946615713667e-01,1.061096368446841076e-01,1.184052707858626041e-01,2.810902596632441908e-02,6.418975507313037787e-02,6.840208776505937727e-02,2.256585250252638453e-01
1.545175506708551527e-02,8.785202004625958239e-03,3.693688527104455055e-02,1.695926627019793131e-01,4.045982311135237763e-02,1.505559197287059670e-02,7.147317990228052587e-02,6.253287302048089746e-02,6.725397788637543783e-02,4.444506780213797192e-02,8.601656220872896941e-02,1.412776629269550943e-01,4.664562573935455703e-01,1.696308168027904628e-03,2.220446049250313081e-16,9.071930291252416900e-03,4.189556376037695262e-02,8.057413351392339607e-02,1.167687713629252666e-01,1.376913287000033348e-01,2.360237780611138814e-01,1.543352599478038101e-01,1.189288845545876383e-01,2.670307430421015038e-02,5.909672721083181202e-02,1.194097600162784545e-01,1.073388046012911379e-01,9.602852981961690348e-02,2.149826449460244537e-02,2.244157715151257060e-02,4.580536794246382881e-02,1.172877279154785346e-02,1.642872493292094060e-02,3.027876534329471125e-02,7.054028022044356305e-04,5.104422658937646240e-02,1.006556675261746775e-01,1.969316707453448723e-02,1.035085271991423028e-01,1.545281794421726196e-01,9.071909969989729039e-02,6.680477638921569761e-02,5.144890655805259283e-02,2.569311696456461069e-02,1.526661618687230604e-02,6.627823603579052758e-03,1.430737689835336612e-01,1.579811190941780852e-01,1.363073036341403421e-01,5.983316436076453054e-02,2.828332483852721846e-02,1.468742859017643509e-01,1.471971370608223528e-01,8.353895626755702963e-03,2.601515237261037283e-02,6.973214168696256765e-02,5.017514643678616659e-02,4.134202704987099963e-02,1.144382656126498587e-01,5.601712943624359564e-02,1.626033966091341432e-01,1.134732789847340273e-01,8.907752628246662363e-02,1.173315615113664223e-01,7.312852107903555776e-03,3.761097761525633576e-02,5.663811464644308291e-02,3.010220875060198864e-02,4.057389854365692217e-02,1.702510984547216111e-02,4.902646233541171905e-02,1.102934803598659697e-02,5.393853939236092909e-02,2.967776197837745933e-02,5.697083319842499716e-02,9.393344323408314711e-02,1.119221462010728252e-01,9.802345727052905189e-02,2.692266200452381186e-02,2.419664688375472439e-02,3.184004448551902566e-02,1.645263498953866005e-02,5.425545836157574797e-02,5.871090342959038588e-02,3.069475713039530873e-02,3.488961520595051935e-02,4.173462914800751822e-03,4.137181968874747984e-02,4.602500239565926465e-02,1.297366590845791534e-02,6.139634562602186429e-02,7.054630684322793499e-02,1.322351708684421090e-01,1.461805160641164725e-01,2.101357837932815720e-01,1.909131325261024525e-01,4.177100128198535378e-02,2.283973965150493113e-02,1.080002350648382459e-01,6.481571361117322017e-02,8.033129326752669330e-02,2.446510616389563353e-03,4.491379794789963908e-02,4.594982427957447491e-02,1.577432537077335384e-01
1.101315059644059069e-02,3.196405885964087590e-02,5.119944353557248640e-02,1.189946574533605750e-01,1.309640437733338714e-01,6.808027752720635650e-02,3.545784638052495996e-02,1.767315478523456829e-02,4.482443224627777334e-02,3.363641216955888524e-02,2.715579508969175049e-02,1.049551234795374349e-01,3.524370038408322636e-01,2.946105047919267417e-02,9.071930291252416900e-03,1.110223024625156540e-16,4.086916713588928385e-02,7.157095018907166928e-02,1.250042159259050489e-01,1.182581134279682145e-01,2.465372304836907502e-01,1.563204348346871053e-01,1.251156545383032559e-01,7.271496878071857795e-02,1.495280931914189093e-02,4.830329271850314354e-02,6.075905888540905631e-02,8.915774147728450227e-02,5.489160141936927362e-02,5.218287792518705448e-03,2.278257237846464944e-02,7.621856892126022132e-06,4.434393569190991924e-02,1.084335438030342713e-02,4.943886973602856783e-02,1.313248658626308130e-01,1.299335620755485976e-01,2.267719241098420380e-03,5.420946614268726260e-02,1.053288617462944110e-01,8.459473542256668033e-02,6.895312828996365273e-02,5.188079546197535419e-02,3.422276430877235764e-02,2.271285546199897087e-02,1.012937112584821053e-01,2.349223340981979602e-01,2.727401398729901172e-01,1.834549165288315575e-01,8.822611328690221910e-03,7.116280218762921495e-02,2.412553987358748153e-01,5.529670025255783994e-04,1.509106139740244434e-01,1.713947389534459242e-01,9.912791168135004494e-02,9.622842846827650565e-02,8.646877659134943883e-02,6.130757901675715216e-02,1.315451784398622148e-01,4.388160246809624798e-02,2.667465375119795756e-02,3.033986738458764876e-01,5.508464454375844310e-02,1.280683407979003596e-01,3.198385251349905589e-02,5.696524362633459404e-02,5.416124270895905646e-02,1.619051412116385980e-03,2.325638069032140431e-02,3.047431761785512894e-03,2.413241626235912429e-02,4.362401771058649347e-02,9.618485529353404395e-03,3.091149585792363208e-02,1.067977502305083592e-01,1.320587755655607265e-01,1.083796468779794631e-01,2.803679910212603099e-02,1.029461175122710070e-01,8.759121640924355523e-02,4.396927921858639898e-03,3.195917014245244769e-02,2.967820759712315806e-02,3.043298042575800361e-03,6.096379292002453848e-02,9.105524551019308910e-02,7.467644078521682924e-03,6.709270412346042545e-03,5.566929806532629199e-02,1.205628407324478291e-01,3.677995602247560725e-02,4.414275752741084191e-02,8.593905187880615526e-02,1.259288339395362444e-01,1.259530748518644105e-01,3.917510520871790580e-02,3.080852939240938393e-02,7.153114216993633478e-02,2.006470357377260205e-02,2.288430642263211690e-02,3.544341986765287000e-03,2.918183161359176603e-02,2.445394270712469148e-02,8.281667315523474904e-02
3.459149602801575574e-02,4.297117465588379259e-02,5.180586317836460841e-02,9.250881621947726341e-02,1.783435855242502255e-01,1.413340775931637427e-01,1.115713869485165377e-01,7.061292637190574872e-02,2.258817675453880514e-01,7.899099349589236430e-02,6.009601737091968543e-02,7.664182886897574765e-05,2.023593323884591011e-01,4.833840560259849983e-02,4.189556376037695262e-02,4.086916713588928385e-02,2.220446049250313081e-16,6.256393154172590343e-03,1.043409124649951059e-01,6.578927543554424773e-02,1.531332680791415157e-01,5.596997393813804567e-02,3.514990823586404411e-02,2.833364415540362558e-02,1.776503950193236703e-02,1.857145204004609362e-02,2.858136697208744914e-02,2.741573154118348565e-02,6.568053582719723948e-03,5.677782991962682102e-02,2.613086301531047928e-02,5.469981022214420729e-02,1.634716059683644085e-02,3.446279369617488708e-02,1.855462494016457686e-02,7.335685279755038701e-02,5.129046554722452994e-02,1.143428003881814814e-02,1.898941999236093692e-02,4.749588548690499012e-02,2.234290689026793494e-02,2.968580027554732631e-02,1.981351923401983295e-02,2.670442229833251691e-02,1.634975027283741555e-02,1.052731899212359101e-01,1.770091285308671436e-01,2.147541653982540377e-01,1.372201970176069041e-01,3.530250997056294526e-02,9.801592545621673480e-02,2.080698775571749315e-01,1.231766987064090990e-01,1.625577921272739479e-01,1.948787838200543576e-01,1.155319926865114866e-01,1.517888250631359848e-01,1.399484646288181311e-01,1.227863957519328003e-01,2.224142170975028643e-01,8.728843964706961556e-02,1.435495626448281270e-01,4.146847659830978916e-01,2.780878365189277668e-01,1.074317914024585097e-01,6.943245174023901511e-02,1.386298775508528203e-01,1.637522373058878378e-01,1.041682750760009601e-01,1.116723827943499892e-01,7.124638206167721588e-02,7.770941587716029275e-02,5.098348776048158837e-02,2.138514819038173087e-02,3.126027092454272682e-02,2.434544123076332056e-02,2.604573629441553351e-03,4.628108259760244092e-02,1.081946110408640860e-01,5.280925750751913617e-02,2.911494891598070955e-02,7.076957709512732286e-02,7.217188388066353433e-02,5.054758071012209475e-03,4.510992901553032008e-02,6.451383726577245015e-02,5.572400311082565533e-02,7.274080351893866953e-03,3.773450392109793661e-03,3.929570679434575553e-02,6.559205148763062876e-02,5.288421615887495264e-03,2.067658793345254070e-02,5.013176283474377048e-04,6.005058230102960914e-02,1.847837471851622101e-02,8.956023714030819649e-02,4.379203878285001933e-02,4.368059065091031701e-02,2.127147114005992212e-02,2.597483879283718489e-02,4.769075181991389023e-02,5.258884352363313308e-02,6.967357950712110837e-02,6.109483871833351620e-02
1.300988045420290451e-01,1.353949055802346202e-01,5.411704755715895931e-03,2.469367989293702603e-02,1.828165676337839829e-01,1.602367888016875130e-01,1.389342153007594727e-01,1.104072539289409072e-01,3.037486564620824891e-01,1.059322556304468366e-01,1.321908565306454120e-01,1.006331942040612215e-01,3.277915379299001231e-03,3.440017182481792946e-02,8.057413351392334055e-02,7.157095018907155826e-02,6.256393154172479321e-03,1.110223024625156540e-16,4.169870431995426063e-02,6.074282396399510731e-03,4.118050803574324625e-02,3.030576719477270919e-02,1.545307330981174343e-02,5.387373114138779839e-02,5.264213114436525065e-02,5.858371095192727029e-02,4.991544890812707469e-02,1.320324337754543581e-02,2.305568566701182709e-02,3.098207762446408831e-02,1.354761759459133241e-02,4.895612240792107661e-02,3.633394699407266337e-02,2.327791332374790079e-02,3.988235047939575617e-02,1.147276878596338034e-01,5.308325789867252009e-02,1.370393401589724280e-02,3.162323449982760992e-02,2.153689335859364229e-02,1.098482059519766997e-02,2.523592903871129528e-02,1.028243040702882249e-02,1.939266165868458458e-02,4.631371527012675959e-02,9.823958138902588733e-02,7.517317002723379604e-02,1.355097322451022657e-01,6.739690204049830768e-02,4.622928776210954993e-02,8.301591036792121958e-02,1.340156387200669430e-01,2.695942131043188583e-01,2.142469640552986943e-01,3.189624821533765808e-01,2.792383387334336775e-01,2.920496983287036996e-01,2.789737520362777223e-01,2.532665067684676807e-01,3.222780010426645192e-01,1.941759065490031022e-01,2.583553668962960126e-01,4.666459712415311212e-01,3.384920210104161997e-01,1.832058427077260798e-01,1.110541867210691896e-01,1.260475153374029933e-01,1.326515471038925420e-01,9.374313507879306062e-02,8.041584963818260157e-02,4.078413994797541742e-02,3.576999282358400700e-02,1.405580463211242304e-02,5.824241739009370505e-02,1.726814786004944591e-02,1.117399587930515137e-01,7.982188009175184007e-02,2.403736237590953229e-02,7.363128274795349704e-03,1.740079663454259795e-01,1.452969211783748382e-01,7.476275398158760410e-03,4.065021380850392108e-02,3.244865232317975523e-02,5.139547234266506059e-02,9.625925980394708925e-02,8.396582622857753919e-02,3.404526689644542248e-02,3.177705293550286275e-02,5.362098773228080734e-02,8.727395863824474742e-02,7.399594973215485594e-02,4.515548571355149088e-02,3.044392012053930008e-02,2.139453589191660926e-02,2.976977845030408243e-02,4.328122882159794738e-02,1.108322366965189265e-03,1.880604249774966291e-02,7.539144273986157774e-02,5.742348051575106582e-02,2.292598226446823650e-02,7.981850418510905154e-03,4.023403673022230009e-02,1.069777271612886715e-01
5.372752221625479163e-02,6.325560205548313997e-02,7.457211608666167169e-02,5.598211282795503840e-02,2.177357789674042587e-01,1.489355984139834055e-01,1.426730360506822670e-01,1.342095953970562083e-01,3.103734703622982871e-01,3.490266598180469249e-02,1.320945958630637129e-01,9.090880500790271546e-02,7.979780006266784520e-03,1.605964795408241219e-01,1.167687713629252666e-01,1.250042159259050489e-01,1.043409124649952169e-01,4.169870431995414961e-02,1.110223024625156540e-16,1.888263811130497238e-02,4.186254503311226394e-02,1.668628389652804245e-02,2.750050389965827402e-02,9.217096764006518783e-02,8.331746536952097659e-02,8.394277127374460967e-02,5.014465740143311812e-02,1.485677770422321083e-02,2.098310717564741412e-02,6.509021961802707867e-02,3.023224912861754987e-02,1.156550771385897458e-01,3.886364441411604975e-02,3.467383308418975352e-02,5.966512308894397765e-02,1.146516233200938206e-01,7.486653121993071258e-02,4.652452952756083726e-03,9.997398822399417018e-03,3.271586743805161845e-02,2.301689801899218374e-02,2.759860605256567179e-02,1.325418128419184050e-02,3.085501102829950326e-02,5.216148750176000104e-02,1.088380206875890627e-01,4.308000905178505091e-02,1.500505020913797116e-01,9.352189796869148086e-02,1.125733257361768436e-01,1.636766078415063941e-01,8.170999459544148191e-02,4.268408369741324981e-01,2.816152386375614936e-01,4.115104405148652944e-01,3.065186372717512708e-01,2.886664730739961771e-01,2.828801518964401129e-01,3.563783290588089514e-01,4.518164284701396416e-01,2.559360593070402201e-01,3.234737455519144378e-01,5.962560580556127698e-01,4.508463851784726417e-01,9.762919100415928808e-02,5.909697926088966491e-02,5.281648938709834762e-02,1.345228522983438202e-03,3.013020889463774443e-02,1.553986084265956968e-02,4.830617119814140104e-03,1.703221299930485211e-02,2.566257343218590614e-02,7.884936936438313726e-02,5.165707502222009057e-03,7.745290588054665193e-02,3.486428670361381432e-02,1.598763551166226815e-03,4.452166918359334868e-02,1.151031134555160484e-01,1.109244815576615473e-01,3.956270810758738543e-02,7.453873838376529060e-02,3.923791421770418675e-02,6.232520973887797910e-02,1.173982046296456749e-01,1.234168981342263771e-01,3.930556405263507802e-02,4.014185552233204279e-02,5.915536293098204446e-02,1.052401323642890435e-01,8.350303637152825531e-02,3.622080164832971322e-02,7.633909983393976847e-03,4.183578857600878803e-02,2.784468168516979203e-02,2.606694230016043390e-02,1.123265909637774507e-02,4.018016702029798132e-02,9.365128803458824813e-02,1.187262559413516383e-01,8.286383900906429956e-02,8.637214369889989474e-02,6.719940032074434022e-03,8.169875889196133445e-02
1.405107153555667787e-01,1.436825023538521040e-02,7.453239377950376943e-02,5.389105163727531123e-02,1.701540510002282069e-01,8.050944787467806396e-02,8.531811295282504259e-02,4.798113861351976928e-02,2.152140108981865918e-01,2.534055085792535911e-02,4.058581129659441511e-02,5.155730865391700002e-03,1.460969388025449567e-01,1.842171789905132639e-01,1.376913287000033903e-01,1.182581134279682145e-01,6.578927543554424773e-02,6.074282396399621753e-03,1.888263811130486136e-02,1.110223024625156540e-16,4.360229653748415313e-02,2.115658544319931611e-02,4.509915111002260613e-02,4.779254362384004196e-02,1.853035102338090184e-02,2.067586836484762436e-02,2.435691367155078113e-02,1.593633463074228818e-02,2.708809170371981323e-02,2.707304295193357913e-02,2.572040314023721352e-02,2.374720293478127520e-03,7.078943941880544433e-02,5.172442463038134930e-02,6.243615338981811647e-02,1.062577338490674345e-01,7.566342168745417152e-02,3.847578842538004751e-02,9.192343299316674265e-03,5.116331463446797956e-02,2.896392123962890364e-02,1.804795190101735058e-02,5.912498451870001892e-03,1.894986833891479372e-02,7.144969702696089831e-03,9.118696691662656062e-02,8.508044256450936205e-02,1.578832851539796467e-01,6.295201254813698188e-02,8.637860245394990422e-02,1.377007333452734961e-01,1.282698270305080990e-01,1.579015196776165086e-01,1.774907545000424802e-01,3.056113100731395193e-01,2.284927842803228248e-01,1.914136917647544789e-01,1.882602162399639179e-01,2.374463857177519510e-01,3.109260351763837860e-01,1.387414135288143335e-01,2.064666320753840156e-01,4.661754327994336866e-01,2.894402651382640412e-01,9.626987609770987220e-02,3.743902966167432511e-02,6.650978579427702098e-02,8.356914737518948699e-03,9.969447876384041063e-03,3.495779531810511154e-02,4.369086249623066465e-03,1.903974205710057266e-02,1.631256521896468081e-03,3.216287770920105149e-02,7.813241920652223144e-03,6.179574935143666847e-02,4.904127075142848680e-02,5.634408707089273716e-02,9.729404935406166244e-03,8.858539026037287600e-02,1.288837534434519316e-01,2.066516755857106258e-02,7.981818507340476820e-04,9.151751123363853491e-03,1.465375791190476340e-02,7.374983387693162529e-02,8.048170621738010011e-02,8.323439514152181085e-03,5.971575592420841350e-04,3.667952211589083078e-02,7.860664612565211595e-02,7.230466215591463408e-02,7.938743230360076342e-03,1.662723822643404070e-02,4.362177608005965435e-02,1.897254391825844988e-02,3.983932124910567751e-02,1.570689554757588591e-02,4.635633824636442579e-04,4.474614630864191811e-02,5.725289719759436846e-02,3.309423362508145949e-02,4.020084861495972633e-02,2.653599096125849183e-02,6.091061346806592169e-02
2.146650487821773756e-01,5.848819617211206690e-02,1.167577270704988346e-01,4.978733360422971099e-02,1.321555987317088454e-01,1.517022998751282881e-02,3.454804584852091964e-02,6.139835160989204343e-03,1.407226767256749556e-01,8.785528946267295858e-02,1.713001451042811540e-02,1.633240354501341862e-02,5.146196535600849886e-02,2.701681205151349463e-01,2.360237780611138814e-01,2.465372304836906947e-01,1.531332680791414047e-01,4.118050803574330176e-02,4.186254503311226394e-02,4.360229653748415313e-02,0.000000000000000000e+00,3.594242329281072124e-03,9.805449883115557874e-02,1.030930079760072893e-03,3.002613844608731375e-03,1.333346872361362845e-02,4.416007677956788890e-02,5.178020233111985116e-02,8.118828490075342963e-02,2.466477633707894745e-02,9.396378649756903512e-02,8.606067816583781727e-02,1.254343908445066658e-01,9.717084228710543004e-02,9.326238596804560521e-02,9.967450006455186307e-02,6.916412158477217020e-02,4.808589027360060664e-03,3.209107446018599763e-05,1.266741075808297534e-02,2.490351016671552009e-02,1.277267691463507271e-02,1.336089729783335178e-02,3.024583906323592697e-02,7.409866328440620209e-02,2.608002972214340520e-02,2.079400808565234904e-02,6.998901266375956443e-02,1.832212816535994104e-02,1.443340466458993276e-01,1.298869374811120747e-01,6.357506434032689224e-02,6.065014092892630215e-02,6.416503292872305364e-02,2.433217537806970365e-01,2.001914325095534297e-01,1.262560753889430953e-01,1.177595799286213218e-01,1.791946789612817725e-01,2.337114017248915765e-01,9.671785503672651607e-02,1.518074289116755349e-01,3.323639442079505679e-01,1.942752930678647294e-01,9.649686295094395128e-02,6.307079820618277655e-02,1.806414800633577289e-01,1.345704837047085323e-01,6.370026692736217855e-02,1.131652516142720721e-01,4.544734537495670468e-02,5.010044138473415676e-02,2.027769052279664030e-02,1.983038416855349706e-02,6.948366955599880046e-02,3.593082335570315505e-03,2.315142769917979959e-02,8.759611694798927206e-02,8.612831658374681121e-02,6.394746472962348216e-02,1.359242776863793800e-01,8.554864198467565517e-02,6.870230548849212693e-02,2.455438441025289964e-02,4.357225934319053362e-02,2.435730379876172025e-02,3.513375818755248847e-02,4.689802713391647004e-02,3.027863147484571860e-02,1.157947813854959263e-02,1.406683730352897843e-02,4.724471479467685919e-02,1.952378884118848718e-02,3.654345876767796375e-02,1.995383817568002760e-02,4.231456518118359433e-02,8.063148057168884053e-02,7.271027681710806601e-02,3.962639582052768228e-02,1.625752981467457753e-02,4.990030906636110097e-02,5.418607867129512229e-02,6.859901614999081021e-02,1.911389339829344669e-02,7.876227238505228989e-04
1.926628107511929033e-01,7.705198549607446268e-02,9.632343286387737291e-02,6.460673003281387772e-02,1.229603699175407100e-01,3.149219583417087187e-02,4.759801346816168455e-02,1.988466446831876899e-02,3.084898326932836166e-02,1.270284165302759671e-01,1.102980751913421320e-01,6.214427481841880430e-02,4.569440258996784743e-02,2.043540571366457559e-01,1.543352599478038378e-01,1.563204348346871608e-01,5.596997393813799015e-02,3.030576719477270919e-02,1.668628389652798694e-02,2.115658544319920509e-02,3.594242329281072124e-03,0.000000000000000000e+00,2.040141129993022773e-02,1.787113396580242153e-02,5.532085495493022087e-02,8.924496700093575985e-02,1.418800305793778693e-01,8.264256918478850300e-02,9.523954147026736372e-02,1.182588296045154752e-02,7.177525423948616368e-02,1.010611526317644338e-01,1.012012468271839272e-01,6.592587789186021840e-02,8.041392450342810250e-02,7.726168128442656435e-02,6.251557139326935353e-02,4.825386212774684935e-02,1.800680687827255905e-02,4.427345434105661726e-02,3.635428087894029825e-02,6.934850186623792156e-03,5.099000751882271087e-03,6.145367303990331709e-03,8.028603629597291791e-02,1.778870793424158769e-02,3.144996068543948198e-02,2.491271284572060818e-02,3.927141219709606723e-02,8.626412372338521095e-02,5.850646785106144998e-02,5.168699905880999590e-02,3.716795029641603576e-02,3.156741132847112885e-02,9.697044846742386426e-02,1.186319382602677996e-01,4.780160570502189205e-02,1.565221699218303369e-02,2.130056783703604406e-02,6.059832812105417355e-02,3.229370561306437598e-02,8.992934990954680463e-03,5.971626963365106455e-02,5.712362651279812020e-02,2.074540996657778247e-01,7.804025658309134139e-02,1.364036874742657612e-01,1.696159822899976077e-01,1.129378942212974218e-01,9.683387880457476615e-02,3.458979535988597302e-03,1.525236538700887497e-02,6.286583842640711128e-02,7.581487816466853102e-02,7.551961161351947172e-02,3.170261023861531413e-03,8.064484969603200049e-02,1.561150954582251338e-01,1.594087567136612260e-01,5.587877157975175424e-02,1.045030845253735186e-01,1.049808143729719645e-01,1.247154628182996494e-01,5.536744954939872010e-02,6.741605329154143345e-02,2.604973858554515687e-02,6.996195665766369309e-03,6.823729808580625278e-02,5.290288030128784125e-02,7.665412275360244942e-03,4.380690990017888087e-02,6.002628900001860668e-03,6.531504929013293159e-02,9.471913661403733031e-02,6.915929880593489620e-02,8.808405478442582481e-03,7.698765976901292274e-02,9.203365132196057730e-02,9.342040438984955397e-02,1.087218917025058185e-01,3.863870558503645913e-02,1.033359584591730940e-02,3.543013345236489808e-02,6.867177786233025216e-02,9.015166499902005359e-02
1.901186358042822322e-01,7.336058939030429271e-02,6.768135320591402160e-02,1.502749163396886051e-02,6.967259963854753602e-02,2.152931508023073204e-02,2.305129947323477507e-02,2.098043075926971091e-02,2.411581232005383102e-03,8.991173828902768173e-02,6.589881580064951838e-02,4.333928982963586307e-04,5.922059980461191753e-02,1.182724329222005488e-01,1.189288845545875273e-01,1.251156545383032559e-01,3.514990823586398860e-02,1.545307330981166016e-02,2.750050389965824627e-02,4.509915111002260613e-02,9.805449883115557874e-02,2.040141129993022773e-02,0.000000000000000000e+00,5.682324509617198149e-02,4.106337562900741478e-02,3.035544028098025038e-02,6.442372065356608002e-02,6.090358909819057476e-03,3.041098495114270828e-02,1.376530002650632606e-02,5.596559261699318721e-02,8.126841007959269281e-02,2.480443101086936275e-02,1.794616606389512828e-02,1.044470791785018227e-03,2.198145946220175784e-02,7.100339572007563493e-03,3.238341669470067019e-02,9.569738549784818915e-02,9.300556168574675153e-02,2.216440017872664536e-02,7.499448605360059528e-04,6.378000836249869687e-03,3.837453753451999794e-03,8.114242582104025381e-03,7.343240306772680359e-02,3.770656820254902897e-02,3.220083173150634082e-02,7.174243403693703058e-02,1.271610195953152000e-01,6.968545349810162381e-02,1.811986254400203833e-02,9.328136218362842458e-03,2.951311258528641068e-02,1.143424352245019371e-01,7.329490294155741048e-02,8.544327522358556581e-03,2.091883447328585569e-02,5.452401985844801402e-02,6.507112305252937823e-02,8.088485783007928753e-03,2.083567667262995957e-02,2.428266485616861758e-02,3.339930088157422317e-02,1.181082338033930257e-01,1.790286438312882478e-02,1.261871624969401195e-01,1.441289313759604729e-01,8.349686729502517335e-02,1.013384065779498328e-01,2.194421900289880711e-02,2.995099033070795086e-02,2.582971315804510892e-02,1.598575014121647597e-02,4.666377614124547768e-02,3.657855120657077519e-02,2.036953267451643845e-02,1.948133673705157443e-02,3.957325855169844392e-02,2.922682429893594391e-02,6.053396159369506258e-04,1.202088601468553897e-02,5.859707792959648054e-03,2.254720695823998235e-03,6.448986459336475408e-03,1.765407325109197290e-02,1.771664391406624350e-02,2.539812458696005804e-02,3.030591907063373558e-02,4.554927352163729015e-03,4.776011051149986475e-02,1.399821075001145276e-02,1.124473368873404877e-03,1.734131679122014047e-02,3.880490886948187446e-02,8.009262261149127649e-02,7.410610903605399646e-02,2.021646903685173080e-02,2.185651219363335396e-02,1.300514600386276642e-02,7.447257000969376151e-02,6.079129328396198906e-02,8.123677206802948358e-02,6.868618974753748496e-02,3.247357961728758458e-02
1.373010174919782611e-01,7.057966461485479237e-02,3.062091194777738501e-02,2.690519553453281365e-02,1.327612257473612112e-02,4.573168153460000634e-03,1.141546233578710767e-02,4.036354775323708344e-02,9.293346065415003521e-02,6.717801558420564978e-02,4.909935266361245554e-02,1.926707351024825599e-02,1.435255096828758070e-01,2.999429341796705506e-02,2.670307430421009487e-02,7.271496878071855019e-02,2.833364415540368109e-02,5.387373114138779839e-02,9.217096764006518783e-02,4.779254362384006971e-02,1.030930079760072893e-03,1.787113396580231051e-02,5.682324509617198149e-02,0.000000000000000000e+00,1.156688465931998699e-02,2.368760289958038445e-02,1.470670759066411148e-01,3.568323797477950671e-02,3.878992421064028639e-02,5.256410372061051661e-02,2.312917735442988204e-02,4.012067364892234200e-02,5.676022573902761437e-03,3.226670866020139861e-02,6.200691543784553339e-04,1.379846136862689088e-02,2.151265718271566652e-03,1.462908899984445565e-01,1.233956094592555675e-01,1.750750943906329571e-01,2.801747686305586238e-02,1.425018883102174838e-03,4.044967492181597568e-03,1.000292616010411278e-02,3.500596856930360268e-02,2.486802603802451550e-02,4.345329147534304770e-02,3.069088930535179838e-02,2.533674564695886922e-04,1.832186609869556893e-01,1.152266372812682793e-01,1.196935552870930924e-01,3.421663082650486243e-02,3.215994011862649549e-02,3.669568568387387986e-02,1.258407069139766410e-02,7.950320993699648564e-02,7.464156277464148448e-02,5.223895223795960163e-03,7.615222580656111351e-04,6.011535107221450264e-02,5.108590384406258567e-02,1.261891066619667545e-01,1.281054470127180600e-01,1.962835307423501652e-01,1.183263779250863512e-01,5.880847735117714081e-02,9.586039331653216367e-02,5.436225006620609701e-02,5.226231244649767738e-02,3.208208457858341411e-02,2.770686911204151004e-02,4.488867873298602040e-02,5.801381961762497319e-03,1.506776936214848650e-02,3.134732207083601452e-02,8.435041943777477069e-03,3.011957186291092103e-02,5.131233728043239906e-02,6.684630608201881652e-02,6.731942410620819772e-02,1.794697390693750227e-02,3.797878293283311890e-03,4.380347983792460403e-03,4.104780074775299381e-03,1.149939107763658930e-02,2.336407071478402431e-02,1.502378683169747209e-02,1.656860428221573756e-02,9.154024104387481486e-03,7.614238759949820690e-02,1.091991874207481894e-02,1.386323163990513252e-02,1.902345443748629586e-02,2.437476867244776912e-03,1.856371772569739842e-02,3.194638825202077842e-02,1.398561996223687820e-02,3.308860751015940682e-03,6.731512227130403980e-02,1.679758731918412629e-02,1.463945385782738917e-02,1.060592167481710923e-02,4.311785350499108826e-02,4.594432726629227304e-02
2.902437585050804403e-02,5.277631176624458798e-02,1.931630816650459215e-02,6.422359946223199501e-03,5.602052941933027830e-04,1.730556330945125926e-02,1.598866559560982448e-02,3.152545424398672802e-02,8.548305995515947941e-02,5.476697530521669466e-02,1.026781345764338216e-03,6.145522696729849299e-02,1.786779871480173032e-01,1.221546550839784917e-01,5.909672721083186753e-02,1.495280931914200195e-02,1.776503950193236703e-02,5.264213114436522289e-02,8.331746536952097659e-02,1.853035102338093654e-02,3.002613844608759130e-03,5.532085495493022087e-02,4.106337562900752580e-02,1.156688465932009802e-02,0.000000000000000000e+00,5.686993205230728154e-02,1.745841539592540292e-01,1.077886737920620702e-01,8.598300503313430210e-02,4.186010971987996765e-02,8.742534148348038436e-03,3.333822444895331860e-02,1.905710517985395591e-02,4.271121924096765721e-02,9.453186629526655338e-05,1.379441316202634216e-02,1.478011866709094679e-03,2.758558504365930530e-01,1.784047988349681257e-01,2.858752771128871828e-01,6.580416257371407562e-04,1.498872230452714255e-02,2.334628114663724746e-03,2.034961040882343752e-02,1.129022931905676597e-02,3.179228013270407605e-02,1.818237344891288076e-02,4.688278136883677893e-02,3.840636531149410615e-03,1.344617700907971281e-01,7.829859616465659200e-02,7.873785150156248358e-02,7.469961216327931919e-02,5.399532149771349432e-02,4.049349716908984265e-02,1.042331143204493216e-01,1.491240215744736586e-01,1.135798426910505088e-01,6.853741266923146780e-02,5.971977960753291348e-02,9.351561882845987883e-02,8.539201514561439721e-02,2.019626494803970496e-01,1.318544851075076907e-01,1.997232353712492248e-01,1.510838782340479525e-01,1.272540598744753559e-02,6.738813968679011057e-02,5.919749281412453601e-02,4.724028708564040335e-02,3.958610885364044485e-02,2.212976266343646969e-04,1.552983008516484187e-02,6.653056016844804965e-02,6.156335045879013368e-02,6.800705043585919540e-02,9.801334269918360320e-03,6.573060756428189544e-03,4.407377398337672392e-02,8.920460461084907255e-02,1.202278275401462426e-01,4.398138665453302232e-02,1.671653226563685896e-02,7.835565311678310829e-03,9.349018568916511729e-03,2.470481843133043309e-02,2.678437280420137290e-02,1.608895631529139170e-02,2.005183412887229233e-02,6.909767703843494591e-03,1.014076756873805718e-01,3.870552339688060339e-02,2.092898543495566588e-02,3.006129302595466138e-02,5.168554686270532272e-03,3.775384232187010969e-02,7.321601132525551447e-02,6.210883198243935532e-02,8.007120821025054402e-02,1.267381177856796159e-01,4.258437949530846645e-03,2.111505893047982418e-03,2.262076944214452823e-02,4.487138208270513573e-02,1.876904107864818538e-02
1.356193732522915085e-01,6.917107946083561609e-02,8.235394383471339452e-02,8.745676649851785722e-02,6.182600688040271186e-02,2.355456484377932425e-04,2.649031570648552325e-03,1.846261983582733746e-02,2.051797096460006298e-02,9.690374346864150112e-03,7.445005529160036994e-02,1.537226888664099955e-01,2.515642785591984953e-01,1.793427084158513152e-01,1.194097600162785655e-01,4.830329271850306028e-02,1.857145204004606587e-02,5.858371095192727029e-02,8.394277127374460967e-02,2.067586836484765211e-02,1.333346872361365620e-02,8.924496700093575985e-02,3.035544028098019487e-02,2.368760289958038445e-02,5.686993205230750359e-02,2.220446049250313081e-16,9.806920305016175732e-02,2.223077525222716400e-02,6.528437448339664828e-02,3.643211893736278406e-02,2.131539189766008813e-02,3.147451576213608493e-02,1.025601937916333084e-01,5.833377302364056716e-02,2.287752872138062998e-02,3.024960235359042127e-02,8.751813334115315923e-02,2.991235540396499637e-01,1.276969454414610960e-01,2.053367535503553276e-01,2.296071046686278677e-02,3.612189639268167940e-03,2.349341228813335569e-02,3.288193744078847514e-02,9.400975930289512394e-02,3.975166018624198827e-02,1.867105290304998944e-02,1.098137979766305450e-01,5.980758136768249411e-02,5.366862093534421896e-02,6.788304446568174666e-02,7.071903096643636366e-02,7.384239499466602186e-02,9.318333129416285499e-02,1.027815628498520706e-01,3.649063559719128991e-02,3.247498977562690570e-02,8.390097523919171074e-03,2.512656630201615116e-02,3.809781683644603012e-02,8.403481180435490305e-03,1.179075375985938479e-02,1.651056652442077222e-01,1.397246704909056725e-01,3.008793200360351805e-01,2.111107738732497796e-01,5.328041506327241272e-02,3.747287135900345678e-02,4.856554589486307416e-02,3.300197178932856579e-02,3.430881268016477970e-02,3.395455091198296138e-02,9.161950216572323225e-02,2.111421623230114175e-02,3.379976444283394610e-02,3.012628003732420456e-02,9.023738587575869108e-02,8.018986059907087793e-02,1.179233779713594749e-01,2.532601750916083083e-02,1.050894900090794393e-02,3.201457447131728085e-02,3.413374727679410747e-02,2.140774941305276236e-02,2.506603749115435265e-02,6.009157112804419665e-03,1.355193621095918122e-02,1.834487709868098948e-02,4.551611219402174058e-03,3.717453513989166236e-04,9.314892219743986512e-02,1.606643968915050236e-02,5.856092956604774802e-03,4.967539818834160181e-02,1.640843179900219884e-02,2.163972627849530816e-02,2.094568647097980185e-02,1.688387789820389173e-02,1.636350368122607701e-02,6.386114156839761691e-03,9.808871200760349573e-03,2.212764255607546637e-02,2.114364890459818902e-02,6.045401509108760951e-02,3.950686327589035540e-02
2.120694805961656770e-01,6.643610258618892761e-02,8.756739674883268210e-02,5.864474511064826645e-02,1.889273786362249963e-02,4.550985448266801903e-02,6.318393241469610899e-02,7.460146794422833905e-03,3.465352945439789667e-02,4.400066868901986172e-03,6.875899956053255213e-02,1.387245491383164997e-01,1.862529557801793911e-01,1.217292148688505771e-01,1.073388046012912489e-01,6.075905888540905631e-02,2.858136697208744914e-02,4.991544890812708163e-02,5.014465740143306954e-02,2.435691367155079501e-02,4.416007677956793054e-02,1.418800305793778971e-01,6.442372065356613553e-02,1.470670759066410871e-01,1.745841539592539737e-01,9.806920305016164630e-02,0.000000000000000000e+00,7.030321724523980187e-02,7.594461017316961327e-02,2.099390699298306351e-02,7.429198514627018135e-02,8.486426942587832478e-03,1.785370184598051024e-01,1.057171461540870328e-01,3.538528669715598762e-02,3.487123050474810748e-02,9.714759914034098998e-02,1.579847446857333138e-01,7.331126409230215302e-02,1.534365824043238402e-01,2.737772000268926670e-02,6.241931467287055446e-02,7.129651910256246117e-03,1.118414317255108509e-02,1.692497778045262691e-01,1.251615466662734932e-01,8.611893785195803841e-02,1.667203074448911360e-01,1.371277336340669950e-01,1.199832051507044861e-01,3.546739396209228068e-02,2.913510607237509292e-02,1.627466334857281538e-01,1.731410551434379996e-01,2.827033500379145248e-01,1.544677674249553823e-01,6.020196436699642994e-02,8.447688766407890348e-03,1.242725153378326231e-01,1.310874313571136485e-01,2.758765774202309728e-04,3.391158222996043525e-02,2.099014221032535765e-01,1.183102642446448582e-01,2.998802306147553276e-01,2.710389025704430521e-01,9.646293921535387117e-02,3.321149294226999338e-04,1.382438484224712827e-02,2.727384702229915248e-02,9.429585154602886099e-02,7.909845857002795189e-02,2.425606612586395094e-03,9.781614553388684463e-02,2.288854784145366583e-02,3.144521883493056613e-02,7.718732230956218410e-02,6.688237881956025921e-02,1.174780134117945629e-01,3.608568095633696293e-02,1.682845357179515999e-02,2.184816382753795860e-02,6.392222689889784371e-02,8.319440180936282792e-02,5.108263641829008384e-02,1.824914108700753657e-02,1.047449280170420494e-02,4.832905539626378144e-02,2.257987332405858583e-02,1.942060096146012993e-02,4.134549156869021802e-02,3.857825790091057305e-02,5.337071196337234147e-02,9.632086577333442978e-02,3.492993103202018945e-02,1.291918814010863115e-02,1.241672163843431931e-01,9.653362032320811359e-02,1.124202308950952300e-01,4.670765095276918633e-02,1.601055144369156746e-01,1.395702101116412797e-01,1.190986566195048058e-01,1.110650292758744162e-02,2.373430596823089545e-02
2.202034859289741797e-01,1.029039602476408133e-01,1.325823439254000535e-01,1.382602729599489155e-01,8.673862842612914403e-02,1.909843962160469311e-02,2.115483312652800818e-02,1.882315405179463275e-02,1.602926568622647929e-02,1.607254881475539410e-02,5.405767187213120217e-02,8.666030097944471544e-02,8.487911565073628928e-02,8.269364097398546054e-02,9.602852981961693124e-02,8.915774147728450227e-02,2.741573154118346484e-02,1.320324337754542193e-02,1.485677770422317960e-02,1.593633463074228818e-02,5.178020233111987891e-02,8.264256918478851688e-02,6.090358909819057476e-03,3.568323797477954140e-02,1.077886737920620841e-01,2.223077525222716400e-02,7.030321724523957982e-02,2.220446049250313081e-16,2.425612166492485677e-02,2.837319538855354040e-03,7.835768817338134573e-02,6.661934086320384085e-02,1.922261476932408952e-01,1.288208795259581096e-01,3.663511859052304143e-02,4.278655671158260176e-03,6.117076109738461831e-02,2.558838461122661112e-01,3.085531150299729644e-02,7.352152694287028556e-02,1.343869187856935876e-02,1.898875734106324209e-02,6.485048416947941652e-03,1.607717756426133016e-02,5.825824711799020006e-02,6.129618367962936382e-02,3.597271051260550467e-02,1.257582329420260103e-01,1.280408053402534718e-01,1.362149064822983924e-01,2.008699433934033052e-02,2.140624162099677777e-02,3.109421711298775842e-02,2.512245009417218844e-02,1.683639740914819050e-01,4.603892528035474774e-02,2.437563182689950203e-03,4.112478248624262811e-02,4.811038876660311825e-02,7.266726782895757686e-02,3.870586975425194254e-02,3.784957757750068152e-02,8.746644407656017917e-02,1.060918016828805155e-01,2.209597867495089740e-01,1.491635605997514713e-01,7.124788104062801386e-02,1.236350794864193858e-02,2.646685007438542847e-02,8.024621126989844866e-03,4.446136659442076478e-02,3.902530327035924618e-02,6.692216195017081093e-02,2.775155619646851868e-02,7.795065673905349213e-02,3.366311494745910515e-02,7.181504812963923623e-02,3.840153906810450657e-02,4.727203653569797548e-02,7.343692755681074935e-02,3.603660427763044627e-02,3.961023589411530321e-02,2.702178870561272594e-02,2.437682791474599098e-02,2.097162038982294807e-02,1.602663789788832949e-02,3.679315630604272636e-03,2.458119632556737821e-02,7.056066963600268749e-03,2.747806356244122949e-02,1.394667836131993632e-02,1.378025689736883663e-03,1.717952866898586617e-02,3.905309100424081414e-03,5.369540187019516964e-03,2.871562934295250613e-02,6.145634756597539994e-02,9.497422946299738378e-03,2.621809467245583836e-02,2.004009103319615015e-02,9.508999129579670528e-02,7.950262375725236641e-02,2.444078708045620274e-02,3.676512082788341296e-02,5.393967387755185805e-02
1.055347121953855577e-01,1.166342378102794633e-02,9.109411638005091016e-03,1.314631470813756864e-02,6.678222800949175364e-02,2.447292932243377850e-02,6.366093289554269896e-02,5.146737773213644340e-02,4.045861093249564222e-02,7.221538593212145640e-02,1.527828540729614382e-02,2.932807605958431818e-03,3.705477857099141042e-02,1.408519398567606440e-02,2.149826449460244537e-02,5.489160141936927362e-02,6.568053582719668437e-03,2.305568566701182709e-02,2.098310717564738637e-02,2.708809170371986874e-02,8.118828490075349902e-02,9.523954147026732209e-02,3.041098495114273603e-02,3.878992421064025864e-02,8.598300503313435761e-02,6.528437448339663440e-02,7.594461017316961327e-02,2.425612166492518984e-02,0.000000000000000000e+00,1.087047588149347987e-02,8.734006102863756116e-02,1.152803864690871150e-02,1.486561572474854875e-01,7.081960794609998278e-02,2.294586083060434767e-03,3.652740400730047909e-03,3.459099929954390085e-02,1.509860465421771492e-01,5.943652180476556579e-02,1.190667686722175489e-01,3.356528617120985158e-02,7.249132800099256091e-04,4.884559651906372757e-03,1.492181764605254868e-02,1.958369331209663944e-02,6.626994463585103579e-02,6.210841123448286594e-02,1.361282258330385742e-01,1.659441519412436228e-01,2.057183145109807154e-01,4.597002306753231182e-02,7.324642179502904860e-03,5.498154197046412062e-02,5.240422810766252881e-02,1.270587850840324273e-01,3.999873002168050085e-02,2.635232438825705487e-02,1.965980994148079641e-02,7.360309234306368353e-02,5.718895661010875431e-02,1.376063507489491688e-02,3.008790101029779063e-04,1.882147366922520826e-03,1.651953935439015586e-02,1.661673189430011854e-01,9.162057830122533053e-02,4.024621987955029345e-03,4.846928636531383505e-02,6.003786701300695139e-02,4.736858627503387487e-02,1.836824505761947002e-02,1.173722481035204268e-01,6.816325823293184483e-02,7.277828748548928472e-02,4.118988364899167642e-02,5.647491553390751595e-02,2.198376525109815849e-02,1.539651191318230916e-02,1.567091560926042737e-02,5.337076135780036146e-02,3.618277403541780846e-02,3.918664839140681422e-02,1.681956689940766747e-02,1.967925073049892060e-02,1.797209416642114865e-02,1.483315950782321258e-02,1.272245728023819501e-02,2.288424873356095790e-02,2.426955668206029829e-02,4.803634351340624331e-03,2.377664743980834050e-02,1.824291463863179918e-02,1.688273801047246447e-03,2.405307937122119766e-02,3.706864845124030472e-03,4.655613944670737581e-02,1.514630352660245594e-01,9.615305782525984668e-02,1.044156525354743015e-01,3.136061258978498079e-02,1.323818420224421033e-01,4.558857325015652773e-02,8.894831439521910799e-03,4.208139058830917545e-02,4.636563968498932931e-02
1.727502067819675080e-02,1.243558639316713621e-02,1.568670627003326823e-02,2.805226663051621494e-02,1.208967660424407897e-01,2.516284251621719870e-02,3.378903783131886884e-02,4.331004008133693128e-02,1.540509083548022018e-01,1.873868863220640169e-02,1.428249113128658015e-02,3.947307893224692721e-03,9.689993544249075885e-02,5.850465541499255684e-02,2.244157715151257060e-02,5.218287792518705448e-03,5.677782991962671000e-02,3.098207762446408831e-02,6.509021961802702316e-02,2.707304295193357913e-02,2.466477633707900297e-02,1.182588296045154752e-02,1.376530002650629483e-02,5.256410372061054437e-02,4.186010971987991214e-02,3.643211893736275631e-02,2.099390699298306698e-02,2.837319538855409551e-03,1.087047588149370192e-02,2.220446049250313081e-16,3.487817704679319064e-03,1.284592326586431188e-02,1.636511646566429778e-02,1.666644602062561376e-02,4.286489904188439670e-02,1.133659171664278542e-01,6.102192021431812607e-02,1.477335950288872352e-02,3.661173731941697040e-02,9.919421493610047769e-02,4.578425297009647288e-02,4.768375551051667882e-03,1.426000397654447749e-03,4.200839472551107234e-03,5.867685172439023045e-02,3.051631062683867607e-02,2.783426230150466696e-03,3.744126556289383706e-02,7.842364418641355195e-02,1.061442227511443792e-01,1.585244051069986670e-02,7.793751691128365799e-02,1.891381025926933482e-02,1.782960638459148150e-02,2.291396952555943556e-02,4.980533131457881568e-03,6.133943151726192755e-02,4.443823264386775884e-02,1.653717490282451130e-02,5.477185964375445859e-02,3.017896204297026638e-02,2.889085248959646912e-02,1.846062568076524690e-01,1.127110479230276907e-01,1.050028447483778854e-01,1.294938063061754074e-02,1.828321727277104625e-02,2.659121023553521340e-02,2.579150951566674954e-02,4.913594893038447653e-02,3.961578516184643961e-02,5.160682897324114782e-02,3.484485490091351889e-03,1.680167215699845257e-02,2.322709777533586706e-02,1.432090867620763874e-03,2.483541982353537625e-03,1.971005203829562236e-02,7.362780512968197799e-02,3.463098065969583139e-02,5.540773681541766305e-03,2.437794126367853753e-02,3.629374003879681787e-02,2.464599569112085886e-02,5.326339843458094414e-03,7.678256827916425664e-02,9.279850595295546789e-02,1.500185635468795353e-02,1.919506139217424731e-02,7.152676317354861313e-02,6.708430103007911871e-02,7.587635024952821272e-02,3.396408395570779670e-02,4.133208657005162101e-02,1.336695847227498124e-02,1.347399497589168993e-02,1.058522750001902879e-01,5.056457301524430736e-03,1.738239497443007375e-02,9.460845614483603949e-02,1.151817868395771383e-02,6.861997716885331888e-02,8.850958361569391530e-02,4.802142548501429908e-02,2.580481708247422956e-02
1.390593070959590949e-01,4.077870298830851836e-02,1.294611434506812986e-01,1.116250676550044341e-01,2.096614077049381575e-01,4.245876928520075921e-03,2.011253068886631468e-02,1.309308892584099548e-01,9.773802660910002604e-02,1.159102022870407978e-01,5.874044480771865862e-02,3.055535081427271371e-02,6.446635927368574159e-02,4.873433749519395786e-02,4.580536794246373167e-02,2.278257237846453842e-02,2.613086301531036826e-02,1.354761759459133241e-02,3.023224912861754987e-02,2.572040314023710250e-02,9.396378649756909063e-02,7.177525423948616368e-02,5.596559261699318721e-02,2.312917735442985429e-02,8.742534148348062722e-03,2.131539189766011588e-02,7.429198514627018135e-02,7.835768817338145675e-02,8.734006102863756116e-02,3.487817704679319064e-03,1.110223024625156540e-16,7.631129193052454962e-02,1.580199509817581394e-02,1.720701385849932041e-02,1.043521472805998274e-01,1.278638314421670086e-01,7.821758125013596186e-02,1.869922391946650386e-02,4.847749760810388109e-02,6.972000687905008376e-02,5.390995313860690030e-02,2.324394536321598009e-02,1.128253162171093810e-02,1.413965942705340539e-02,2.482280867488267928e-02,3.848652594410661987e-02,7.756916142614256326e-02,8.532143716727058624e-02,1.092879401022223695e-01,7.476556424255648148e-02,2.701403616065178870e-02,6.913260398720427746e-02,1.036962387134829355e-02,5.214394591522536482e-03,9.686143955346060430e-02,1.396055619374362844e-01,1.992675391110335648e-01,8.797112249056725231e-02,4.988074833977493988e-02,1.166982208645111208e-01,8.092746052574643911e-02,3.599146899486906082e-02,1.857750162779697178e-01,1.499594465529111020e-01,1.027076312012379922e-01,3.006543650375465004e-02,1.056014557940356813e-01,8.306766882677170394e-02,9.347798695681583392e-02,1.567025133900499245e-01,9.953449472867653691e-02,4.746232580618769958e-02,7.338312634044062699e-02,7.756733826926012765e-02,1.132908427321394629e-01,8.514990835295960236e-02,5.357212186722126734e-02,9.392969405073184341e-03,5.840609930172241393e-03,1.206540593338257528e-01,8.836021262503501728e-02,6.106393809856319743e-02,1.535580805283809358e-02,5.601669204373388444e-02,4.838166732107643253e-02,2.032298043602376314e-02,2.644691894726736159e-02,1.239112495977084949e-02,2.067690691977208672e-03,3.301946944964095215e-02,7.151279907978300154e-03,2.352839957222455786e-02,3.015748627659331493e-02,1.562112586205564521e-02,1.194307112229880952e-02,1.108072778874352737e-01,1.985343962103913729e-01,1.141876164550184591e-01,5.698092351588907034e-02,1.680997482197437581e-02,6.309959125520736567e-03,9.081177707470583504e-02,1.103584084280796185e-01,4.317347349432220510e-02,3.104892760911079352e-02
1.818881464629862887e-01,1.945117173403184685e-01,2.097785748599458600e-01,1.786018254970648256e-01,1.585145289261064572e-01,4.385107231076806888e-02,9.815806152150563513e-02,9.594277843435305986e-02,2.454186544884202903e-01,1.235450941044741180e-02,8.859958676192178362e-02,2.558981444716798559e-02,4.200757763617971735e-02,1.487944922413551863e-02,1.172877279154785346e-02,7.621856892126022132e-06,5.469981022214409627e-02,4.895612240792113212e-02,1.156550771385897458e-01,2.374720293478127520e-03,8.606067816583787278e-02,1.010611526317644060e-01,8.126841007959267893e-02,4.012067364892236976e-02,3.333822444895338799e-02,3.147451576213600166e-02,8.486426942587832478e-03,6.661934086320384085e-02,1.152803864690860047e-02,1.284592326586431188e-02,7.631129193052466064e-02,1.110223024625156540e-16,2.191636878803954191e-01,1.313208459181539611e-01,4.389409573834657241e-03,5.383765814027091645e-02,3.414405867212929463e-02,1.124468568215034325e-01,3.864054178876467904e-03,3.069161919776848546e-02,6.524717594603221538e-02,3.729959026483763845e-02,1.882242034462437708e-02,2.486241306559045308e-02,8.742307044622879553e-03,4.590010305778643995e-02,8.493859762565700300e-02,1.032111915191720464e-01,9.398157291461620155e-02,1.248457471372768912e-01,1.194137558325325532e-02,9.301823400843081679e-02,6.749352642073769282e-02,2.408979640548727930e-02,6.496347470277635816e-03,1.558581781639700736e-02,2.963778951009118923e-03,1.390137612204889739e-01,1.335529493289192016e-01,6.668951441452369844e-02,1.557279899834315695e-01,1.629156281370683079e-01,4.494868630887127736e-02,4.900142674421117950e-02,1.333528742718874116e-01,5.263717971596287848e-02,2.285919063120585293e-02,1.687385903699469003e-02,1.365955039538960247e-02,5.266294897183998458e-02,5.943636714726407977e-02,5.505365884287471978e-02,7.932088527628208818e-02,1.894265323510862797e-01,2.328115112203588133e-01,2.183890303564544610e-01,1.205912117893869623e-01,7.739592070985651384e-03,2.850985360869440211e-02,1.358223253958401600e-03,7.331667308938860650e-03,4.675374424655598382e-02,6.704085410015553359e-02,5.745045226088094092e-02,4.716161579029984341e-02,1.998023877140264748e-02,2.658530460236907533e-02,1.911009217295671359e-02,9.696972273737530790e-03,2.688461089807506893e-02,5.249035983587352350e-02,4.517498581662462293e-02,8.273469560848770166e-02,2.553162724458907240e-04,1.633914699893049272e-02,1.442837536138866228e-01,1.995789818907179880e-01,1.375268785358655932e-01,1.029848405574981390e-01,1.224821040775009307e-03,5.359539088581788402e-02,4.646774048527324563e-02,2.560580727583992855e-02,1.156672498318640774e-03,6.577356607949799705e-02
5.353970019433743066e-02,1.166144805770893272e-01,1.884566179662246488e-01,1.974462854052632388e-01,3.013995882430345885e-01,1.199320207532380556e-01,1.585718134577146499e-01,5.016254611850762268e-02,1.111424331049528647e-01,1.124919176605317928e-01,9.820974810595813065e-02,3.146895450695845475e-02,5.954891063941685631e-02,5.749761734061428764e-03,1.642872493292091285e-02,4.434393569190986373e-02,1.634716059683644085e-02,3.633394699407266337e-02,3.886364441411604975e-02,7.078943941880544433e-02,1.254343908445068045e-01,1.012012468271839688e-01,2.480443101086939051e-02,5.676022573902747559e-03,1.905710517985395591e-02,1.025601937916332806e-01,1.785370184598051302e-01,1.922261476932408397e-01,1.486561572474854875e-01,1.636511646566429778e-02,1.580199509817603598e-02,2.191636878803955302e-01,2.220446049250313081e-16,5.617708639228613521e-03,1.064366827995216758e-01,1.227951207375103659e-01,9.389692637721908097e-02,4.567814023484504521e-02,2.678900084824563724e-02,4.239048637358966420e-03,6.093767937705650561e-02,2.099703277175402061e-02,4.443740200957613240e-03,2.257050629349733467e-02,9.340321629684714133e-02,3.409649681174020674e-02,7.976308371921764229e-02,1.371552926111883342e-01,1.744351902325392556e-01,1.927497777540325141e-01,3.378350354815096157e-02,2.150400095853366444e-02,8.032931147298345842e-02,6.446484992921523716e-02,8.226939127432986859e-03,3.697318318725684172e-02,8.665832100216934453e-02,2.767435655254557592e-02,6.539908996795130991e-02,8.405954741337734459e-03,1.592799636421721177e-02,4.514582207317900664e-02,7.361138511360755532e-02,4.987410779713208342e-02,1.801225122681568425e-01,8.123229050822969310e-02,4.388228049265180397e-02,1.027661264529477481e-01,1.281872291650830720e-01,9.628416698118424932e-02,5.250440711726866994e-03,2.315440580908372792e-01,2.274220556986044084e-01,2.257331589793036830e-01,2.479010437532814803e-01,1.988706452036077543e-01,9.425664248083773233e-02,1.097964819320729202e-02,1.776902285510595370e-02,6.685338176191035764e-02,8.990832402846843374e-02,1.017356930214108890e-01,8.539665381289385238e-02,6.205224037449466601e-02,5.525396353426548224e-02,5.122361645812428810e-02,3.509491399655437216e-02,3.340183599813206783e-02,2.421911603679607894e-02,7.808247936296522015e-03,2.732162821440139999e-02,6.219955828581334722e-02,1.041205226614848600e-01,4.282936652804075761e-02,6.681685593647619659e-02,1.140486718945480926e-01,2.859907632089074281e-01,2.800184160246107501e-01,2.392964865260034102e-01,1.499937468458736323e-01,1.351827683497366095e-01,3.838781877148983446e-02,9.282909123555824205e-02,1.106710729458672826e-01,4.367373132456825457e-02
2.554268800545608786e-02,1.354835551383185011e-01,1.435979630326681411e-01,1.149352644976309734e-01,1.501124220259281716e-01,1.677978999946194705e-02,1.191067584072169616e-02,1.369802848901257031e-01,1.058136055715853396e-01,1.017443348722832097e-01,9.817858261366504968e-02,5.968412870209477417e-02,8.734901016325008483e-02,4.897240069217603797e-02,3.027876534329471125e-02,1.084335438030342713e-02,3.446279369617494259e-02,2.327791332374790079e-02,3.467383308418980903e-02,5.172442463038134930e-02,9.717084228710543004e-02,6.592587789186023228e-02,1.794616606389511093e-02,3.226670866020139861e-02,4.271121924096754618e-02,5.833377302364056716e-02,1.057171461540870466e-01,1.288208795259581096e-01,7.081960794609998278e-02,1.666644602062561376e-02,1.720701385849943144e-02,1.313208459181538501e-01,5.617708639228502498e-03,1.110223024625156540e-16,5.352418327576269341e-02,6.078359619270268244e-02,6.553323124947224576e-02,1.052862766013440698e-01,3.039444472787204699e-02,1.174336562731583267e-01,6.816872991613462385e-02,1.602838546044765833e-02,2.195003263829037321e-02,1.991453280478651389e-02,1.403749258964880897e-01,1.861467696283376771e-02,3.419552398491955414e-02,1.067410285148538418e-01,1.614903334788590217e-01,2.116430652360710707e-01,5.117036418722145652e-02,2.997616711876177620e-03,8.201260463765963626e-02,5.500871000345971401e-02,9.357164346480868755e-02,8.662087524015982254e-02,1.235025388969791804e-02,9.285150170225753286e-02,1.126768314171765206e-01,4.450888712154907334e-02,3.299981503513536862e-02,3.447965752569621956e-02,1.153723128878301196e-01,7.527136302762621467e-02,3.872522109752293828e-02,3.662477417433861182e-02,6.916511265740388215e-02,9.624439744644555650e-02,1.163811866159583652e-01,1.225449669606316072e-01,7.175340696512422234e-02,1.037692337044403001e-01,1.504198336178497186e-01,1.995449428234197520e-01,2.279780132882142374e-01,2.537343590457680209e-01,1.846496850194763728e-01,1.220664291620978115e-01,9.270388296788628635e-02,4.190182568250039319e-02,5.769632379928896215e-02,4.950129697281480112e-02,2.582607027697997326e-02,2.933405276927786298e-03,1.982769556967162172e-03,2.067512896079026774e-02,3.910872600921267567e-02,1.624051747413845365e-02,5.397689230336945310e-02,6.039616960112570432e-02,1.347810769716462076e-02,5.133710840155011890e-02,5.286344854100308299e-02,3.465224696699192863e-02,2.470103712819559164e-02,1.930646470365464940e-01,3.244785995037159365e-01,2.396161265512154470e-01,1.786222044752635019e-01,7.909675022327777860e-02,9.790899752710496839e-02,6.976024541648967459e-02,1.128648346318322226e-01,1.027850285706366773e-01,6.151522015331090804e-02
7.290685899188482921e-02,6.066548388562592597e-02,4.417714702993202902e-02,1.842236773163654848e-02,6.776101470830743490e-02,2.003107527944941735e-03,6.675264890374010829e-03,8.660880052265068629e-02,4.188063211335499303e-02,6.060675584202579458e-02,2.625845040511945450e-02,2.865264567972276161e-02,6.950489824999162014e-02,3.050804291424834280e-02,7.054028022044356305e-04,4.943886973602851231e-02,1.855462494016457686e-02,3.988235047939564515e-02,5.966512308894392214e-02,6.243615338981808871e-02,9.326238596804560521e-02,8.041392450342803311e-02,1.044470791785018227e-03,6.200691543785108450e-04,9.453186629526655338e-05,2.287752872138062998e-02,3.538528669715593211e-02,3.663511859052293040e-02,2.294586083060434767e-03,4.286489904188439670e-02,1.043521472805997163e-01,4.389409573834768263e-03,1.064366827995216758e-01,5.352418327576280443e-02,2.220446049250313081e-16,4.436791637079773309e-03,2.302651214943218783e-03,1.507590819308937402e-01,2.791995986789966300e-02,1.327501699503045862e-01,2.506787362065152069e-02,1.454851062314438392e-03,9.183264160570941970e-03,7.435181820934222419e-03,9.766300157269452997e-02,1.405577974482205561e-02,4.030650647632499917e-02,1.154022352072844732e-01,1.648899289081962594e-01,2.327844449328979048e-01,7.987366778920129695e-02,3.513727820732795437e-02,9.050551022207629914e-02,5.530531806836286313e-02,1.414195598199481096e-01,7.783881528833544450e-02,2.787219494724541002e-02,4.131025492425284551e-02,1.052697726007342793e-01,8.255548109963245507e-02,2.243296542286352113e-02,1.210362240717031274e-02,4.252004653798290013e-02,1.939748458222800842e-02,5.526188185265476505e-02,1.717302416994078568e-02,3.691990811088313729e-03,3.702865217055495428e-02,5.757556222895088283e-02,5.599922629305592592e-02,2.250978996288938161e-02,9.460657585576548456e-02,1.061583970194464183e-01,1.346269194373153066e-01,1.401561391594411954e-01,1.629647720589601501e-01,1.350587724040912541e-01,1.147680927234480674e-01,8.014142509844135454e-02,1.987807750341002988e-02,1.720041269158645303e-02,6.881395737777212807e-03,1.553041096675905619e-02,1.383190576986717546e-02,4.456989342555006672e-03,1.124040151039426561e-02,2.583473236153333019e-02,2.364984593815207953e-02,2.868286925837685436e-02,4.281111804615619909e-02,1.078147699159243134e-02,2.894922172366451441e-02,9.146589217454870191e-03,8.637171792469183762e-02,6.561018842969665310e-02,1.601393809103060228e-01,2.328735987692795439e-01,1.654870375303847951e-01,1.331913306665788443e-01,3.770581493126561046e-02,1.081676071247070769e-01,5.571708935531938245e-03,4.265297700650910739e-02,6.218268112287184124e-02,4.491521722483471368e-02
1.083915254356435931e-01,4.795005567898691368e-03,4.122113268704530320e-02,3.922884802809602917e-02,4.676958758980906405e-02,3.076021914984970046e-02,3.438405654683290152e-02,7.359466087588312222e-02,5.674548027237167475e-02,2.805918457140295363e-02,3.143723327348323104e-03,3.965780396215576320e-02,7.784828469333746059e-02,5.356675436147040337e-03,5.104422658937640689e-02,1.313248658626308130e-01,7.335685279755038701e-02,1.147276878596338173e-01,1.146516233200938206e-01,1.062577338490674067e-01,9.967450006455186307e-02,7.726168128442653660e-02,2.198145946220170233e-02,1.379846136862694639e-02,1.379441316202628665e-02,3.024960235359044902e-02,3.487123050474813524e-02,4.278655671158038132e-03,3.652740400730047909e-03,1.133659171664278542e-01,1.278638314421669253e-01,5.383765814027091645e-02,1.227951207375103659e-01,6.078359619270268244e-02,4.436791637079773309e-03,4.440892098500626162e-16,6.722474862914773475e-03,8.618724107451850025e-02,3.090528697925148949e-02,9.488536665545874160e-02,1.842626189307294826e-02,1.159890684656808557e-02,5.237867665378148629e-03,7.323224840078468301e-03,6.064947477072740734e-02,1.431388067358113636e-02,3.005165224719902328e-02,8.043020095331943065e-02,1.425066925989132982e-01,2.524713851140234500e-01,1.527619000366285118e-01,1.051633021902230597e-01,9.736327556012705498e-02,5.638288962724519182e-02,1.542968802022035013e-01,1.029734057805209990e-01,6.586227250175562264e-02,5.487813037377678449e-02,1.227335716959858103e-01,1.448628749047818354e-01,8.291356322024057146e-02,5.793088860202084966e-02,7.446079062879791544e-02,8.802388929527393824e-02,4.276825337492962120e-02,1.555397790886228759e-02,3.592714815034958598e-02,3.106077492426018161e-02,1.354308804491596852e-03,1.609476118554963031e-02,3.264384864129199482e-02,2.900618316868823487e-02,4.104644354608339568e-02,4.816059598960177601e-02,3.226448777962273584e-02,6.939378984383581805e-02,4.507792422015649558e-02,5.224736982831174048e-02,4.142815928827275895e-02,7.409836914043232969e-03,4.830046775129964720e-03,1.294606461794466090e-02,1.574260813992922614e-02,3.664302316335765752e-02,4.176228229000905623e-03,4.771800531825540898e-02,6.145964678946114201e-02,2.021236573439148809e-02,1.511252418609841663e-02,2.136144670695178105e-02,3.270860279972614970e-02,3.376979023644799405e-02,1.165392346656496381e-02,2.916159045532001892e-02,2.780700526954579810e-02,7.120918892115118970e-02,1.305518872469533798e-01,9.073887631325348868e-02,5.811541002165726555e-02,3.244600729088584212e-02,5.662742240796192483e-02,1.124562417299057593e-02,6.998694121742032870e-03,1.159570875884380348e-02,4.307047868075869479e-03
1.634913967097204046e-01,5.258934691718174237e-02,8.783965539010603341e-02,1.072100908634987665e-01,9.343759159043452112e-02,6.535746582997756238e-03,3.083718756945394435e-04,2.000066770359642393e-02,3.686159203874304208e-02,5.672741624294675572e-02,7.407491331677176771e-02,4.703783869155955810e-02,2.738570592758601818e-02,8.138884071044261148e-02,1.006556675261747469e-01,1.299335620755485976e-01,5.129046554722450219e-02,5.308325789867249928e-02,7.486653121993071258e-02,7.566342168745419927e-02,6.916412158477214245e-02,6.251557139326935353e-02,7.100339572007563493e-03,2.151265718271622163e-03,1.478011866709094679e-03,8.751813334115315923e-02,9.714759914034098998e-02,6.117076109738439627e-02,3.459099929954390085e-02,6.102192021431812607e-02,7.821758125013593410e-02,3.414405867212935708e-02,9.389692637721913648e-02,6.553323124947230127e-02,2.302651214943218783e-03,6.722474862914773475e-03,0.000000000000000000e+00,1.553685895488876034e-01,1.643151560568148137e-02,9.873550482336301837e-02,1.536607553343264862e-02,3.034427281915957897e-02,1.718145149361777202e-03,6.352088221583784833e-03,6.146001540788958994e-02,1.396814177778285537e-02,5.509082172794999011e-03,7.251836716439008512e-02,9.231991130369426868e-02,1.589946709923182599e-01,6.854427608523283588e-02,4.597583460110371556e-02,3.946377729238931265e-02,1.354145382817512067e-02,1.186377761009344833e-01,1.232860247810273202e-02,3.993511446388493813e-03,2.449748840213061482e-02,4.248244729866459957e-02,5.810487977013558542e-02,1.701436055304422768e-02,3.238026867113910634e-02,3.810255198312471892e-02,5.242581891825082163e-02,3.616019560598315863e-03,4.590118737641227242e-02,1.171067008341356297e-01,9.929926705033921552e-02,7.054857810290218745e-02,6.136721538897001171e-02,2.404846953498759876e-02,1.531202250042708324e-02,6.158063957761457374e-02,2.901391298110767014e-02,3.687180433550985709e-02,2.447584275631548706e-02,3.452764855638890129e-02,8.237728878709099645e-02,5.333527354616984795e-02,9.806830270846070285e-03,3.642305766573494114e-03,2.419734168933724422e-02,3.565639895555255956e-02,1.610170801219734660e-02,3.489532984117491021e-02,1.281401467597163835e-02,2.182997368397576743e-02,6.129230930508581046e-03,1.062967327636901715e-02,1.492646210039805243e-03,1.338410187438707211e-02,2.405862863454247269e-03,5.383705920058956540e-02,9.156289810195256118e-02,7.952924915012632434e-02,6.770579072093690920e-02,6.116931509457360083e-02,1.470010578209429708e-02,3.659629908115902275e-02,9.751974585272557561e-02,2.226967300577519654e-02,3.051716484192595891e-02,3.824298375761059354e-02,1.745744054347264651e-02,3.559672149549936160e-02
6.303513767849042160e-02,6.221336225025532463e-02,1.586897035566781078e-02,5.380662329353524953e-02,1.692336311552961742e-02,1.778243778879791404e-02,3.600378616799038839e-02,1.389560395428817569e-02,1.023820933550275564e-02,3.031051335038184580e-02,1.037525693569592289e-02,1.524976004188721701e-02,1.587553949188803826e-02,3.925851205650951470e-02,1.969316707453447335e-02,2.267719241098448135e-03,1.143428003881813426e-02,1.370393401589723587e-02,4.652452952756097604e-03,3.847578842538000587e-02,4.808589027360032908e-03,4.825386212774683548e-02,3.238341669470067019e-02,1.462908899984445288e-01,2.758558504365931086e-01,2.991235540396500192e-01,1.579847446857334248e-01,2.558838461122661112e-01,1.509860465421771214e-01,1.477335950288873739e-02,1.869922391946650039e-02,1.124468568215034187e-01,4.567814023484501051e-02,1.052862766013440560e-01,1.507590819308936847e-01,8.618724107451843086e-02,1.553685895488876034e-01,4.440892098500626162e-16,1.942730202725583832e-01,6.386921941446863094e-02,1.839691706011106070e-02,4.429764965199031734e-02,1.557754915510165331e-02,6.569015952750684867e-03,1.125758247861903399e-01,6.335317493100159347e-02,2.114080852337070840e-02,1.221110642985922534e-01,6.386589949195881077e-02,8.469284585085923300e-02,7.519585899746220048e-02,3.167700026669567626e-02,2.029089657623456278e-02,4.351038740425414164e-02,2.909572950133805791e-01,1.498133004964364301e-01,1.094964514958742530e-01,1.240796465741034749e-01,2.386427410010077133e-01,1.751078335093496086e-01,1.241548582984422638e-01,1.612545351985417152e-01,2.398374127263568079e-01,1.296918872187229343e-01,4.919269743485044782e-02,9.823091678331111187e-02,1.206205098560481082e-03,3.660647122471633041e-02,1.003840360504687501e-02,4.745274542490887648e-02,1.148380162827203066e-01,1.664577195404134125e-01,1.824461488555586819e-01,2.248610721331567586e-01,1.422025328447917292e-01,1.402633232168646327e-01,1.699161032926569184e-02,3.908462462119079162e-02,4.447581808582440344e-02,5.449422197359830161e-02,5.967291659952358995e-02,3.229264311687449207e-02,9.434337138180352855e-02,4.118087069342117601e-02,5.376287427186818291e-02,1.008148730615154309e-01,4.016770407671867160e-02,6.189659067850919461e-02,2.441386046561434819e-02,6.349145040173090337e-02,5.195942524112467931e-02,1.391126583549528450e-01,1.561594760938410653e-01,9.535389212475413323e-02,7.859870541064406524e-02,1.494646367255758612e-02,1.736062299944391707e-01,2.187728692475506553e-01,2.681597322261419225e-01,2.064395551864697531e-01,2.829878071076407098e-01,1.973493302854536502e-01,1.382290825012710833e-01,5.518805765882320302e-02,9.244062228333460585e-03
4.962073041596312684e-02,3.880091698694354552e-03,8.379299688379970856e-04,5.436350860987815281e-02,4.167490122368577854e-02,1.642727515973740893e-02,9.170637238989517992e-03,3.475939510948743844e-02,5.876229895764015915e-02,2.032795543165934193e-02,7.139815712773110723e-02,8.795608780719629816e-02,1.457648378243834031e-01,1.337478130716353852e-01,1.035085271991422751e-01,5.420946614268729036e-02,1.898941999236099243e-02,3.162323449982757523e-02,9.997398822399403140e-03,9.192343299316590999e-03,3.209107446011660869e-05,1.800680687827257986e-02,9.569738549784820303e-02,1.233956094592555675e-01,1.784047988349680702e-01,1.276969454414610960e-01,7.331126409230215302e-02,3.085531150299729644e-02,5.943652180476556579e-02,3.661173731941694265e-02,4.847749760810388109e-02,3.864054178876474843e-03,2.678900084824563030e-02,3.039444472787203311e-02,2.791995986789966300e-02,3.090528697925148949e-02,1.643151560568149872e-02,1.942730202725583832e-01,2.220446049250313081e-16,3.211454586451711890e-02,8.898962034350031691e-02,7.586850217402631158e-02,2.644635204698563002e-02,2.697443194284744605e-02,1.470241608473470962e-01,1.219920390740283911e-01,2.919200319993048298e-02,2.946784317424816502e-04,3.998721360832426658e-02,7.203031716343566426e-02,2.849691147405929159e-02,2.711970108848382743e-03,1.016990496435327684e-01,2.512832818343069263e-02,3.313397140143491126e-02,7.493497506067514635e-02,1.202221618867913011e-01,4.334222239914947705e-02,1.217948072083069322e-02,2.996130924002783635e-03,1.493064111629405222e-02,6.011439329894274763e-02,2.766422582058614132e-02,6.006149428272444107e-03,5.204209425677707584e-02,2.199867008354257358e-02,3.470246144645688924e-02,8.130520880264779926e-03,2.864751313030843016e-02,4.214270615243794621e-02,4.080497639967645140e-02,4.672356468232591320e-02,3.305325999779340496e-02,8.073066937187067804e-03,6.451421121517046664e-02,5.187989291125193886e-02,6.925343560525702713e-02,7.328722242347524007e-02,6.713141837329568429e-02,7.911454791772558337e-02,1.055873033994849941e-01,8.688141200558607835e-02,8.346042744123094437e-02,6.818627081319403316e-03,3.000082938815645806e-02,8.964244282297623156e-02,8.985454753521837645e-02,3.168603566219929668e-02,2.276768817356916719e-03,1.909234291117284377e-02,1.861090526665920564e-02,1.531503460101094061e-02,4.269862511801092442e-02,5.118944895918875471e-02,8.016146466128029613e-02,1.167431024983432708e-01,8.036527195957639258e-02,5.009114262346379270e-02,1.685393567061757580e-02,1.543464111235007263e-02,1.314544087119635940e-01,1.452865615076488204e-01,1.189663380875110171e-01,8.999799728867466375e-02,8.516559620399891117e-03
1.896549567031016736e-02,1.303482188008497911e-02,4.727574640554732532e-03,5.812328051658267880e-02,3.191944762713500722e-02,2.140702060865617290e-02,4.684905311230794234e-02,7.496350514907815232e-02,2.994673393777454173e-02,4.616631683483618520e-02,1.075395151289818274e-01,1.239604116211938944e-01,1.841453278047092135e-01,1.953371249939049870e-01,1.545281794421726751e-01,1.053288617462944665e-01,4.749588548690500400e-02,2.153689335859366658e-02,3.271586743805157682e-02,5.116331463446795180e-02,1.266741075808300310e-02,4.427345434105670052e-02,9.300556168574669602e-02,1.750750943906329571e-01,2.858752771128871828e-01,2.053367535503552999e-01,1.534365824043238125e-01,7.352152694287028556e-02,1.190667686722175489e-01,9.919421493610042218e-02,6.972000687905013927e-02,3.069161919776846811e-02,4.239048637359008054e-03,1.174336562731582989e-01,1.327501699503045307e-01,9.488536665545863058e-02,9.873550482336293510e-02,6.386921941446863094e-02,3.211454586451711890e-02,3.330669073875469621e-16,4.899252923851374342e-02,9.993262144134856806e-02,8.498626772347331326e-02,6.974368256017919598e-02,2.272461834599225905e-01,1.439813634652228891e-01,5.051084621723776757e-02,7.551419965940869838e-02,6.618150055816536537e-02,6.696569409395393413e-02,4.415292494193339551e-02,2.087551648231313756e-02,5.890152783433504763e-02,1.316850268396549395e-04,1.049365233737419023e-02,8.557711615408067352e-02,1.015029843266796183e-01,6.907791339507696193e-04,5.382578875269826424e-02,4.685090075254132180e-02,7.341017923025652814e-02,1.277296551989061668e-01,3.609638747117095703e-02,4.745714239346156965e-02,2.876457174178679785e-02,2.407561710716979442e-02,9.790000540708862498e-02,7.094587692043907712e-02,1.691064007704290439e-02,5.415224006359226072e-02,8.468352758105622546e-02,1.063622011212090185e-01,4.486737532671575268e-02,1.080093274819096325e-02,7.027084407862124737e-02,7.384703305801770812e-02,1.282462155881864685e-01,1.230345569960193397e-01,1.654232909470471080e-01,1.000698940688071470e-01,1.172206271757283147e-01,1.117468289134817966e-01,1.075356511208487714e-01,1.760610870586362675e-04,3.988008105257975083e-02,6.719906228434210926e-02,1.171395789535082388e-01,4.893019683114910312e-02,3.610854204090982456e-02,4.479571964000536588e-02,1.137390780983540961e-02,1.553907679611757353e-02,6.665157942122759693e-03,5.418290315192382522e-02,1.102908957875160662e-01,1.557508036393085715e-01,1.010092698676969963e-01,6.246964061782585287e-02,5.480390582966968710e-02,3.756709318500262018e-02,2.111589492443579352e-01,2.229466428734724615e-01,1.350777966382393502e-01,9.966447377639305050e-02,2.448955647413608716e-02
4.703417744141238921e-02,2.909851155236897746e-03,1.684503743608856130e-02,3.225691904094715040e-02,5.565837501138103799e-02,6.204338582280751607e-02,4.321542825495932466e-02,1.676508268549571634e-02,6.701992157683915596e-02,7.380515552720559591e-02,5.385453501089937367e-02,5.301704920753839978e-02,3.925597251324778464e-02,9.319327603279770056e-02,9.071909969989729039e-02,8.459473542256666645e-02,2.234290689026791760e-02,1.098482059519765783e-02,2.301689801899215598e-02,2.896392123962886200e-02,2.490351016671546458e-02,3.635428087894027049e-02,2.216440017872664536e-02,2.801747686305583462e-02,6.580416257371407562e-04,2.296071046686280759e-02,2.737772000268925976e-02,1.343869187856935876e-02,3.356528617120982383e-02,4.578425297009647288e-02,5.390995313860695581e-02,6.524717594603228477e-02,6.093767937705650561e-02,6.816872991613462385e-02,2.506787362065149294e-02,1.842626189307300377e-02,1.536607553343263474e-02,1.839691706011106070e-02,8.898962034350028916e-02,4.899252923851374342e-02,2.220446049250313081e-16,1.442471384884961849e-01,6.373361630713585135e-02,5.040138761031664333e-02,2.340205927111022044e-02,1.078743621842929989e-02,1.123030826334842081e-02,1.433022622932322854e-03,6.848229278727899216e-03,5.240240290977231374e-02,1.778189620785056158e-02,1.009897368551814986e-02,3.231636479838354004e-02,1.804983624159591654e-02,2.890045057867140360e-02,1.852387565103415928e-02,1.960288018355382800e-02,1.854289655451943353e-02,5.442377201290150845e-02,4.465479125203820898e-02,1.516747925204185721e-02,4.744826342455705365e-02,8.977707220405811706e-02,3.596323457660156181e-02,6.526177003606557780e-02,1.185236271740362224e-01,1.162269817058339955e-01,1.009200832285570282e-01,7.973911092058741379e-02,8.740333663222865646e-02,6.676881159912144426e-02,8.267712692531924146e-02,6.853876383155017848e-02,5.957022775341235671e-02,4.612654044984627194e-02,2.454964490194874033e-02,1.150029314493061089e-02,8.851827015793550107e-03,1.155167478667370323e-02,7.324654103492554691e-03,3.131640108280715762e-03,1.744778593857096438e-02,1.490233257730034719e-02,1.030722500758603916e-02,1.376940080140603984e-02,6.940168911361205284e-03,6.670926693304324306e-03,1.237482136871928540e-03,2.596966299577563309e-04,1.547489490095015074e-02,3.808771253579310012e-02,9.449360802618628208e-03,6.172754493365878448e-03,6.547879316565932695e-03,1.919720993291337829e-02,3.488324333785048498e-02,1.517459879482453700e-02,5.352205570389856337e-02,3.318849471161509218e-02,3.485209165444617951e-02,3.361813255856199723e-02,4.111008838490562423e-02,6.747888701912591047e-02,5.781113792235298421e-02,6.448382737567970313e-02
4.942128291839542609e-03,2.210918977209538894e-02,1.545142713077291008e-02,2.244168390844351879e-02,3.524042709166544385e-02,3.231652652849938134e-02,1.014067670292843198e-02,1.450909935527336381e-02,2.523663843824509867e-02,3.106848690245585243e-02,3.491120447172667979e-02,2.929562516600394198e-02,2.301886695312316961e-02,7.835867102554587571e-02,6.680477638921564210e-02,6.895312828996356946e-02,2.968580027554732631e-02,2.523592903871127446e-02,2.759860605256565791e-02,1.804795190101737834e-02,1.277267691463510046e-02,6.934850186623764401e-03,7.499448605359504416e-04,1.425018883102174838e-03,1.498872230452712173e-02,3.612189639268167940e-03,6.241931467287055446e-02,1.898875734106326985e-02,7.249132800098978535e-04,4.768375551051640127e-03,2.324394536321595234e-02,3.729959026483761764e-02,2.099703277175404836e-02,1.602838546044763057e-02,1.454851062314466148e-03,1.159890684656808557e-02,3.034427281915950958e-02,4.429764965199029653e-02,7.586850217402629770e-02,9.993262144134851255e-02,1.442471384884962404e-01,0.000000000000000000e+00,4.685596554781062961e-02,8.567129148357638391e-03,1.626140422521962087e-02,1.644802085559562976e-02,2.966964179299064197e-03,1.063257849084311979e-02,4.052203907440155017e-03,5.021735227258834755e-02,4.069632537734183680e-02,2.191819058353228211e-02,5.516609899161682706e-02,3.175655952865683029e-02,3.418264736948038729e-02,5.331776517113975822e-02,5.191152966704710991e-02,5.029939955299061322e-02,6.558839387209887406e-02,7.031477743116539003e-02,5.180540259992463120e-02,6.555440039614764125e-02,1.019300480822494803e-01,4.977756595119843530e-02,2.836431476719177003e-02,6.737597113908050384e-02,7.134745137886598643e-02,6.083504131885092425e-02,3.801935901651656846e-02,4.331130746539071930e-02,3.728937531322770726e-02,6.358805157049554624e-02,4.854838735348741829e-02,6.177008169016670602e-02,5.279726488858785954e-02,5.542019261456218593e-02,5.284212845004020165e-02,3.913360149442835639e-02,4.757405819492438459e-02,5.193920898060516711e-02,3.759590990739232474e-02,1.769136836585721850e-02,3.150620610124731102e-02,1.030976136527493592e-02,6.765100233338663949e-03,1.242347198610127545e-02,2.305084922432504291e-03,3.544951229915202506e-03,6.938778093950048742e-04,2.130015822637765233e-02,4.638188179280466894e-02,3.067339729260432080e-03,1.134557485527859511e-02,3.046158002146790583e-02,3.989422333171120660e-02,6.009492402286486373e-02,2.872766079604177625e-02,4.140308467363319755e-02,1.262199734442445709e-02,8.938164359251467295e-03,1.782568392234429311e-02,2.947115453693766041e-02,2.125480820982209029e-02,2.741537142264041660e-02,4.124591697102850119e-02
2.508242944504163185e-02,2.923237821038923712e-02,1.160152994492971712e-02,1.514700795003452033e-02,2.642013651416852751e-02,2.899501959083858327e-02,1.414034520181822741e-03,3.641553505543840275e-02,2.305266038037628862e-02,1.662253109355615877e-02,3.112613088509555426e-02,2.535944677727554331e-02,3.188402033449411199e-02,6.548526446967756209e-02,5.144890655805259283e-02,5.188079546197532643e-02,1.981351923401974968e-02,1.028243040702882249e-02,1.325418128419177111e-02,5.912498451869974136e-03,1.336089729783337954e-02,5.099000751882271087e-03,6.378000836249800298e-03,4.044967492181639201e-03,2.334628114663752502e-03,2.349341228813336957e-02,7.129651910256259995e-03,6.485048416947913896e-03,4.884559651906400513e-03,1.426000397654503260e-03,1.128253162171093116e-02,1.882242034462437708e-02,4.443740200957613240e-03,2.195003263829028994e-02,9.183264160570941970e-03,5.237867665378204141e-03,1.718145149361721691e-03,1.557754915510164290e-02,2.644635204698563002e-02,8.498626772347342428e-02,6.373361630713583748e-02,4.685596554781062961e-02,2.220446049250313081e-16,5.740808415957671107e-03,1.923115543043767139e-02,2.313088829306965757e-02,9.942531159358364290e-03,2.241928018089864305e-02,1.935473489570416206e-02,1.832768274480529869e-02,2.632772337634073367e-02,6.130244123641097331e-03,4.517846889255724280e-02,2.330853436515244528e-02,3.858242154448520561e-02,6.682988139230848501e-02,6.367125061536448027e-02,6.600809964817161424e-02,6.536010213986348516e-02,6.579497149265906009e-02,4.987548108649866169e-02,7.096635413630009159e-02,1.080453512527218135e-01,3.455567649205474462e-02,2.204931531105660050e-02,5.619760774095894362e-02,4.696356173331237005e-02,3.526142522132114099e-02,2.076204875808040917e-02,2.244379534733087489e-02,1.859350199891401934e-02,4.189319169965600997e-02,4.111535937212929676e-02,5.668768364332353593e-02,4.138809542430665900e-02,6.657352181636397304e-02,6.862269508288210140e-02,5.887525615029012838e-02,6.693760676716335734e-02,7.525369269637648129e-02,7.048476986039259318e-02,4.128829121121979639e-02,4.840842611003674800e-02,1.371272052079557970e-02,1.147149414376462742e-02,1.880389558625508717e-02,3.857564171869304337e-03,2.835164315591567896e-03,4.933579663510448410e-03,1.444963826899421655e-02,2.020111071307381656e-02,2.339317093364656763e-03,8.001780931024791987e-03,3.419337995357260573e-02,4.886198423002744567e-02,6.675417004115269393e-02,3.801281126891238593e-02,3.757516087764455753e-02,2.390831791732488110e-02,1.894990074344771180e-02,2.465969903646100803e-02,2.485440182260349740e-02,3.192995400944872997e-02,2.143025288070032897e-03,1.569316310433549466e-02
1.657999925119879592e-02,9.629197585807741655e-03,2.152654611669913010e-03,8.858222879092811364e-04,1.943485144947393328e-02,2.239854232345295931e-02,8.540328965170176229e-03,1.811249693450174558e-02,1.171228286866182744e-02,7.039240369020496879e-03,1.256577393467954440e-02,2.185481771896954917e-02,3.820512897998729063e-02,4.781247971421263843e-02,2.569311696456461069e-02,3.422276430877232989e-02,2.670442229833253078e-02,1.939266165868455682e-02,3.085501102829947551e-02,1.894986833891479372e-02,3.024583906323592697e-02,6.145367303990317831e-03,3.837453753452027549e-03,1.000292616010411972e-02,2.034961040882345140e-02,3.288193744078848207e-02,1.118414317255108509e-02,1.607717756426130240e-02,1.492181764605259031e-02,4.200839472551107234e-03,1.413965942705340539e-02,2.486241306559046696e-02,2.257050629349732079e-02,1.991453280478650001e-02,7.435181820934194663e-03,7.323224840078440545e-03,6.352088221583757077e-03,6.569015952750700479e-03,2.697443194284744605e-02,6.974368256017919598e-02,5.040138761031664333e-02,8.567129148357610635e-03,5.740808415957671107e-03,2.220446049250313081e-16,2.125783366120601037e-02,2.140114625872277521e-02,5.379535539925026089e-03,8.280961762447067165e-03,1.256386586612284750e-03,3.335124764994340518e-03,2.793663053929416884e-02,1.885397469338350590e-02,4.783034867813809599e-02,2.161027277307094388e-02,2.863027730190791098e-02,4.730280056792416504e-02,4.499613145113724039e-02,4.673498608766127327e-02,4.719523627790357667e-02,4.187776173324303519e-02,3.509972837541363438e-02,4.535896224347026051e-02,9.454525960985504796e-02,3.051767057914941961e-02,2.435009233438041598e-03,2.821713781264278964e-02,1.593610229379621712e-02,1.691440278155276200e-02,1.426872264939474388e-02,1.341487157424427201e-02,2.872029373675163977e-02,4.419252437215740598e-02,3.427489534401358812e-02,4.472618340160693096e-02,3.721973266921452250e-02,4.864769491494001785e-02,4.258013769086239908e-02,3.291819816990017300e-02,4.310364617265190212e-02,4.935381271213522270e-02,4.192041773427888918e-02,2.389138061934967250e-02,3.037890063448248079e-02,7.891710178375850246e-03,7.512194782125475312e-03,1.539880976431257098e-02,1.325191776025189117e-02,1.246978656962549614e-03,3.614643115330870571e-03,2.549719219113066870e-03,3.150407934391835640e-02,2.467392153940900501e-03,6.788619330942574637e-04,2.202576882102991185e-02,3.345883365259182118e-02,5.372270126429793541e-02,4.122692864068611129e-02,3.883967767764011370e-02,2.313424344598737428e-02,3.143888346403574119e-02,2.482596139577731079e-02,3.111070972132551696e-02,9.824672815120463754e-03,1.811855424375639900e-02,3.322964925060346852e-02
9.446923117904421074e-02,1.197168406174394517e-01,6.850940417571535490e-02,4.082097265020767640e-02,6.215500154822464762e-02,5.237031542088652070e-02,5.284281592250564263e-02,1.937648549814451060e-03,3.699529191672550066e-02,2.479247625639742492e-02,2.500452687795515216e-02,1.415789849212412133e-02,9.481799016180816886e-02,8.216026028799033876e-02,1.526661618687230604e-02,2.271285546199897087e-02,1.634975027283741555e-02,4.631371527012678735e-02,5.216148750176000104e-02,7.144969702696086361e-03,7.409866328440620209e-02,8.028603629597291791e-02,8.114242582103914359e-03,3.500596856930371370e-02,1.129022931905676597e-02,9.400975930289534599e-02,1.692497778045263246e-01,5.825824711799018618e-02,1.958369331209663944e-02,5.867685172439023045e-02,2.482280867488269316e-02,8.742307044622851797e-03,9.340321629684719684e-02,1.403749258964881175e-01,9.766300157269464099e-02,6.064947477072740734e-02,6.146001540788964546e-02,1.125758247861902983e-01,1.470241608473470962e-01,2.272461834599225905e-01,2.340205927111017187e-02,1.626140422521967638e-02,1.923115543043767139e-02,2.125783366120595486e-02,0.000000000000000000e+00,5.745923783623152481e-03,3.372673296217365557e-02,1.009041876730624732e-01,3.569466626128436904e-02,1.206899110691163901e-01,8.327557571096672051e-02,6.474604839388679867e-02,7.917560785593005801e-02,8.157586523514878674e-02,5.095742861359886522e-03,1.197358669439108902e-01,1.968217369863695110e-01,1.864792643903933622e-01,1.175171389262481270e-01,7.501697563666877289e-02,1.354159521190105298e-01,1.175683293379777561e-01,2.032070174594941547e-01,1.160036779264978501e-01,1.323163290884369903e-01,1.244891759715594931e-01,1.333160261503152366e-02,4.089791232070071059e-02,1.832105118787591413e-02,4.729216293018756456e-03,8.447373666600610509e-02,8.913252640848798314e-02,7.896987358369825238e-02,1.317661025752672188e-01,1.309659277290317336e-01,1.395003660411881508e-01,1.069023697297859232e-01,6.745908089394769824e-02,4.161033759288067235e-02,1.561415660613477974e-01,1.486959778982752112e-01,5.296692872520120110e-02,5.353206664070972454e-02,1.361319296502335602e-02,5.363872400594354994e-03,5.014996261547777223e-03,3.373325603356747138e-02,4.324010462055533077e-02,6.212302728291382858e-02,3.546052387919843008e-02,1.335023977901786396e-01,6.445634338317762779e-02,1.597778346871606137e-02,3.898025700796373810e-02,3.225282332027568089e-02,1.241825980937058815e-01,1.141490316478134814e-01,1.028534630640213360e-01,1.165985973699176503e-01,1.915825453463337047e-01,5.525590611048536438e-02,2.942352506259093836e-02,2.740126020442779087e-02,1.811204723058368327e-02,1.845231789318613203e-03
9.300761357670289664e-02,1.014989248207280592e-01,4.445091269335338380e-02,1.340637325672511260e-02,7.322993676879691050e-03,7.764438548982531552e-03,1.271623640078430040e-02,4.076354767140996649e-02,3.450369937245968688e-02,7.068619909915890842e-03,2.829396256753816119e-02,7.631683273788447686e-02,1.898663413766183417e-01,1.060510575420327006e-01,6.627823603579052758e-03,1.012937112584820776e-01,1.052731899212358546e-01,9.823958138902585957e-02,1.088380206875890488e-01,9.118696691662653286e-02,2.608002972214346071e-02,1.778870793424158769e-02,7.343240306772680359e-02,2.486802603802440448e-02,3.179228013270407605e-02,3.975166018624198827e-02,1.251615466662734655e-01,6.129618367962937769e-02,6.626994463585102191e-02,3.051631062683867607e-02,3.848652594410661987e-02,4.590010305778645383e-02,3.409649681174022062e-02,1.861467696283378853e-02,1.405577974482194459e-02,1.431388067358113636e-02,1.396814177778282762e-02,6.335317493100162123e-02,1.219920390740283911e-01,1.439813634652228891e-01,1.078743621842930683e-02,1.644802085559567834e-02,2.313088829306967839e-02,2.140114625872283072e-02,5.745923783623152481e-03,0.000000000000000000e+00,1.623187182261964789e-02,1.072074597249697003e-01,3.760898517801330998e-02,1.264014693194052408e-01,8.017104920619125275e-02,8.121685942699277683e-02,1.420017755816091465e-01,1.283567838956757023e-01,2.296125512152019654e-02,6.895202314266475618e-02,1.364004308535760879e-01,1.333433280977669999e-01,8.779192391500140191e-02,5.049017256029522671e-02,7.031769104783983093e-02,4.934844814688355008e-02,1.371214592479650385e-01,1.132385223673709196e-01,1.876874946863696936e-01,1.389582425202670057e-01,5.419540336151773552e-04,6.797542092227408517e-02,4.060807722654143082e-02,1.105076893735331724e-02,5.909937936925549473e-02,5.763376761570407347e-02,2.871617383562918846e-02,1.084718835899360911e-01,1.193204653357354261e-01,1.299520373548525565e-01,6.858535930153580873e-02,1.323727750121517222e-02,3.844139191912645387e-03,1.117151364739183833e-01,9.015987027493532757e-02,2.255087305324143809e-02,3.876493520642620982e-03,9.624289680353392828e-03,1.674409663856657460e-02,1.121256494339906151e-02,2.681039537616658475e-02,2.578253240275368841e-02,2.930374766192317404e-02,1.221560858675513339e-02,1.045789407266641824e-01,3.359363644013274586e-02,3.012191458309804171e-02,7.005257357381416972e-03,2.385685855068375716e-02,1.158004385669671454e-01,1.517811647265653041e-01,1.016419015669879911e-01,7.885851405072386022e-02,1.298708637769096508e-01,2.657590624848649163e-02,5.414148860607981284e-04,4.675981474077622879e-02,8.946670867041039976e-02,7.570633194890652451e-02
1.449979156655011869e-01,9.729262619454917549e-02,9.187325264387377621e-02,2.391164433756141905e-02,8.198123940282930899e-02,3.079362645161733136e-02,4.079996631368985882e-02,4.759886137564658948e-03,6.071826150060188887e-02,3.913813078525504863e-02,4.892457329772978425e-02,5.066809615249195931e-02,1.506452704690884603e-01,9.032982119566207446e-02,1.430737689835336612e-01,2.349223340981979880e-01,1.770091285308671991e-01,7.517317002723379604e-02,4.308000905178507867e-02,8.508044256450941756e-02,2.079400808565223802e-02,3.144996068543937096e-02,3.770656820254891795e-02,4.345329147534304770e-02,1.818237344891288076e-02,1.867105290304998944e-02,8.611893785195803841e-02,3.597271051260547692e-02,6.210841123448286594e-02,2.783426230150445879e-03,7.756916142614250775e-02,8.493859762565701688e-02,7.976308371921764229e-02,3.419552398491954720e-02,4.030650647632499917e-02,3.005165224719891226e-02,5.509082172794999011e-03,2.114080852337071187e-02,2.919200319993053849e-02,5.051084621723780227e-02,1.123030826334842081e-02,2.966964179299036442e-03,9.942531159358398984e-03,5.379535539925026089e-03,3.372673296217354455e-02,1.623187182261964789e-02,2.220446049250313081e-16,3.932784974163561209e-02,3.666544122216097712e-02,1.442585763644192443e-01,7.351709138520978737e-02,9.476755386291696448e-03,1.847519749817294610e-02,6.066880876085262164e-02,8.212997829171930775e-02,7.907306748987970313e-02,1.655213673511367334e-03,2.719669456136256103e-02,3.062602304524036922e-02,6.011218720729694098e-02,1.878115224768114877e-02,4.857684699018352537e-02,4.823943626299104226e-02,4.724456578532883200e-03,1.510225415699999740e-01,5.889259155495910059e-02,9.795009641175256299e-02,1.472327205106614967e-01,7.125684628473008542e-02,5.589202769546865179e-02,2.470863443120845798e-02,2.555724644098220089e-02,3.622051354038183235e-02,9.123386032366873066e-02,1.241799437463997069e-01,9.460221709567855075e-02,4.991872265049826507e-02,2.283381249623757034e-02,5.820157841599703230e-02,3.218643990675824906e-02,9.060545114711798798e-03,2.541989923788251504e-02,2.403090646908809247e-02,4.030347629260438991e-03,2.642845989098618897e-02,1.617798618281052203e-02,3.163595152003806366e-02,3.575144490617099269e-02,3.043594226550683235e-02,1.423139843371418189e-02,5.527493626838553276e-02,5.066710264855389667e-03,6.496037467211862593e-03,1.581260556319398491e-02,4.204658911995140524e-02,1.227521890076381239e-01,1.351880091688325847e-01,9.720706454866878676e-02,4.749746209694880039e-02,8.939575039635988540e-02,7.515294971603803109e-03,1.945587567999079726e-02,8.420894348712509858e-02,9.502268676151887083e-02,8.801130261338402372e-02
1.524013836819594903e-01,1.042720223525546441e-01,1.196638625864623051e-01,6.242324400300769405e-02,9.109288467249157528e-02,6.357981461425077363e-04,8.209016024625113983e-03,2.632198680254446699e-02,8.790478347308963714e-02,5.672028591433503353e-02,5.010787960312076961e-02,4.011626896686476540e-02,1.542777631707274444e-01,1.227704627887394873e-01,1.579811190941779742e-01,2.727401398729901172e-01,2.147541653982540100e-01,1.355097322451023212e-01,1.500505020913797116e-01,1.578832851539796467e-01,6.998901266375967545e-02,2.491271284572060818e-02,3.220083173150634082e-02,3.069088930535179838e-02,4.688278136883683445e-02,1.098137979766304895e-01,1.667203074448911082e-01,1.257582329420259826e-01,1.361282258330385464e-01,3.744126556289381624e-02,8.532143716727061400e-02,1.032111915191720464e-01,1.371552926111884452e-01,1.067410285148538140e-01,1.154022352072844454e-01,8.043020095331943065e-02,7.251836716439002961e-02,1.221110642985922257e-01,2.946784317424400168e-04,7.551419965940872614e-02,1.433022622932350609e-03,1.063257849084311979e-02,2.241928018089865693e-02,8.280961762447046348e-03,1.009041876730623621e-01,1.072074597249695893e-01,3.932784974163561209e-02,0.000000000000000000e+00,2.427852233545657601e-02,1.551584999361547146e-01,1.020371902643720796e-01,6.017401306407854644e-02,2.377557374777217181e-02,6.333449095165366582e-02,6.609249560876295781e-02,1.160913020868233891e-01,2.636030118667298527e-02,1.156643986298305782e-02,2.058345120267246475e-02,7.405797710061556849e-02,2.429895515531826922e-02,5.081777013785715447e-02,1.009241003942984438e-01,4.475662326510254641e-02,2.095594608068346021e-01,8.038353951022586541e-02,1.127549935325459773e-01,1.611266211854534280e-01,8.546533006758726125e-02,7.926410464030167469e-02,6.983514139699373291e-03,7.918674679213699719e-03,8.258996578352270634e-02,1.155924302408230520e-01,1.443640027605327669e-01,6.853007921709686201e-02,3.555684095592170912e-02,1.391292300297768403e-01,1.787356351091568540e-01,3.248373219364959763e-02,9.182601671377871311e-02,1.045551955037555825e-01,1.339252691759835745e-01,4.473103424993787880e-02,7.936647385184442127e-02,1.398282871206801836e-02,7.899646120194003807e-03,6.373464402818929120e-02,4.462710047592843843e-02,2.976863071425561724e-02,6.415661338086642296e-02,6.486136402194253581e-03,5.443053848262413563e-02,8.923144541986101352e-02,5.138364931320837936e-02,4.541480982090811969e-02,1.133925329734930543e-01,1.429104474421010185e-01,1.388494954836619333e-01,1.605031599320322355e-01,5.219482620237070325e-02,9.079157464492282337e-03,3.014802340798783398e-02,7.122976527499735866e-02,7.905785807918680463e-02
1.125093240109910075e-01,4.294387081207523549e-02,1.071245032889513032e-01,6.054307541776560858e-02,1.268802173787769438e-01,2.064490639084537449e-03,1.395216384013575617e-03,5.456265082299999181e-02,1.119133658068424686e-01,9.574316833550328143e-02,3.368957156195434566e-02,1.091077608596791038e-02,6.121493427828433864e-02,1.528132834823188735e-01,1.363073036341402866e-01,1.834549165288315575e-01,1.372201970176068486e-01,6.739690204049830768e-02,9.352189796869148086e-02,6.295201254813698188e-02,1.832212816536016309e-02,3.927141219709606723e-02,7.174243403693714161e-02,2.533674564696442033e-04,3.840636531149438371e-03,5.980758136768252187e-02,1.371277336340669117e-01,1.280408053402535273e-01,1.659441519412435395e-01,7.842364418641344093e-02,1.092879401022223695e-01,9.398157291461614604e-02,1.744351902325392556e-01,1.614903334788591049e-01,1.648899289081963149e-01,1.425066925989133537e-01,9.231991130369426868e-02,6.386589949195875526e-02,3.998721360832421801e-02,6.618150055816530986e-02,6.848229278727913094e-03,4.052203907440127262e-03,1.935473489570413430e-02,1.256386586612270873e-03,3.569466626128431352e-02,3.760898517801336549e-02,3.666544122216097712e-02,2.427852233545657601e-02,0.000000000000000000e+00,8.822709469548861705e-02,9.102165753296798112e-02,9.232494361688070583e-02,8.014402675986492808e-02,4.552271305634836285e-02,2.145508645499567546e-01,2.144549916564703895e-01,1.176403935795743011e-01,1.105772303186744743e-01,1.228370106993442179e-01,1.690251359332123893e-01,6.393944717320662607e-02,1.274356050787924244e-01,2.391911691865202250e-01,1.171687612197443440e-01,2.191701533966436410e-01,5.173574625727478393e-02,1.137465566090511970e-01,1.347795081348570068e-01,9.927392091393272278e-02,1.232998810277599055e-01,5.376662827034869863e-02,2.508078135391846736e-02,6.327953154100821043e-02,6.550585102753489486e-02,1.000070138164705635e-01,7.668530947716675761e-03,9.424491806569812447e-02,1.753870123236251355e-01,1.939548071403829066e-01,1.112662336539097935e-01,1.657610803155438739e-01,1.257324958296585082e-01,1.427309840504959459e-01,4.588538809884892822e-02,6.991693079116603760e-02,2.942611524010152468e-02,4.969966728873553841e-02,5.241209858647727371e-02,2.563183482917003042e-02,5.003209762062171828e-03,4.230299639567003389e-02,6.927432190229493303e-02,1.792688510917819777e-02,8.237026954937934353e-02,4.698912158558150864e-02,1.683900827368887965e-02,1.115245121401008122e-01,1.288385644670622665e-01,1.207862394583822524e-01,1.107084720234284420e-01,4.722069710070941895e-03,3.816398023528579098e-02,4.317783014574202993e-02,5.466602282721385458e-02,1.653868221188220522e-02
1.003057378351192158e-01,1.082975161324101765e-01,4.967125185560625211e-03,1.646980401365806534e-02,1.022809138644226179e-01,4.374447375624931911e-02,1.028221872387333202e-02,5.559894499229889320e-02,1.411284314915611238e-01,3.898039397270847140e-02,3.513655320366215751e-02,8.981147257164151521e-02,1.129277212195724800e-01,6.317973255106162922e-03,5.983316436076450973e-02,8.822611328690277421e-03,3.530250997056294526e-02,4.622928776210954993e-02,1.125733257361768436e-01,8.637860245394968217e-02,1.443340466458992166e-01,8.626412372338521095e-02,1.271610195953152000e-01,1.832186609869556615e-01,1.344617700907971558e-01,5.366862093534427447e-02,1.199832051507045139e-01,1.362149064822983924e-01,2.057183145109806877e-01,1.061442227511443792e-01,7.476556424255653699e-02,1.248457471372768912e-01,1.927497777540325141e-01,2.116430652360710984e-01,2.327844449328979326e-01,2.524713851140234500e-01,1.589946709923182599e-01,8.469284585085923300e-02,7.203031716343570590e-02,6.696569409395396189e-02,5.240240290977235538e-02,5.021735227258829204e-02,1.832768274480525705e-02,3.335124764994340518e-03,1.206899110691163901e-01,1.264014693194051575e-01,1.442585763644192443e-01,1.551584999361548256e-01,8.822709469548861705e-02,0.000000000000000000e+00,5.792923292291418669e-03,1.477539968737139331e-01,7.423486525464140229e-02,1.229017320308197769e-01,3.002585897960265982e-01,2.981414027649287868e-01,1.806673254871285494e-01,1.996779189498487928e-01,1.689522735344339277e-01,1.372305738572598965e-01,1.483777573837324892e-02,1.354941229579833539e-01,2.425845119593506016e-01,3.259407729064300874e-03,4.294485478727106398e-01,2.034214289319322688e-01,3.471615261263866214e-02,9.162184579813809071e-02,1.123428590837248220e-01,9.476417503257178465e-02,7.609832121430737395e-02,3.868879571985328614e-02,2.541979907089120250e-02,4.126998119865449288e-02,4.263681480651290712e-02,1.763839396857329322e-01,2.822462738326951270e-01,3.030370304477909005e-01,3.189085386914114473e-01,2.488640799883453658e-01,2.509702062467589201e-01,1.505605328457157444e-01,2.073023253538969768e-01,6.125445225092188140e-02,4.941931925923404023e-02,6.809949270304260782e-02,1.242362475045493131e-01,1.699634408931771645e-02,4.456610256962248440e-02,8.365207431656379589e-02,1.373692011287366288e-01,1.404401168446382797e-01,1.274654011702314182e-02,1.142779251959092079e-01,8.542219554910979173e-02,1.232060161751208360e-01,4.689556304016195831e-02,3.931755714944518143e-02,5.163111281205412517e-02,3.683903385000103503e-02,8.884006621703524620e-02,1.396154173759628636e-01,1.477561363912110737e-01,1.876313266413756620e-01,1.271294776239297042e-01
2.019353838251303213e-01,1.819613335841451796e-01,3.468000570163536772e-02,8.320068794216156291e-03,1.333202847241565792e-01,1.470507725087326911e-01,1.217739296499861235e-01,1.122336735551816012e-01,2.855620067683342089e-01,1.295815602758908502e-01,1.349314798012652972e-01,1.625510823830564611e-01,1.679274799036257482e-01,1.286235792631107433e-02,2.828332483852721846e-02,7.116280218762924270e-02,9.801592545621679031e-02,8.301591036792133060e-02,1.636766078415063941e-01,1.377007333452734961e-01,1.298869374811121302e-01,5.850646785106147774e-02,6.968545349810158218e-02,1.152266372812682793e-01,7.829859616465661976e-02,6.788304446568177442e-02,3.546739396209230843e-02,2.008699433934033052e-02,4.597002306753231182e-02,1.585244051069989446e-02,2.701403616065189972e-02,1.194137558325331083e-02,3.378350354815096157e-02,5.117036418722140101e-02,7.987366778920138022e-02,1.527619000366285118e-01,6.854427608523284976e-02,7.519585899746218660e-02,2.849691147405931241e-02,4.415292494193341633e-02,1.778189620785056504e-02,4.069632537734184374e-02,2.632772337634075449e-02,2.793663053929415496e-02,8.327557571096676214e-02,8.017104920619133601e-02,7.351709138520978737e-02,1.020371902643720796e-01,9.102165753296798112e-02,5.792923292291196624e-03,0.000000000000000000e+00,8.324624017699822076e-02,1.439544349522925426e-01,1.449362235490043727e-01,3.430622972964837425e-01,3.561926852612862238e-01,3.085204228222370171e-01,3.159402661486240826e-01,2.779101967980929788e-01,2.452551078188619504e-01,1.745290543748964640e-01,2.697260890652617982e-01,3.965335329343362969e-01,2.524967259042134593e-01,2.785236845711128728e-01,1.628119770250444354e-01,7.427795986710378218e-02,1.279739659995760004e-02,5.552786478065185882e-02,6.020318992227341459e-02,4.243344091246462058e-02,1.722366470697110630e-02,6.831684731855736104e-02,1.131352255091005177e-01,9.688213668863544792e-02,2.151175989400596900e-01,2.052618639159221603e-01,1.582173712048188796e-01,1.857831784240851214e-01,2.556477875645541964e-01,2.408143855711169234e-01,7.832984096647338523e-02,4.951744650653794322e-02,3.710654144350258865e-02,4.201745114119881386e-02,1.242803704351024829e-01,1.277408440700584791e-01,5.913824649355803320e-02,6.338535466111383521e-02,8.464960763463852400e-02,1.174738737715307346e-01,1.505667631499352788e-01,1.053344370673352515e-01,2.623677275987940094e-02,1.341037844310880023e-02,9.693210142655760142e-02,5.628322752924790756e-02,7.197457508414634164e-02,3.644682352893208188e-02,3.170562201956381165e-02,7.441641568643707350e-02,4.075111479149484683e-02,4.824120772580484107e-02,3.835886665941229401e-02,8.595206121958520740e-05
3.171959014194807719e-02,9.798842652619185745e-02,4.550479307919393784e-02,4.244119218958815332e-02,2.005622313712053795e-01,1.794653217489901587e-01,1.799218279853331826e-01,1.962063463902384008e-01,2.869334214117102988e-01,1.100989291850089091e-01,1.403942735472029912e-01,1.734793464008420050e-01,2.316726199990009061e-01,1.476294505014553726e-01,1.468742859017643509e-01,2.412553987358747598e-01,2.080698775571749315e-01,1.340156387200668320e-01,8.170999459544148191e-02,1.282698270305079324e-01,6.357506434032689224e-02,5.168699905880999590e-02,1.811986254400205221e-02,1.196935552870931341e-01,7.873785150156251134e-02,7.071903096643633591e-02,2.913510607237509986e-02,2.140624162099678818e-02,7.324642179502890982e-03,7.793751691128368575e-02,6.913260398720419420e-02,9.301823400843081679e-02,2.150400095853371996e-02,2.997616711876205375e-03,3.513727820732800988e-02,1.051633021902230736e-01,4.597583460110374332e-02,3.167700026669567626e-02,2.711970108848368866e-03,2.087551648231318266e-02,1.009897368551814292e-02,2.191819058353228211e-02,6.130244123641062637e-03,1.885397469338350590e-02,6.474604839388678479e-02,8.121685942699273519e-02,9.476755386291807470e-03,6.017401306407849093e-02,9.232494361688070583e-02,1.477539968737139331e-01,8.324624017699822076e-02,1.110223024625156540e-16,5.587785419138409093e-01,3.022525710091878981e-01,4.656722544685498733e-01,4.283178627323520615e-01,3.220839663580750689e-01,3.037490553817651096e-01,3.620350720277145662e-01,3.880940644435838527e-01,2.537125838637305231e-01,3.348830175612641513e-01,4.960886773926669324e-01,3.901319495746057298e-01,1.387949871522339285e-01,1.561576769751951699e-02,5.412817071878794906e-02,6.025001711442368180e-02,4.902081374970451710e-02,2.897684933709626653e-02,2.870643012216206325e-02,2.039117707934438514e-02,5.690793823303189058e-02,1.247652922777278545e-01,7.417973696254341609e-02,1.555753789850806701e-01,1.134595862359307761e-01,6.555962275071250400e-02,8.580190064776113679e-02,1.793527435579130302e-01,1.504246085986815917e-01,5.246618242438105817e-03,3.586443423618090875e-02,7.216167903266404449e-02,7.547480331360523209e-02,1.390394096450123240e-01,1.421053324537804308e-01,7.462930385316943194e-02,7.013463641542452831e-02,7.921681030250643518e-02,1.082488938654537214e-01,1.437030458547432499e-01,1.169497820757665063e-01,5.147956192492333938e-02,3.199418133880693738e-04,6.627431107596351567e-02,8.475118748603706342e-02,9.666369056319290554e-02,7.571862555439275166e-02,4.095960112981153478e-02,1.054416478496289500e-01,6.224692651264372018e-02,8.961557996890773259e-02,1.926647220364066659e-02,4.272211047522783689e-02
5.791134901638830823e-02,5.634790819332056999e-02,4.151777129323506316e-02,4.026103347341766781e-02,4.207043214508601053e-02,5.215676258473925242e-03,6.982333970784244948e-02,1.185169110189635555e-01,1.486321224696843246e-02,7.308951777754532642e-02,1.962059464137156095e-01,1.474089417428429971e-02,1.524148052722774094e-01,3.301484605371267644e-01,1.471971370608223251e-01,5.529670025256200327e-04,1.231766987064090574e-01,2.695942131043188583e-01,4.268408369741324981e-01,1.579015196776165086e-01,6.065014092892620501e-02,3.716795029641606352e-02,9.328136218362884091e-03,3.421663082650486243e-02,7.469961216327931919e-02,7.384239499466596635e-02,1.627466334857281538e-01,3.109421711298771679e-02,5.498154197046405123e-02,1.891381025926925155e-02,1.036962387134826580e-02,6.749352642073772057e-02,8.032931147298347230e-02,8.201260463765959463e-02,9.050551022207634078e-02,9.736327556012702722e-02,3.946377729238931265e-02,2.029089657623456278e-02,1.016990496435327684e-01,5.890152783433510314e-02,3.231636479838354004e-02,5.516609899161684094e-02,4.517846889255723586e-02,4.783034867813810986e-02,7.917560785593004413e-02,1.420017755816090910e-01,1.847519749817294610e-02,2.377557374777217181e-02,8.014402675986492808e-02,7.423486525464140229e-02,1.439544349522925426e-01,5.587785419138409093e-01,0.000000000000000000e+00,1.022348543917742658e-01,1.954451622553055046e-01,2.590872554991542898e-01,1.582485982525763113e-01,1.136955355439800142e-01,4.950090627470316029e-02,4.142348971387399548e-02,8.625660985627625621e-02,1.156157238968357759e-01,5.716016214254832084e-02,4.850495220651951378e-02,1.904908863038113909e-01,1.948622003515702028e-01,2.031195518610045270e-01,7.826133481814911974e-02,7.674786333823069295e-04,5.223562941388840142e-02,2.660326675693190993e-02,2.270102868011908415e-03,6.379576192496054510e-02,4.548336020314200367e-02,5.938402189914554485e-02,9.878440149593420427e-02,1.362917246438952179e-01,1.467569641635765865e-01,1.780100925994023142e-01,1.388628727929225315e-01,1.380536376641673113e-01,9.802034294433950579e-02,1.092860400148125966e-01,2.325861613255450489e-02,2.294605044957068185e-02,2.823656735981200372e-02,5.077355111921311170e-02,7.528532267000564993e-03,2.060664624065966510e-02,3.560048217602240772e-02,5.036008675076725227e-02,8.082535077456504125e-02,3.500669414343876573e-02,7.627905063284812215e-03,4.649594781669319499e-03,4.382095576678750326e-02,4.934677920768301695e-02,3.415126955905792294e-02,1.777348087632468765e-02,7.654435293091416126e-02,4.664463831515330838e-02,5.987484193191360687e-02,8.115043064393802352e-02,1.369153562154186432e-02,1.682855590591519901e-02
7.619446433360171911e-02,3.254252366002072239e-02,5.892784521989326285e-02,5.790983490479738316e-02,7.214083143448225821e-02,3.764403985048088430e-02,1.421083150248273960e-02,6.629445444797306408e-02,3.390046337219514150e-02,4.979925771360416142e-03,1.107657250727848292e-01,1.874015680197851919e-02,1.150857386082414918e-01,1.128552345452610295e-01,8.353895626755758475e-03,1.509106139740244712e-01,1.625577921272738924e-01,2.142469640552986387e-01,2.816152386375616601e-01,1.774907545000425080e-01,6.416503292872294262e-02,3.156741132847118436e-02,2.951311258528643844e-02,3.215994011862643998e-02,5.399532149771338330e-02,9.318333129416284111e-02,1.731410551434379719e-01,2.512245009417216068e-02,5.240422810766252881e-02,1.782960638459145375e-02,5.214394591522578115e-03,2.408979640548730705e-02,6.446484992921520940e-02,5.500871000345969319e-02,5.530531806836286313e-02,5.638288962724519182e-02,1.354145382817506515e-02,4.351038740425411389e-02,2.512832818343074121e-02,1.316850268396757562e-04,1.804983624159590960e-02,3.175655952865684417e-02,2.330853436515240365e-02,2.161027277307091959e-02,8.157586523514881449e-02,1.283567838956757023e-01,6.066880876085251062e-02,6.333449095165366582e-02,4.552271305634825183e-02,1.229017320308197769e-01,1.449362235490043727e-01,3.022525710091875650e-01,1.022348543917742658e-01,3.330669073875469621e-16,1.952260609499822941e-01,2.157439515978282762e-01,1.002800881496911933e-01,7.252022053551673841e-02,6.196226317142844442e-02,9.550206003433447943e-02,7.419638926005078794e-02,9.643412127533568245e-02,9.536120180124241230e-02,6.959084505178031455e-02,1.909352732848716983e-01,1.061594751287515404e-01,4.078065842196482160e-02,4.899819081089590300e-02,4.531180467951992363e-02,6.383566200041407290e-03,1.905197795630528962e-02,3.079581892514638569e-02,1.346136339094763934e-02,4.293229201162845898e-03,2.329242711180523617e-02,1.945444142486701944e-02,7.058098717141091105e-02,1.094479472360183059e-01,1.004458338946814105e-01,6.050366087790668562e-02,9.003140807905665732e-02,7.251672962044575232e-02,8.549971380500270834e-02,1.418440866410167200e-02,2.734574318377105961e-02,5.049116369868544840e-03,1.103869100608234621e-02,1.742436380224995918e-02,7.760522964893684650e-03,1.322451198620103185e-02,2.093500515024854236e-02,3.021470831768102716e-02,1.728076171595871457e-03,4.230617144745135727e-02,5.812100011999210558e-02,3.203656885164621326e-02,1.655382986587889543e-02,9.540502127615452244e-03,5.376467915359153804e-02,1.340409231769396914e-01,4.713017395987353919e-02,4.827544619927030822e-02,3.615903145639183525e-02,2.545631746181065483e-02,4.317770906079690385e-02
1.942554640834653901e-02,5.303572173264464729e-02,3.589084385251573028e-03,8.018709225610209934e-03,4.060417270600572004e-02,1.098166146303439922e-02,4.508303200244048042e-02,1.478416873515617930e-02,9.755825754867768207e-02,5.775367363554489986e-02,7.197896119464225473e-03,9.128568369016981654e-02,1.727389074352801979e-01,9.602336113732534706e-02,2.601515237261031732e-02,1.713947389534459242e-01,1.948787838200543299e-01,3.189624821533765253e-01,4.115104405148652944e-01,3.056113100731394638e-01,2.433217537806969810e-01,9.697044846742386426e-02,1.143424352245019926e-01,3.669568568387387986e-02,4.049349716908984265e-02,1.027815628498521261e-01,2.827033500379144693e-01,1.683639740914819050e-01,1.270587850840324273e-01,2.291396952555946331e-02,9.686143955346061818e-02,6.496347470277635816e-03,8.226939127432979920e-03,9.357164346480868755e-02,1.414195598199481374e-01,1.542968802022035568e-01,1.186377761009345111e-01,2.909572950133806346e-01,3.313397140143496677e-02,1.049365233737416941e-02,2.890045057867141748e-02,3.418264736948037341e-02,3.858242154448518479e-02,2.863027730190791792e-02,5.095742861359886522e-03,2.296125512152019654e-02,8.212997829171925224e-02,6.609249560876317986e-02,2.145508645499568656e-01,3.002585897960265426e-01,3.430622972964836315e-01,4.656722544685497622e-01,1.954451622553055046e-01,1.952260609499822941e-01,2.220446049250313081e-16,4.047948094978770506e-02,1.029613750838009878e-01,7.049979528822269970e-02,2.388166587459383816e-02,4.663638164207772885e-02,1.302434895653870051e-02,1.911773747894440767e-02,1.734676005776336627e-02,1.327495764854064175e-02,3.657955810160494758e-01,2.236757276504576508e-01,6.900647846030849575e-02,5.774917843468285739e-02,1.794021878034862683e-02,2.590510711571988867e-02,2.745420346770495457e-02,8.130024203480967770e-04,5.166574835449272429e-02,1.911179216954395077e-02,2.340838731549543805e-02,3.663652091572155989e-02,1.076678866348635688e-01,1.268554990896617607e-01,8.229275395982482699e-02,5.769449808836124571e-02,8.072217951875881869e-02,1.425592760252110403e-02,9.710326156953755228e-02,6.783847429964187659e-02,4.863422115588400541e-02,4.741623980837561536e-02,1.434199934171410673e-01,6.297551338753371031e-03,1.420526159129209542e-02,5.632110613748414485e-02,1.065680313345861441e-01,3.974412787058601015e-02,3.108651677534984836e-02,1.606216732943290815e-01,1.109485657682406923e-01,1.174896235121981047e-01,6.507659734561926923e-02,9.436974855279722796e-03,1.139567664359371069e-01,1.420024945416681894e-01,6.965869177972983106e-02,4.596680537047703741e-02,5.383167891636703173e-03,1.032713602325551205e-01,1.306331984502566157e-01
5.862087547720146175e-02,2.730650730866701625e-02,9.863552057428881525e-02,1.136721527762090123e-01,1.980104427164408876e-01,1.293354782435921502e-01,1.615101255550505099e-01,3.832638997451857238e-02,1.289907414604665181e-01,6.203649446562412018e-02,9.564291195557683700e-03,9.649980177386779934e-02,1.673326117646420086e-01,1.422703093010303510e-01,6.973214168696245663e-02,9.912791168135021147e-02,1.155319926865114866e-01,2.792383387334336220e-01,3.065186372717513819e-01,2.284927842803227971e-01,2.001914325095534020e-01,1.186319382602677719e-01,7.329490294155735497e-02,1.258407069139763634e-02,1.042331143204492938e-01,3.649063559719134542e-02,1.544677674249553267e-01,4.603892528035466447e-02,3.999873002168048697e-02,4.980533131457881568e-03,1.396055619374362566e-01,1.558581781639695185e-02,3.697318318725691111e-02,8.662087524015979478e-02,7.783881528833540286e-02,1.029734057805209990e-01,1.232860247810277365e-02,1.498133004964364023e-01,7.493497506067513247e-02,8.557711615408064576e-02,1.852387565103415235e-02,5.331776517113977210e-02,6.682988139230848501e-02,4.730280056792415116e-02,1.197358669439108902e-01,6.895202314266475618e-02,7.907306748987971701e-02,1.160913020868233891e-01,2.144549916564703895e-01,2.981414027649287868e-01,3.561926852612862238e-01,4.283178627323520615e-01,2.590872554991542898e-01,2.157439515978282762e-01,4.047948094978781608e-02,2.220446049250313081e-16,7.753719511454537638e-03,8.926640521943807194e-03,1.198584546170944343e-01,7.647301012978524604e-02,1.233845419736837590e-01,7.855895391457112797e-02,1.671035023876166203e-03,2.184705264977362948e-02,2.784115047287623601e-01,1.424380908678229973e-01,7.712119764786456999e-02,4.939975138621821582e-03,9.090185744732193207e-03,4.144619118797973623e-03,1.484159196608048070e-03,1.223911197248718774e-01,1.916513939576304781e-01,1.021791513559998088e-01,1.387649584920316870e-01,2.780550993310859642e-02,9.495253651842178177e-02,7.463074410606349018e-02,1.038903679141415237e-01,7.908630098535374131e-04,6.607899890411650379e-02,1.685035231707632253e-02,4.964651510920331523e-02,1.330764220807506559e-02,9.689120838627607313e-03,3.691654464587831863e-02,1.333430374752014591e-01,4.993343965871105405e-02,6.623297433165678538e-02,1.852109625924379110e-01,1.193128327952834439e-01,8.023472443636892049e-02,5.110878364329884960e-02,7.386339077951586951e-02,3.121338463642020500e-02,1.211907435703123148e-01,2.632298579676622952e-02,1.370072905977283706e-01,2.544520332352051550e-02,8.409964556614413222e-03,2.231200847773040508e-02,8.256557668629335711e-02,5.532834589620454213e-02,2.031352499701932768e-03,4.873535982643659170e-02
2.748107638260666175e-02,7.674399119359176513e-02,2.696139231673111425e-02,1.028641733997565089e-02,1.332299684040412768e-01,9.808455448441699698e-02,1.562110082691821056e-01,5.425629702508696917e-02,1.520168002945458396e-01,4.650991367082191186e-02,1.426920113768281873e-02,6.483210685450946364e-02,1.620454477702439056e-01,6.704428683933250088e-02,5.017514643678622210e-02,9.622842846827645014e-02,1.517888250631359848e-01,2.920496983287036996e-01,2.886664730739961771e-01,1.914136917647545344e-01,1.262560753889430398e-01,4.780160570502191980e-02,8.544327522358521887e-03,7.950320993699648564e-02,1.491240215744736308e-01,3.247498977562679467e-02,6.020196436699642994e-02,2.437563182689977959e-03,2.635232438825708956e-02,6.133943151726192755e-02,1.992675391110335092e-01,2.963778951009174434e-03,8.665832100216938616e-02,1.235025388969789029e-02,2.787219494724535451e-02,6.586227250175567816e-02,3.993511446388466057e-03,1.094964514958742252e-01,1.202221618867912734e-01,1.015029843266796183e-01,1.960288018355385575e-02,5.191152966704712379e-02,6.367125061536449415e-02,4.499613145113724733e-02,1.968217369863695110e-01,1.364004308535760601e-01,1.655213673511325700e-03,2.636030118667298527e-02,1.176403935795742872e-01,1.806673254871285217e-01,3.085204228222370171e-01,3.220839663580750689e-01,1.582485982525763668e-01,1.002800881496910823e-01,1.029613750838010988e-01,7.753719511454537638e-03,2.220446049250313081e-16,6.119231978160522001e-02,3.501756642050546375e-02,4.993752857869959705e-03,8.054558176052262208e-02,1.971178295372533196e-02,6.807918759216685656e-02,2.930212977745394465e-02,3.353668354431864063e-01,2.106308091215362277e-01,4.441417752443971301e-02,2.018248471923045351e-02,9.256250271152288711e-03,2.857866424104280045e-03,6.505281600947335208e-03,1.082609102373207621e-01,1.836873786251198015e-01,2.697584260760943486e-02,6.801416916837266236e-02,4.671796024049945650e-02,4.313804892347428144e-02,7.207012822150149489e-02,8.565681047800555170e-02,4.276117416166358431e-02,3.055545440766027632e-02,3.439000074137665841e-02,8.108541403133764924e-02,8.316222062495215450e-03,6.573027462256075815e-03,2.845446134186843667e-02,9.234150760844826722e-02,3.524029688750726641e-02,4.953678537330777343e-02,4.879029900052672675e-02,7.981371082130928052e-02,7.686391360920702409e-02,5.520821484740828788e-02,5.220120519588661301e-02,4.612023538323717364e-02,1.266178132400581635e-01,3.076135974995636291e-02,1.396459355892044063e-01,5.038220080005084700e-02,5.689120559859289772e-02,4.951310617784454582e-02,1.034587005829060574e-01,8.108881101058537655e-02,3.056319207172771002e-02,1.589806194758106028e-02
4.204753747006173548e-02,4.276867909653758737e-03,1.044587971342569865e-02,3.459920671831462347e-02,5.705325227599833404e-02,2.567364602250454819e-02,8.862517035958712708e-02,3.057784233288748932e-02,1.106451132816720362e-01,4.267415456613599112e-02,7.230139177812394680e-02,8.796021145986160361e-02,1.780906328155916207e-01,6.721413507862317172e-02,4.134202704987099963e-02,8.646877659134943883e-02,1.399484646288181311e-01,2.789737520362777223e-01,2.828801518964401684e-01,1.882602162399638623e-01,1.177595799286212525e-01,1.565221699218306145e-02,2.091883447328582793e-02,7.464156277464148448e-02,1.135798426910505088e-01,8.390097523919226585e-03,8.447688766407834837e-03,4.112478248624257260e-02,1.965980994148081029e-02,4.443823264386778660e-02,8.797112249056730782e-02,1.390137612204890294e-01,2.767435655254558979e-02,9.285150170225753286e-02,4.131025492425283163e-02,5.487813037377686776e-02,2.449748840213061135e-02,1.240796465741034610e-01,4.334222239914944930e-02,6.907791339507418638e-04,1.854289655451944741e-02,5.029939955299059934e-02,6.600809964817162812e-02,4.673498608766125939e-02,1.864792643903933067e-01,1.333433280977669444e-01,2.719669456136250552e-02,1.156643986298300231e-02,1.105772303186744743e-01,1.996779189498487928e-01,3.159402661486240271e-01,3.037490553817651096e-01,1.136955355439800419e-01,7.252022053551662739e-02,7.049979528822269970e-02,8.926640521943918216e-03,6.119231978160522001e-02,0.000000000000000000e+00,5.172308215586918223e-02,1.845588424331134902e-03,5.241933601315285074e-02,5.506331420402355015e-03,9.432992039664811479e-02,5.950745954736022525e-02,4.226491976985372601e-01,2.706080363363360108e-01,5.104111965536228812e-02,1.023719739482964464e-02,3.201238255171223734e-02,5.699046843642474602e-03,8.819737077427669547e-03,7.886197367228481303e-02,1.493826907958130112e-01,4.679741773513201863e-02,8.910610274194508129e-02,3.728930089706361528e-02,8.533795101899804836e-02,1.033826373981569929e-01,1.141471474900158656e-01,3.452373966118094106e-02,6.255619480393881382e-03,4.160537641184963720e-02,6.957955340878368977e-02,1.823937719194790308e-02,1.094282442633059960e-02,2.658073149649420319e-02,8.205785535881210402e-02,4.268609885187513164e-02,5.573494696697481321e-02,4.390334310823593156e-02,5.090699976408230576e-02,7.018288811883743872e-02,5.810493082625434180e-02,6.323720769761292937e-02,4.464919943106765432e-02,1.358083438567529999e-01,8.476266247098340756e-02,1.314713454124509795e-01,5.706787420924208654e-02,5.213000923761756944e-02,2.690677730894719399e-02,9.253388304030696343e-02,9.417489854776081581e-02,3.856993956884099961e-02,9.374124681750528598e-03
1.077233880250300091e-01,2.034294423620874870e-02,8.068856746566988036e-03,2.897738330163068809e-02,1.347242386800540093e-02,3.855529440768434846e-02,2.467687182463450257e-02,3.736834417660138408e-02,7.867052739153873597e-02,5.632263067748966012e-02,1.022926904444901308e-01,1.512317624541170136e-01,2.350429419431367961e-01,1.325730507046896656e-01,1.144382656126499143e-01,6.130757901675720767e-02,1.227863957519328142e-01,2.532665067684676807e-01,3.563783290588090069e-01,2.374463857177519233e-01,1.791946789612816615e-01,2.130056783703604406e-02,5.452401985844798626e-02,5.223895223795960163e-03,6.853741266923152331e-02,2.512656630201615116e-02,1.242725153378326786e-01,4.811038876660306274e-02,7.360309234306366966e-02,1.653717490282456681e-02,4.988074833977491213e-02,1.335529493289192571e-01,6.539908996795124052e-02,1.126768314171764651e-01,1.052697726007342793e-01,1.227335716959858380e-01,4.248244729866457875e-02,2.386427410010077688e-01,1.217948072083072097e-02,5.382578875269826424e-02,5.442377201290148070e-02,6.558839387209890182e-02,6.536010213986348516e-02,4.719523627790358361e-02,1.175171389262481270e-01,8.779192391500129089e-02,3.062602304524042474e-02,2.058345120267268680e-02,1.228370106993442734e-01,1.689522735344339277e-01,2.779101967980930343e-01,3.620350720277145662e-01,4.950090627470316029e-02,6.196226317142861095e-02,2.388166587459383816e-02,1.198584546170944343e-01,3.501756642050546375e-02,5.172308215586907121e-02,0.000000000000000000e+00,6.972921372500717752e-03,1.724003162653953147e-02,7.674438321594312384e-04,8.585538298509143296e-02,1.336733750974098967e-01,5.605213213408581918e-01,3.894835219666439308e-01,1.387370773083946851e-01,1.381321341247265799e-02,5.729966933515906469e-04,3.661304607051657500e-02,2.192929000063881251e-02,5.531619761172223981e-03,8.121476395544047211e-02,3.343250872220759895e-03,5.598400994664354258e-02,8.703893557492625721e-02,2.182546405966886149e-01,2.518240238964977729e-01,2.572350264808153097e-01,1.119803898987225543e-01,1.083333937079356546e-01,1.263504417802734647e-01,1.832338422947131784e-01,4.207905859039923202e-02,4.222668281041808136e-02,3.357942235893141003e-05,7.517682906017236766e-02,2.539836443029974689e-02,4.196568677144030257e-02,4.969708653501525575e-02,4.185783120903019405e-02,5.864953278886031462e-02,5.051104265360040202e-03,1.340612126663515702e-01,1.087576836865437602e-01,1.696983625579600585e-01,2.034199704456884916e-02,6.441245525859973231e-02,2.151475117928303149e-02,3.089488398716822015e-02,4.634293037258385706e-02,5.171063623507166085e-02,4.340528158308443185e-02,7.487893985083579618e-02,8.878930671479365322e-02
6.864649831416175241e-02,5.644040309210696105e-02,1.025995806784055220e-01,1.282895233793854284e-01,1.124798820842975444e-01,1.075224384228714303e-01,1.248117880651744560e-02,2.281669411770848033e-02,1.535343350823948350e-01,6.629953069173827318e-02,5.901625197285464974e-02,1.329077660658868898e-01,2.040475329449485953e-01,1.051077921379154345e-01,5.601712943624365115e-02,1.315451784398622426e-01,2.224142170975028088e-01,3.222780010426644637e-01,4.518164284701396416e-01,3.109260351763837305e-01,2.337114017248915487e-01,6.059832812105425681e-02,6.507112305252932272e-02,7.615222580656111351e-04,5.971977960753291348e-02,3.809781683644603012e-02,1.310874313571135930e-01,7.266726782895754910e-02,5.718895661010875431e-02,5.477185964375445859e-02,1.166982208645111624e-01,6.668951441452369844e-02,8.405954741337762215e-03,4.450888712154903171e-02,8.255548109963245507e-02,1.448628749047818631e-01,5.810487977013559929e-02,1.751078335093495530e-01,2.996130924002769758e-03,4.685090075254132180e-02,4.465479125203822286e-02,7.031477743116540391e-02,6.579497149265908784e-02,4.187776173324304907e-02,7.501697563666880064e-02,5.049017256029530998e-02,6.011218720729696874e-02,7.405797710061567951e-02,1.690251359332123893e-01,1.372305738572597855e-01,2.452551078188619504e-01,3.880940644435838527e-01,4.142348971387388445e-02,9.550206003433436841e-02,4.663638164207772885e-02,7.647301012978524604e-02,4.993752857870070727e-03,1.845588424331134902e-03,6.972921372500384685e-03,2.220446049250313081e-16,1.951765281157313847e-02,2.894324095868416880e-02,6.917699674748867267e-03,2.733520230064256928e-02,5.712969417352011803e-01,4.146654255808280842e-01,1.284740566720085631e-01,1.953215073477421182e-02,4.363041906519760094e-03,6.024215608535093969e-02,7.671931173724684527e-02,7.047571592241669292e-02,2.743424485153345138e-02,7.790028355521727566e-02,1.758444054534269441e-02,1.207139378597649193e-02,1.408629283147233568e-01,1.771247158216041895e-01,1.626547085706449014e-01,2.472095453669237441e-02,4.256953328928257674e-02,5.704625826224107854e-02,1.213103215932346823e-01,2.815914457319973474e-02,1.149973479260918419e-02,5.337599438711176925e-02,1.200669229321768561e-01,4.257850553818953721e-02,5.155098609471883697e-02,7.098820261934590814e-02,6.714825008096186876e-02,7.039125518451067043e-02,1.604894338295526079e-02,1.043045751758424622e-01,1.147819943130318765e-01,1.531512026918036007e-01,2.325658537540040149e-02,2.869234983354790325e-02,6.722978801630341561e-02,6.561546728150324803e-02,8.506659532687110836e-02,8.367989070353304415e-02,5.836158914344219406e-02,5.348079663103386117e-02,8.121450545817482380e-02
1.967881932157591329e-01,1.322645615587147994e-03,8.240308481663299878e-02,8.599445698966318163e-02,9.763002056951466945e-02,9.906985809548403410e-02,2.828550820798270138e-02,1.746794040126722902e-02,1.912143536746482297e-01,1.111782381270944309e-01,9.138830724879876133e-02,1.315904750819555935e-01,2.136340242893335351e-01,1.779586797498871609e-01,1.626033966091341432e-01,4.388160246809638676e-02,8.728843964706958780e-02,1.941759065490031022e-01,2.559360593070402201e-01,1.387414135288143058e-01,9.671785503672652995e-02,3.229370561306435516e-02,8.088485783007970387e-03,6.011535107221448876e-02,9.351561882845985108e-02,8.403481180435490305e-03,2.758765774202864840e-04,3.870586975425199805e-02,1.376063507489494464e-02,3.017896204297025251e-02,8.092746052574638360e-02,1.557279899834316250e-01,1.592799636421718401e-02,3.299981503513545883e-02,2.243296542286349338e-02,8.291356322024057146e-02,1.701436055304419992e-02,1.241548582984422638e-01,1.493064111629403834e-02,7.341017923025650038e-02,1.516747925204185721e-02,5.180540259992467284e-02,4.987548108649868944e-02,3.509972837541364132e-02,1.354159521190105298e-01,7.031769104783991420e-02,1.878115224768113489e-02,2.429895515531832473e-02,6.393944717320668159e-02,1.483777573837313790e-02,1.745290543748962975e-01,2.537125838637305231e-01,8.625660985627631172e-02,7.419638926005073243e-02,1.302434895653870051e-02,1.233845419736837590e-01,8.054558176052273311e-02,5.241933601315285074e-02,1.724003162653975352e-02,1.951765281157313847e-02,0.000000000000000000e+00,3.082017465388731114e-02,8.494733598191006596e-02,8.225201071791943264e-02,5.518594182838684192e-01,4.445428551038229648e-01,2.118276338616431609e-01,8.375543761390236153e-02,7.889672315450013684e-02,1.140359152586984948e-01,9.320881920048625091e-02,7.088259449309791682e-02,4.172960865762143090e-02,5.961212711180263746e-02,2.060220028683223958e-03,4.965705851177004693e-02,1.266598086015106317e-01,1.440676224106584302e-01,1.790787831478997671e-01,8.153596314515565435e-02,9.453964422833391334e-02,8.201519054652736673e-02,9.693257436375346536e-02,2.501057068624096269e-02,1.681360090612832314e-02,4.876933705480479553e-02,7.321253485849518738e-02,4.925264905993997910e-02,5.265511378637033335e-02,4.782689682615158533e-02,3.452168337501840267e-02,8.969052608744942923e-02,9.367123180263547955e-02,1.195624988748689166e-02,2.822187816231946922e-02,1.161024762710272384e-01,2.905330790958676745e-02,6.672243799878768700e-02,9.971674938968222435e-03,6.196221081309682965e-03,8.196482385262710002e-02,1.294841658082038494e-01,1.414162075443652911e-01,3.891033158504825229e-02,3.625492250607253997e-02
1.319690238049940345e-01,2.216503736085340126e-02,5.356921643333323324e-02,3.236148519840287285e-02,4.114167442262484098e-02,5.318464381898313498e-02,1.014422153074651112e-02,1.030070383400041867e-03,7.895300328850618499e-02,9.965907242857363624e-02,1.426196950742544267e-01,1.232300790464644358e-01,2.142415446015596414e-01,2.022468866113231178e-01,1.134732789847339718e-01,2.667465375119795756e-02,1.435495626448281270e-01,2.583553668962960681e-01,3.234737455519144378e-01,2.064666320753840711e-01,1.518074289116754516e-01,8.992934990954631891e-03,2.083567667262998385e-02,5.108590384406250240e-02,8.539201514561439721e-02,1.179075375985938479e-02,3.391158222996060179e-02,3.784957757750079255e-02,3.008790101029779063e-04,2.889085248959644137e-02,3.599146899486906082e-02,1.629156281370682802e-01,4.514582207317897888e-02,3.447965752569621956e-02,1.210362240717030580e-02,5.793088860202087048e-02,3.238026867113914797e-02,1.612545351985417708e-01,6.011439329894274763e-02,1.277296551989062223e-01,4.744826342455701895e-02,6.555440039614764125e-02,7.096635413630009159e-02,4.535896224347026745e-02,1.175683293379777561e-01,4.934844814688349457e-02,4.857684699018349761e-02,5.081777013785726549e-02,1.274356050787923966e-01,1.354941229579832984e-01,2.697260890652617982e-01,3.348830175612642068e-01,1.156157238968357759e-01,9.643412127533568245e-02,1.911773747894440767e-02,7.855895391457112797e-02,1.971178295372533196e-02,5.506331420402132970e-03,7.674438321594312384e-04,2.894324095868427982e-02,3.082017465388742217e-02,0.000000000000000000e+00,7.173278286730067066e-02,7.995942609387141076e-02,4.663782643020980001e-01,3.408740923005751933e-01,1.992955748542930006e-01,1.073834789701646475e-01,1.002328131724615212e-01,1.207432217052903656e-01,9.783235643478517540e-02,6.565924260855060535e-02,3.653474233862608056e-02,3.554044496409947129e-02,5.900698985932484320e-03,3.672241399556908092e-02,9.993884379786643901e-02,1.144063550606544688e-01,1.350596078903753550e-01,2.387884814277047019e-02,2.752163305775309765e-02,3.649495986300722861e-02,6.547952901209602716e-02,2.461322176512481530e-02,1.582341900178146910e-02,3.324233307210799904e-02,6.405104934527408589e-02,4.633500496928144585e-02,4.101391834165901695e-02,3.138106466962842234e-02,8.363515761121043113e-03,5.362313149277309066e-02,6.945137025465386582e-02,2.970083740083373502e-02,3.535062157791368787e-02,9.235613284040716797e-02,2.448772507649202290e-02,6.206495027074310222e-02,1.541120252725236561e-03,3.378948835969919351e-02,8.323199047435292375e-02,1.454560639952454937e-01,1.642257574287352972e-01,6.103355545687977335e-02,4.701273042632303500e-02
1.268334217251571028e-02,1.476696518223293286e-01,2.018322401422756873e-01,2.646302811672190947e-01,2.638310304790667526e-01,2.790707097314090723e-01,2.026301257880378515e-01,1.256395051032095367e-01,1.385281106558670927e-01,8.130116432443168506e-02,9.226488455205300587e-02,9.421239532716441101e-02,4.669775193515773859e-02,7.875594371675731509e-04,8.907752628246669302e-02,3.033986738458764876e-01,4.146847659830978916e-01,4.666459712415311212e-01,5.962560580556126588e-01,4.661754327994337421e-01,3.323639442079505124e-01,5.971626963365106455e-02,2.428266485616858983e-02,1.261891066619667545e-01,2.019626494803970218e-01,1.651056652442077222e-01,2.099014221032534100e-01,8.746644407656001263e-02,1.882147366922604093e-03,1.846062568076524690e-01,1.857750162779696901e-01,4.494868630887124961e-02,7.361138511360758308e-02,1.153723128878302306e-01,4.252004653798292788e-02,7.446079062879794319e-02,3.810255198312474667e-02,2.398374127263567801e-01,2.766422582058614132e-02,3.609638747117090152e-02,8.977707220405813093e-02,1.019300480822495220e-01,1.080453512527218413e-01,9.454525960985502020e-02,2.032070174594942102e-01,1.371214592479649552e-01,4.823943626299104226e-02,1.009241003942983883e-01,2.391911691865202250e-01,2.425845119593507127e-01,3.965335329343362969e-01,4.960886773926668769e-01,5.716016214254832084e-02,9.536120180124252332e-02,1.734676005776336627e-02,1.671035023876110692e-03,6.807918759216691207e-02,9.432992039664800377e-02,8.585538298509143296e-02,6.917699674748867267e-03,8.494733598191006596e-02,7.173278286730055964e-02,0.000000000000000000e+00,1.045417877651422245e-02,5.426657634204448133e-01,4.268392207020201834e-01,1.521374398328294575e-01,7.739172952671347083e-03,6.299741042974760230e-02,2.171056587106850178e-01,2.773783740297963152e-01,2.934042910693669404e-01,1.328885148215890877e-01,1.759182388015324561e-01,7.797723352739560632e-02,1.548369334535121267e-02,1.132525542469816765e-01,1.554125135951523462e-01,9.146189857674141832e-02,2.846552749709860275e-02,2.159474932005450709e-02,7.654788172455517792e-03,7.793786316523421132e-02,4.434757183333076780e-02,2.201843968964539711e-02,1.165777928821520870e-02,6.897397822904871578e-02,5.778316608742256610e-03,4.009172623838069827e-03,3.853372338250177220e-02,8.992552997126368464e-03,5.060477793025053295e-02,7.544686218041196657e-02,1.734268751436385259e-01,2.457877431293153392e-01,2.135872483979155689e-01,2.986816979263950955e-03,1.331936244175485617e-02,1.690519620772482079e-01,2.041099101038897357e-01,2.599821393702113070e-01,2.774951179128359868e-01,2.044270067885962938e-01,4.102375271087607689e-02,9.652712909166136224e-02
1.449495336383409272e-01,6.623399878626595738e-02,1.450297294406956428e-01,2.623700208124335465e-01,2.845187391809321786e-01,2.659999596296087621e-01,1.615876709555670865e-01,9.237913335717368168e-02,2.463768596402158562e-01,1.550197647388747990e-01,9.848548486689656656e-02,1.497151055392951235e-01,1.200104458660822271e-02,1.375499613793463860e-01,1.173315615113664778e-01,5.508464454375844310e-02,2.780878365189278778e-01,3.384920210104166438e-01,4.508463851784726417e-01,2.894402651382641523e-01,1.942752930678648959e-01,5.712362651279805081e-02,3.339930088157422317e-02,1.281054470127180323e-01,1.318544851075076907e-01,1.397246704909057002e-01,1.183102642446448582e-01,1.060918016828805155e-01,1.651953935439015586e-02,1.127110479230276907e-01,1.499594465529111575e-01,4.900142674421120725e-02,4.987410779713208342e-02,7.527136302762638120e-02,1.939748458222806393e-02,8.802388929527391048e-02,5.242581891825082163e-02,1.296918872187229343e-01,6.006149428272464924e-03,4.745714239346153496e-02,3.596323457660156181e-02,4.977756595119847693e-02,3.455567649205479319e-02,3.051767057914941961e-02,1.160036779264978640e-01,1.132385223673709473e-01,4.724456578532841566e-03,4.475662326510254641e-02,1.171687612197444550e-01,3.259407729064300874e-03,2.524967259042135703e-01,3.901319495746057853e-01,4.850495220651951378e-02,6.959084505178031455e-02,1.327495764854058624e-02,2.184705264977364336e-02,2.930212977745394465e-02,5.950745954736022525e-02,1.336733750974098967e-01,2.733520230064245826e-02,8.225201071791943264e-02,7.995942609387141076e-02,1.045417877651411143e-02,2.220446049250313081e-16,5.450595273514609040e-01,5.125060768436462411e-01,3.352916255901973175e-01,1.705600708257277165e-01,1.097523853972356966e-01,2.533197935982677840e-01,2.086630381493798092e-01,2.846637201166013487e-01,1.702670973684848876e-01,2.081839509251507403e-01,9.199220939812953468e-02,6.919233257354009958e-03,1.153882316446341316e-01,1.330909172857165368e-01,4.725418799465674891e-02,1.763162580062790918e-02,1.151136578747707917e-02,9.374226249955264212e-03,7.621027142213632199e-02,6.828201820004825562e-02,1.969982676024822910e-02,7.295429076630777221e-03,4.317923134549289665e-02,4.962049537905466323e-03,4.951067940672168599e-03,3.853713495538972633e-02,8.350250092880297237e-03,4.240537618862420810e-02,7.875860378481341906e-02,1.474322391259076381e-01,2.256952130598897932e-01,1.979172792614934395e-01,4.950436941600941387e-02,7.602547192835160117e-02,1.940220331757367966e-01,1.488095353063095816e-01,2.478495221657560088e-01,2.083143236536367238e-01,2.096454027178255020e-01,6.092842917446311679e-02,1.143097028955297745e-02
2.797159848166003160e-03,3.079693116480053949e-01,2.690233162120185817e-01,3.141117460300502096e-01,3.794377970483903129e-02,1.218018171668048821e-01,1.665472245155016906e-01,2.445792951243284663e-01,3.497248133836790007e-01,2.992649421766149787e-01,2.583767405069111733e-01,3.105075136275271541e-01,2.933574591807485699e-01,9.304976734439990294e-02,7.312852107903555776e-03,1.280683407979003596e-01,1.074317914024585097e-01,1.832058427077262186e-01,9.762919100415926033e-02,9.626987609770984444e-02,9.649686295094389576e-02,2.074540996657778247e-01,1.181082338033930812e-01,1.962835307423502762e-01,1.997232353712491415e-01,3.008793200360351250e-01,2.998802306147553276e-01,2.209597867495088630e-01,1.661673189430011854e-01,1.050028447483778576e-01,1.027076312012379922e-01,1.333528742718874116e-01,1.801225122681568980e-01,3.872522109752291053e-02,5.526188185265470953e-02,4.276825337492962120e-02,3.616019560598260352e-03,4.919269743485048252e-02,5.204209425677709666e-02,2.876457174178683601e-02,6.526177003606559168e-02,2.836431476719188105e-02,2.204931531105666642e-02,2.435009233438020781e-03,1.323163290884368792e-01,1.876874946863696936e-01,1.510225415699999740e-01,2.095594608068345188e-01,2.191701533966436133e-01,4.294485478727106953e-01,2.785236845711128173e-01,1.387949871522339562e-01,1.904908863038113909e-01,1.909352732848716427e-01,3.657955810160494203e-01,2.784115047287623046e-01,3.353668354431864063e-01,4.226491976985372601e-01,5.605213213408580808e-01,5.712969417352011803e-01,5.518594182838684192e-01,4.663782643020979446e-01,5.426657634204448133e-01,5.450595273514609040e-01,2.220446049250313081e-16,2.020646300640127624e-02,6.833175323767259890e-02,1.501073720506456433e-01,2.276107508984185901e-01,1.300752783979414184e-01,3.234466799246064200e-02,1.913857889329653172e-01,3.796982014642243941e-01,4.345103888643669920e-01,3.206886460574560616e-01,2.143800127105602304e-01,1.170702580742011278e-02,1.881185319170200487e-01,1.127524018939805583e-01,1.153082524665087483e-01,1.946279248694074426e-02,1.786419666198537093e-01,2.947098191328443306e-01,1.928120032112339843e-01,2.129770090708757169e-01,2.744999857480799332e-01,2.161087229894383677e-01,1.746807405514162748e-01,1.536537378382802355e-01,1.046274345046222937e-01,1.344845910877371375e-01,2.602690675351957417e-01,2.958878747236624029e-01,3.104328604693580851e-01,3.247475989948068742e-01,1.141855764519812411e-01,1.507305704709140659e-01,3.649975310151443164e-01,4.250207572841470105e-01,4.116969317533739070e-01,3.991929696840299524e-01,1.751729829653716486e-01,1.071646747379815801e-01,6.188247705202504223e-02,1.522479624829381484e-01
1.565535393385386609e-02,1.651129713985382275e-01,1.243364832061834846e-01,2.044282636720850255e-01,8.260109816675015315e-02,8.027816306230028953e-02,1.575896574376600690e-01,1.590038907520882061e-01,3.940290307962537319e-01,2.134753442393679257e-01,1.114353249836176202e-01,1.886800398820998870e-01,3.102647275013475370e-01,8.954959528381045697e-02,3.761097761525633576e-02,3.198385251349911140e-02,6.943245174023901511e-02,1.110541867210691896e-01,5.909697926088966491e-02,3.743902966167435287e-02,6.307079820618280430e-02,7.804025658309134139e-02,1.790286438312893580e-02,1.183263779250863790e-01,1.510838782340479525e-01,2.111107738732497796e-01,2.710389025704429966e-01,1.491635605997514713e-01,9.162057830122534441e-02,1.294938063061756850e-02,3.006543650375476107e-02,5.263717971596293399e-02,8.123229050822963759e-02,3.662477417433855631e-02,1.717302416994081343e-02,1.555397790886228759e-02,4.590118737641224467e-02,9.823091678331112575e-02,2.199867008354256664e-02,2.407561710716984993e-02,1.185236271740361808e-01,6.737597113908050384e-02,5.619760774095899913e-02,2.821713781264281740e-02,1.244891759715595347e-01,1.389582425202670057e-01,5.889259155495907283e-02,8.038353951022586541e-02,5.173574625727481169e-02,2.034214289319322688e-01,1.628119770250444631e-01,1.561576769751960025e-02,1.948622003515702028e-01,1.061594751287514987e-01,2.236757276504576508e-01,1.424380908678229418e-01,2.106308091215361999e-01,2.706080363363360108e-01,3.894835219666439308e-01,4.146654255808279732e-01,4.445428551038229648e-01,3.408740923005751933e-01,4.268392207020201834e-01,5.125060768436461300e-01,2.020646300640127624e-02,0.000000000000000000e+00,2.914847598426462127e-02,1.127382344337741482e-01,1.724641251171515344e-01,5.215543849815218458e-02,2.057766609224870313e-02,8.937297440517105729e-02,1.699770671453373905e-01,1.814088422088654950e-01,5.080782724339122369e-02,3.380805306791451192e-02,1.821182576545819498e-01,2.790746708342390914e-01,1.936120780485984516e-01,9.693892298156425724e-03,5.545562911416454521e-02,1.679756463203276873e-01,2.709597883342516056e-01,1.504094114606162047e-01,1.486432102101555297e-01,2.030558488441056852e-01,1.413971175387946921e-01,1.098087984413113893e-01,1.021517857495960191e-01,5.884337088653691927e-02,8.585994345398362260e-02,1.923448949160924681e-01,2.364472693664662062e-01,2.984521167103204031e-01,3.534842406566316986e-01,2.822728972828766891e-01,7.248964085039705241e-02,1.090280692299165910e-01,2.458536205587774082e-01,2.853207687386256075e-01,2.570855999123816682e-01,1.223669442633573967e-01,6.612150238343500464e-02,6.996525249083279663e-02,1.910518479458716001e-01
4.866904653339820808e-02,7.920238098703902274e-03,5.561554099001941864e-03,1.608658604330058528e-01,8.652316704811410797e-02,5.052680915350687973e-02,1.687275254090689902e-01,1.304525294760791043e-01,3.373775780966651316e-01,1.302834544227798874e-01,1.755843678486341819e-01,1.991258672690255915e-01,4.836505950637584039e-01,6.021059409234474913e-02,5.663811464644319393e-02,5.696524362633464955e-02,1.386298775508529313e-01,1.260475153374030488e-01,5.281648938709831986e-02,6.650978579427699322e-02,1.806414800633578122e-01,1.364036874742657335e-01,1.261871624969401751e-01,5.880847735117714081e-02,1.272540598744759111e-02,5.328041506327241272e-02,9.646293921535387117e-02,7.124788104062801386e-02,4.024621987955057101e-03,1.828321727277105666e-02,1.056014557940356258e-01,2.285919063120585293e-02,4.388228049265177622e-02,6.916511265740386827e-02,3.691990811088244340e-03,3.592714815034958598e-02,1.171067008341357130e-01,1.206205098560453326e-03,3.470246144645688924e-02,9.790000540708862498e-02,1.162269817058339538e-01,7.134745137886591704e-02,4.696356173331225903e-02,1.593610229379618937e-02,1.333160261503160693e-02,5.419540336151218440e-04,9.795009641175245196e-02,1.127549935325460329e-01,1.137465566090511415e-01,3.471615261263866214e-02,7.427795986710372667e-02,5.412817071878806008e-02,2.031195518610045270e-01,4.078065842196482160e-02,6.900647846030855126e-02,7.712119764786451448e-02,4.441417752443965750e-02,5.104111965536228812e-02,1.387370773083946851e-01,1.284740566720085631e-01,2.118276338616431054e-01,1.992955748542929451e-01,1.521374398328294575e-01,3.352916255901973175e-01,6.833175323767270992e-02,2.914847598426473230e-02,0.000000000000000000e+00,5.363910065936583482e-02,1.311507770060057476e-01,4.993158421010623904e-02,1.223213348540103107e-01,7.562134216756838390e-02,2.829253490134742144e-02,4.285232160591351258e-02,1.564498953156880923e-01,1.873180256664866983e-01,2.187552470059698773e-01,1.972819009700030324e-01,9.400068274052233996e-02,4.896469895036936748e-02,5.004174987559818766e-02,5.530370281330870830e-02,1.318268986334047155e-01,6.819455268519661328e-02,3.383168903733871358e-02,6.802156878282317187e-02,1.471253037776948380e-02,2.446560911398013016e-02,2.583548703476032382e-02,2.905538605816482267e-02,5.682450494398699758e-02,6.778157820811359091e-02,1.350959331433703725e-01,1.929597447750945882e-01,2.476878399262024133e-01,3.041407136951197465e-01,1.813817589633641147e-01,8.423027782320724466e-02,3.213104476487155248e-02,2.935633117622749033e-02,1.008241019096917102e-02,7.343811421031666564e-02,1.047284658943985480e-01,1.202184782259433371e-01,2.217903803568125054e-01
1.349689962836066459e-01,2.326338565598784491e-02,3.967170227906269275e-02,3.645096020857557795e-02,8.452560455190455402e-02,7.961438514319439663e-02,1.018544548798386989e-01,5.978991023936847116e-02,2.739081687752301097e-01,5.220627129416766099e-02,1.434797336594380024e-01,1.894150373794730169e-01,3.386534609759924153e-01,6.540754733634901452e-02,3.010220875060198864e-02,5.416124270895911197e-02,1.637522373058878378e-01,1.326515471038925420e-01,1.345228522983410446e-03,8.356914737518907066e-03,1.345704837047085323e-01,1.696159822899975800e-01,1.441289313759605284e-01,9.586039331653216367e-02,6.738813968679008282e-02,3.747287135900348454e-02,3.321149294228109561e-04,1.236350794864199409e-02,4.846928636531380730e-02,2.659121023553520646e-02,8.306766882677170394e-02,1.687385903699471085e-02,1.027661264529477758e-01,9.624439744644557038e-02,3.702865217055492653e-02,3.106077492426018161e-02,9.929926705033920165e-02,3.660647122471633041e-02,8.130520880264779926e-03,7.094587692043896610e-02,1.009200832285568616e-01,6.083504131885086874e-02,3.526142522132114099e-02,1.691440278155276200e-02,4.089791232070066201e-02,6.797542092227408517e-02,1.472327205106615244e-01,1.611266211854534003e-01,1.347795081348570068e-01,9.162184579813809071e-02,1.279739659995760004e-02,6.025001711442368180e-02,7.826133481814906423e-02,4.899819081089590300e-02,5.774917843468280187e-02,4.939975138621821582e-03,2.018248471923045351e-02,1.023719739482970015e-02,1.381321341247265799e-02,1.953215073477421182e-02,8.375543761390247255e-02,1.073834789701647585e-01,7.739172952671347083e-03,1.705600708257277165e-01,1.501073720506456433e-01,1.127382344337741482e-01,5.363910065936583482e-02,0.000000000000000000e+00,3.805670101938030125e-02,5.086230422896520498e-02,1.216833238019511265e-01,1.535559539048161060e-01,1.257388457891017719e-01,1.425819423620249271e-01,1.845969943315103889e-01,1.701659419725052302e-01,1.451192891474226698e-01,9.547855371035812722e-02,6.230963521718764497e-02,4.080491794099497249e-02,2.022193781711513483e-02,5.747611974486616093e-03,3.885724055484163220e-02,2.008573238955774221e-02,2.168220191793807095e-02,9.485920026456373666e-03,1.096313144349250757e-02,8.518837931442341249e-03,7.574334926659931355e-04,5.120595283478970861e-02,5.256687239941526535e-02,4.588279043506449106e-04,4.747925993985402382e-02,7.108793956638648215e-02,8.957048751221330374e-02,1.753940881815930219e-01,1.697022128612712955e-01,1.540962767189803517e-01,1.030231363991132021e-01,1.008355755079259897e-01,1.151570747270807271e-01,1.203112163625940645e-01,1.260693203025829434e-01,6.488192722570640392e-02,1.094309825454331531e-01
1.910519277033220775e-01,3.612104179145375626e-02,6.555382122627295693e-03,2.985391944279258691e-02,1.512931322412910395e-01,1.087995993487757967e-01,1.345765296730450922e-01,1.278889725729470683e-02,2.715759691279520105e-01,1.241137745559406369e-02,1.479658809494962535e-01,1.568314520255935651e-01,2.332975411633663176e-01,1.262644800632123920e-01,4.057389854365692217e-02,1.619051412116399857e-03,1.041682750760009601e-01,9.374313507879289409e-02,3.013020889463791097e-02,9.969447876384096574e-03,6.370026692736217855e-02,1.129378942212973941e-01,8.349686729502517335e-02,5.436225006620609701e-02,5.919749281412453601e-02,4.856554589486306028e-02,1.382438484224712827e-02,2.646685007438537296e-02,6.003786701300695139e-02,2.579150951566672179e-02,9.347798695681588943e-02,1.365955039538960247e-02,1.281872291650830720e-01,1.163811866159582542e-01,5.757556222895088283e-02,1.354308804491624607e-03,7.054857810290218745e-02,1.003840360504693052e-02,2.864751313030840241e-02,1.691064007704290439e-02,7.973911092058744154e-02,3.801935901651654071e-02,2.076204875808040917e-02,1.426872264939475776e-02,1.832105118787585862e-02,4.060807722654144469e-02,7.125684628473004378e-02,8.546533006758721962e-02,9.927392091393261175e-02,1.123428590837247665e-01,5.552786478065180331e-02,4.902081374970451710e-02,7.674786333823346851e-04,4.531180467951984037e-02,1.794021878034857131e-02,9.090185744732193207e-03,9.256250271152260956e-03,3.201238255171223734e-02,5.729966933516461580e-04,4.363041906519760094e-03,7.889672315450013684e-02,1.002328131724616322e-01,6.299741042974776883e-02,1.097523853972356966e-01,2.276107508984186456e-01,1.724641251171515344e-01,1.311507770060054145e-01,3.805670101938030125e-02,2.220446049250313081e-16,4.563707718392695512e-02,1.162342496381785217e-01,1.997461065558492066e-01,1.466125846308741210e-01,1.369597108513465056e-01,1.261570809207359090e-01,9.040839941207315378e-02,4.688088435386818242e-02,1.502786722381932449e-02,1.775839442702045745e-02,2.294927106846793990e-02,3.950873115256795659e-02,2.335380634154451962e-02,1.308010428660105751e-02,2.558143222574082998e-02,2.466935743192325003e-02,3.960385392593601672e-02,2.826081781094871848e-02,1.553361384794439692e-02,1.905358126091938331e-03,3.139998914351969928e-02,2.061055981408332904e-02,4.526706883507458645e-02,5.837242054209046405e-02,4.191384820912952280e-02,4.340564089533438530e-02,9.120417860408910893e-02,1.522961725189788951e-01,1.594265005311264471e-01,1.253928099117994077e-01,1.025266539275294930e-01,1.353111979694321398e-01,1.018259488610605001e-01,9.689988955733686016e-02,1.674737824184657775e-02,3.628300502148484874e-02
6.224941974058567640e-02,1.024784348266949419e-02,4.082108612718207685e-02,9.468431068164039760e-03,1.932966771294428732e-01,3.616646479563290217e-02,1.405848642693432460e-01,1.929494055328295765e-02,3.619061339437328328e-01,4.982634217295034418e-02,9.873819953228307744e-02,1.085385800136920986e-01,1.537858033003648983e-01,5.447589633118374297e-02,1.702510984547213335e-02,2.325638069032137656e-02,1.116723827943498226e-01,8.041584963818260157e-02,1.553986084265956968e-02,3.495779531810511154e-02,1.131652516142720444e-01,9.683387880457482166e-02,1.013384065779498466e-01,5.226231244649787167e-02,4.724028708564043111e-02,3.300197178932860742e-02,2.727384702229909696e-02,8.024621126989817110e-03,4.736858627503381935e-02,4.913594893038458755e-02,1.567025133900499245e-01,5.266294897183992907e-02,9.628416698118424932e-02,1.225449669606315517e-01,5.599922629305587041e-02,1.609476118554963031e-02,6.136721538897001171e-02,4.745274542490890424e-02,4.214270615243793927e-02,5.415224006359223297e-02,8.740333663222865646e-02,4.331130746539066378e-02,2.244379534733090265e-02,1.341487157424427201e-02,4.729216293018770334e-03,1.105076893735332765e-02,5.589202769546865179e-02,7.926410464030173020e-02,1.232998810277599055e-01,9.476417503257184016e-02,6.020318992227341459e-02,2.897684933709632205e-02,5.223562941388834591e-02,6.383566200041407290e-03,2.590510711571988867e-02,4.144619118797918111e-03,2.857866424104280045e-03,5.699046843642557869e-03,3.661304607051654725e-02,6.024215608535093969e-02,1.140359152586983837e-01,1.207432217052902823e-01,2.171056587106849900e-01,2.533197935982678950e-01,1.300752783979414184e-01,5.215543849815229560e-02,4.993158421010623904e-02,5.086230422896531600e-02,4.563707718392695512e-02,0.000000000000000000e+00,7.266722808134018496e-02,1.410310850431105156e-01,1.273528631945229639e-01,1.377104274603788980e-01,1.822992363036317620e-01,1.842469245683147072e-01,1.713218780105388306e-01,1.264684973486819020e-01,1.057328209936024416e-01,3.065974222620741416e-02,7.596808394779622220e-03,1.668767340401100530e-02,7.301714916543394773e-02,2.435956412177073260e-02,1.168104865192601260e-02,4.742576797846265180e-02,1.982940425660831285e-02,2.391846970347638601e-02,1.307810427092431782e-02,3.327721967202709741e-02,1.748209858399177308e-02,5.117114830655922209e-02,6.150986538399449977e-02,1.070985882282589341e-01,1.433698661914356021e-01,2.372567983368929490e-01,2.345409186564124671e-01,1.852024503419189561e-01,9.383982098820439766e-02,3.601913286116466273e-02,8.998197543963853962e-02,7.221624382539471032e-02,6.683489297558975473e-02,6.566882245487470904e-02,1.175873366491439198e-01
4.465722088565503289e-02,1.163016279892775673e-02,7.111506494930766586e-03,9.801857187067386512e-03,1.345172777445822754e-01,1.685374769450409538e-03,7.723408450852309315e-02,5.703778281687399421e-02,4.452407841410036538e-01,1.800307075059854323e-01,5.908781481808714209e-02,1.026939348594769208e-01,2.527826777775843414e-02,4.319511935755621090e-02,4.902646233541174681e-02,3.047431761785568405e-03,7.124638206167716037e-02,4.078413994797541742e-02,4.830617119814084592e-03,4.369086249623066465e-03,4.544734537495670468e-02,3.458979535988575618e-03,2.194421900289879324e-02,3.208208457858341411e-02,3.958610885364044485e-02,3.430881268016483521e-02,9.429585154602891650e-02,4.446136659442076478e-02,1.836824505761952553e-02,3.961578516184643961e-02,9.953449472867653691e-02,5.943636714726402426e-02,5.250440711726866994e-03,7.175340696512433336e-02,2.250978996288949263e-02,3.264384864129199482e-02,2.404846953498759876e-02,1.148380162827203066e-01,4.080497639967646528e-02,8.468352758105618383e-02,6.676881159912141650e-02,3.728937531322773502e-02,1.859350199891404709e-02,2.872029373675162589e-02,8.447373666600610509e-02,5.909937936925538371e-02,2.470863443120845104e-02,6.983514139699397577e-03,5.376662827034864311e-02,7.609832121430740171e-02,4.243344091246462058e-02,2.870643012216206325e-02,2.660326675693192727e-02,1.905197795630527574e-02,2.745420346770496844e-02,1.484159196608048070e-03,6.505281600947335208e-03,8.819737077427669547e-03,2.192929000063886802e-02,7.671931173724687303e-02,9.320881920048625091e-02,9.783235643478516153e-02,2.773783740297962597e-01,2.086630381493798092e-01,3.234466799246064894e-02,2.057766609224870313e-02,1.223213348540104495e-01,1.216833238019512375e-01,1.162342496381785217e-01,7.266722808134040701e-02,0.000000000000000000e+00,8.874028046863047248e-02,3.472192921401107135e-02,3.793063661429224576e-02,6.659857283083972512e-02,1.123407042889461166e-01,1.363039971686392238e-01,1.303523747517014719e-01,1.186242794840276227e-01,3.135184511009347919e-02,2.389537236600250414e-02,6.073981326505470402e-02,8.809524892703510246e-02,4.303747237913439772e-02,1.354225474950640495e-02,7.661845113063289747e-02,4.732129249821564326e-02,1.172964146236419106e-02,8.986907383878054920e-03,4.965085718273689816e-03,9.882196095509608591e-02,9.466114703777367412e-02,8.315264450714350553e-02,1.266190088336675290e-01,1.458416091172844431e-01,1.836510648535117363e-01,1.496953308035635088e-01,6.611574376605655612e-02,6.828466109382563820e-03,8.674321771599480257e-02,2.438659195703740679e-04,1.884662655619628868e-02,2.938286464223116567e-03,4.290493892199104264e-02,7.440942873110265032e-02
4.127571714816824500e-02,6.426732092857323497e-03,6.239880385462320822e-02,9.307593493721344480e-02,2.276945357474968734e-02,4.534446232699718138e-02,7.957482189228648473e-03,1.043709180428331607e-01,4.490655148150318743e-01,2.406298069805982154e-01,2.476280640368727637e-03,4.526850781654237488e-02,1.437953910306254135e-01,1.331890105631122756e-02,1.102934803598659697e-02,2.413241626235901327e-02,7.770941587716023724e-02,3.576999282358406251e-02,1.703221299930485211e-02,1.903974205710057266e-02,5.010044138473421227e-02,1.525236538700882119e-02,2.995099033070795086e-02,2.770686911204151004e-02,2.212976266343646969e-04,3.395455091198296138e-02,7.909845857002795189e-02,3.902530327035921842e-02,1.173722481035205240e-01,5.160682897324114782e-02,4.746232580618775510e-02,5.505365884287488631e-02,2.315440580908372792e-01,1.037692337044403001e-01,9.460657585576548456e-02,2.900618316868824875e-02,1.531202250042712487e-02,1.664577195404134402e-01,4.672356468232594096e-02,1.063622011212090185e-01,8.267712692531922758e-02,6.358805157049554624e-02,4.189319169965598222e-02,4.419252437215738516e-02,8.913252640848798314e-02,5.763376761570404572e-02,2.555724644098222864e-02,7.918674679213671963e-03,2.508078135391845348e-02,3.868879571985332777e-02,1.722366470697113405e-02,2.039117707934438514e-02,2.270102868011929231e-03,3.079581892514634406e-02,8.130024203480967770e-04,1.223911197248719329e-01,1.082609102373206789e-01,7.886197367228481303e-02,5.531619761172223981e-03,7.047571592241669292e-02,7.088259449309791682e-02,6.565924260855060535e-02,2.934042910693669404e-01,2.846637201166013487e-01,1.913857889329652895e-01,8.937297440517094627e-02,7.562134216756841165e-02,1.535559539048160227e-01,1.997461065558492066e-01,1.410310850431105156e-01,8.874028046863047248e-02,0.000000000000000000e+00,5.716917771291596395e-02,2.573160307602051500e-02,1.157349143216468423e-02,1.311950518626553153e-01,2.061281497073981228e-01,2.363224996089076657e-01,2.207297548711668611e-01,1.477241590485479095e-01,1.441496621328886008e-01,1.713498419469066392e-01,1.862598492945453377e-01,6.428949791747405607e-02,4.143905156445104598e-02,1.278711190940025888e-01,7.987339823507048908e-02,1.160010285234826244e-02,2.516021518263317908e-02,1.172901562956741445e-02,1.091419385400578257e-01,8.812574323699365331e-02,8.516585820799019158e-02,1.652499723282022936e-01,1.605185583939288119e-01,1.870208170469837006e-01,8.923779971681768119e-02,1.127527576390163766e-02,2.516902304047152761e-02,7.568338751157765998e-02,2.013257678136426421e-02,5.537132633013119865e-02,5.513329331043620440e-02,1.330253848240069425e-01,1.202742345149567516e-01
4.154913142922939118e-02,2.253234138374160533e-02,7.647606200262113685e-02,4.851222736753413312e-02,1.295497539383096974e-01,5.038445193093948893e-02,7.447332358740504921e-02,5.991074146853003768e-02,1.784378983349481917e-01,1.574110050858572030e-01,6.831042126157388372e-02,6.026042223600019954e-02,2.499601394218483041e-01,7.560748209763290539e-02,5.393853939236104011e-02,4.362401771058649347e-02,5.098348776048158837e-02,1.405580463211244385e-02,2.566257343218593043e-02,1.631256521896509715e-03,2.027769052279668194e-02,6.286583842640711128e-02,2.582971315804505341e-02,4.488867873298596489e-02,1.552983008516484187e-02,9.161950216572334327e-02,2.425606612586506117e-03,6.692216195017092195e-02,6.816325823293181707e-02,3.484485490091351889e-03,7.338312634044057148e-02,7.932088527628211594e-02,2.274220556986044084e-01,1.504198336178496909e-01,1.061583970194463905e-01,4.104644354608339568e-02,6.158063957761465701e-02,1.824461488555586541e-01,3.305325999779343271e-02,4.486737532671575268e-02,6.853876383155013685e-02,4.854838735348741136e-02,4.111535937212919267e-02,3.427489534401360199e-02,7.896987358369825238e-02,2.871617383562913295e-02,3.622051354038183235e-02,8.258996578352281737e-02,6.327953154100818267e-02,2.541979907089117474e-02,6.831684731855738879e-02,5.690793823303189058e-02,6.379576192496054510e-02,1.346136339094758383e-02,5.166574835449266878e-02,1.916513939576304781e-01,1.836873786251198015e-01,1.493826907958129002e-01,8.121476395544047211e-02,2.743424485153345138e-02,4.172960865762131988e-02,3.653474233862608056e-02,1.328885148215890877e-01,1.702670973684849154e-01,3.796982014642243941e-01,1.699770671453373905e-01,2.829253490134742144e-02,1.257388457891017164e-01,1.466125846308740932e-01,1.273528631945229361e-01,3.472192921401118237e-02,5.716917771291607497e-02,0.000000000000000000e+00,3.808083179762666859e-03,5.877982767006795228e-03,8.495433276779862375e-02,1.468830292946708971e-01,1.793113596581309421e-01,1.648366971387125735e-01,1.697637401920518430e-01,1.716022549463920854e-01,1.624162993744738825e-01,1.354089785905392973e-01,6.601157872118784686e-02,2.775283828049249224e-02,8.695316084724946659e-02,4.225454448802645757e-02,2.771424608868633399e-02,4.523788443712456475e-02,2.821029399500196710e-02,7.351895150303577875e-02,1.982670989475288081e-02,3.118047593295059094e-02,9.705732946912032366e-02,8.221704563037723901e-02,1.003300999211312605e-01,5.135946769329835515e-02,3.096051222748219534e-02,6.252149435732756722e-02,3.242202782856307142e-02,2.932103373186478734e-02,2.113880702138548617e-02,5.868942464768142631e-02,1.184540697228414902e-01,6.728302796968710364e-02
1.048640061459216177e-02,7.301238215093319717e-03,5.396284298200249019e-02,2.806016057871008051e-03,6.916844943644218091e-02,2.090781942664912685e-02,3.636533137588243703e-03,7.569235774726612576e-02,7.843069905500588135e-02,1.473263831338598173e-01,5.022359202783593934e-02,4.241718759154822216e-02,1.669393122154433362e-01,3.444776881625288834e-02,2.967776197837734831e-02,9.618485529353404395e-03,2.138514819038167536e-02,5.824241739009373975e-02,7.884936936438313726e-02,3.216287770920100986e-02,1.983038416855349706e-02,7.581487816466853102e-02,1.598575014121650373e-02,5.801381961762386297e-03,6.653056016844816067e-02,2.111421623230114175e-02,9.781614553388684463e-02,2.775155619646840766e-02,7.277828748548922921e-02,1.680167215699843869e-02,7.756733826926015540e-02,1.894265323510863075e-01,2.257331589793036830e-01,1.995449428234196965e-01,1.346269194373152789e-01,4.816059598960174826e-02,2.901391298110769790e-02,2.248610721331567308e-01,8.073066937187067804e-03,1.080093274819094590e-02,5.957022775341234283e-02,6.177008169016671296e-02,5.668768364332348042e-02,4.472618340160693096e-02,1.317661025752672188e-01,1.084718835899360911e-01,9.123386032366873066e-02,1.155924302408230520e-01,6.550585102753489486e-02,4.126998119865446513e-02,1.131352255091004899e-01,1.247652922777277851e-01,4.548336020314200367e-02,4.293229201162762632e-03,1.911179216954395077e-02,1.021791513559998643e-01,2.697584260760943486e-02,4.679741773513201863e-02,3.343250872220759895e-03,7.790028355521716463e-02,5.961212711180263746e-02,3.554044496409958231e-02,1.759182388015323451e-01,2.081839509251507125e-01,4.345103888643669920e-01,1.814088422088655228e-01,4.285232160591362360e-02,1.425819423620249271e-01,1.369597108513464501e-01,1.377104274603789535e-01,3.793063661429224576e-02,2.573160307602040398e-02,3.808083179762777881e-03,2.220446049250313081e-16,1.681516593294396511e-02,7.490148991692791025e-02,1.486327911344630937e-01,2.146344156224362643e-01,1.781105611809446487e-01,1.090163449024665332e-01,1.559218267818506254e-01,1.865107985857258344e-01,1.721592417982025502e-01,1.023889302875253260e-01,7.204506226985479822e-02,1.255376161311141381e-01,6.554309247747303058e-02,7.724936385850006415e-03,1.794358341371329879e-02,3.549416112639536269e-04,1.043512488939923877e-01,5.503643742862673882e-02,7.689992327802508409e-02,1.538183354421250315e-01,1.369796538399280506e-01,1.466546854690779778e-01,1.022948211972962707e-01,3.187177478770253369e-02,8.122006171054851897e-03,2.626047762239269723e-02,2.655102018063781877e-02,1.353837211851460776e-02,2.695006986199582899e-02,9.539530870424503539e-02,5.891367752476714403e-02
9.825870991809149135e-02,1.314308889504223199e-02,4.083824044948058951e-02,2.314373567987548785e-02,1.050926731314079099e-01,4.243876585124733286e-02,5.555276123872639193e-03,6.346879559501905632e-02,1.104354066873036722e-02,1.602903989070974533e-01,1.218886928339779629e-02,2.634136684616422697e-02,7.788540372654995103e-02,6.589750331846438991e-02,5.697083319842499716e-02,3.091149585792363208e-02,3.126027092454272682e-02,1.726814786004945979e-02,5.165707502221989975e-03,7.813241920652223144e-03,6.948366955599885597e-02,7.551961161351949947e-02,4.666377614124544992e-02,1.506776936214859752e-02,6.156335045879013368e-02,3.379976444283383508e-02,2.288854784145366583e-02,7.795065673905343662e-02,4.118988364899175969e-02,2.322709777533586706e-02,1.132908427321395739e-01,2.328115112203588133e-01,2.479010437532814803e-01,2.279780132882142374e-01,1.401561391594412509e-01,3.226448777962268033e-02,3.687180433550988484e-02,1.422025328447917014e-01,6.451421121517041113e-02,7.027084407862126125e-02,4.612654044984627888e-02,5.279726488858788730e-02,4.138809542430665900e-02,3.721973266921457801e-02,1.309659277290317614e-01,1.193204653357353706e-01,1.241799437463997346e-01,1.443640027605327669e-01,1.000070138164706746e-01,4.263681480651287936e-02,9.688213668863543404e-02,7.417973696254341609e-02,5.938402189914546159e-02,2.329242711180526393e-02,2.340838731549543805e-02,1.387649584920315760e-01,6.801416916837255133e-02,8.910610274194508129e-02,5.598400994664354258e-02,1.758444054534269441e-02,2.060220028683223958e-03,5.900698985932262275e-03,7.797723352739566183e-02,9.199220939812956244e-02,3.206886460574560616e-01,5.080782724339122369e-02,1.564498953156879812e-01,1.845969943315103889e-01,1.261570809207358534e-01,1.822992363036317898e-01,6.659857283083976676e-02,1.157349143216468423e-02,5.877982767006795228e-03,1.681516593294407613e-02,0.000000000000000000e+00,4.018959199024529916e-02,8.680083632618484923e-02,1.674029348186960864e-01,1.256145962068593858e-01,1.110040170181583741e-01,1.629033517571012446e-01,1.816849198021392719e-01,1.466027074949677600e-01,8.778681506272728585e-02,5.741520378353193177e-02,1.385439850828525388e-01,7.921729850781644711e-02,2.796129712346107077e-03,2.113296996918384574e-02,2.185062638507484500e-03,1.308988766380748681e-01,6.655016162762650289e-02,8.304369381377307846e-02,1.213464247463299506e-01,9.534425616899741551e-02,8.221093290684755583e-02,8.412415557958230483e-02,2.093747833199677277e-02,4.691034284814632471e-02,1.286204062253337721e-02,1.298705002863875801e-02,9.919342153460936062e-03,6.115469711593768398e-02,7.170077268677911564e-02,3.272304345261072001e-02
1.839471531202376831e-01,2.182206513708095930e-02,2.090918364719629441e-02,6.718934423224159902e-02,1.096579010822068545e-02,1.000656829112947510e-01,8.299548262900993678e-02,5.569574073210714626e-02,3.638450728607384166e-02,1.188661795285896328e-01,6.054115474038890277e-03,4.016786561486479501e-02,1.049025423685018277e-02,8.218234141311964169e-02,9.393344323408314711e-02,1.067977502305083037e-01,2.434544123076326505e-02,1.117399587930515414e-01,7.745290588054666581e-02,6.179574935143669623e-02,3.593082335570294689e-03,3.170261023861573046e-03,3.657855120657080294e-02,3.134732207083607003e-02,6.800705043585913989e-02,3.012628003732409354e-02,3.144521883493051062e-02,3.366311494745904964e-02,5.647491553390748820e-02,1.432090867620749997e-03,8.514990835295961624e-02,2.183890303564544888e-01,1.988706452036077543e-01,2.537343590457679654e-01,1.629647720589601501e-01,6.939378984383573479e-02,2.447584275631545236e-02,1.402633232168646327e-01,5.187989291125195274e-02,7.384703305801773587e-02,2.454964490194871951e-02,5.542019261456220675e-02,6.657352181636398691e-02,4.864769491494002479e-02,1.395003660411880952e-01,1.299520373548525842e-01,9.460221709567862014e-02,6.853007921709686201e-02,7.668530947716661883e-03,1.763839396857329322e-01,2.151175989400596622e-01,1.555753789850806978e-01,9.878440149593419040e-02,1.945444142486693617e-02,3.663652091572155989e-02,2.780550993310859642e-02,4.671796024049945650e-02,3.728930089706361528e-02,8.703893557492625721e-02,1.207139378597649193e-02,4.965705851177010244e-02,3.672241399556896990e-02,1.548369334535121267e-02,6.919233257353954447e-03,2.143800127105601194e-01,3.380805306791445641e-02,1.873180256664866983e-01,1.701659419725052302e-01,9.040839941207326480e-02,1.842469245683147072e-01,1.123407042889461166e-01,1.311950518626553708e-01,8.495433276779862375e-02,7.490148991692791025e-02,4.018959199024507711e-02,2.220446049250313081e-16,2.742548589904303391e-03,6.300131796857194599e-02,1.571827753669807759e-02,8.067744028225076747e-03,5.420020757537391543e-02,9.663033071297244536e-02,6.464688778535390701e-02,7.898549931271819924e-02,5.955716747545652945e-02,1.135195322902387005e-01,4.054898943351378793e-02,2.077419901073884745e-02,4.688119253174694023e-03,1.057845990860623031e-02,5.500385828531312304e-02,6.681735315707648670e-02,9.280917141150840655e-02,1.237378313439754240e-01,7.456975624672204650e-02,5.905647865530977425e-02,7.312603008965457008e-02,5.850702893746184685e-02,6.616487386669345216e-02,5.355928569342593981e-02,4.966251284645384345e-02,2.331282058285327752e-02,5.400905330362658352e-02,2.488367625759507068e-02,1.623743019211727756e-02
3.116052509077711363e-01,1.370216862812645431e-02,2.465603876598726485e-02,1.005347254154921599e-01,4.660679925702336523e-02,1.256905371829286910e-01,8.843426690921346589e-02,8.301445136323859497e-03,8.814483397143121901e-02,6.865458980965624680e-02,5.548387057165131420e-02,6.911711488725724717e-02,5.069474805089430047e-02,1.119894695658150974e-01,1.119221462010727697e-01,1.320587755655607820e-01,2.604573629441608862e-03,7.982188009175184007e-02,3.486428670361391147e-02,4.904127075142845210e-02,2.315142769917973020e-02,8.064484969603197273e-02,2.036953267451649396e-02,8.435041943777477069e-03,9.801334269918360320e-03,9.023738587575858006e-02,7.718732230956219798e-02,7.181504812963926399e-02,2.198376525109821400e-02,2.483541982353565380e-03,5.357212186722129510e-02,1.205912117893869623e-01,9.425664248083776009e-02,1.846496850194763728e-01,1.350587724040912541e-01,4.507792422015649558e-02,3.452764855638873476e-02,1.699161032926571613e-02,6.925343560525701325e-02,1.282462155881865240e-01,1.150029314493063864e-02,5.284212845004022940e-02,6.862269508288210140e-02,4.258013769086244071e-02,1.069023697297858400e-01,6.858535930153578097e-02,4.991872265049832058e-02,3.555684095592162586e-02,9.424491806569809671e-02,2.822462738326951270e-01,2.052618639159221048e-01,1.134595862359307344e-01,1.362917246438952457e-01,7.058098717141088330e-02,1.076678866348636243e-01,9.495253651842178177e-02,4.313804892347433695e-02,8.533795101899804836e-02,2.182546405966886149e-01,1.408629283147233568e-01,1.266598086015106039e-01,9.993884379786638350e-02,1.132525542469817181e-01,1.153882316446342426e-01,1.170702580742011278e-02,1.821182576545820053e-01,2.187552470059698773e-01,1.451192891474227253e-01,4.688088435386816161e-02,1.713218780105387473e-01,1.363039971686392238e-01,2.061281497073981228e-01,1.468830292946708693e-01,1.486327911344630381e-01,8.680083632618484923e-02,2.742548589904303391e-03,2.220446049250313081e-16,2.630887772068035702e-02,7.899928222227958763e-03,1.690393951737234612e-02,6.203373867025796518e-02,5.685378919912498219e-02,8.896176499286923001e-03,7.175719964309602850e-02,3.460472078559150011e-02,6.136308180471646001e-02,1.625949155579259342e-03,1.230793234069693654e-02,3.453386845122385918e-02,2.128344391799430468e-03,5.505298285118309654e-03,2.084121567579311218e-03,4.028837571124330164e-02,6.800248864764157908e-02,1.569190461681135851e-03,2.575364533502044750e-02,1.191475733015445737e-01,1.133990969979559171e-01,1.592597776634185336e-01,1.400701158411318537e-01,1.609681448239593249e-01,8.296180004932401930e-02,9.551370760503294366e-02,9.574750713604363028e-03,1.658115297924872555e-02
2.771861472295958917e-01,5.610121022412797864e-02,7.079644917428483397e-02,1.157046419585242847e-01,1.269463080686569767e-01,1.368877638539380825e-01,9.746298592446393794e-02,1.741278523337460443e-02,2.665158389088802954e-02,4.302146057824277059e-02,7.068137817929184830e-02,1.043702335811165505e-01,1.408645487848013411e-01,1.142152349824034491e-01,9.802345727052902413e-02,1.083796468779795186e-01,4.628108259760244092e-02,2.403736237590958780e-02,1.598763551166226815e-03,5.634408707089272328e-02,8.759611694798928594e-02,1.561150954582251338e-01,1.948133673705160218e-02,3.011957186291094879e-02,6.573060756428189544e-03,8.018986059907090569e-02,6.688237881956023145e-02,3.840153906810450657e-02,1.539651191318242018e-02,1.971005203829551133e-02,9.392969405073128830e-03,7.739592070985568117e-03,1.097964819320729202e-02,1.220664291620978115e-01,1.147680927234481785e-01,5.224736982831174048e-02,8.237728878709099645e-02,3.908462462119081937e-02,7.328722242347525395e-02,1.230345569960192981e-01,8.851827015793541434e-03,3.913360149442835639e-02,5.887525615029011450e-02,3.291819816990022157e-02,6.745908089394769824e-02,1.323727750121521385e-02,2.283381249623755299e-02,1.391292300297768403e-01,1.753870123236251355e-01,3.030370304477909005e-01,1.582173712048189074e-01,6.555962275071244849e-02,1.467569641635765865e-01,1.094479472360183059e-01,1.268554990896617607e-01,7.463074410606349018e-02,7.207012822150152265e-02,1.033826373981569929e-01,2.518240238964978284e-01,1.771247158216042172e-01,1.440676224106585135e-01,1.144063550606544688e-01,1.554125135951523462e-01,1.330909172857166478e-01,1.881185319170201042e-01,2.790746708342390914e-01,1.972819009700030046e-01,9.547855371035815497e-02,1.502786722381938000e-02,1.264684973486819852e-01,1.303523747517014719e-01,2.363224996089076935e-01,1.793113596581308589e-01,2.146344156224362643e-01,1.674029348186960864e-01,6.300131796857194599e-02,2.630887772068035702e-02,0.000000000000000000e+00,1.235959317516555078e-02,5.085589745409346829e-02,3.527762119934241269e-02,3.514230329943690556e-03,3.836268709422707701e-02,3.612935074289230775e-02,1.305042035885586871e-02,1.036260529212945647e-02,6.438729029994333386e-02,1.913341778887983624e-02,4.394831593105294476e-02,1.279767909403264903e-02,9.134679774013984566e-02,3.446553283760862840e-02,3.289374728317279173e-03,4.102199830045016871e-02,1.554146548360008095e-02,6.055133760730369019e-02,1.632698039831618764e-01,1.663602275893550086e-01,1.778997023197905480e-01,1.543922992363191415e-01,1.806695192556928564e-01,9.119274054556350539e-02,8.365371447364935986e-02,3.526619984002060670e-02,8.093633827096047284e-03
2.519449565987210704e-01,2.476555314667011620e-02,5.532519369592203695e-02,9.796238559104852861e-02,1.273207906650783150e-01,1.113647025226593146e-01,8.246300190662693430e-02,3.847688435766351278e-02,3.690250194635953662e-02,2.142540640630534454e-02,1.183064930612521548e-01,8.401645832483239928e-02,7.689130447534570090e-02,6.648341293846372901e-03,2.692266200452381186e-02,2.803679910212608650e-02,1.081946110408640305e-01,7.363128274795349704e-03,4.452166918359340420e-02,9.729404935406221755e-03,8.612831658374685284e-02,1.594087567136612815e-01,3.957325855169843004e-02,5.131233728043242681e-02,4.407377398337666841e-02,1.179233779713595165e-01,1.174780134117945352e-01,4.727203653569800323e-02,1.567091560926037186e-02,7.362780512968192248e-02,5.840609930172296904e-03,2.850985360869429108e-02,1.776902285510606472e-02,9.270388296788628635e-02,8.014142509844135454e-02,4.142815928827281446e-02,5.333527354616995897e-02,4.447581808582438262e-02,6.713141837329567041e-02,1.654232909470471358e-01,1.155167478667371017e-02,4.757405819492437765e-02,6.693760676716332958e-02,4.310364617265190212e-02,4.161033759288064460e-02,3.844139191912648856e-03,5.820157841599700455e-02,1.787356351091568540e-01,1.939548071403829899e-01,3.189085386914115028e-01,1.857831784240851214e-01,8.580190064776105352e-02,1.780100925994023142e-01,1.004458338946814244e-01,8.229275395982482699e-02,1.038903679141415237e-01,8.565681047800555170e-02,1.141471474900156990e-01,2.572350264808153097e-01,1.626547085706448736e-01,1.790787831478997394e-01,1.350596078903754105e-01,9.146189857674139057e-02,4.725418799465708197e-02,1.127524018939805583e-01,1.936120780485983683e-01,9.400068274052232609e-02,6.230963521718768661e-02,1.775839442702048521e-02,1.057328209936023444e-01,1.186242794840275255e-01,2.207297548711669721e-01,1.648366971387125735e-01,1.781105611809446487e-01,1.256145962068594413e-01,1.571827753669807759e-02,7.899928222227958763e-03,1.235959317516555078e-02,4.440892098500626162e-16,9.600842004970810972e-02,7.795669174188557538e-02,6.139530200037179863e-02,7.206767469061015063e-03,4.735100303969913549e-02,3.843008926391854041e-03,2.075718811700562327e-02,6.513020364889494929e-03,5.206892460839961101e-02,6.586275275451342059e-02,1.578898241528983726e-02,1.028063002214042454e-01,7.876872900391929111e-02,4.084419314077027824e-02,1.191294602604370256e-02,7.585600980904647073e-02,1.580615988770017744e-02,8.989008889686606052e-02,1.318529394346797667e-01,1.706838048563769916e-01,1.618754076982058809e-01,1.934083066030087006e-01,1.069320713308999915e-01,8.139430049369961173e-02,1.417516760734510717e-02,1.097134993564310990e-02
1.618893914986176963e-01,5.480293901670540979e-02,2.506185816165851232e-03,6.616811783388273915e-02,1.266633551998220530e-01,9.784895020178388525e-02,9.520403314338418688e-02,3.843346356160022570e-02,1.392983448091165422e-01,3.687485910648861942e-02,3.690761686901959659e-02,5.147953361204826717e-03,2.774199113703357256e-02,2.701808870335720147e-03,2.419664688375466888e-02,1.029461175122710070e-01,5.280925750751913617e-02,1.740079663454259795e-01,1.151031134555161040e-01,8.858539026037287600e-02,6.394746472962356543e-02,5.587877157975173342e-02,2.922682429893597861e-02,6.684630608201880264e-02,8.920460461084907255e-02,2.532601750916088634e-02,3.608568095633699069e-02,7.343692755681074935e-02,5.337076135780030595e-02,3.463098065969583139e-02,1.206540593338257528e-01,1.358223253958290577e-03,6.685338176191035764e-02,4.190182568250033768e-02,1.987807750341002988e-02,7.409836914043232969e-03,9.806830270846070285e-03,5.449422197359832243e-02,7.911454791772552786e-02,1.000698940688071192e-01,7.324654103492513058e-03,5.193920898060512548e-02,7.525369269637642577e-02,4.935381271213518800e-02,1.561415660613477974e-01,1.117151364739184249e-01,3.218643990675829070e-02,3.248373219364956987e-02,1.112662336539097796e-01,2.488640799883453381e-01,2.556477875645540854e-01,1.793527435579130025e-01,1.388628727929225315e-01,6.050366087790671338e-02,5.769449808836130122e-02,7.908630098535374131e-04,4.276117416166358431e-02,3.452373966118094106e-02,1.119803898987225543e-01,2.472095453669231890e-02,8.153596314515565435e-02,2.387884814277047019e-02,2.846552749709860275e-02,1.763162580062788143e-02,1.153082524665087483e-01,9.693892298156314702e-03,4.896469895036936748e-02,4.080491794099500025e-02,2.294927106846795725e-02,3.065974222620737599e-02,3.135184511009350694e-02,1.477241590485479095e-01,1.697637401920518707e-01,1.090163449024665332e-01,1.110040170181583741e-01,8.067744028224965724e-03,1.690393951737234612e-02,5.085589745409346829e-02,9.600842004970810972e-02,1.110223024625156540e-16,2.668030935205933929e-02,5.764998964990797337e-02,4.556627578752936447e-02,1.732780871906414860e-02,2.232337137983320119e-03,2.179339239573776371e-02,2.178092375182316687e-02,2.900839076953334872e-02,4.223314921003334943e-02,2.818219669537269656e-03,5.417962610073151497e-02,5.567161630517342141e-02,5.306267714779144828e-02,3.361924468334984151e-02,2.234078756367363638e-02,1.015161719934534884e-01,1.410683809106172970e-01,1.716837335030458600e-01,1.213165269412342373e-01,9.584961951869555574e-02,3.638312654949532599e-02,4.670506195241819203e-02,4.555260467977181871e-02,6.311127980722244790e-02,3.073392087486302715e-02
7.112634587338156900e-02,2.708473402857775048e-02,7.746708127270138244e-02,1.108538178951480324e-01,1.761520280103175684e-01,1.129345644876151161e-01,9.760000532671034290e-02,3.867032072410350740e-02,6.250596255551563174e-02,3.106950989115301806e-02,3.917219237905791851e-02,5.056404518369278511e-03,3.143580365580602581e-02,3.983175207943819018e-02,3.184004448551897015e-02,8.759121640924366625e-02,2.911494891598076507e-02,1.452969211783748382e-01,1.109244815576615473e-01,1.288837534434519316e-01,1.359242776863793245e-01,1.045030845253734630e-01,6.053396159369783813e-04,6.731942410620815609e-02,1.202278275401462565e-01,1.050894900090791617e-02,1.682845357179515999e-02,3.603660427763046015e-02,3.618277403541771131e-02,5.540773681541766305e-03,8.836021262503501728e-02,7.331667308938860650e-03,8.990832402846837823e-02,5.769632379928885113e-02,1.720041269158639752e-02,4.830046775129964720e-03,3.642305766573501052e-03,5.967291659952361771e-02,1.055873033994849941e-01,1.172206271757283147e-01,3.131640108280722701e-03,3.759590990739232474e-02,7.048476986039259318e-02,4.192041773427886142e-02,1.486959778982751557e-01,9.015987027493538308e-02,9.060545114711798798e-03,9.182601671377864372e-02,1.657610803155438461e-01,2.509702062467589756e-01,2.408143855711168124e-01,1.504246085986815917e-01,1.380536376641672835e-01,9.003140807905665732e-02,8.072217951875887421e-02,6.607899890411650379e-02,3.055545440766038734e-02,6.255619480393881382e-03,1.083333937079355991e-01,4.256953328928257674e-02,9.453964422833391334e-02,2.752163305775298663e-02,2.159474932005454179e-02,1.151136578747707917e-02,1.946279248694077202e-02,5.545562911416454521e-02,5.004174987559822929e-02,2.022193781711514871e-02,3.950873115256788026e-02,7.596808394779649976e-03,2.389537236600258741e-02,1.441496621328886008e-01,1.716022549463920299e-01,1.559218267818505144e-01,1.629033517571013001e-01,5.420020757537391543e-02,6.203373867025796518e-02,3.527762119934241269e-02,7.795669174188568640e-02,2.668030935205956133e-02,0.000000000000000000e+00,1.859347933180666157e-02,1.364879256510831418e-02,1.027170791060023902e-03,1.849627052785432491e-02,1.364718012278365311e-02,4.428358608617238845e-02,3.111057899416968392e-02,3.130514519739245605e-02,1.156980719922993950e-02,1.274365847771745663e-01,4.812780302762653672e-02,4.874465422185428332e-02,6.684827898871753549e-02,1.878512348877332816e-02,1.205378435601655307e-01,1.526190357879977366e-01,1.763843646152473688e-01,9.726384013515065874e-02,8.407208553117304084e-02,5.906107449535208387e-03,7.353112853549850780e-02,6.202630659900907478e-02,7.510471184355504981e-02,4.268783613016774448e-03
4.095960145429435040e-02,6.454176476013012698e-02,1.024292781079477882e-01,1.284884272390232063e-01,2.120871910679377192e-01,1.335468827130712466e-01,1.047340936722819249e-01,2.382126392948813454e-02,4.584130739167804891e-02,8.331864436529001772e-03,1.819828295877007340e-02,4.510960419361370599e-02,9.874794093402392003e-02,5.062881171279282055e-02,1.645263498953865311e-02,4.396927921858667654e-03,7.076957709512737837e-02,7.476275398158815921e-03,3.956270810758744094e-02,2.066516755857106258e-02,8.554864198467554415e-02,1.049808143729719645e-01,1.202088601468553897e-02,1.794697390693750227e-02,4.398138665453302232e-02,3.201457447131728085e-02,2.184816382753801411e-02,3.961023589411530321e-02,3.918664839140681422e-02,2.437794126367853753e-02,6.106393809856314192e-02,4.675374424655598382e-02,1.017356930214108890e-01,4.950129697281485663e-02,6.881395737777240562e-03,1.294606461794464702e-02,2.419734168933723728e-02,3.229264311687449207e-02,8.688141200558602284e-02,1.117468289134817411e-01,1.744778593857096438e-02,1.769136836585721850e-02,4.128829121121983109e-02,2.389138061934961699e-02,5.296692872520125661e-02,2.255087305324154912e-02,2.541989923788245953e-02,1.045551955037556380e-01,1.257324958296584527e-01,1.505605328457157444e-01,7.832984096647332972e-02,5.246618242438050306e-03,9.802034294433950579e-02,7.251672962044566906e-02,1.425592760252110056e-02,1.685035231707637804e-02,3.439000074137660290e-02,4.160537641184969271e-02,1.263504417802733537e-01,5.704625826224102303e-02,8.201519054652739449e-02,3.649495986300722861e-02,7.654788172455573303e-03,9.374226249955541768e-03,1.786419666198537926e-01,1.679756463203276873e-01,5.530370281330870830e-02,5.747611974486616093e-03,2.335380634154449186e-02,1.668767340401106081e-02,6.073981326505475953e-02,1.713498419469066669e-01,1.624162993744739103e-01,1.865107985857257789e-01,1.816849198021393275e-01,9.663033071297250087e-02,5.685378919912492668e-02,3.514230329943579534e-03,6.139530200037179863e-02,5.764998964990797337e-02,1.859347933180666157e-02,2.220446049250313081e-16,7.922207773215617088e-03,1.273033992904987199e-02,1.057901896718743684e-02,2.126085869703298048e-02,3.596334690945057755e-02,3.385400920136005798e-02,3.484881890503001289e-02,1.868264535967959633e-02,1.478182061927168500e-01,3.871795819658023496e-02,4.749616604990994362e-02,4.393605332304925670e-02,1.270233338114989952e-02,1.016769514373175587e-01,1.731655147572725983e-01,1.719925235087246818e-01,1.207452627430211645e-01,1.057427986953402566e-01,5.974039615976298179e-02,3.952743094574190375e-03,2.299502720210541695e-02,5.598580081176772472e-02,5.087263992936934785e-03
1.718314821115673463e-01,4.865140205656556804e-02,8.298133462671830607e-02,1.199971271072642620e-01,1.777105916763602744e-01,1.251668558636823692e-01,7.671712262075205957e-02,1.513021098572642220e-02,9.194550943227103312e-02,4.909815650943200049e-02,5.617870594839943776e-02,1.014181635127286429e-01,1.509580713376411643e-01,7.646203701241641171e-02,5.425545836157573409e-02,3.195917014245247545e-02,7.217188388066358984e-02,4.065021380850397659e-02,7.453873838376534611e-02,7.981818507341031932e-04,6.870230548849212693e-02,1.247154628182996078e-01,5.859707792959717443e-03,3.797878293283374340e-03,1.671653226563685896e-02,3.413374727679413523e-02,6.392222689889778819e-02,2.702178870561272594e-02,1.681956689940766747e-02,3.629374003879681787e-02,1.535580805283803807e-02,6.704085410015553359e-02,8.539665381289368584e-02,2.582607027697991775e-02,1.553041096675911170e-02,1.574260813992917063e-02,3.565639895555261507e-02,9.434337138180350080e-02,8.346042744123091661e-02,1.075356511208487992e-01,1.490233257730035066e-02,3.150620610124730409e-02,4.840842611003673412e-02,3.037890063448247385e-02,5.353206664070972454e-02,3.876493520642620982e-03,2.403090646908812023e-02,1.339252691759836578e-01,1.427309840504959459e-01,2.073023253538970323e-01,4.951744650653794322e-02,3.586443423618090875e-02,1.092860400148125966e-01,8.549971380500268059e-02,9.710326156953756616e-02,4.964651510920338462e-02,8.108541403133769088e-02,6.957955340878366202e-02,1.832338422947131784e-01,1.213103215932346823e-01,9.693257436375346536e-02,6.547952901209586063e-02,7.793786316523410029e-02,7.621027142213632199e-02,2.947098191328443306e-01,2.709597883342516056e-01,1.318268986334047155e-01,3.885724055484152117e-02,1.308010428660105751e-02,7.301714916543394773e-02,8.809524892703513022e-02,1.862598492945453377e-01,1.354089785905392973e-01,1.721592417982026058e-01,1.466027074949678710e-01,6.464688778535383762e-02,8.896176499286923001e-03,3.836268709422718803e-02,7.206767469060904041e-03,4.556627578752947549e-02,1.364879256510820316e-02,7.922207773215506066e-03,2.220446049250313081e-16,8.701821485268557144e-02,1.101308735446804299e-02,2.295004530115885011e-03,4.950864933729659523e-02,2.952115407525196869e-02,2.852680363272948327e-02,9.506350058801321667e-03,1.361869835288228026e-01,6.466794705837908275e-02,6.095369948763723622e-02,8.025158492784401076e-03,6.520243877160064594e-02,1.852562885012076777e-02,1.244156394548733002e-01,1.297698378682453357e-01,1.209894944826661878e-01,1.058230146810475170e-01,1.184946320383973017e-01,5.090088507459547551e-02,2.670787369726776439e-02,5.642208882716476248e-02,2.080383322021228665e-02
9.439969015678037478e-02,7.229175051575831290e-03,5.066235581743072647e-03,8.921010503622262000e-03,4.764661934657771214e-02,2.800846090346142264e-02,1.749814047020727473e-02,1.278515629615567528e-02,6.607747826587095918e-02,2.489475842879612655e-02,3.397229725582634474e-02,4.067296765649769386e-02,7.319421525856144306e-02,5.538692395618366460e-02,5.871090342959041364e-02,2.967820759712312337e-02,5.054758071012209475e-03,3.244865232317975523e-02,3.923791421770425614e-02,9.151751123363888185e-03,2.455438441025283719e-02,5.536744954939870622e-02,2.254720695823990428e-03,4.380347983792436117e-03,7.835565311678286543e-03,2.140774941305273460e-02,8.319440180936285567e-02,2.437682791474599098e-02,1.967925073049892060e-02,2.464599569112080335e-02,5.601669204373380118e-02,5.745045226088096868e-02,6.205224037449472152e-02,2.933405276927841809e-03,1.383190576986717546e-02,3.664302316335768528e-02,1.610170801219734660e-02,4.118087069342116907e-02,6.818627081319444949e-03,1.760610870585946341e-04,1.030722500758602875e-02,1.030976136527491510e-02,1.371272052079555541e-02,7.891710178375857185e-03,1.361319296502335602e-02,9.624289680353392828e-03,4.030347629260466746e-03,4.473103424993790656e-02,4.588538809884890046e-02,6.125445225092182588e-02,3.710654144350258865e-02,7.216167903266410000e-02,2.325861613255450489e-02,1.418440866410167200e-02,6.783847429964193210e-02,1.330764220807503784e-02,8.316222062495187695e-03,1.823937719194790308e-02,4.207905859039906549e-02,2.815914457319967923e-02,2.501057068624101820e-02,2.461322176512475979e-02,4.434757183333076780e-02,6.828201820004825562e-02,1.928120032112339288e-01,1.504094114606162047e-01,6.819455268519661328e-02,2.008573238955768669e-02,2.558143222574094100e-02,2.435956412177081587e-02,4.303747237913446710e-02,6.428949791747405607e-02,6.601157872118779135e-02,1.023889302875252150e-01,8.778681506272723034e-02,7.898549931271825475e-02,7.175719964309604237e-02,3.612935074289225224e-02,4.735100303969927427e-02,1.732780871906412085e-02,1.027170791060023902e-03,1.273033992904987199e-02,8.701821485268568246e-02,0.000000000000000000e+00,3.267870535989203518e-03,5.520885167382433290e-02,1.015222921742342521e-02,1.454506998191741618e-02,1.880376969873704361e-03,2.623774813908787834e-02,4.033329083884518163e-02,2.775799454214816775e-02,4.618733235178418273e-03,1.407299824705243729e-02,1.050589196467432984e-02,6.958810331090715950e-02,1.422852352462616321e-01,1.025801394746959083e-01,9.106556510176139208e-02,7.962870377660691279e-02,6.625309689090211340e-02,4.459780632010800633e-02,2.144745290564506468e-02,9.526279480896959750e-03,9.328622938816311105e-03
6.336779887868235206e-02,1.850953517658293634e-03,5.081651891755661898e-03,4.630007702453559082e-03,3.003238044721727451e-02,2.511022343921105737e-02,5.661721405725836376e-03,3.472720196810627491e-02,7.439050117463077982e-02,1.874699015690317605e-03,3.780123623842035485e-02,6.672338168206937148e-02,1.001597650268558071e-01,3.320953149010430483e-02,3.069475713039528098e-02,3.043298042575807300e-03,4.510992901553025070e-02,5.139547234266506059e-02,6.232520973887795135e-02,1.465375791190473564e-02,4.357225934319053362e-02,6.741605329154140569e-02,6.448986459336475408e-03,4.104780074775327137e-03,9.349018568916511729e-03,2.506603749115435265e-02,5.108263641829002832e-02,2.097162038982303134e-02,1.797209416642114865e-02,5.326339843458094414e-03,4.838166732107659906e-02,4.716161579029989892e-02,5.525396353426553775e-02,1.982769556967162172e-03,4.456989342555006672e-03,4.176228229000905623e-03,3.489532984117495185e-02,5.376287427186815515e-02,3.000082938815648581e-02,3.988008105257977165e-02,1.376940080140605371e-02,6.765100233338677826e-03,1.147149414376462742e-02,7.512194782125461434e-03,5.363872400594382750e-03,1.674409663856668562e-02,2.642845989098618897e-02,7.936647385184444903e-02,6.991693079116598208e-02,4.941931925923404023e-02,4.201745114119870284e-02,7.547480331360512107e-02,2.294605044957062634e-02,2.734574318377105961e-02,4.863422115588394989e-02,9.689120838627607313e-03,6.573027462255992548e-03,1.094282442633071062e-02,4.222668281041808136e-02,1.149973479260918419e-02,1.681360090612832314e-02,1.582341900178146910e-02,2.201843968964539711e-02,1.969982676024825685e-02,2.129770090708756891e-01,1.486432102101555297e-01,3.383168903733854704e-02,2.168220191793812646e-02,2.466935743192327779e-02,1.168104865192606812e-02,1.354225474950640495e-02,4.143905156445103211e-02,2.775283828049246448e-02,7.204506226985490924e-02,5.741520378353198728e-02,5.955716747545658496e-02,3.460472078559147235e-02,1.305042035885589646e-02,3.843008926391881797e-03,2.232337137983320119e-03,1.849627052785433878e-02,1.057901896718743684e-02,1.101308735446809850e-02,3.267870535989203518e-03,1.110223024625156540e-16,6.058041448723749944e-02,5.862866506370473241e-02,2.462267907993631599e-02,8.098285099965581157e-03,1.357603824471437931e-02,3.364597550843338725e-02,6.493463597028958922e-03,4.114063282779700792e-02,2.850537222463139786e-02,2.311740604222894957e-02,6.823752040199133895e-02,1.354150873147712264e-01,7.021905991721283380e-02,6.490453655988581705e-02,4.642525017749826732e-02,4.345867086570795457e-02,1.208124409599523226e-02,1.246570434409803238e-02,4.120953198441211496e-02,1.713760354086732440e-02
7.746457988814353657e-02,9.290175283707596821e-02,1.300883495722807703e-01,1.452300857690397295e-01,2.003657820834372494e-01,1.455638712427433923e-01,9.086673983276255528e-02,3.338925354492647268e-02,1.585425590747074343e-01,6.663459431948876022e-02,1.320603538971698576e-02,6.671620242055559258e-02,1.263680786928138566e-01,6.215473739735100089e-02,3.488961520595051935e-02,6.096379292002453154e-02,6.451383726577245015e-02,9.625925980394706150e-02,1.173982046296456749e-01,7.374983387693162529e-02,2.435730379876166474e-02,2.604973858554510135e-02,1.765407325109197290e-02,1.149939107763658930e-02,2.470481843133048860e-02,6.009157112804308642e-03,1.824914108700753657e-02,1.602663789788824622e-02,1.483315950782307380e-02,7.678256827916422889e-02,2.032298043602370763e-02,1.998023877140264748e-02,5.122361645812417708e-02,2.067512896079032325e-02,1.124040151039409907e-02,4.771800531825538816e-02,1.281401467597161059e-02,1.008148730615154032e-01,8.964244282297634259e-02,6.719906228434205375e-02,6.940168911361205284e-03,1.242347198610133097e-02,1.880389558625510105e-02,1.539880976431254322e-02,5.014996261547777223e-03,1.121256494339906151e-02,1.617798618281052203e-02,1.398282871206807387e-02,2.942611524010169122e-02,6.809949270304260782e-02,1.242803704351025940e-01,1.390394096450123795e-01,2.823656735981194821e-02,5.049116369868433818e-03,4.741623980837561536e-02,3.691654464587834639e-02,2.845446134186843667e-02,2.658073149649425870e-02,3.357942235893141003e-05,5.337599438711199129e-02,4.876933705480479553e-02,3.324233307210816557e-02,1.165777928821548626e-02,7.295429076630777221e-03,2.744999857480799332e-01,2.030558488441056852e-01,6.802156878282311636e-02,9.485920026456429177e-03,3.960385392593601672e-02,4.742576797846265180e-02,7.661845113063292523e-02,1.278711190940025888e-01,8.695316084724946659e-02,1.255376161311140271e-01,1.385439850828526498e-01,1.135195322902385895e-01,6.136308180471644613e-02,1.036260529212945647e-02,2.075718811700566491e-02,2.179339239573773596e-02,1.364718012278370862e-02,2.126085869703298048e-02,2.295004530115773989e-03,5.520885167382433290e-02,6.058041448723755495e-02,0.000000000000000000e+00,4.212415243160749778e-02,1.382296355057088810e-02,1.304284377457104460e-02,2.773535203505969604e-03,9.261385934363985939e-02,2.746115179369401638e-02,5.318768174048116304e-02,2.765072184482914031e-02,2.407736092161505415e-02,7.649112257717967378e-02,1.190864304977520688e-01,8.644752072994499326e-02,7.078358060932221640e-02,7.144814363051787964e-02,4.821374109878800995e-02,3.373320270685267047e-02,1.887948814662896574e-03,2.618550816450228302e-02,4.317029680468736919e-03
1.488425379688005923e-01,6.540027697298989029e-02,1.182505300462851072e-01,1.353607142169933053e-01,1.926658626651879258e-01,1.388495349719450211e-01,8.992092755606685694e-02,3.709241478399066816e-02,1.390503656122905607e-01,4.717192223135391327e-02,4.776508519721250901e-03,4.376761917977345373e-02,8.242037398412335736e-02,1.766576516083326331e-02,4.173462914800751822e-03,9.105524551019311685e-02,5.572400311082565533e-02,8.396582622857753919e-02,1.234168981342264049e-01,8.048170621738010011e-02,3.513375818755243296e-02,6.996195665766258287e-03,1.771664391406618799e-02,2.336407071478402431e-02,2.678437280420137290e-02,1.355193621095907019e-02,1.047449280170420494e-02,3.679315630604206716e-03,1.272245728023819501e-02,9.279850595295549565e-02,2.644691894726730608e-02,2.658530460236907533e-02,3.509491399655439992e-02,3.910872600921271036e-02,2.583473236153333019e-02,6.145964678946116977e-02,2.182997368397576743e-02,4.016770407671869936e-02,8.985454753521848748e-02,1.171395789535083221e-01,6.670926693304352062e-03,2.305084922432587557e-03,3.857564171869276581e-03,1.325191776025191892e-02,3.373325603356747138e-02,2.681039537616669577e-02,3.163595152003795263e-02,7.899646120193892784e-03,4.969966728873553841e-02,1.242362475045493131e-01,1.277408440700584791e-01,1.421053324537804308e-01,5.077355111921311170e-02,1.103869100608234621e-02,1.434199934171409563e-01,1.333430374752014591e-01,9.234150760844821171e-02,8.205785535881210402e-02,7.517682906017236766e-02,1.200669229321768561e-01,7.321253485849518738e-02,6.405104934527403038e-02,6.897397822904866027e-02,4.317923134549292441e-02,2.161087229894383677e-01,1.413971175387946644e-01,1.471253037776953931e-02,1.096313144349253532e-02,2.826081781094871848e-02,1.982940425660828510e-02,4.732129249821562939e-02,7.987339823507047520e-02,4.225454448802648533e-02,6.554309247747303058e-02,7.921729850781639160e-02,4.054898943351381568e-02,1.625949155579231586e-03,6.438729029994333386e-02,6.513020364889494929e-03,2.178092375182309748e-02,4.428358608617249947e-02,3.596334690945057755e-02,4.950864933729659523e-02,1.015222921742345297e-02,5.862866506370473241e-02,4.212415243160760880e-02,0.000000000000000000e+00,1.546266867215432828e-01,8.080010692172434617e-02,1.757938412321691235e-03,1.364537866928564602e-01,1.629968671706438776e-02,6.111941574193036075e-02,1.845853530364627293e-02,7.404620032107944727e-02,7.229965656316963973e-03,2.954368621999352643e-02,2.737661742790992170e-02,6.841597372639368624e-03,2.580811574657140839e-02,1.550253129093354110e-02,1.777463957186947718e-03,2.409594302390119513e-02,1.388282937417095741e-02,1.376498805780648760e-02
4.041793403251975336e-03,2.843857038459976505e-02,2.601077173658328245e-02,1.718618519889840435e-02,1.124712847530904419e-02,3.264786778066380846e-03,1.468944007373241406e-02,2.118787949259424985e-02,8.936992053264930513e-02,8.405162126235266040e-03,1.323408393250183335e-02,6.008799859419250433e-02,9.091302752831312284e-02,4.472032292761946026e-02,4.137181968874750759e-02,7.467644078521675985e-03,7.274080351893877361e-03,3.404526689644545023e-02,3.930556405263507802e-02,8.323439514152153329e-03,4.689802713391647004e-02,6.823729808580625278e-02,2.539812458696005804e-02,1.502378683169747209e-02,1.608895631529128067e-02,1.834487709868098948e-02,4.832905539626378144e-02,2.458119632556740597e-02,2.288424873356095790e-02,1.500185635468795353e-02,1.239112495977084949e-02,1.911009217295671359e-02,3.340183599813209558e-02,1.624051747413843283e-02,2.364984593815210034e-02,2.021236573439150197e-02,6.129230930508555025e-03,6.189659067850923624e-02,3.168603566219932444e-02,4.893019683114910312e-02,1.237482136871914662e-03,3.544951229915202506e-03,2.835164315591595652e-03,1.246978656962577370e-03,4.324010462055538628e-02,2.578253240275363289e-02,3.575144490617099269e-02,6.373464402818912466e-02,5.241209858647727371e-02,1.699634408931771645e-02,5.913824649355806096e-02,7.462930385316943194e-02,7.528532267000592748e-03,1.742436380224993142e-02,6.297551338753371031e-03,4.993343965871105405e-02,3.524029688750723865e-02,4.268609885187538144e-02,2.539836443029969137e-02,4.257850553818959272e-02,4.925264905993997910e-02,4.633500496928144585e-02,5.778316608742228855e-03,4.962049537905480201e-03,1.746807405514163580e-01,1.098087984413114171e-01,2.446560911398013016e-02,8.518837931442313494e-03,1.553361384794435529e-02,2.391846970347635826e-02,1.172964146236420147e-02,1.160010285234824856e-02,2.771424608868636175e-02,7.724936385849923148e-03,2.796129712346107077e-03,2.077419901073884745e-02,1.230793234069699205e-02,1.913341778887978073e-02,5.206892460839961101e-02,2.900839076953334872e-02,3.111057899416969086e-02,3.385400920136005798e-02,2.952115407525193400e-02,1.454506998191738842e-02,2.462267907993631599e-02,1.382296355057088810e-02,1.546266867215432828e-01,0.000000000000000000e+00,3.194980803831792837e-03,1.518863832211425624e-02,3.465198122856613661e-02,5.929911093769696384e-02,3.387447413922348161e-02,3.007775991898827689e-02,4.189133549987299893e-02,4.180746836738866157e-02,4.595511532878485128e-02,1.190517440000382621e-02,1.738245828773013479e-02,1.194612235438627379e-02,9.200644722096029682e-06,1.746739122661711274e-03,1.110033092944190392e-03,9.156551349149749663e-03,1.631990676868071838e-02
9.494811100876521248e-03,3.641626061206595932e-02,2.833811293555604793e-02,1.823933341517550849e-02,7.149228905118907434e-03,1.263461635503103364e-02,9.599499327388842651e-03,1.123839101697346465e-02,7.209959122148978938e-02,1.784380943025523636e-02,1.758956155627490470e-02,5.771778266707888738e-02,8.969277365763234089e-02,4.899993020027518242e-02,4.602500239565937568e-02,6.709270412346000911e-03,3.773450392109804069e-03,3.177705293550286275e-02,4.014185552233205667e-02,5.971575592420702572e-04,3.027863147484571860e-02,5.290288030128781349e-02,3.030591907063376333e-02,1.656860428221573756e-02,2.005183412887223682e-02,4.551611219402118547e-03,2.257987332405858583e-02,7.056066963600310382e-03,2.426955668206026012e-02,1.919506139217425078e-02,2.067690691977208672e-03,9.696972273737572423e-03,2.421911603679606506e-02,5.397689230336941146e-02,2.868286925837685436e-02,1.511252418609844439e-02,1.062967327636905185e-02,2.441386046561434819e-02,2.276768817356972230e-03,3.610854204090982456e-02,2.596966299577563309e-04,6.938778093949493631e-04,4.933579663510448410e-03,3.614643115330856693e-03,6.212302728291385634e-02,2.930374766192317404e-02,3.043594226550683235e-02,4.462710047592838292e-02,2.563183482917008593e-02,4.456610256962237337e-02,6.338535466111377970e-02,7.013463641542452831e-02,2.060664624065963735e-02,7.760522964893684650e-03,1.420526159129215094e-02,6.623297433165667436e-02,4.953678537330777343e-02,5.573494696697481321e-02,4.196568677144030257e-02,5.155098609471883697e-02,5.265511378637036111e-02,4.101391834165901695e-02,4.009172623838042071e-03,4.951067940672161660e-03,1.536537378382802910e-01,1.021517857495960191e-01,2.583548703476040709e-02,7.574334926659653799e-04,1.905358126091938331e-03,1.307810427092429006e-02,8.986907383878047981e-03,2.516021518263317214e-02,4.523788443712453700e-02,1.794358341371327104e-02,2.113296996918384574e-02,4.688119253174638512e-03,3.453386845122391469e-02,4.394831593105294476e-02,6.586275275451333733e-02,4.223314921003337719e-02,3.130514519739248380e-02,3.484881890502999902e-02,2.852680363272944164e-02,1.880376969873703494e-03,8.098285099965567280e-03,1.304284377457107236e-02,8.080010692172434617e-02,3.194980803831792837e-03,3.330669073875469621e-16,5.089471745520490753e-02,2.829206215557295012e-02,5.296577486208098318e-03,2.357268321436781222e-02,1.719013039940264775e-03,2.216101747183852125e-02,3.801852912086789438e-03,1.709728557315526309e-02,2.006486758904196810e-02,1.184009112678488518e-02,8.038763518280839238e-03,1.734794608278522610e-02,6.590808320205976401e-05,7.639769845394009384e-03,9.071157786459699279e-03,3.141385497765749463e-02
5.750805414869442078e-02,6.358706245775419541e-03,8.888876406253271023e-03,2.056038219164851855e-02,6.646037936507348531e-02,4.602374429444396065e-02,1.193421915386924832e-02,2.157860225163399370e-02,3.314838084515774053e-02,1.985811904777226578e-02,2.132585486664638486e-02,1.740858713826193283e-02,4.279156560568765644e-02,6.177756223645525235e-03,1.297366590845794310e-02,5.566929806532628505e-02,3.929570679434575553e-02,5.362098773228081428e-02,5.915536293098207221e-02,3.667952211589083078e-02,1.157947813854953711e-02,7.665412275360189431e-03,4.554927352163729015e-03,9.154024104387481486e-03,6.909767703843577857e-03,3.717453513989721348e-04,1.942060096146012993e-02,2.747806356244124337e-02,4.803634351340568820e-03,7.152676317354861313e-02,3.301946944964096603e-02,2.688461089807501689e-02,7.808247936296502066e-03,6.039616960112570432e-02,4.281111804615614358e-02,2.136144670695172554e-02,1.492646210039749732e-03,6.349145040173095889e-02,1.909234291117281601e-02,4.479571964000536588e-02,1.547489490095013687e-02,2.130015822637765233e-02,1.444963826899423043e-02,2.549719219113066870e-03,3.546052387919848559e-02,1.221560858675518890e-02,1.423139843371418189e-02,2.976863071425567275e-02,5.003209762062171828e-03,8.365207431656371262e-02,8.464960763463852400e-02,7.921681030250643518e-02,3.560048217602243548e-02,1.322451198620108737e-02,5.632110613748420036e-02,1.852109625924378833e-01,4.879029900052672675e-02,4.390334310823595931e-02,4.969708653501508921e-02,7.098820261934596365e-02,4.782689682615158533e-02,3.138106466962845009e-02,3.853372338250177220e-02,3.853713495538974715e-02,1.046274345046223492e-01,5.884337088653690540e-02,2.905538605816479492e-02,5.120595283478970861e-02,3.139998914351971315e-02,3.327721967202711129e-02,4.965085718273708898e-03,1.172901562956741445e-02,2.821029399500196710e-02,3.549416112639813825e-04,2.185062638507484500e-03,1.057845990860623031e-02,2.128344391799430468e-03,1.279767909403264903e-02,1.578898241528986501e-02,2.818219669537269656e-03,1.156980719922991868e-02,1.868264535967957551e-02,9.506350058801349423e-03,2.623774813908787834e-02,1.357603824471439319e-02,2.773535203506011237e-03,1.757938412321635724e-03,1.518863832211417297e-02,5.089471745520490753e-02,0.000000000000000000e+00,1.226366185680222709e-01,3.426500255175651821e-02,2.531627978699343973e-02,2.437662008329165297e-02,4.241328713179931542e-02,2.263242246153432391e-02,3.278888947324815756e-02,2.144422090267539271e-02,1.444218805104549586e-02,1.222310921956598628e-03,1.358208240286742918e-02,5.107403587968017966e-03,2.813747460948082257e-02,2.125833339139357459e-02,1.198825191718660282e-02
1.670920331494916700e-01,1.120516591265015016e-01,1.791247627324193126e-01,1.578723345632327968e-01,1.673783343897896625e-01,1.172095216450385058e-01,1.005036620168243827e-01,5.926761037369317892e-02,4.101790022478657427e-02,7.186860974746800412e-03,1.620439154737737808e-02,1.865995907635414897e-02,1.293841649332358457e-02,3.125158128282118364e-02,6.139634562602180878e-02,1.205628407324478291e-01,6.559205148763064264e-02,8.727395863824478905e-02,1.052401323642890990e-01,7.860664612565214371e-02,1.406683730352897843e-02,4.380690990017893638e-02,4.776011051149980924e-02,7.614238759949820690e-02,1.014076756873805718e-01,9.314892219743992063e-02,4.134549156869016251e-02,1.394667836131992245e-02,2.377664743980834050e-02,6.708430103007911871e-02,7.151279907978251582e-03,5.249035983587351656e-02,2.732162821440137224e-02,1.347810769716459300e-02,1.078147699159248685e-02,3.270860279972620521e-02,1.338410187438707211e-02,5.195942524112463767e-02,1.861090526665923339e-02,1.137390780983540961e-02,3.808771253579304461e-02,4.638188179280458567e-02,2.020111071307381656e-02,3.150407934391824538e-02,1.335023977901786951e-01,1.045789407266641824e-01,5.527493626838553276e-02,6.415661338086642296e-02,4.230299639566997838e-02,1.373692011287366288e-01,1.174738737715308179e-01,1.082488938654536936e-01,5.036008675076730778e-02,2.093500515024843134e-02,1.065680313345862551e-01,1.193128327952835133e-01,7.981371082130939154e-02,5.090699976408230576e-02,4.185783120903030508e-02,6.714825008096192427e-02,3.452168337501831941e-02,8.363515761120987602e-03,8.992552997126423975e-03,8.350250092880338870e-03,1.344845910877372763e-01,8.585994345398367811e-02,5.682450494398688656e-02,5.256687239941529310e-02,2.061055981408335680e-02,1.748209858399180083e-02,9.882196095509608591e-02,1.091419385400578673e-01,7.351895150303577875e-02,1.043512488939923877e-01,1.308988766380748126e-01,5.500385828531312304e-02,5.505298285118198631e-03,9.134679774013985953e-02,1.028063002214042454e-01,5.417962610073154273e-02,1.274365847771745941e-01,1.478182061927168500e-01,1.361869835288228303e-01,4.033329083884520938e-02,3.364597550843338031e-02,9.261385934363985939e-02,1.364537866928564602e-01,3.465198122856608109e-02,2.829206215557295012e-02,1.226366185680222154e-01,2.220446049250313081e-16,3.188405336372679422e-02,9.892668739851229187e-02,6.028817203800168611e-02,5.787961910519162645e-02,4.594984271211280391e-02,3.574895810177519673e-02,6.993662817727902548e-02,6.798426893507983348e-02,1.007931244051540887e-01,9.052405812634417570e-02,1.005999562079065435e-01,4.286260213866016633e-02,3.846134523920567705e-02,3.086075259513811064e-02
2.000422879005370191e-02,2.554867238052815903e-02,6.039738816595996429e-02,7.294353085976196249e-02,9.762130257514370357e-02,1.038049631867496575e-01,7.354547810487244153e-02,6.318813557257965674e-02,1.218968675161629101e-01,6.504213488644150498e-02,3.216194907248681734e-02,8.227700698021372938e-02,1.510993376467884286e-01,9.590140475819164401e-02,7.054630684322793499e-02,3.677995602247555174e-02,5.288421615887495264e-03,7.399594973215482818e-02,8.350303637152825531e-02,7.230466215591463408e-02,4.724471479467683144e-02,6.002628900001805157e-03,1.399821075001145276e-02,1.091991874207470792e-02,3.870552339688060339e-02,1.606643968915050236e-02,3.857825790091057305e-02,1.378025689736883663e-03,1.824291463863179918e-02,7.587635024952815721e-02,2.352839957222450235e-02,4.517498581662467150e-02,6.219955828581337498e-02,5.133710840155016053e-02,2.894922172366457686e-02,3.376979023644806344e-02,2.405862863454177880e-03,1.391126583549528450e-01,1.531503460101094061e-02,1.553907679611757353e-02,9.449360802618628208e-03,3.067339729260404324e-03,2.339317093364684519e-03,2.467392153940872745e-03,6.445634338317768330e-02,3.359363644013285688e-02,5.066710264855278645e-03,6.486136402194198070e-03,6.927432190229493303e-02,1.404401168446382797e-01,1.505667631499352233e-01,1.437030458547432221e-01,8.082535077456506900e-02,3.021470831768102716e-02,3.974412787058606567e-02,8.023472443636886497e-02,7.686391360920696858e-02,7.018288811883743872e-02,5.864953278886020360e-02,7.039125518451072594e-02,8.969052608744942923e-02,5.362313149277309066e-02,5.060477793025058846e-02,4.240537618862426361e-02,2.602690675351957417e-01,1.923448949160924681e-01,6.778157820811370193e-02,4.588279043507004218e-04,4.526706883507458645e-02,5.117114830655922209e-02,9.466114703777370187e-02,8.812574323699362555e-02,1.982670989475276979e-02,5.503643742862684984e-02,6.655016162762661391e-02,6.681735315707637568e-02,2.084121567579366729e-03,3.446553283760867004e-02,7.876872900391929111e-02,5.567161630517342141e-02,4.812780302762661999e-02,3.871795819658024884e-02,6.466794705837911050e-02,2.775799454214816775e-02,6.493463597028986678e-03,2.746115179369401638e-02,1.629968671706438776e-02,5.929911093769707486e-02,5.296577486208098318e-03,3.426500255175651821e-02,3.188405336372679422e-02,0.000000000000000000e+00,1.887509932717723604e-02,3.406452790078978721e-02,8.265006518983208927e-03,3.862894053555572527e-02,3.650106904715477718e-02,2.697272027449276743e-02,3.619318115882286246e-02,5.579101943950970366e-02,5.596295193667399914e-02,7.853632067796953442e-02,2.743460231257636300e-02,6.084251711350921465e-03,6.887911591787282406e-03
1.142272767863964367e-01,9.291700459497120868e-03,1.040924295874989802e-03,1.084443932000273003e-02,4.745860089401671145e-02,5.975489428003681602e-02,3.327650407585618086e-02,2.738340666373467736e-02,1.509674016872385727e-01,8.713626249945044533e-02,5.788002463200539460e-02,1.183741260893269032e-01,1.967148308298486692e-01,1.542136795745078226e-01,1.322351708684421090e-01,4.414275752741084191e-02,2.067658793345256846e-02,4.515548571355150476e-02,3.622080164832974097e-02,7.938743230360076342e-03,1.952378884118857044e-02,6.531504929013293159e-02,1.124473368873335488e-03,1.386323163990518803e-02,2.092898543495569363e-02,5.856092956604774802e-03,5.337071196337239698e-02,1.717952866898592168e-02,1.688273801047135425e-03,3.396408395570783834e-02,3.015748627659337044e-02,8.273469560848772941e-02,1.041205226614849155e-01,5.286344854100311075e-02,9.146589217454981213e-03,1.165392346656507483e-02,5.383705920058956540e-02,1.561594760938410653e-01,4.269862511801089666e-02,6.665157942122759693e-03,6.172754493365836814e-03,1.134557485527853959e-02,8.001780931024791987e-03,6.788619330942435859e-04,1.597778346871603361e-02,3.012191458309815273e-02,6.496037467211862593e-03,5.443053848262408012e-02,1.792688510917828104e-02,1.274654011702314182e-02,1.053344370673351960e-01,1.169497820757665063e-01,3.500669414343871022e-02,1.728076171595871457e-03,3.108651677534984836e-02,5.110878364329879409e-02,5.520821484740817686e-02,5.810493082625423078e-02,5.051104265359929180e-03,1.604894338295514977e-02,9.367123180263536852e-02,6.945137025465386582e-02,7.544686218041196657e-02,7.875860378481341906e-02,2.958878747236624029e-01,2.364472693664662339e-01,1.350959331433703725e-01,4.747925993985391280e-02,5.837242054209046405e-02,6.150986538399444425e-02,8.315264450714351940e-02,8.516585820799021933e-02,3.118047593295059094e-02,7.689992327802508409e-02,8.304369381377307846e-02,9.280917141150829552e-02,4.028837571124324612e-02,3.289374728317251417e-03,4.084419314077028518e-02,5.306267714779139277e-02,4.874465422185426944e-02,4.749616604990994362e-02,6.095369948763712520e-02,4.618733235178418273e-03,4.114063282779700792e-02,5.318768174048138508e-02,6.111941574193036075e-02,3.387447413922345385e-02,2.357268321436783998e-02,2.531627978699344667e-02,9.892668739851234738e-02,1.887509932717723604e-02,2.220446049250313081e-16,1.190452812390685455e-02,2.660748273594226720e-02,8.154481965416152112e-02,9.144120940115910146e-02,5.889736615481144799e-02,5.435354076625986686e-02,5.722587928850914052e-02,7.280420515394625536e-02,7.564891174916989203e-02,4.210684515830881436e-02,9.460023833050557052e-03,2.767685469233976958e-02
2.152847117567875668e-01,4.639816984300632052e-02,2.957416872538642938e-02,4.242578825016307675e-02,5.702981350196140164e-02,8.358909256081228922e-02,6.113664048992825673e-02,2.137471701410124936e-02,9.165121070460090225e-02,7.800415933341764418e-02,7.655984185265973796e-02,1.297273885379761071e-01,2.074494227460233764e-01,1.686869160575439897e-01,1.461805160641164447e-01,8.593905187880614138e-02,5.013176283474168882e-04,3.044392012053925844e-02,7.633909983393985521e-03,1.662723822643401295e-02,3.654345876767797763e-02,9.471913661403733031e-02,1.734131679122011271e-02,1.902345443748627851e-02,3.006129302595464403e-02,4.967539818834160181e-02,9.632086577333442978e-02,3.905309100424081414e-03,2.405307937122119766e-02,4.133208657005162101e-02,1.562112586205560011e-02,2.553162724459809296e-04,4.282936652804075761e-02,3.465224696699187312e-02,8.637171792469178211e-02,2.916159045531990790e-02,9.156289810195250567e-02,9.535389212475418874e-02,5.118944895918872695e-02,5.418290315192381829e-02,6.547879316565946572e-03,3.046158002146787808e-02,3.419337995357259880e-02,2.202576882102991879e-02,3.898025700796373116e-02,7.005257357381444727e-03,1.581260556319397104e-02,8.923144541986101352e-02,8.237026954937930190e-02,1.142779251959092357e-01,2.623677275987940094e-02,5.147956192492333938e-02,7.627905063284867726e-03,4.230617144745135727e-02,1.606216732943291370e-01,7.386339077951586951e-02,5.220120519588672403e-02,6.323720769761292937e-02,1.340612126663517922e-01,1.043045751758425177e-01,1.195624988748700268e-02,2.970083740083373502e-02,1.734268751436386924e-01,1.474322391259076381e-01,3.104328604693580851e-01,2.984521167103204031e-01,1.929597447750945605e-01,7.108793956638637113e-02,4.191384820912957831e-02,1.070985882282589341e-01,1.266190088336675290e-01,1.652499723282022936e-01,9.705732946912043468e-02,1.538183354421249760e-01,1.213464247463300061e-01,1.237378313439754518e-01,6.800248864764152357e-02,4.102199830045016871e-02,1.191294602604370256e-02,3.361924468334984151e-02,6.684827898871754936e-02,4.393605332304928446e-02,8.025158492784401076e-03,1.407299824705232627e-02,2.850537222463139786e-02,2.765072184482902928e-02,1.845853530364627293e-02,3.007775991898824219e-02,1.719013039940243959e-03,2.437662008329165297e-02,6.028817203800171387e-02,3.406452790078978721e-02,1.190452812390685455e-02,1.110223024625156540e-16,1.032360838647550239e-03,6.451908584132681757e-02,1.470242162238074579e-01,1.051512227123677645e-01,1.317674818560379268e-01,1.295723635159064524e-01,1.585832500935112355e-01,1.210785625128380505e-01,8.158070779664791661e-02,2.459416590148699733e-02,1.029850231929585469e-03
2.362778115549240554e-01,2.427983893937757376e-02,8.728208334218889863e-03,5.023091890361042200e-02,4.236826409441546426e-02,1.322820116312566907e-01,9.143621837318596790e-02,7.941112629207648654e-02,7.074760503521514143e-02,1.053446917095751389e-01,6.086319383438093533e-02,1.537086963421696040e-01,2.625696700761850910e-01,2.286244263075409844e-01,2.101357837932815720e-01,1.259288339395361611e-01,6.005058230102966466e-02,2.139453589191662314e-02,4.183578857600876721e-02,4.362177608005970986e-02,1.995383817568008311e-02,6.915929880593486845e-02,3.880490886948184670e-02,2.437476867244749157e-03,5.168554686270560028e-03,1.640843179900225435e-02,3.492993103202007843e-02,5.369540187019516964e-03,3.706864845123974961e-03,1.336695847227487022e-02,1.194307112229880952e-02,1.633914699893052047e-02,6.681685593647616883e-02,2.470103712819558470e-02,6.561018842969659759e-02,2.780700526954585361e-02,7.952924915012637985e-02,7.859870541064409299e-02,8.016146466128037940e-02,1.102908957875160662e-01,1.919720993291340605e-02,3.989422333171120660e-02,4.886198423002745261e-02,3.345883365259182812e-02,3.225282332027569476e-02,2.385685855068372940e-02,4.204658911995137749e-02,5.138364931320832385e-02,4.698912158558153640e-02,8.542219554910976398e-02,1.341037844310885574e-02,3.199418133881248849e-04,4.649594781669347254e-03,5.812100011999216109e-02,1.109485657682406923e-01,3.121338463642014949e-02,4.612023538323706262e-02,4.464919943106754330e-02,1.087576836865436491e-01,1.147819943130318765e-01,2.822187816231946922e-02,3.535062157791368787e-02,2.457877431293152837e-01,2.256952130598897655e-01,3.247475989948067632e-01,3.534842406566316986e-01,2.476878399262024411e-01,8.957048751221324823e-02,4.340564089533438530e-02,1.433698661914356298e-01,1.458416091172844709e-01,1.605185583939288119e-01,8.221704563037729452e-02,1.369796538399279950e-01,9.534425616899736000e-02,7.456975624672192160e-02,1.569190461681163606e-03,1.554146548360008095e-02,7.585600980904649848e-02,2.234078756367358087e-02,1.878512348877331428e-02,1.270233338114992727e-02,6.520243877160075696e-02,1.050589196467438535e-02,2.311740604222889406e-02,2.407736092161505415e-02,7.404620032107944727e-02,4.189133549987301974e-02,2.216101747183850737e-02,4.241328713179931542e-02,5.787961910519151543e-02,8.265006518983097905e-03,2.660748273594226720e-02,1.032360838647550239e-03,2.220446049250313081e-16,1.593305484774532044e-02,8.250402325641773005e-02,8.894214521282842179e-02,1.075081619237346353e-01,1.189515880696678241e-01,1.233233491321139574e-01,1.105713722558153561e-01,8.807703810338449180e-02,4.069455461934795570e-02,1.510163655563473428e-02
2.872636190519790578e-01,5.633242545734541695e-02,1.937575197984833797e-02,9.018270590221674765e-02,2.622852762261984605e-03,1.472339659457050920e-01,9.172363183458520641e-02,1.034084422594768737e-01,7.618789097315809000e-03,1.561121950326394558e-01,6.206418951372423554e-02,1.349221504497350732e-01,1.932334683451055468e-01,2.217453278929174820e-01,1.909131325261024525e-01,1.259530748518644383e-01,1.847837471851620367e-02,2.976977845030406855e-02,2.784468168516984754e-02,1.897254391825844988e-02,4.231456518118353882e-02,8.808405478442471459e-03,8.009262261149130424e-02,1.856371772569731515e-02,3.775384232187013744e-02,2.163972627849531510e-02,1.291918814010863115e-02,2.871562934295245062e-02,4.655613944670738275e-02,1.347399497589163442e-02,1.108072778874352737e-01,1.442837536138866228e-01,1.140486718945480371e-01,1.930646470365464940e-01,1.601393809103060506e-01,7.120918892115121746e-02,6.770579072093690920e-02,1.494646367255753061e-02,1.167431024983432708e-01,1.557508036393085715e-01,3.488324333785042947e-02,6.009492402286485679e-02,6.675417004115269393e-02,5.372270126429793541e-02,1.241825980937058260e-01,1.158004385669671316e-01,1.227521890076381794e-01,4.541480982090820295e-02,1.683900827368892128e-02,1.232060161751208777e-01,9.693210142655754591e-02,6.627431107596347404e-02,4.382095576678748938e-02,3.203656885164621326e-02,1.174896235121981047e-01,1.211907435703123148e-01,1.266178132400581358e-01,1.358083438567529722e-01,1.696983625579601140e-01,1.531512026918034897e-01,1.161024762710271829e-01,9.235613284040705695e-02,2.135872483979155134e-01,1.979172792614934118e-01,1.141855764519812411e-01,2.822728972828766891e-01,3.041407136951198020e-01,1.753940881815931052e-01,9.120417860408917832e-02,2.372567983368928934e-01,1.836510648535117363e-01,1.870208170469837283e-01,1.003300999211312605e-01,1.466546854690779778e-01,8.221093290684755583e-02,5.905647865530977425e-02,2.575364533502044750e-02,6.055133760730369019e-02,1.580615988770001090e-02,1.015161719934534468e-01,1.205378435601655307e-01,1.016769514373175032e-01,1.852562885012076777e-02,6.958810331090715950e-02,6.823752040199132507e-02,7.649112257717964602e-02,7.229965656316991729e-03,4.180746836738866157e-02,3.801852912086789438e-03,2.263242246153426840e-02,4.594984271211279003e-02,3.862894053555571833e-02,8.154481965416154887e-02,6.451908584132681757e-02,1.593305484774532044e-02,2.220446049250313081e-16,6.813423741464175176e-02,6.696671931576259063e-02,1.189764938269956690e-01,1.279397282737997354e-01,1.332339614914800907e-01,1.186824408916981322e-01,1.298647728492104969e-01,7.527239192229639997e-03,1.908431569903623615e-02
3.620012384865323174e-02,9.329712919653793124e-02,7.804632623503077182e-02,1.330055866467099723e-01,4.125569656992507384e-02,1.372486670436343370e-01,6.716653070382994084e-02,1.403618295702097063e-01,4.522528529239766559e-02,1.978614524148987197e-01,1.787984843757720044e-02,7.729815887169905197e-02,7.543146981518369931e-02,1.062589693634964361e-01,4.177100128198527051e-02,3.917510520871794050e-02,8.956023714030823812e-02,4.328122882159797513e-02,2.606694230016044084e-02,3.983932124910569139e-02,8.063148057168882665e-02,7.698765976901290886e-02,7.410610903605399646e-02,3.194638825202076454e-02,7.321601132525547284e-02,2.094568647097980185e-02,1.241672163843433596e-01,6.145634756597539994e-02,1.514630352660245594e-01,1.058522750001902879e-01,1.985343962103913729e-01,1.995789818907179325e-01,2.859907632089074281e-01,3.244785995037159365e-01,2.328735987692795439e-01,1.305518872469534908e-01,6.116931509457360083e-02,1.736062299944391429e-01,8.036527195957633707e-02,1.010092698676969547e-01,1.517459879482455087e-02,2.872766079604173461e-02,3.801281126891235818e-02,4.122692864068611129e-02,1.141490316478134814e-01,1.517811647265652486e-01,1.351880091688325847e-01,1.133925329734930543e-01,1.115245121401008122e-01,4.689556304016198607e-02,5.628322752924784511e-02,8.475118748603709118e-02,4.934677920768298920e-02,1.655382986587890237e-02,6.507659734561921372e-02,2.632298579676622952e-02,3.076135974995641842e-02,8.476266247098351858e-02,2.034199704456890467e-02,2.325658537540040149e-02,2.905330790958676745e-02,2.448772507649196739e-02,2.986816979263950955e-03,4.950436941600940000e-02,1.507305704709139826e-01,7.248964085039699690e-02,1.813817589633641425e-01,1.697022128612711567e-01,1.522961725189787563e-01,2.345409186564124948e-01,1.496953308035635088e-01,8.923779971681772283e-02,5.135946769329835515e-02,1.022948211972964927e-01,8.412415557958219381e-02,7.312603008965468110e-02,1.191475733015445737e-01,1.632698039831618764e-01,8.989008889686606052e-02,1.410683809106172970e-01,1.526190357879977921e-01,1.731655147572725706e-01,1.244156394548732864e-01,1.422852352462616321e-01,1.354150873147711154e-01,1.190864304977520688e-01,2.954368621999352296e-02,4.595511532878485128e-02,1.709728557315526309e-02,3.278888947324813674e-02,3.574895810177519673e-02,3.650106904715477718e-02,9.144120940115910146e-02,1.470242162238074579e-01,8.250402325641767454e-02,6.813423741464175176e-02,3.330669073875469621e-16,1.532933533298075357e-02,4.321332612296391318e-03,2.992189107088788491e-02,1.367104503934563065e-02,7.008794112928178055e-02,9.367696810179691747e-02,6.884359862362707250e-02,3.779057061867400341e-02
1.165329579064317000e-02,4.894325417912048781e-02,1.867735467101172553e-02,4.450358054419450982e-02,7.125708603437996835e-02,2.666104126169818733e-02,3.150167670049048435e-02,1.051929748518745933e-01,4.718617272252995098e-02,1.719192819133560368e-01,3.335836828178617708e-02,4.063635017753897127e-02,1.095322752910771191e-01,2.185914434405744622e-02,2.283973965150493113e-02,3.080852939240938393e-02,4.379203878285001239e-02,1.108322366965217021e-03,1.123265909637780058e-02,1.570689554757587203e-02,7.271027681710806601e-02,9.203365132196059117e-02,2.021646903685178631e-02,1.398561996223687820e-02,6.210883198243932757e-02,1.688387789820400275e-02,9.653362032320811359e-02,9.497422946299738378e-03,9.615305782525973566e-02,5.056457301524486248e-03,1.141876164550183481e-01,1.375268785358656487e-01,2.800184160246107501e-01,2.396161265512155025e-01,1.654870375303847396e-01,9.073887631325348868e-02,1.470010578209429708e-02,2.187728692475506831e-01,5.009114262346377883e-02,6.246964061782586675e-02,5.352205570389856337e-02,4.140308467363320449e-02,3.757516087764455753e-02,3.883967767764010676e-02,1.028534630640213360e-01,1.016419015669879355e-01,9.720706454866878676e-02,1.429104474421010462e-01,1.288385644670622110e-01,3.931755714944507041e-02,7.197457508414636940e-02,9.666369056319285002e-02,3.415126955905786743e-02,9.540502127615507755e-03,9.436974855279833818e-03,1.370072905977283706e-01,1.396459355892044063e-01,1.314713454124510905e-01,6.441245525859962129e-02,2.869234983354790325e-02,6.672243799878768700e-02,6.206495027074315773e-02,1.331936244175491169e-02,7.602547192835151790e-02,3.649975310151443164e-01,1.090280692299165910e-01,8.423027782320713364e-02,1.540962767189803517e-01,1.594265005311264471e-01,1.852024503419188450e-01,6.611574376605651449e-02,1.127527576390163766e-02,3.096051222748219534e-02,3.187177478770275574e-02,2.093747833199677277e-02,5.850702893746195787e-02,1.133990969979559171e-01,1.663602275893549809e-01,1.318529394346797390e-01,1.716837335030459155e-01,1.763843646152474243e-01,1.719925235087246262e-01,1.297698378682453357e-01,1.025801394746958528e-01,7.021905991721272278e-02,8.644752072994504877e-02,2.737661742790992170e-02,1.190517440000377070e-02,2.006486758904207912e-02,2.144422090267536496e-02,6.993662817727902548e-02,2.697272027449271192e-02,5.889736615481144799e-02,1.051512227123676535e-01,8.894214521282842179e-02,6.696671931576259063e-02,1.532933533298075357e-02,1.110223024625156540e-16,1.366294071202622806e-02,2.257669229504610797e-02,1.594005700933820435e-03,3.357088102146787989e-02,9.432927055851006437e-02,1.135501230302929238e-01,6.009036829856981288e-02
1.350054929013709826e-01,5.784451361575615458e-02,2.892091845735311750e-02,4.915341659629346438e-02,1.359841372035541784e-03,4.129914376149096400e-03,3.267027729636282074e-02,5.240678631583924746e-02,4.968821443442900110e-02,9.930202029801027397e-02,3.973142933402007415e-02,1.107404622656070203e-01,2.177656194158306135e-01,1.215660946615713667e-01,1.080002350648383014e-01,7.153114216993633478e-02,4.368059065091034476e-02,1.880604249774970455e-02,4.018016702029798826e-02,4.635633824636442579e-04,3.962639582052774473e-02,9.342040438984951234e-02,2.185651219363332620e-02,3.308860751015940682e-03,8.007120821025054402e-02,1.636350368122596599e-02,1.124202308950953411e-01,2.621809467245594938e-02,1.044156525354741905e-01,1.738239497443003212e-02,5.698092351588907034e-02,1.029848405574981807e-01,2.392964865260034379e-01,1.786222044752635296e-01,1.331913306665788721e-01,5.811541002165727943e-02,3.659629908115902275e-02,2.681597322261419780e-01,1.685393567061757580e-02,5.480390582966969404e-02,3.318849471161510606e-02,1.262199734442446403e-02,2.390831791732485334e-02,2.313424344598737428e-02,1.165985973699176226e-01,7.885851405072391573e-02,4.749746209694885590e-02,1.388494954836619333e-01,1.207862394583821830e-01,5.163111281205406966e-02,3.644682352893205413e-02,7.571862555439275166e-02,1.777348087632477092e-02,5.376467915359153804e-02,1.139567664359369958e-01,2.544520332352051550e-02,5.038220080005084700e-02,5.706787420924208654e-02,2.151475117928303149e-02,6.722978801630341561e-02,9.971674938968222435e-03,1.541120252725236561e-03,1.690519620772482079e-01,1.940220331757367689e-01,4.250207572841470105e-01,2.458536205587774637e-01,3.213104476487160799e-02,1.030231363991131466e-01,1.253928099117994077e-01,9.383982098820439766e-02,6.828466109382591576e-03,2.516902304047141659e-02,6.252149435732756722e-02,8.122006171054851897e-03,4.691034284814632471e-02,6.616487386669334114e-02,1.592597776634185891e-01,1.778997023197905758e-01,1.706838048563770194e-01,1.213165269412342373e-01,9.726384013515068649e-02,1.207452627430211922e-01,1.209894944826661878e-01,9.106556510176139208e-02,6.490453655988587256e-02,7.078358060932227191e-02,6.841597372639313113e-03,1.738245828773013479e-02,1.184009112678494069e-02,1.444218805104549586e-02,6.798426893507988900e-02,3.619318115882286246e-02,5.435354076625964481e-02,1.317674818560379268e-01,1.075081619237345243e-01,1.189764938269956690e-01,4.321332612296391318e-03,1.366294071202622806e-02,1.110223024625156540e-16,1.180028638570185251e-02,3.754491238724866342e-02,2.644979540013459030e-02,2.428855642719912611e-02,1.197940215787929585e-01,9.476032881665499841e-02
1.004596761492598800e-01,2.520034572929252814e-02,2.684664472931874712e-02,2.059091834877468941e-02,7.604729734020876375e-02,1.076472509804757283e-01,1.125127650498974341e-01,1.114031782031908724e-02,8.076216235409169886e-02,8.309404476429266273e-02,4.668201922631820544e-02,1.159702065066340881e-01,2.552371237760697187e-01,1.061096368446841076e-01,6.481571361117338670e-02,2.006470357377260205e-02,2.127147114005986661e-02,7.539144273986163325e-02,9.365128803458823425e-02,4.474614630864180709e-02,1.625752981467460528e-02,1.087218917025057907e-01,1.300514600386276642e-02,6.731512227130415082e-02,1.267381177856796159e-01,6.386114156839761691e-03,4.670765095276929735e-02,2.004009103319626117e-02,3.136061258978498079e-02,9.460845614483603949e-02,1.680997482197435500e-02,1.224821040774898284e-03,1.499937468458736045e-01,7.909675022327769534e-02,3.770581493126556882e-02,3.244600729088587682e-02,9.751974585272565887e-02,2.064395551864696976e-01,1.543464111235007263e-02,3.756709318500262712e-02,3.485209165444615870e-02,8.938164359251495050e-03,1.894990074344768405e-02,3.143888346403574813e-02,1.915825453463337047e-01,1.298708637769097063e-01,8.939575039635988540e-02,1.605031599320322078e-01,1.107084720234284420e-01,3.683903385000103503e-02,3.170562201956383941e-02,4.095960112981150703e-02,7.654435293091418901e-02,1.340409231769397191e-01,1.420024945416681894e-01,8.409964556614302200e-03,5.689120559859289772e-02,5.213000923761768046e-02,3.089488398716822015e-02,6.561546728150324803e-02,6.196221081309793988e-03,3.378948835969919351e-02,2.041099101038896801e-01,1.488095353063095816e-01,4.116969317533739625e-01,2.853207687386256630e-01,2.935633117622743482e-02,1.008355755079259897e-01,1.025266539275295208e-01,3.601913286116464885e-02,8.674321771599474706e-02,7.568338751157765998e-02,3.242202782856329346e-02,2.626047762239236416e-02,1.286204062253337721e-02,5.355928569342605083e-02,1.400701158411318537e-01,1.543922992363191415e-01,1.618754076982058809e-01,9.584961951869558350e-02,8.407208553117312411e-02,1.057427986953402704e-01,1.058230146810475170e-01,7.962870377660691279e-02,4.642525017749823957e-02,7.144814363051787964e-02,2.580811574657135288e-02,1.194612235438630155e-02,8.038763518280839238e-03,1.222310921956515362e-03,1.007931244051541997e-01,5.579101943950948161e-02,5.722587928850914052e-02,1.295723635159063414e-01,1.189515880696678796e-01,1.279397282737997632e-01,2.992189107088788491e-02,2.257669229504599695e-02,1.180028638570185251e-02,1.110223024625156540e-16,7.099020897750818460e-02,8.737005886397264387e-02,3.189849152438462010e-02,8.409330958061944639e-02,9.049270711244720988e-02
4.494137779934709309e-02,7.861320463656173985e-03,1.681492725636790642e-02,6.564930765787846401e-03,3.659355251160234523e-03,2.165025865531255977e-02,1.138986208900882868e-02,7.198792812967827470e-02,1.696196124073693079e-01,1.140425439317180878e-01,3.105872974521717289e-02,9.071698545463213748e-02,2.457893170236513103e-01,1.184052707858624376e-01,8.033129326752680432e-02,2.288430642263217241e-02,2.597483879283718489e-02,5.742348051575114909e-02,1.187262559413515828e-01,5.725289719759436846e-02,4.990030906636110097e-02,3.863870558503645913e-02,7.447257000969370599e-02,1.679758731918412629e-02,4.258437949530846645e-03,9.808871200760460596e-03,1.601055144369155636e-01,9.508999129579664977e-02,1.323818420224421311e-01,1.151817868395765831e-02,6.309959125520708811e-03,5.359539088581793953e-02,1.351827683497366095e-01,9.790899752710485737e-02,1.081676071247071325e-01,5.662742240796195259e-02,2.226967300577516184e-02,2.829878071076407098e-01,1.314544087119637605e-01,2.111589492443579907e-01,3.361813255856202498e-02,1.782568392234426535e-02,2.465969903646096639e-02,2.482596139577730385e-02,5.525590611048536438e-02,2.657590624848649163e-02,7.515294971603858620e-03,5.219482620237075876e-02,4.722069710070941895e-03,8.884006621703521844e-02,7.441641568643700411e-02,1.054416478496288667e-01,4.664463831515330838e-02,4.713017395987359470e-02,6.965869177972983106e-02,2.231200847773034956e-02,4.951310617784449031e-02,2.690677730894741604e-02,4.634293037258396808e-02,8.506659532687088632e-02,8.196482385262710002e-02,8.323199047435292375e-02,2.599821393702113070e-01,2.478495221657559811e-01,3.991929696840299524e-01,2.570855999123816682e-01,1.008241019096928204e-02,1.151570747270806994e-01,1.353111979694321398e-01,8.998197543963845635e-02,2.438659195704850902e-04,2.013257678136426421e-02,2.932103373186467632e-02,2.655102018063804081e-02,1.298705002863886904e-02,4.966251284645384345e-02,1.609681448239593526e-01,1.806695192556928287e-01,1.934083066030086173e-01,3.638312654949538150e-02,5.906107449535180631e-03,5.974039615976298179e-02,1.184946320383973295e-01,6.625309689090211340e-02,4.345867086570789906e-02,4.821374109878789893e-02,1.550253129093359661e-02,9.200644722096029682e-06,1.734794608278522610e-02,1.358208240286745694e-02,9.052405812634434223e-02,5.596295193667405465e-02,7.280420515394625536e-02,1.585832500935112355e-01,1.233233491321138464e-01,1.332339614914801462e-01,1.367104503934563065e-02,1.594005700933820435e-03,3.754491238724866342e-02,7.099020897750818460e-02,2.220446049250313081e-16,9.771465522961597649e-03,1.101145740457376565e-02,1.333985660247442584e-01,1.110456064499906609e-01
1.050831428989593419e-01,7.573490413784098041e-02,5.449157425834760815e-02,1.507225858824431941e-02,4.001592653398286514e-02,1.424033696764892554e-02,2.532777749536302414e-02,4.173040583933246284e-02,2.607983958608789399e-01,1.225130179691635429e-01,5.574746094172239319e-02,2.526339662046239720e-02,1.200409099560614257e-01,2.810902596632447459e-02,2.446510616389563353e-03,3.544341986765287000e-03,4.769075181991383472e-02,2.292598226446834753e-02,8.286383900906427180e-02,3.309423362508148725e-02,5.418607867129512229e-02,1.033359584591730940e-02,6.079129328396204457e-02,1.463945385782727815e-02,2.111505893048093441e-03,2.212764255607546637e-02,1.395702101116413907e-01,7.950262375725240804e-02,4.558857325015663875e-02,6.861997716885326337e-02,9.081177707470577953e-02,4.646774048527324563e-02,3.838781877148988997e-02,6.976024541648973010e-02,5.571708935531827223e-03,1.124562417299063144e-02,3.051716484192595891e-02,1.973493302854536224e-01,1.452865615076488481e-01,2.229466428734724615e-01,4.111008838490562423e-02,2.947115453693766041e-02,2.485440182260344189e-02,3.111070972132552737e-02,2.942352506259093836e-02,5.414148860608536395e-04,1.945587567999074174e-02,9.079157464492226826e-03,3.816398023528576322e-02,1.396154173759629191e-01,4.075111479149486071e-02,6.224692651264369936e-02,5.987484193191359300e-02,4.827544619927034986e-02,4.596680537047709292e-02,8.256557668629335711e-02,1.034587005829060574e-01,9.253388304030690792e-02,5.171063623507166085e-02,8.367989070353301639e-02,1.294841658082038771e-01,1.454560639952455214e-01,2.774951179128359868e-01,2.083143236536367238e-01,1.751729829653717874e-01,1.223669442633574245e-01,7.343811421031665176e-02,1.203112163625941200e-01,1.018259488610605001e-01,7.221624382539459930e-02,1.884662655619628868e-02,5.537132633013108762e-02,2.113880702138548617e-02,1.353837211851477429e-02,9.919342153460908307e-03,2.331282058285333303e-02,8.296180004932399155e-02,9.119274054556358866e-02,1.069320713308999082e-01,4.670506195241824754e-02,7.353112853549856331e-02,3.952743094574190375e-03,5.090088507459547551e-02,4.459780632010795776e-02,1.208124409599525481e-02,3.373320270685266353e-02,1.777463957186975474e-03,1.746739122661711274e-03,6.590808320200425285e-05,5.107403587968045722e-03,1.005999562079065435e-01,7.853632067796950667e-02,7.564891174916990590e-02,1.210785625128380505e-01,1.105713722558153977e-01,1.186824408916981877e-01,7.008794112928173892e-02,3.357088102146789377e-02,2.644979540013470132e-02,8.737005886397264387e-02,9.771465522961597649e-03,2.220446049250313081e-16,2.068223745149877502e-02,7.099020382935949947e-02,7.858263662045406051e-02
1.769958895574367530e-01,7.821260580536466833e-02,4.921607948821225820e-02,4.069004689049132706e-02,1.274781304490932299e-02,6.246405764317258802e-03,2.151994024294412444e-02,2.862273478733112775e-02,2.394078706667521206e-01,1.240366214661023925e-01,1.315796487099362144e-01,1.150080022384783185e-01,6.769177716921320753e-02,6.418975507313037787e-02,4.491379794789963908e-02,2.918183161359182848e-02,5.258884352363313308e-02,7.981850418510905154e-03,8.637214369889986698e-02,4.020084861495975409e-02,6.859901614999081021e-02,3.543013345236478706e-02,8.123677206802970563e-02,1.060592167481710923e-02,2.262076944214463925e-02,2.114364890459818902e-02,1.190986566195048058e-01,2.444078708045620274e-02,8.894831439521910799e-03,8.850958361569397082e-02,1.103584084280796185e-01,2.560580727583998406e-02,9.282909123555829756e-02,1.128648346318323337e-01,4.265297700650910739e-02,6.998694121741977359e-03,3.824298375761059354e-02,1.382290825012710833e-01,1.189663380875110310e-01,1.350777966382393502e-01,6.747888701912591047e-02,2.125480820982209029e-02,3.192995400944867446e-02,9.824672815120449876e-03,2.740126020442779087e-02,4.675981474077622879e-02,8.420894348712509858e-02,3.014802340798783398e-02,4.317783014574208544e-02,1.477561363912110737e-01,4.824120772580481331e-02,8.961557996890770483e-02,8.115043064393800964e-02,3.615903145639186300e-02,5.383167891636703173e-03,5.532834589620454213e-02,8.108881101058534879e-02,9.417489854776078806e-02,4.340528158308443185e-02,5.836158914344217324e-02,1.414162075443652911e-01,1.642257574287353250e-01,2.044270067885962938e-01,2.096454027178255020e-01,1.071646747379815801e-01,6.612150238343499076e-02,1.047284658943985480e-01,1.260693203025830544e-01,9.689988955733697118e-02,6.683489297558975473e-02,2.938286464223116567e-03,5.513329331043620440e-02,5.868942464768145406e-02,2.695006986199591226e-02,6.115469711593769786e-02,5.400905330362656964e-02,9.551370760503294366e-02,8.365371447364941537e-02,8.139430049369963949e-02,4.555260467977183259e-02,6.202630659900907478e-02,2.299502720210536144e-02,2.670787369726776439e-02,2.144745290564506468e-02,1.246570434409801850e-02,1.887948814662882696e-03,2.409594302390116738e-02,1.110033092944162636e-03,7.639769845394009384e-03,2.813747460948082257e-02,4.286260213866016633e-02,2.743460231257634913e-02,4.210684515830873109e-02,8.158070779664794436e-02,8.807703810338445016e-02,1.298647728492104969e-01,9.367696810179694522e-02,9.432927055851006437e-02,2.428855642719915386e-02,3.189849152438462010e-02,1.101145740457376565e-02,2.068223745149866399e-02,0.000000000000000000e+00,3.889688752657904924e-02,9.800238549321016457e-02
2.305337816688104724e-01,5.523462909581924873e-02,1.585034615454433693e-02,2.244529287911611881e-02,3.262888591887258549e-02,4.158737918838435049e-02,3.199439716917787391e-02,7.591035118514305458e-03,1.252697184489727222e-01,4.087237952434719102e-02,1.111863350481645391e-01,8.922111213901147420e-02,5.046276687332409971e-02,6.840208776505934951e-02,4.594982427957446103e-02,2.445394270712466372e-02,6.967357950712099735e-02,4.023403673022230009e-02,6.719940032074378511e-03,2.653599096125853346e-02,1.911389339829344669e-02,6.867177786233014114e-02,6.868618974753748496e-02,4.311785350499086622e-02,4.487138208270480266e-02,6.045401509108772053e-02,1.110650292758748325e-02,3.676512082788346847e-02,4.208139058830917545e-02,4.802142548501432684e-02,4.317347349432226061e-02,1.156672498318706693e-03,1.106710729458673659e-01,1.027850285706366773e-01,6.218268112287173022e-02,1.159570875884385899e-02,1.745744054347259100e-02,5.518805765882328629e-02,8.999799728867460824e-02,9.966447377639303662e-02,5.781113792235315074e-02,2.741537142264036109e-02,2.143025288070032897e-03,1.811855424375639900e-02,1.811204723058412736e-02,8.946670867041067732e-02,9.502268676151870430e-02,7.122976527499730315e-02,5.466602282721386152e-02,1.876313266413756620e-01,3.835886665941223850e-02,1.926647220364058333e-02,1.369153562154189208e-02,2.545631746181064789e-02,1.032713602325551205e-01,2.031352499701974401e-03,3.056319207172761288e-02,3.856993956884099961e-02,7.487893985083576842e-02,5.348079663103388892e-02,3.891033158504814127e-02,6.103355545687971784e-02,4.102375271087607689e-02,6.092842917446311679e-02,6.188247705202498672e-02,6.996525249083283826e-02,1.202184782259431706e-01,6.488192722570595983e-02,1.674737824184657775e-02,6.566882245487470904e-02,4.290493892199059855e-02,1.330253848240070258e-01,1.184540697228415179e-01,9.539530870424503539e-02,7.170077268677918503e-02,2.488367625759510884e-02,9.574750713604418539e-03,3.526619984002060670e-02,1.417516760734527370e-02,6.311127980722244790e-02,7.510471184355510532e-02,5.598580081176771778e-02,5.642208882716487350e-02,9.526279480896931995e-03,4.120953198441210108e-02,2.618550816450227609e-02,1.388282937417101293e-02,9.156551349149777419e-03,9.071157786459685402e-03,2.125833339139351907e-02,3.846134523920560766e-02,6.084251711350976977e-03,9.460023833050557052e-03,2.459416590148688631e-02,4.069455461934806673e-02,7.527239192229639997e-03,6.884359862362710025e-02,1.135501230302929793e-01,1.197940215787929308e-01,8.409330958061941863e-02,1.333985660247444249e-01,7.099020382935972151e-02,3.889688752657916027e-02,0.000000000000000000e+00,5.057112329528767880e-03
2.859369048652533052e-01,6.944747627458050521e-02,5.696483102093038986e-02,2.956267244437693620e-02,3.764604208068311753e-02,5.610858938779225702e-02,1.241896754812660264e-02,1.005228690157317084e-03,8.309117051669220877e-02,9.168819813906747829e-02,1.394952453894587052e-01,1.801805995910671643e-01,2.113366222935258998e-01,2.256585250252638453e-01,1.577432537077335661e-01,8.281667315523483230e-02,6.109483871833343988e-02,1.069777271612885605e-01,8.169875889196134833e-02,6.091061346806592169e-02,7.876227238504673878e-04,9.015166499901994257e-02,3.247357961728758458e-02,4.594432726629205099e-02,1.876904107864824089e-02,3.950686327589034152e-02,2.373430596823095096e-02,5.393967387755208009e-02,4.636563968498921828e-02,2.580481708247424344e-02,3.104892760911076577e-02,6.577356607949799705e-02,4.367373132456828233e-02,6.151522015331084559e-02,4.491521722483476919e-02,4.307047868075758457e-03,3.559672149549925058e-02,9.244062228333571607e-03,8.516559620399918873e-03,2.448955647413614267e-02,6.448382737567973089e-02,4.124591697102841792e-02,1.569316310433543915e-02,3.322964925060346159e-02,1.845231789318724225e-03,7.570633194890658002e-02,8.801130261338419025e-02,7.905785807918686015e-02,1.653868221188220522e-02,1.271294776239297875e-01,8.595206121952969625e-05,4.272211047522786465e-02,1.682855590591531003e-02,4.317770906079709814e-02,1.306331984502566157e-01,4.873535982643670272e-02,1.589806194758119906e-02,9.374124681750473087e-03,8.878930671479362546e-02,8.121450545817493483e-02,3.625492250607253997e-02,4.701273042632286847e-02,9.652712909166130673e-02,1.143097028955297745e-02,1.522479624829380374e-01,1.910518479458717112e-01,2.217903803568123666e-01,1.094309825454329310e-01,3.628300502148495976e-02,1.175873366491438088e-01,7.440942873110251155e-02,1.202742345149567793e-01,6.728302796968710364e-02,5.891367752476714403e-02,3.272304345261066449e-02,1.623743019211729144e-02,1.658115297924861453e-02,8.093633827096102795e-03,1.097134993564310990e-02,3.073392087486308266e-02,4.268783613016718936e-03,5.087263992936897489e-03,2.080383322021217563e-02,9.328622938816227839e-03,1.713760354086742155e-02,4.317029680468681407e-03,1.376498805780659862e-02,1.631990676868073920e-02,3.141385497765750850e-02,1.198825191718658895e-02,3.086075259513803085e-02,6.887911591787171384e-03,2.767685469233976958e-02,1.029850231929863025e-03,1.510163655563451224e-02,1.908431569903618064e-02,3.779057061867403811e-02,6.009036829856978512e-02,9.476032881665499841e-02,9.049270711244725152e-02,1.110456064499906748e-01,7.858263662045406051e-02,9.800238549320994252e-02,5.057112329528767880e-03,2.220446049250313081e-16
