| Run on Wed Aug 12 16:49:46 2026
| GB non-polar solvation energies calculated with gbsa=2
idecomp = 1: Per-residue decomp adding 1-4 interactions to Internal.
Energy Decomposition Analysis (All units kcal/mol): Generalized Born solvent
DELTAS:
Total Energy Decomposition:
Residue,Location,Internal,,,van der Waals,,,Electrostatic,,,Polar Solvation,,,Non-Polar Solv.,,,TOTAL,,
,,Avg.,Std. Dev.,Std. Err. of Mean,Avg.,Std. Dev.,Std. Err. of Mean,Avg.,Std. Dev.,Std. Err. of Mean,Avg.,Std. Dev.,Std. Err. of Mean,Avg.,Std. Dev.,Std. Err. of Mean
VAL   1,R VAL   1,0.0,0.0,0.0,-0.0009999999999994458,0.0,0.0,0.2820000000000107,0.0,0.0,-0.20299999999999585,0.0,0.0,0.0,0.0,0.0,0.07800000000000296,0.0,0.0
PRO   2,R PRO   2,0.0,0.0,0.0,-0.0009999999999998899,0.0,0.0,-0.014999999999993463,0.0,0.0,0.009999999999999787,0.0,0.0,0.0,0.0,0.0,-0.005999999999998451,0.0,0.0
PHE   3,R PHE   3,0.0,0.0,0.0,-0.0009999999999994458,0.0,0.0,0.0030000000000001137,0.0,0.0,0.0020000000000000018,0.0,0.0,0.0,0.0,0.0,0.004000000000010218,0.0,0.0
PRO   4,R PRO   4,0.0,0.0,0.0,-0.001000000000000334,0.0,0.0,0.0040000000000048885,0.0,0.0,0.0040000000000000036,0.0,0.0,0.0,0.0,0.0,0.0070000000000014495,0.0,0.0
PRO   5,R PRO   5,0.0,0.0,0.0,0.0,0.0,0.0,0.0010000000000047748,0.0,0.0,-0.004000000000000448,0.0,0.0,0.0,0.0,0.0,-0.002999999999995673,0.0,0.0
SER   6,R SER   6,0.0,0.0,0.0,-0.0009999999999998899,0.0,0.0,0.0040000000000048885,0.0,0.0,-0.004999999999999893,0.0,0.0,0.0,0.0,0.0,-0.0019999999999926743,0.0,0.0
HIE   7,R HIE   7,0.0,0.0,0.0,0.0,0.0,0.0,-0.0040000000000048885,0.0,0.0,0.004000000000000448,0.0,0.0,0.0,0.0,0.0,-5.329070518200751e-15,0.0,0.0
ARG   8,R ARG   8,0.0,0.0,0.0,0.0,0.0,0.0,0.03200000000000358,0.0,0.0,-0.03300000000000125,0.0,0.0,0.0,0.0,0.0,-0.0009999999999763531,0.0,0.0
LEU   9,R LEU   9,0.0,0.0,0.0,0.0,0.0,0.0,0.0030000000000001137,0.0,0.0,-0.0010000000000000009,0.0,0.0,0.0,0.0,0.0,0.0020000000000024443,0.0,0.0
THR  10,R THR  10,0.0,0.0,0.0,0.0,0.0,0.0,-0.0030000000000001137,0.0,0.0,0.0030000000000001137,0.0,0.0,0.0,0.0,0.0,0.0,0.0,0.0
ALA  11,R ALA  11,0.0,0.0,0.0,0.0,0.0,0.0,-0.0009999999999976694,0.0,0.0,0.001000000000000334,0.0,0.0,0.0,0.0,0.0,3.552713678800501e-15,0.0,0.0
LYS  12,R LYS  12,0.0,0.0,0.0,0.0,0.0,0.0,0.016999999999995907,0.0,0.0,-0.017000000000000015,0.0,0.0,0.0,0.0,0.0,-3.552713678800501e-15,0.0,0.0
GLU  13,R GLU  13,0.0,0.0,0.0,0.0,0.0,0.0,-0.04800000000000182,0.0,0.0,0.04800000000000182,0.0,0.0,0.0,0.0,0.0,0.0,0.0,0.0
VAL  14,R VAL  14,0.0,0.0,0.0,0.0,0.0,0.0,-0.0009999999999976694,0.0,0.0,0.0020000000000000018,0.0,0.0,0.0,0.0,0.0,0.0010000000000047748,0.0,0.0
PHE  15,R PHE  15,0.0,0.0,0.0,0.0,0.0,0.0,-0.0010000000000047748,0.0,0.0,0.0010000000000000009,0.0,0.0,0.0,0.0,0.0,-5.329070518200751e-15,0.0,0.0
ASP  16,R ASP  16,0.0,0.0,0.0,0.0,0.0,0.0,-0.026999999999993918,0.0,0.0,0.027000000000001023,0.0,0.0,0.0,0.0,0.0,7.105427357601002e-15,0.0,0.0
ASN  17,R ASN  17,0.0,0.0,0.0,0.0,0.0,0.0,0.0,0.0,0.0,0.0,0.0,0.0,0.0,0.0,0.0,0.0,0.0,0.0
ASP  18,R ASP  18,0.0,0.0,0.0,0.0,0.0,0.0,-0.01999999999999602,0.0,0.0,0.020000000000010232,0.0,0.0,0.0,0.0,0.0,1.4210854715202004e-14,0.0,0.0
GLY  19,R GLY  19,0.0,0.0,0.0,0.0,0.0,0.0,0.0,0.0,0.0,0.0,0.0,0.0,0.0,0.0,0.0,0.0,0.0,0.0
LYS  20,R LYS  20,0.0,0.0,0.0,0.0,0.0,0.0,0.02199999999999136,0.0,0.0,-0.021999999999998465,0.0,0.0,0.0,0.0,0.0,-7.105427357601002e-15,0.0,0.0
PRO  21,R PRO  21,0.0,0.0,0.0,0.0,0.0,0.0,0.0,0.0,0.0,-0.0010000000000000009,0.0,0.0,0.0,0.0,0.0,-0.0009999999999994458,0.0,0.0
ARG  22,R ARG  22,0.0,0.0,0.0,0.0,0.0,0.0,0.036999999999999034,0.0,0.0,-0.036000000000001364,0.0,0.0,0.0,0.0,0.0,0.0009999999999763531,0.0,0.0
VAL  23,R VAL  23,0.0,0.0,0.0,0.0,0.0,0.0,-0.0020000000000024443,0.0,0.0,0.0030000000000001137,0.0,0.0,0.0,0.0,0.0,0.0009999999999976694,0.0,0.0
ASP  24,R ASP  24,0.0,0.0,0.0,0.0,0.0,0.0,-0.0589999999999975,0.0,0.0,0.057999999999992724,0.0,0.0,0.0,0.0,0.0,-0.0010000000000047748,0.0,0.0
ILE  25,R ILE  25,0.0,0.0,0.0,0.0,0.0,0.0,-0.0040000000000048885,0.0,0.0,0.0050000000000001155,0.0,0.0,0.0,0.0,0.0,0.000999999999995449,0.0,0.0
LEU  26,R LEU  26,0.0,0.0,0.0,0.0,0.0,0.0,-0.0040000000000048885,0.0,0.0,0.006000000000000005,0.0,0.0,0.0,0.0,0.0,0.001999999999995339,0.0,0.0
LYS  27,R LYS  27,0.0,0.0,0.0,0.0,0.0,0.0,0.09299999999998931,0.0,0.0,-0.09199999999999875,0.0,0.0,0.0,0.0,0.0,0.000999999999990564,0.0,0.0
ALA  28,R ALA  28,0.0,0.0,0.0,0.0,0.0,0.0,-0.006000000000000227,0.0,0.0,0.007000000000000006,0.0,0.0,0.0,0.0,0.0,0.0009999999999998899,0.0,0.0
HIE  29,R HIE  29,0.0,0.0,0.0,0.0,0.0,0.0,-0.010000000000005116,0.0,0.0,0.01200000000000001,0.0,0.0,0.0,0.0,0.0,0.0019999999999948948,0.0,0.0
LEU  30,R LEU  30,0.0,0.0,0.0,0.0,0.0,0.0,-0.007000000000005002,0.0,0.0,0.015000000000000124,0.0,0.0,0.0,0.0,0.0,0.007999999999995566,0.0,0.0
MET  31,R MET  31,0.0,0.0,0.0,0.0,0.0,0.0,-0.012000000000000455,0.0,0.0,0.01499999999999968,0.0,0.0,0.0,0.0,0.0,0.0029999999999992255,0.0,0.0
LYS  32,R LYS  32,0.0,0.0,0.0,-0.0009999999999994458,0.0,0.0,0.09999999999999432,0.0,0.0,-0.09600000000000364,0.0,0.0,0.0,0.0,0.0,0.0030000000000001137,0.0,0.0
GLU  33,R GLU  33,0.0,0.0,0.0,-0.0010000000000012221,0.0,0.0,-0.22799999999999798,0.0,0.0,0.21300000000000807,0.0,0.0,0.0,0.0,0.0,-0.015999999999991132,0.0,0.0
GLY  34,R GLY  34,0.0,0.0,0.0,0.0,0.0,0.0,-0.0010000000000047748,0.0,0.0,0.0030000000000001137,0.0,0.0,0.0,0.0,0.0,0.001999999999995339,0.0,0.0
ARG  35,R ARG  35,0.0,0.0,0.0,-0.0009999999999994458,0.0,0.0,0.05600000000000449,0.0,0.0,-0.04600000000000648,0.0,0.0,0.0,0.0,0.0,0.009000000000014552,0.0,0.0
LEU  36,R LEU  36,0.0,0.0,0.0,0.0,0.0,0.0,-0.000999999999990564,0.0,0.0,0.0020000000000000018,0.0,0.0,0.0,0.0,0.0,0.0010000000000118803,0.0,0.0
GLU  37,R GLU  37,0.0,0.0,0.0,0.0,0.0,0.0,-0.027000000000001023,0.0,0.0,0.025000000000005684,0.0,0.0,0.0,0.0,0.0,-0.001999999999995339,0.0,0.0
GLU  38,R GLU  38,0.0,0.0,0.0,0.0,0.0,0.0,0.007999999999995566,0.0,0.0,-0.007999999999995566,0.0,0.0,0.0,0.0,0.0,0.0,0.0,0.0
THR  39,R THR  39,0.0,0.0,0.0,-0.001000000000000334,0.0,0.0,0.0,0.0,0.0,0.0,0.0,0.0,0.0,0.0,0.0,-0.0010000000000047748,0.0,0.0
VAL  40,R VAL  40,0.0,0.0,0.0,0.0,0.0,0.0,0.0010000000000047748,0.0,0.0,0.002000000000000224,0.0,0.0,0.0,0.0,0.0,0.0030000000000036664,0.0,0.0
ALA  41,R ALA  41,0.0,0.0,0.0,0.0,0.0,0.0,0.0,0.0,0.0,0.0,0.0,0.0,0.0,0.0,0.0,0.0,0.0,0.0
LEU  42,R LEU  42,0.0,0.0,0.0,0.0,0.0,0.0,0.0,0.0,0.0,0.0,0.0,0.0,0.0,0.0,0.0,0.0,0.0,0.0
ARG  43,R ARG  43,0.0,0.0,0.0,0.0,0.0,0.0,0.01600000000000179,0.0,0.0,-0.015999999999998238,0.0,0.0,0.0,0.0,0.0,-2.842170943040401e-14,0.0,0.0
ILE  44,R ILE  44,0.0,0.0,0.0,0.0,0.0,0.0,0.001999999999995339,0.0,0.0,0.0,0.0,0.0,0.0,0.0,0.0,0.001999999999995339,0.0,0.0
ILE  45,R ILE  45,0.0,0.0,0.0,0.0,0.0,0.0,0.0,0.0,0.0,0.001000000000000112,0.0,0.0,0.0,0.0,0.0,0.001000000000000334,0.0,0.0
THR  46,R THR  46,0.0,0.0,0.0,-0.001000000000000334,0.0,0.0,0.0009999999999976694,0.0,0.0,-0.001000000000000334,0.0,0.0,0.0,0.0,0.0,-0.0010000000000012221,0.0,0.0
GLU  47,R GLU  47,0.0,0.0,0.0,0.0,0.0,0.0,-0.01099999999999568,0.0,0.0,0.009999999999990905,0.0,0.0,0.0,0.0,0.0,-0.0010000000000047748,0.0,0.0
GLY  48,R GLY  48,0.0,0.0,0.0,0.0,0.0,0.0,0.0,0.0,0.0,0.0,0.0,0.0,0.0,0.0,0.0,0.0,0.0,0.0
ALA  49,R ALA  49,0.0,0.0,0.0,0.0,0.0,0.0,0.0,0.0,0.0,0.0,0.0,0.0,0.0,0.0,0.0,0.0,0.0,0.0
SER  50,R SER  50,0.0,0.0,0.0,0.0,0.0,0.0,0.001999999999995339,0.0,0.0,-0.002000000000000668,0.0,0.0,0.0,0.0,0.0,-5.329070518200751e-15,0.0,0.0
ILE  51,R ILE  51,0.0,0.0,0.0,0.0,0.0,0.0,0.0010000000000047748,0.0,0.0,-0.001000000000000112,0.0,0.0,0.0,0.0,0.0,4.440892098500626e-15,0.0,0.0
LEU  52,R LEU  52,0.0,0.0,0.0,0.0,0.0,0.0,0.000999999999990564,0.0,0.0,0.0,0.0,0.0,0.0,0.0,0.0,0.000999999999990564,0.0,0.0
ARG  53,R ARG  53,0.0,0.0,0.0,0.0,0.0,0.0,-0.012999999999998124,0.0,0.0,0.01300000000000523,0.0,0.0,0.0,0.0,0.0,0.0,0.0,0.0
GLN  54,R GLN  54,0.0,0.0,0.0,0.0,0.0,0.0,0.0,0.0,0.0,0.0,0.0,0.0,0.0,0.0,0.0,0.0,0.0,0.0
GLU  55,R GLU  55,0.0,0.0,0.0,0.0,0.0,0.0,-0.0009999999999976694,0.0,0.0,0.0,0.0,0.0,0.0,0.0,0.0,-0.0009999999999976694,0.0,0.0
LYS  56,R LYS  56,0.0,0.0,0.0,0.0,0.0,0.0,-0.015999999999991132,0.0,0.0,0.015000000000000568,0.0,0.0,0.0,0.0,0.0,-0.000999999999990564,0.0,0.0
ASN  57,R ASN  57,0.0,0.0,0.0,0.0,0.0,0.0,-0.0010000000000047748,0.0,0.0,0.0009999999999998899,0.0,0.0,0.0,0.0,0.0,0.0,0.0,0.0
LEU  58,R LEU  58,0.0,0.0,0.0,0.0,0.0,0.0,0.0,0.0,0.0,-0.001000000000000112,0.0,0.0,0.0,0.0,0.0,-0.0010000000000012221,0.0,0.0
LEU  59,R LEU  59,0.0,0.0,0.0,0.0,0.0,0.0,0.0010000000000047748,0.0,0.0,-0.0010000000000000009,0.0,0.0,0.0,0.0,0.0,3.552713678800501e-15,0.0,0.0
ASP  60,R ASP  60,0.0,0.0,0.0,0.0,0.0,0.0,0.0010000000000012221,0.0,0.0,0.0,0.0,0.0,0.0,0.0,0.0,0.0010000000000047748,0.0,0.0
ILE  61,R ILE  61,0.0,0.0,0.0,0.0,0.0,0.0,0.000999999999990564,0.0,0.0,-0.001000000000000112,0.0,0.0,0.0,0.0,0.0,-9.325873406851315e-15,0.0,0.0
ASP  62,R ASP  62,0.0,0.0,0.0,0.0,0.0,0.0,-0.011000000000002785,0.0,0.0,0.012000000000000455,0.0,0.0,0.0,0.0,0.0,0.000999999999990564,0.0,0.0
ALA  63,R ALA  63,0.0,0.0,0.0,0.0,0.0,0.0,0.0010000000000047748,0.0,0.0,-0.0009999999999994458,0.0,0.0,0.0,0.0,0.0,5.329070518200751e-15,0.0,0.0
PRO  64,R PRO  64,0.0,0.0,0.0,0.0,0.0,0.0,0.0010000000000047748,0.0,0.0,-0.0010000000000000009,0.0,0.0,0.0,0.0,0.0,5.329070518200751e-15,0.0,0.0
VAL  65,R VAL  65,0.0,0.0,0.0,0.0,0.0,0.0,0.0,0.0,0.0,0.0,0.0,0.0,0.0,0.0,0.0,0.0,0.0,0.0
THR  66,R THR  66,0.0,0.0,0.0,0.0,0.0,0.0,0.0020000000000024443,0.0,0.0,-0.0009999999999998899,0.0,0.0,0.0,0.0,0.0,0.0010000000000012221,0.0,0.0
VAL  67,R VAL  67,0.0,0.0,0.0,0.0,0.0,0.0,-0.0030000000000001137,0.0,0.0,0.0030000000000001137,0.0,0.0,0.0,0.0,0.0,0.0,0.0,0.0
CYS  68,R CYS  68,0.0,0.0,0.0,0.0,0.0,0.0,0.0030000000000001137,0.0,0.0,-0.0020000000000000018,0.0,0.0,0.0,0.0,0.0,0.001000000000000112,0.0,0.0
GLY  69,R GLY  69,0.0,0.0,0.0,0.0,0.0,0.0,-0.0020000000000095497,0.0,0.0,0.0029999999999998916,0.0,0.0,0.0,0.0,0.0,0.000999999999990564,0.0,0.0
ASP  70,R ASP  70,0.0,0.0,0.0,0.0,0.0,0.0,-0.0020000000000024443,0.0,0.0,0.008000000000009777,0.0,0.0,0.0,0.0,0.0,0.006000000000014438,0.0,0.0
ILE  71,R ILE  71,0.0,0.0,0.0,0.0,0.0,0.0,-0.009000000000000341,0.0,0.0,0.017000000000000015,0.0,0.0,0.0,0.0,0.0,0.007999999999999785,0.0,0.0
HIE  72,R HIE  72,0.0,0.0,0.0,-0.0009999999999994458,0.0,0.0,-0.015000000000000568,0.0,0.0,0.0050000000000000044,0.0,0.0,0.0,0.0,0.0,-0.01099999999999035,0.0,0.0
GLY  73,R GLY  73,0.0,0.0,0.0,-0.0009999999999994458,0.0,0.0,-0.01099999999999568,0.0,0.0,0.010000000000000009,0.0,0.0,0.0,0.0,0.0,-0.0019999999999935625,0.0,0.0
GLN  74,R GLN  74,0.0,0.0,0.0,-0.0019999999999988916,0.0,0.0,0.018000000000000682,0.0,0.0,-0.0040000000000000036,0.0,0.0,0.0,0.0,0.0,0.011999999999986244,0.0,0.0
PHE  75,R PHE  75,0.0,0.0,0.0,-0.0010000000000012221,0.0,0.0,0.0049999999999954525,0.0,0.0,-0.0040000000000000036,0.0,0.0,0.0,0.0,0.0,-8.881784197001252e-15,0.0,0.0
PHE  76,R PHE  76,0.0,0.0,0.0,-0.0010000000000012221,0.0,0.0,0.0040000000000048885,0.0,0.0,-0.01100000000000012,0.0,0.0,0.0,0.0,0.0,-0.008000000000000007,0.0,0.0
ASP  77,R ASP  77,0.0,0.0,0.0,0.0,0.0,0.0,-0.16600000000000037,0.0,0.0,0.16800000000000637,0.0,0.0,0.0,0.0,0.0,0.0020000000000095497,0.0,0.0
LEU  78,R LEU  78,0.0,0.0,0.0,-0.0010000000000012221,0.0,0.0,0.001999999999995339,0.0,0.0,0.0039999999999995595,0.0,0.0,0.0,0.0,0.0,0.004999999999988347,0.0,0.0
MET  79,R MET  79,0.0,0.0,0.0,0.0,0.0,0.0,0.007000000000005002,0.0,0.0,-0.008999999999999897,0.0,0.0,0.0,0.0,0.0,-0.0019999999999948948,0.0,0.0
LYS  80,R LYS  80,0.0,0.0,0.0,0.0,0.0,0.0,0.12199999999998568,0.0,0.0,-0.11999999999999744,0.0,0.0,0.0,0.0,0.0,0.0019999999999882334,0.0,0.0
LEU  81,R LEU  81,0.0,0.0,0.0,0.0,0.0,0.0,0.000999999999990564,0.0,0.0,0.001000000000000334,0.0,0.0,0.0,0.0,0.0,0.001999999999991786,0.0,0.0
PHE  82,R PHE  82,0.0,0.0,0.0,-0.0010000000000012221,0.0,0.0,0.0020000000000095497,0.0,0.0,-0.0040000000000000036,0.0,0.0,0.0,0.0,0.0,-0.002999999999995673,0.0,0.0
GLU  83,R GLU  83,0.0,0.0,0.0,0.0,0.0,0.0,-0.10699999999999932,0.0,0.0,0.10699999999999932,0.0,0.0,0.0,0.0,0.0,0.0,0.0,0.0
VAL  84,R VAL  84,0.0,0.0,0.0,0.0,0.0,0.0,0.001999999999995339,0.0,0.0,-0.002000000000000668,0.0,0.0,0.0,0.0,0.0,-3.552713678800501e-15,0.0,0.0
GLY  85,R GLY  85,0.0,0.0,0.0,0.0,0.0,0.0,0.001999999999995339,0.0,0.0,-0.0020000000000000018,0.0,0.0,0.0,0.0,0.0,-5.329070518200751e-15,0.0,0.0
GLY  86,R GLY  86,0.0,0.0,0.0,0.0,0.0,0.0,0.0010000000000047748,0.0,0.0,-0.001000000000000334,0.0,0.0,0.0,0.0,0.0,5.329070518200751e-15,0.0,0.0
SER  87,R SER  87,0.0,0.0,0.0,0.0,0.0,0.0,0.001999999999995339,0.0,0.0,-0.002000000000000668,0.0,0.0,0.0,0.0,0.0,-5.329070518200751e-15,0.0,0.0
PRO  88,R PRO  88,0.0,0.0,0.0,-0.0009999999999994458,0.0,0.0,0.001999999999995339,0.0,0.0,-0.0030000000000001137,0.0,0.0,0.0,0.0,0.0,-0.0020000000000024443,0.0,0.0
ALA  89,R ALA  89,0.0,0.0,0.0,0.0,0.0,0.0,0.0020000000000024443,0.0,0.0,-0.0019999999999997797,0.0,0.0,0.0,0.0,0.0,2.6645352591003757e-15,0.0,0.0
ASN  90,R ASN  90,0.0,0.0,0.0,0.0,0.0,0.0,-0.000999999999990564,0.0,0.0,0.0009999999999994458,0.0,0.0,0.0,0.0,0.0,0.0,0.0,0.0
THR  91,R THR  91,0.0,0.0,0.0,0.0,0.0,0.0,0.0,0.0,0.0,-0.0009999999999998899,0.0,0.0,0.0,0.0,0.0,-0.0010000000000012221,0.0,0.0
ARG  92,R ARG  92,0.0,0.0,0.0,0.0,0.0,0.0,0.01699999999999946,0.0,0.0,-0.017000000000003013,0.0,0.0,0.0,0.0,0.0,0.0,0.0,0.0
TYR  93,R TYR  93,0.0,0.0,0.0,0.0,0.0,0.0,0.000999999999990564,0.0,0.0,-0.0009999999999998899,0.0,0.0,0.0,0.0,0.0,-1.0658141036401503e-14,0.0,0.0
LEU  94,R LEU  94,0.0,0.0,0.0,0.0,0.0,0.0,-0.001999999999995339,0.0,0.0,0.0030000000000001137,0.0,0.0,0.0,0.0,0.0,0.0010000000000047748,0.0,0.0
PHE  95,R PHE  95,0.0,0.0,0.0,0.0,0.0,0.0,0.0030000000000001137,0.0,0.0,-0.001000000000000112,0.0,0.0,0.0,0.0,0.0,0.0019999999999997797,0.0,0.0
LEU  96,R LEU  96,0.0,0.0,0.0,0.0,0.0,0.0,0.003999999999997783,0.0,0.0,-0.002000000000000224,0.0,0.0,0.0,0.0,0.0,0.0019999999999988916,0.0,0.0
GLY  97,R GLY  97,0.0,0.0,0.0,-0.001000000000000334,0.0,0.0,-0.003999999999990678,0.0,0.0,0.0050000000000000044,0.0,0.0,0.0,0.0,0.0,1.9539925233402755e-14,0.0,0.0
ASP  98,R ASP  98,0.0,0.0,0.0,-0.0009999999999994458,0.0,0.0,0.026000000000003354,0.0,0.0,-0.020999999999986585,0.0,0.0,0.0,0.0,0.0,0.0040000000000048885,0.0,0.0
TYR  99,R TYR  99,0.0,0.0,0.0,0.0,0.0,0.0,-0.0049999999999954525,0.0,0.0,0.008000000000000007,0.0,0.0,0.0,0.0,0.0,0.003000000000007219,0.0,0.0
VAL 100,R VAL 100,0.0,0.0,0.0,0.0,0.0,0.0,0.0010000000000047748,0.0,0.0,0.01499999999999968,0.0,0.0,0.0,0.0,0.0,0.01600000000000179,0.0,0.0
ASP 101,R ASP 101,0.0,0.0,0.0,-0.0010000000000012221,0.0,0.0,0.054999999999999716,0.0,0.0,-0.04200000000000159,0.0,0.0,0.0,0.0,0.0,0.011999999999972033,0.0,0.0
ARG 102,R ARG 102,0.0,0.0,0.0,-0.004000000000001336,0.0,0.0,-0.11899999999999977,0.0,0.0,0.18000000000000682,0.0,0.0,0.0,0.0,0.0,0.05700000000001637,0.0,0.0
GLY 103,R GLY 103,0.0,0.0,0.0,-0.0019999999999997797,0.0,0.0,0.02400000000000091,0.0,0.0,-0.0030000000000001137,0.0,0.0,0.0,0.0,0.0,0.018999999999991246,0.0,0.0
TYR 104,R TYR 104,0.0,0.0,0.0,-0.016000000000000014,0.0,0.0,-0.016999999999995907,0.0,0.0,-0.012000000000000455,0.0,0.0,0.0,0.0,0.0,-0.0449999999999946,0.0,0.0
PHE 105,R PHE 105,0.0,0.0,0.0,-0.0019999999999988916,0.0,0.0,0.0020000000000095497,0.0,0.0,-0.008000000000000007,0.0,0.0,0.0,0.0,0.0,-0.007999999999984908,0.0,0.0
SER 106,R SER 106,0.0,0.0,0.0,-0.0009999999999994458,0.0,0.0,-0.007000000000005002,0.0,0.0,0.013000000000000123,0.0,0.0,0.0,0.0,0.0,0.0049999999999901235,0.0,0.0
ILE 107,R ILE 107,0.0,0.0,0.0,-0.0009999999999994458,0.0,0.0,0.0030000000000001137,0.0,0.0,0.002000000000000224,0.0,0.0,0.0,0.0,0.0,0.004000000000002224,0.0,0.0
GLU 108,R GLU 108,0.0,0.0,0.0,0.0,0.0,0.0,-0.09700000000000131,0.0,0.0,0.09799999999999898,0.0,0.0,0.0,0.0,0.0,0.0009999999999976694,0.0,0.0
CYS 109,R CYS 109,0.0,0.0,0.0,0.0,0.0,0.0,-0.003999999999990678,0.0,0.0,0.0030000000000001137,0.0,0.0,0.0,0.0,0.0,-0.000999999999990564,0.0,0.0
VAL 110,R VAL 110,0.0,0.0,0.0,0.0,0.0,0.0,0.0,0.0,0.0,0.0040000000000000036,0.0,0.0,0.0,0.0,0.0,0.0039999999999995595,0.0,0.0
LEU 111,R LEU 111,0.0,0.0,0.0,-0.0009999999999994458,0.0,0.0,0.0030000000000001137,0.0,0.0,0.001000000000000334,0.0,0.0,0.0,0.0,0.0,0.0030000000000036664,0.0,0.0
TYR 112,R TYR 112,0.0,0.0,0.0,0.0,0.0,0.0,0.001999999999995339,0.0,0.0,-0.002000000000000224,0.0,0.0,0.0,0.0,0.0,-3.552713678800501e-15,0.0,0.0
LEU 113,R LEU 113,0.0,0.0,0.0,-0.0010000000000012221,0.0,0.0,0.0,0.0,0.0,0.0019999999999997797,0.0,0.0,0.0,0.0,0.0,0.0010000000000012221,0.0,0.0
TRP 114,R TRP 114,0.0,0.0,0.0,0.0,0.0,0.0,0.0,0.0,0.0,0.0,0.0,0.0,0.0,0.0,0.0,0.0,0.0,0.0
ALA 115,R ALA 115,0.0,0.0,0.0,0.0,0.0,0.0,0.001999999999995339,0.0,0.0,-0.0020000000000000018,0.0,0.0,0.0,0.0,0.0,-4.440892098500626e-15,0.0,0.0
LEU 116,R LEU 116,0.0,0.0,0.0,0.0,0.0,0.0,0.001999999999995339,0.0,0.0,-0.001000000000000334,0.0,0.0,0.0,0.0,0.0,0.0009999999999941167,0.0,0.0
LYS 117,R LYS 117,0.0,0.0,0.0,0.0,0.0,0.0,0.01099999999999568,0.0,0.0,-0.012000000000000455,0.0,0.0,0.0,0.0,0.0,-0.0010000000000047748,0.0,0.0
ILE 118,R ILE 118,0.0,0.0,0.0,0.0,0.0,0.0,0.000999999999990564,0.0,0.0,-0.0010000000000000009,0.0,0.0,0.0,0.0,0.0,-9.769962616701378e-15,0.0,0.0
LEU 119,R LEU 119,0.0,0.0,0.0,0.0,0.0,0.0,0.000999999999990564,0.0,0.0,-0.0010000000000000009,0.0,0.0,0.0,0.0,0.0,-1.0658141036401503e-14,0.0,0.0
TYR 120,R TYR 120,0.0,0.0,0.0,0.0,0.0,0.0,-0.0010000000000047748,0.0,0.0,0.0010000000000012221,0.0,0.0,0.0,0.0,0.0,-3.552713678800501e-15,0.0,0.0
PRO 121,R PRO 121,0.0,0.0,0.0,0.0,0.0,0.0,0.0009999999999976694,0.0,0.0,-0.001000000000000334,0.0,0.0,0.0,0.0,0.0,-1.7763568394002505e-15,0.0,0.0
LYS 122,R LYS 122,0.0,0.0,0.0,0.0,0.0,0.0,0.014000000000010004,0.0,0.0,-0.01399999999999979,0.0,0.0,0.0,0.0,0.0,1.0658141036401503e-14,0.0,0.0
THR 123,R THR 123,0.0,0.0,0.0,0.0,0.0,0.0,0.0,0.0,0.0,0.0,0.0,0.0,0.0,0.0,0.0,0.0,0.0,0.0
LEU 124,R LEU 124,0.0,0.0,0.0,0.0,0.0,0.0,0.0010000000000047748,0.0,0.0,0.0,0.0,0.0,0.0,0.0,0.0,0.0010000000000047748,0.0,0.0
PHE 125,R PHE 125,0.0,0.0,0.0,0.0,0.0,0.0,-0.001999999999995339,0.0,0.0,0.0020000000000000018,0.0,0.0,0.0,0.0,0.0,4.440892098500626e-15,0.0,0.0
LEU 126,R LEU 126,0.0,0.0,0.0,0.0,0.0,0.0,0.000999999999990564,0.0,0.0,0.0009999999999998899,0.0,0.0,0.0,0.0,0.0,0.001999999999991786,0.0,0.0
LEU 127,R LEU 127,0.0,0.0,0.0,0.0,0.0,0.0,-0.001999999999995339,0.0,0.0,0.0030000000000001137,0.0,0.0,0.0,0.0,0.0,0.0010000000000047748,0.0,0.0
ARG 128,R ARG 128,0.0,0.0,0.0,0.0,0.0,0.0,-0.03999999999999204,0.0,0.0,0.040000000000020464,0.0,0.0,0.0,0.0,0.0,0.0,0.0,0.0
GLY 129,R GLY 129,0.0,0.0,0.0,0.0,0.0,0.0,0.0,0.0,0.0,0.0009999999999998899,0.0,0.0,0.0,0.0,0.0,0.0009999999999976694,0.0,0.0
ASN 130,R ASN 130,0.0,0.0,0.0,0.0,0.0,0.0,-0.006000000000000227,0.0,0.0,0.010999999999999233,0.0,0.0,0.0,0.0,0.0,0.0049999999999954525,0.0,0.0
HIE 131,R HIE 131,0.0,0.0,0.0,0.0,0.0,0.0,-0.0030000000000001137,0.0,0.0,0.0010000000000012221,0.0,0.0,0.0,0.0,0.0,-0.0019999999999988916,0.0,0.0
GLU 132,R GLU 132,0.0,0.0,0.0,0.0,0.0,0.0,0.021000000000000796,0.0,0.0,-0.021000000000015007,0.0,0.0,0.0,0.0,0.0,-1.4210854715202004e-14,0.0,0.0
CYS 133,R CYS 133,0.0,0.0,0.0,0.0,0.0,0.0,0.000999999999990564,0.0,0.0,0.0,0.0,0.0,0.0,0.0,0.0,0.000999999999990564,0.0,0.0
ARG 134,R ARG 134,0.0,0.0,0.0,0.0,0.0,0.0,-0.05500000000000682,0.0,0.0,0.05499999999999261,0.0,0.0,0.0,0.0,0.0,5.684341886080802e-14,0.0,0.0
HIE 135,R HIE 135,0.0,0.0,0.0,-0.0009999999999994458,0.0,0.0,0.0040000000000048885,0.0,0.0,-0.001000000000000334,0.0,0.0,0.0,0.0,0.0,0.0019999999999988916,0.0,0.0
LEU 136,R LEU 136,0.0,0.0,0.0,-0.0009999999999994458,0.0,0.0,0.009999999999990905,0.0,0.0,-0.0050000000000000044,0.0,0.0,0.0,0.0,0.0,0.003999999999987125,0.0,0.0
THR 137,R THR 137,0.0,0.0,0.0,-0.0009999999999994458,0.0,0.0,0.006999999999997897,0.0,0.0,-0.001000000000000112,0.0,0.0,0.0,0.0,0.0,0.0049999999999954525,0.0,0.0
GLU 138,R GLU 138,0.0,0.0,0.0,-0.0009999999999994458,0.0,0.0,0.13100000000000023,0.0,0.0,-0.12600000000000477,0.0,0.0,0.0,0.0,0.0,0.003999999999990678,0.0,0.0
TYR 139,R TYR 139,0.0,0.0,0.0,-0.0030000000000001137,0.0,0.0,0.009000000000000341,0.0,0.0,-0.0020000000000000018,0.0,0.0,0.0,0.0,0.0,0.003999999999997783,0.0,0.0
PHE 140,R PHE 140,0.0,0.0,0.0,-0.0039999999999995595,0.0,0.0,0.003999999999990678,0.0,0.0,0.0030000000000001137,0.0,0.0,0.0,0.0,0.0,0.0030000000000001137,0.0,0.0
THR 141,R THR 141,0.0,0.0,0.0,-0.005000000000000782,0.0,0.0,-0.0049999999999954525,0.0,0.0,0.004999999999999893,0.0,0.0,0.0,0.0,0.0,-0.0049999999999954525,0.0,0.0
PHE 142,R PHE 142,0.0,0.0,0.0,-0.0019999999999988916,0.0,0.0,-0.006000000000000227,0.0,0.0,0.0040000000000000036,0.0,0.0,0.0,0.0,0.0,-0.003999999999995563,0.0,0.0
LYS 143,R LYS 143,0.0,0.0,0.0,-0.0010000000000012221,0.0,0.0,-0.10299999999998022,0.0,0.0,0.12100000000000932,0.0,0.0,0.0,0.0,0.0,0.01700000000002433,0.0,0.0
GLN 144,R GLN 144,0.0,0.0,0.0,-0.0039999999999995595,0.0,0.0,0.0010000000000047748,0.0,0.0,0.029999999999999805,0.0,0.0,0.0,0.0,0.0,0.027000000000001023,0.0,0.0
GLU 145,R GLU 145,0.0,0.0,0.0,-0.0019999999999988916,0.0,0.0,-0.052999999999999936,0.0,0.0,0.05500000000000682,0.0,0.0,0.0,0.0,0.0,1.4210854715202004e-14,0.0,0.0
CYS 146,R CYS 146,0.0,0.0,0.0,0.0,0.0,0.0,-0.009000000000000341,0.0,0.0,0.012999999999999998,0.0,0.0,0.0,0.0,0.0,0.0039999999999995595,0.0,0.0
LYS 147,R LYS 147,0.0,0.0,0.0,-0.002000000000000668,0.0,0.0,-0.08500000000000796,0.0,0.0,0.1110000000000042,0.0,0.0,0.0,0.0,0.0,0.0239999999999867,0.0,0.0
ILE 148,R ILE 148,0.0,0.0,0.0,-0.0030000000000001137,0.0,0.0,-0.000999999999990564,0.0,0.0,0.014000000000000012,0.0,0.0,0.0,0.0,0.0,0.010000000000009557,0.0,0.0
LYS 149,R LYS 149,0.0,0.0,0.0,-0.0019999999999988916,0.0,0.0,0.10000000000002274,0.0,0.0,-0.06099999999999284,0.0,0.0,0.0,0.0,0.0,0.03700000000002035,0.0,0.0
TYR 150,R TYR 150,0.0,0.0,0.0,-0.0009999999999994458,0.0,0.0,0.0010000000000047748,0.0,0.0,-0.0039999999999995595,0.0,0.0,0.0,0.0,0.0,-0.003999999999990678,0.0,0.0
SER 151,R SER 151,0.0,0.0,0.0,0.0,0.0,0.0,-0.003999999999997783,0.0,0.0,0.004999999999999893,0.0,0.0,0.0,0.0,0.0,0.0010000000000012221,0.0,0.0
GLU 152,R GLU 152,0.0,0.0,0.0,0.0,0.0,0.0,0.07199999999999918,0.0,0.0,-0.07399999999998386,0.0,0.0,0.0,0.0,0.0,-0.001999999999981128,0.0,0.0
ARG 153,R ARG 153,0.0,0.0,0.0,0.0,0.0,0.0,-0.013999999999995794,0.0,0.0,0.015000000000000568,0.0,0.0,0.0,0.0,0.0,0.0009999999999763531,0.0,0.0
VAL 154,R VAL 154,0.0,0.0,0.0,0.0,0.0,0.0,0.0,0.0,0.0,0.0050000000000000044,0.0,0.0,0.0,0.0,0.0,0.004999999999999005,0.0,0.0
TYR 155,R TYR 155,0.0,0.0,0.0,-0.0010000000000012221,0.0,0.0,-0.0010000000000047748,0.0,0.0,-0.002000000000000224,0.0,0.0,0.0,0.0,0.0,-0.004000000000011994,0.0,0.0
ASP 156,R ASP 156,0.0,0.0,0.0,0.0,0.0,0.0,0.0519999999999996,0.0,0.0,-0.054000000000002046,0.0,0.0,0.0,0.0,0.0,-0.001999999999995339,0.0,0.0
ALA 157,R ALA 157,0.0,0.0,0.0,0.0,0.0,0.0,0.0010000000000047748,0.0,0.0,0.0010000000000000009,0.0,0.0,0.0,0.0,0.0,0.002000000000005109,0.0,0.0
CYS 158,R CYS 158,0.0,0.0,0.0,0.0,0.0,0.0,-0.001999999999995339,0.0,0.0,0.0040000000000000036,0.0,0.0,0.0,0.0,0.0,0.002000000000005109,0.0,0.0
MET 159,R MET 159,0.0,0.0,0.0,0.0,0.0,0.0,0.0010000000000047748,0.0,0.0,-0.0030000000000001137,0.0,0.0,0.0,0.0,0.0,-0.001999999999995339,0.0,0.0
ASP 160,R ASP 160,0.0,0.0,0.0,0.0,0.0,0.0,0.036000000000001364,0.0,0.0,-0.036000000000001364,0.0,0.0,0.0,0.0,0.0,0.0,0.0,0.0
ALA 161,R ALA 161,0.0,0.0,0.0,0.0,0.0,0.0,0.0,0.0,0.0,0.0009999999999998899,0.0,0.0,0.0,0.0,0.0,0.0009999999999998899,0.0,0.0
PHE 162,R PHE 162,0.0,0.0,0.0,0.0,0.0,0.0,-0.000999999999990564,0.0,0.0,0.0,0.0,0.0,0.0,0.0,0.0,-0.000999999999990564,0.0,0.0
ASP 163,R ASP 163,0.0,0.0,0.0,0.0,0.0,0.0,0.04099999999999998,0.0,0.0,-0.04200000000000159,0.0,0.0,0.0,0.0,0.0,-0.0010000000000047748,0.0,0.0
CYS 164,R CYS 164,0.0,0.0,0.0,0.0,0.0,0.0,0.000999999999990564,0.0,0.0,-0.0009999999999998899,0.0,0.0,0.0,0.0,0.0,-8.881784197001252e-15,0.0,0.0
LEU 165,R LEU 165,0.0,0.0,0.0,0.0,0.0,0.0,0.001999999999995339,0.0,0.0,0.0,0.0,0.0,0.0,0.0,0.0,0.001999999999995339,0.0,0.0
PRO 166,R PRO 166,0.0,0.0,0.0,0.0,0.0,0.0,0.0010000000000047748,0.0,0.0,-0.001000000000000334,0.0,0.0,0.0,0.0,0.0,4.440892098500626e-15,0.0,0.0
LEU 167,R LEU 167,0.0,0.0,0.0,0.0,0.0,0.0,0.0,0.0,0.0,0.0,0.0,0.0,0.0,0.0,0.0,0.0,0.0,0.0
ALA 168,R ALA 168,0.0,0.0,0.0,0.0,0.0,0.0,0.0,0.0,0.0,0.0,0.0,0.0,0.0,0.0,0.0,0.0,0.0,0.0
ALA 169,R ALA 169,0.0,0.0,0.0,0.0,0.0,0.0,0.000999999999990564,0.0,0.0,0.0,0.0,0.0,0.0,0.0,0.0,0.000999999999990564,0.0,0.0
LEU 170,R LEU 170,0.0,0.0,0.0,0.0,0.0,0.0,0.0,0.0,0.0,0.0010000000000000009,0.0,0.0,0.0,0.0,0.0,0.0009999999999976694,0.0,0.0
MET 171,R MET 171,0.0,0.0,0.0,0.0,0.0,0.0,0.0,0.0,0.0,-0.001000000000000112,0.0,0.0,0.0,0.0,0.0,-0.0009999999999994458,0.0,0.0
ASN 172,R ASN 172,0.0,0.0,0.0,0.0,0.0,0.0,0.0,0.0,0.0,0.0,0.0,0.0,0.0,0.0,0.0,0.0,0.0,0.0
GLN 173,R GLN 173,0.0,0.0,0.0,0.0,0.0,0.0,0.000999999999990564,0.0,0.0,0.0,0.0,0.0,0.0,0.0,0.0,0.000999999999990564,0.0,0.0
GLN 174,R GLN 174,0.0,0.0,0.0,0.0,0.0,0.0,0.0,0.0,0.0,0.0,0.0,0.0,0.0,0.0,0.0,0.0,0.0,0.0
PHE 175,R PHE 175,0.0,0.0,0.0,0.0,0.0,0.0,0.0,0.0,0.0,0.0,0.0,0.0,0.0,0.0,0.0,0.0,0.0,0.0
LEU 176,R LEU 176,0.0,0.0,0.0,0.0,0.0,0.0,0.0,0.0,0.0,0.001000000000000112,0.0,0.0,0.0,0.0,0.0,0.0010000000000012221,0.0,0.0
CYS 177,R CYS 177,0.0,0.0,0.0,0.0,0.0,0.0,0.0010000000000047748,0.0,0.0,0.0,0.0,0.0,0.0,0.0,0.0,0.0010000000000047748,0.0,0.0
VAL 178,R VAL 178,0.0,0.0,0.0,0.0,0.0,0.0,-0.001999999999995339,0.0,0.0,0.0030000000000001137,0.0,0.0,0.0,0.0,0.0,0.0010000000000047748,0.0,0.0
HIE 179,R HIE 179,0.0,0.0,0.0,-0.0010000000000012221,0.0,0.0,-0.007000000000005002,0.0,0.0,0.006999999999999673,0.0,0.0,0.0,0.0,0.0,-0.001000000000010104,0.0,0.0
GLY 180,R GLY 180,0.0,0.0,0.0,0.0,0.0,0.0,-0.001999999999995339,0.0,0.0,0.0020000000000000018,0.0,0.0,0.0,0.0,0.0,4.440892098500626e-15,0.0,0.0
GLY 181,R GLY 181,0.0,0.0,0.0,0.0,0.0,0.0,0.0010000000000047748,0.0,0.0,-0.001000000000000112,0.0,0.0,0.0,0.0,0.0,5.329070518200751e-15,0.0,0.0
LEU 182,R LEU 182,0.0,0.0,0.0,0.0,0.0,0.0,0.0020000000000095497,0.0,0.0,-0.0030000000000001137,0.0,0.0,0.0,0.0,0.0,-0.000999999999990564,0.0,0.0
SER 183,R SER 183,0.0,0.0,0.0,0.0,0.0,0.0,-0.0009999999999976694,0.0,0.0,0.001000000000000334,0.0,0.0,0.0,0.0,0.0,2.6645352591003757e-15,0.0,0.0
PRO 184,R PRO 184,0.0,0.0,0.0,0.0,0.0,0.0,-0.0020000000000024443,0.0,0.0,0.0019999999999997797,0.0,0.0,0.0,0.0,0.0,-2.6645352591003757e-15,0.0,0.0
GLU 185,R GLU 185,0.0,0.0,0.0,0.0,0.0,0.0,0.04499999999999815,0.0,0.0,-0.044999999999987494,0.0,0.0,0.0,0.0,0.0,0.0,0.0,0.0
ILE 186,R ILE 186,0.0,0.0,0.0,0.0,0.0,0.0,0.0,0.0,0.0,0.0,0.0,0.0,0.0,0.0,0.0,0.0,0.0,0.0
ASN 187,R ASN 187,0.0,0.0,0.0,0.0,0.0,0.0,0.0,0.0,0.0,0.0,0.0,0.0,0.0,0.0,0.0,0.0,0.0,0.0
THR 188,R THR 188,0.0,0.0,0.0,0.0,0.0,0.0,0.0020000000000024443,0.0,0.0,-0.0019999999999997797,0.0,0.0,0.0,0.0,0.0,0.0,0.0,0.0
LEU 189,R LEU 189,0.0,0.0,0.0,0.0,0.0,0.0,0.0010000000000047748,0.0,0.0,0.0,0.0,0.0,0.0,0.0,0.0,0.0010000000000047748,0.0,0.0
ASP 190,R ASP 190,0.0,0.0,0.0,0.0,0.0,0.0,0.015000000000000568,0.0,0.0,-0.013999999999995794,0.0,0.0,0.0,0.0,0.0,0.0010000000000047748,0.0,0.0
ASP 191,R ASP 191,0.0,0.0,0.0,0.0,0.0,0.0,0.025000000000000355,0.0,0.0,-0.023999999999972488,0.0,0.0,0.0,0.0,0.0,0.0010000000000331966,0.0,0.0
ILE 192,R ILE 192,0.0,0.0,0.0,0.0,0.0,0.0,0.000999999999990564,0.0,0.0,-0.002000000000000224,0.0,0.0,0.0,0.0,0.0,-0.001000000000010104,0.0,0.0
ARG 193,R ARG 193,0.0,0.0,0.0,0.0,0.0,0.0,-0.009000000000000341,0.0,0.0,0.009000000000000341,0.0,0.0,0.0,0.0,0.0,0.0,0.0,0.0
LYS 194,R LYS 194,0.0,0.0,0.0,0.0,0.0,0.0,-0.019000000000005457,0.0,0.0,0.01899999999999835,0.0,0.0,0.0,0.0,0.0,-7.105427357601002e-15,0.0,0.0
LEU 195,R LEU 195,0.0,0.0,0.0,0.0,0.0,0.0,-0.0020000000000095497,0.0,0.0,0.0009999999999998899,0.0,0.0,0.0,0.0,0.0,-0.0010000000000083276,0.0,0.0
ASP 196,R ASP 196,0.0,0.0,0.0,0.0,0.0,0.0,0.03499999999999659,0.0,0.0,-0.03499999999999659,0.0,0.0,0.0,0.0,0.0,0.0,0.0,0.0
ARG 197,R ARG 197,0.0,0.0,0.0,0.0,0.0,0.0,-0.015000000000000568,0.0,0.0,0.015000000000000568,0.0,0.0,0.0,0.0,0.0,0.0,0.0,0.0
PHE 198,R PHE 198,0.0,0.0,0.0,0.0,0.0,0.0,0.0010000000000047748,0.0,0.0,-0.0009999999999994458,0.0,0.0,0.0,0.0,0.0,5.329070518200751e-15,0.0,0.0
LYS 199,R LYS 199,0.0,0.0,0.0,0.0,0.0,0.0,-0.047000000000025466,0.0,0.0,0.046999999999997044,0.0,0.0,0.0,0.0,0.0,-2.842170943040401e-14,0.0,0.0
GLU 200,R GLU 200,0.0,0.0,0.0,0.0,0.0,0.0,0.07400000000000007,0.0,0.0,-0.0730000000000075,0.0,0.0,0.0,0.0,0.0,0.000999999999990564,0.0,0.0
PRO 201,R PRO 201,0.0,0.0,0.0,0.0,0.0,0.0,0.0040000000000048885,0.0,0.0,-0.004000000000000448,0.0,0.0,0.0,0.0,0.0,7.105427357601002e-15,0.0,0.0
PRO 202,R PRO 202,0.0,0.0,0.0,0.0,0.0,0.0,0.0009999999999976694,0.0,0.0,-0.0009999999999994458,0.0,0.0,0.0,0.0,0.0,-1.7763568394002505e-15,0.0,0.0
ALA 203,R ALA 203,0.0,0.0,0.0,-0.0009999999999998899,0.0,0.0,0.001999999999995339,0.0,0.0,-0.0009999999999994458,0.0,0.0,0.0,0.0,0.0,-8.881784197001252e-15,0.0,0.0
TYR 204,R TYR 204,0.0,0.0,0.0,0.0,0.0,0.0,-0.0010000000000047748,0.0,0.0,0.0,0.0,0.0,0.0,0.0,0.0,-0.0010000000000047748,0.0,0.0
GLY 205,R GLY 205,0.0,0.0,0.0,0.0,0.0,0.0,0.001999999999995339,0.0,0.0,-0.001000000000000334,0.0,0.0,0.0,0.0,0.0,0.0009999999999950049,0.0,0.0
PRO 206,R PRO 206,0.0,0.0,0.0,0.0,0.0,0.0,0.0,0.0,0.0,0.0,0.0,0.0,0.0,0.0,0.0,0.0,0.0,0.0
MET 207,R MET 207,0.0,0.0,0.0,0.0,0.0,0.0,-0.0010000000000047748,0.0,0.0,0.0,0.0,0.0,0.0,0.0,0.0,-0.0010000000000047748,0.0,0.0
CYS 208,R CYS 208,0.0,0.0,0.0,0.0,0.0,0.0,0.0,0.0,0.0,0.001000000000000334,0.0,0.0,0.0,0.0,0.0,0.001000000000000334,0.0,0.0
ASP 209,R ASP 209,0.0,0.0,0.0,0.0,0.0,0.0,0.053999999999998494,0.0,0.0,-0.054000000000002046,0.0,0.0,0.0,0.0,0.0,0.0,0.0,0.0
ILE 210,R ILE 210,0.0,0.0,0.0,0.0,0.0,0.0,-0.0009999999999976694,0.0,0.0,0.0020000000000000018,0.0,0.0,0.0,0.0,0.0,0.0010000000000021103,0.0,0.0
LEU 211,R LEU 211,0.0,0.0,0.0,0.0,0.0,0.0,-0.0020000000000095497,0.0,0.0,0.002000000000000224,0.0,0.0,0.0,0.0,0.0,-1.0658141036401503e-14,0.0,0.0
TRP 212,R TRP 212,0.0,0.0,0.0,-0.0009999999999976694,0.0,0.0,0.0030000000000001137,0.0,0.0,-0.0030000000000001137,0.0,0.0,0.0,0.0,0.0,-0.000999999999990564,0.0,0.0
SER 213,R SER 213,0.0,0.0,0.0,0.0,0.0,0.0,0.000999999999990564,0.0,0.0,0.0,0.0,0.0,0.0,0.0,0.0,0.000999999999990564,0.0,0.0
ASP 214,R ASP 214,0.0,0.0,0.0,0.0,0.0,0.0,0.05900000000000105,0.0,0.0,-0.0589999999999975,0.0,0.0,0.0,0.0,0.0,1.4210854715202004e-14,0.0,0.0
PRO 215,R PRO 215,0.0,0.0,0.0,0.0,0.0,0.0,0.003999999999997783,0.0,0.0,-0.004999999999999893,0.0,0.0,0.0,0.0,0.0,-0.0010000000000021103,0.0,0.0
LEU 216,R LEU 216,0.0,0.0,0.0,0.0,0.0,0.0,-0.0030000000000001137,0.0,0.0,0.0030000000000001137,0.0,0.0,0.0,0.0,0.0,0.0,0.0,0.0
GLU 217,R GLU 217,0.0,0.0,0.0,0.0,0.0,0.0,0.037000000000002586,0.0,0.0,-0.03700000000000614,0.0,0.0,0.0,0.0,0.0,-1.4210854715202004e-14,0.0,0.0
ASP 218,R ASP 218,0.0,0.0,0.0,0.0,0.0,0.0,0.03500000000000014,0.0,0.0,-0.03499999999999659,0.0,0.0,0.0,0.0,0.0,0.0,0.0,0.0
PHE 219,R PHE 219,0.0,0.0,0.0,0.0,0.0,0.0,-0.0020000000000095497,0.0,0.0,0.0019999999999997797,0.0,0.0,0.0,0.0,0.0,-9.769962616701378e-15,0.0,0.0
GLY 220,R GLY 220,0.0,0.0,0.0,0.0,0.0,0.0,0.0,0.0,0.0,0.0,0.0,0.0,0.0,0.0,0.0,0.0,0.0,0.0
ASN 221,R ASN 221,0.0,0.0,0.0,0.0,0.0,0.0,0.0,0.0,0.0,-0.0009999999999994458,0.0,0.0,0.0,0.0,0.0,-0.0010000000000047748,0.0,0.0
GLU 222,R GLU 222,0.0,0.0,0.0,0.0,0.0,0.0,0.019000000000001904,0.0,0.0,-0.019000000000005457,0.0,0.0,0.0,0.0,0.0,0.0,0.0,0.0
LYS 223,R LYS 223,0.0,0.0,0.0,0.0,0.0,0.0,-0.022999999999996135,0.0,0.0,0.022999999999999687,0.0,0.0,0.0,0.0,0.0,3.552713678800501e-15,0.0,0.0
THR 224,R THR 224,0.0,0.0,0.0,0.0,0.0,0.0,-0.001999999999995339,0.0,0.0,0.002000000000000668,0.0,0.0,0.0,0.0,0.0,7.105427357601002e-15,0.0,0.0
GLN 225,R GLN 225,0.0,0.0,0.0,0.0,0.0,0.0,-0.0020000000000095497,0.0,0.0,0.0019999999999988916,0.0,0.0,0.0,0.0,0.0,-1.4210854715202004e-14,0.0,0.0
GLU 226,R GLU 226,0.0,0.0,0.0,0.0,0.0,0.0,0.04600000000000026,0.0,0.0,-0.04599999999999227,0.0,0.0,0.0,0.0,0.0,0.0,0.0,0.0
HIE 227,R HIE 227,0.0,0.0,0.0,0.0,0.0,0.0,0.000999999999990564,0.0,0.0,-0.0009999999999994458,0.0,0.0,0.0,0.0,0.0,-1.0658141036401503e-14,0.0,0.0
PHE 228,R PHE 228,0.0,0.0,0.0,0.0,0.0,0.0,0.0,0.0,0.0,0.0009999999999994458,0.0,0.0,0.0,0.0,0.0,0.0009999999999994458,0.0,0.0
THR 229,R THR 229,0.0,0.0,0.0,0.0,0.0,0.0,-0.0020000000000024443,0.0,0.0,0.0009999999999994458,0.0,0.0,0.0,0.0,0.0,-0.0010000000000012221,0.0,0.0
HIE 230,R HIE 230,0.0,0.0,0.0,0.0,0.0,0.0,0.0010000000000047748,0.0,0.0,-0.0019999999999988916,0.0,0.0,0.0,0.0,0.0,-0.0009999999999941167,0.0,0.0
ASN 231,R ASN 231,0.0,0.0,0.0,0.0,0.0,0.0,0.010000000000005116,0.0,0.0,-0.009000000000000119,0.0,0.0,0.0,0.0,0.0,0.0010000000000047748,0.0,0.0
THR 232,R THR 232,0.0,0.0,0.0,0.0,0.0,0.0,0.006999999999997897,0.0,0.0,-0.0070000000000014495,0.0,0.0,0.0,0.0,0.0,-3.552713678800501e-15,0.0,0.0
VAL 233,R VAL 233,0.0,0.0,0.0,-0.001000000000000334,0.0,0.0,0.011000000000002785,0.0,0.0,-0.008000000000000007,0.0,0.0,0.0,0.0,0.0,0.0019999999999988916,0.0,0.0
ARG 234,R ARG 234,0.0,0.0,0.0,0.0,0.0,0.0,-0.07700000000001239,0.0,0.0,0.07700000000001239,0.0,0.0,0.0,0.0,0.0,0.0,0.0,0.0
GLY 235,R GLY 235,0.0,0.0,0.0,0.0,0.0,0.0,0.000999999999990564,0.0,0.0,-0.001000000000000334,0.0,0.0,0.0,0.0,0.0,-1.0658141036401503e-14,0.0,0.0
CYS 236,R CYS 236,0.0,0.0,0.0,-0.001000000000000334,0.0,0.0,0.001999999999995339,0.0,0.0,-0.0019999999999997797,0.0,0.0,0.0,0.0,0.0,-0.0010000000000092157,0.0,0.0
SER 237,R SER 237,0.0,0.0,0.0,0.0,0.0,0.0,0.001999999999995339,0.0,0.0,-0.0029999999999996696,0.0,0.0,0.0,0.0,0.0,-0.0010000000000043308,0.0,0.0
TYR 238,R TYR 238,0.0,0.0,0.0,0.0,0.0,0.0,0.0010000000000047748,0.0,0.0,-0.0009999999999994458,0.0,0.0,0.0,0.0,0.0,7.105427357601002e-15,0.0,0.0
PHE 239,R PHE 239,0.0,0.0,0.0,0.0,0.0,0.0,0.0,0.0,0.0,0.0,0.0,0.0,0.0,0.0,0.0,0.0,0.0,0.0
TYR 240,R TYR 240,0.0,0.0,0.0,0.0,0.0,0.0,0.0020000000000095497,0.0,0.0,-0.002000000000000668,0.0,0.0,0.0,0.0,0.0,7.105427357601002e-15,0.0,0.0
SER 241,R SER 241,0.0,0.0,0.0,0.0,0.0,0.0,0.0,0.0,0.0,0.0009999999999998899,0.0,0.0,0.0,0.0,0.0,0.0009999999999994458,0.0,0.0
TYR 242,R TYR 242,0.0,0.0,0.0,0.0,0.0,0.0,-0.0010000000000047748,0.0,0.0,0.0,0.0,0.0,0.0,0.0,0.0,-0.0010000000000047748,0.0,0.0
PRO 243,R PRO 243,0.0,0.0,0.0,-0.001000000000000334,0.0,0.0,-0.0009999999999976694,0.0,0.0,0.0010000000000000009,0.0,0.0,0.0,0.0,0.0,-0.0010000000000029985,0.0,0.0
ALA 244,R ALA 244,0.0,0.0,0.0,0.0,0.0,0.0,-0.0010000000000047748,0.0,0.0,0.0010000000000000009,0.0,0.0,0.0,0.0,0.0,-4.884981308350689e-15,0.0,0.0
VAL 245,R VAL 245,0.0,0.0,0.0,0.0,0.0,0.0,0.0,0.0,0.0,0.0010000000000000009,0.0,0.0,0.0,0.0,0.0,0.0010000000000012221,0.0,0.0
CYS 246,R CYS 246,0.0,0.0,0.0,0.0,0.0,0.0,0.0,0.0,0.0,0.001000000000000112,0.0,0.0,0.0,0.0,0.0,0.001000000000000112,0.0,0.0
GLU 247,R GLU 247,0.0,0.0,0.0,0.0,0.0,0.0,0.01699999999999946,0.0,0.0,-0.016999999999995907,0.0,0.0,0.0,0.0,0.0,0.0,0.0,0.0
PHE 248,R PHE 248,0.0,0.0,0.0,0.0,0.0,0.0,-0.000999999999990564,0.0,0.0,0.0,0.0,0.0,0.0,0.0,0.0,-0.000999999999990564,0.0,0.0
LEU 249,R LEU 249,0.0,0.0,0.0,0.0,0.0,0.0,0.0,0.0,0.0,0.0,0.0,0.0,0.0,0.0,0.0,0.0,0.0,0.0
GLN 250,R GLN 250,0.0,0.0,0.0,0.0,0.0,0.0,-0.001999999999995339,0.0,0.0,0.002000000000000668,0.0,0.0,0.0,0.0,0.0,7.105427357601002e-15,0.0,0.0
HIE 251,R HIE 251,0.0,0.0,0.0,0.0,0.0,0.0,-0.0010000000000047748,0.0,0.0,0.0009999999999994458,0.0,0.0,0.0,0.0,0.0,-5.329070518200751e-15,0.0,0.0
ASN 252,R ASN 252,0.0,0.0,0.0,0.0,0.0,0.0,0.0,0.0,0.0,0.0,0.0,0.0,0.0,0.0,0.0,0.0,0.0,0.0
ASN 253,R ASN 253,0.0,0.0,0.0,0.0,0.0,0.0,0.0,0.0,0.0,0.0,0.0,0.0,0.0,0.0,0.0,0.0,0.0,0.0
LEU 254,R LEU 254,0.0,0.0,0.0,0.0,0.0,0.0,0.0,0.0,0.0,0.0,0.0,0.0,0.0,0.0,0.0,0.0,0.0,0.0
LEU 255,R LEU 255,0.0,0.0,0.0,0.0,0.0,0.0,0.0,0.0,0.0,0.0,0.0,0.0,0.0,0.0,0.0,0.0,0.0,0.0
SER 256,R SER 256,0.0,0.0,0.0,0.0,0.0,0.0,0.0010000000000047748,0.0,0.0,-0.001000000000000334,0.0,0.0,0.0,0.0,0.0,5.329070518200751e-15,0.0,0.0
ILE 257,R ILE 257,0.0,0.0,0.0,0.0,0.0,0.0,-0.0010000000000047748,0.0,0.0,0.0009999999999998899,0.0,0.0,0.0,0.0,0.0,-4.884981308350689e-15,0.0,0.0
LEU 258,R LEU 258,0.0,0.0,0.0,0.0,0.0,0.0,0.0020000000000095497,0.0,0.0,-0.0020000000000000018,0.0,0.0,0.0,0.0,0.0,1.0658141036401503e-14,0.0,0.0
ARG 259,R ARG 259,0.0,0.0,0.0,0.0,0.0,0.0,-0.02400000000000091,0.0,0.0,0.02600000000001046,0.0,0.0,0.0,0.0,0.0,0.0020000000000095497,0.0,0.0
ALA 260,R ALA 260,0.0,0.0,0.0,0.0,0.0,0.0,0.0010000000000047748,0.0,0.0,0.0009999999999998899,0.0,0.0,0.0,0.0,0.0,0.0020000000000046647,0.0,0.0
HIE 261,R HIE 261,0.0,0.0,0.0,-0.0009999999999994458,0.0,0.0,0.0010000000000047748,0.0,0.0,-0.001000000000000112,0.0,0.0,0.0,0.0,0.0,-0.000999999999986123,0.0,0.0
GLU 262,R GLU 262,0.0,0.0,0.0,0.0,0.0,0.0,0.03300000000000125,0.0,0.0,-0.03100000000000591,0.0,0.0,0.0,0.0,0.0,0.001999999999995339,0.0,0.0
ALA 263,R ALA 263,0.0,0.0,0.0,-0.0009999999999994458,0.0,0.0,0.0049999999999954525,0.0,0.0,-0.0030000000000001137,0.0,0.0,0.0,0.0,0.0,0.0010000000000047748,0.0,0.0
GLN 264,R GLN 264,0.0,0.0,0.0,-0.0009999999999994458,0.0,0.0,-0.006000000000000227,0.0,0.0,0.007000000000000006,0.0,0.0,0.0,0.0,0.0,0.0,0.0,0.0
ASP 265,R ASP 265,0.0,0.0,0.0,-0.001000000000000334,0.0,0.0,-0.09600000000000009,0.0,0.0,0.0969999999999942,0.0,0.0,0.0,0.0,0.0,-1.4210854715202004e-14,0.0,0.0
ALA 266,R ALA 266,0.0,0.0,0.0,0.0,0.0,0.0,-0.0030000000000001137,0.0,0.0,0.0040000000000000036,0.0,0.0,0.0,0.0,0.0,0.0009999999999998899,0.0,0.0
GLY 267,R GLY 267,0.0,0.0,0.0,0.0,0.0,0.0,0.0010000000000047748,0.0,0.0,0.0,0.0,0.0,0.0,0.0,0.0,0.0010000000000047748,0.0,0.0
TYR 268,R TYR 268,0.0,0.0,0.0,-0.0009999999999994458,0.0,0.0,-0.0010000000000047748,0.0,0.0,0.0,0.0,0.0,0.0,0.0,0.0,-0.001999999999995339,0.0,0.0
ARG 269,R ARG 269,0.0,0.0,0.0,0.0,0.0,0.0,0.0,0.0,0.0,0.0,0.0,0.0,0.0,0.0,0.0,0.0,0.0,0.0
MET 270,R MET 270,0.0,0.0,0.0,0.0,0.0,0.0,0.0010000000000047748,0.0,0.0,-0.0009999999999998899,0.0,0.0,0.0,0.0,0.0,5.329070518200751e-15,0.0,0.0
TYR 271,R TYR 271,0.0,0.0,0.0,0.0,0.0,0.0,-0.0010000000000047748,0.0,0.0,0.0009999999999994458,0.0,0.0,0.0,0.0,0.0,-3.552713678800501e-15,0.0,0.0
ARG 272,R ARG 272,0.0,0.0,0.0,0.0,0.0,0.0,-0.0030000000000001137,0.0,0.0,0.0030000000000001137,0.0,0.0,0.0,0.0,0.0,0.0,0.0,0.0
LYS 273,R LYS 273,0.0,0.0,0.0,0.0,0.0,0.0,0.015999999999991132,0.0,0.0,-0.016000000000000014,0.0,0.0,0.0,0.0,0.0,-7.105427357601002e-15,0.0,0.0
SER 274,R SER 274,0.0,0.0,0.0,0.0,0.0,0.0,-0.0009999999999976694,0.0,0.0,0.0009999999999994458,0.0,0.0,0.0,0.0,0.0,3.552713678800501e-15,0.0,0.0
GLN 275,R GLN 275,0.0,0.0,0.0,0.0,0.0,0.0,-0.0020000000000095497,0.0,0.0,0.0020000000000024443,0.0,0.0,0.0,0.0,0.0,-7.105427357601002e-15,0.0,0.0
THR 276,R THR 276,0.0,0.0,0.0,0.0,0.0,0.0,0.0,0.0,0.0,0.0009999999999994458,0.0,0.0,0.0,0.0,0.0,0.0009999999999976694,0.0,0.0
THR 277,R THR 277,0.0,0.0,0.0,0.0,0.0,0.0,0.0010000000000047748,0.0,0.0,-0.001000000000000334,0.0,0.0,0.0,0.0,0.0,7.105427357601002e-15,0.0,0.0
GLY 278,R GLY 278,0.0,0.0,0.0,0.0,0.0,0.0,0.0,0.0,0.0,0.0010000000000000009,0.0,0.0,0.0,0.0,0.0,0.001000000000000334,0.0,0.0
PHE 279,R PHE 279,0.0,0.0,0.0,0.0,0.0,0.0,0.000999999999990564,0.0,0.0,-0.0009999999999998899,0.0,0.0,0.0,0.0,0.0,-1.0658141036401503e-14,0.0,0.0
PRO 280,R PRO 280,0.0,0.0,0.0,0.0,0.0,0.0,0.0,0.0,0.0,0.0,0.0,0.0,0.0,0.0,0.0,0.0,0.0,0.0
SER 281,R SER 281,0.0,0.0,0.0,0.0,0.0,0.0,0.0,0.0,0.0,0.0,0.0,0.0,0.0,0.0,0.0,0.0,0.0,0.0
LEU 282,R LEU 282,0.0,0.0,0.0,0.0,0.0,0.0,-0.001999999999995339,0.0,0.0,0.0019999999999997797,0.0,0.0,0.0,0.0,0.0,7.105427357601002e-15,0.0,0.0
ILE 283,R ILE 283,0.0,0.0,0.0,0.0,0.0,0.0,0.0010000000000047748,0.0,0.0,-0.0009999999999998899,0.0,0.0,0.0,0.0,0.0,4.884981308350689e-15,0.0,0.0
THR 284,R THR 284,0.0,0.0,0.0,0.0,0.0,0.0,-0.0020000000000024443,0.0,0.0,0.0040000000000000036,0.0,0.0,0.0,0.0,0.0,0.0019999999999988916,0.0,0.0
ILE 285,R ILE 285,0.0,0.0,0.0,0.0,0.0,0.0,0.003999999999997783,0.0,0.0,0.0,0.0,0.0,0.0,0.0,0.0,0.003999999999997783,0.0,0.0
PHE 286,R PHE 286,0.0,0.0,0.0,-0.0009999999999976694,0.0,0.0,-0.001999999999995339,0.0,0.0,0.0009999999999998899,0.0,0.0,0.0,0.0,0.0,-0.002000000000000668,0.0,0.0
SER 287,R SER 287,0.0,0.0,0.0,0.0,0.0,0.0,-0.005000000000002558,0.0,0.0,0.008000000000000007,0.0,0.0,0.0,0.0,0.0,0.002999999999997449,0.0,0.0
ALA 288,R ALA 288,0.0,0.0,0.0,-0.001000000000000334,0.0,0.0,0.0040000000000048885,0.0,0.0,0.0040000000000000036,0.0,0.0,0.0,0.0,0.0,0.006999999999999673,0.0,0.0
PRO 289,R PRO 289,0.0,0.0,0.0,0.0,0.0,0.0,-0.0040000000000048885,0.0,0.0,0.013999999999999346,0.0,0.0,0.0,0.0,0.0,0.009999999999994458,0.0,0.0
ASN 290,R ASN 290,0.0,0.0,0.0,-0.002000000000000668,0.0,0.0,-0.03499999999999659,0.0,0.0,0.0649999999999995,0.0,0.0,0.0,0.0,0.0,0.027999999999991587,0.0,0.0
TYR 291,R TYR 291,0.0,0.0,0.0,-0.002000000000000668,0.0,0.0,-0.0049999999999954525,0.0,0.0,-0.02400000000000002,0.0,0.0,0.0,0.0,0.0,-0.030999999999998806,0.0,0.0
LEU 292,R LEU 292,0.0,0.0,0.0,-0.006999999999999673,0.0,0.0,-0.021000000000000796,0.0,0.0,-0.026000000000000023,0.0,0.0,0.0,0.0,0.0,-0.053999999999998494,0.0,0.0
ASP 293,R ASP 293,0.0,0.0,0.0,-0.007999999999999119,0.0,0.0,-0.40700000000000003,0.0,0.0,0.40500000000000114,0.0,0.0,0.0,0.0,0.0,-0.009999999999990905,0.0,0.0
VAL 294,R VAL 294,0.0,0.0,0.0,-0.009000000000000341,0.0,0.0,-0.03399999999999892,0.0,0.0,0.04600000000000004,0.0,0.0,0.0,0.0,0.0,0.00300000000000189,0.0,0.0
TYR 295,R TYR 295,0.0,0.0,0.0,-0.0029999999999992255,0.0,0.0,-0.02599999999999625,0.0,0.0,0.028999999999999915,0.0,0.0,0.0,0.0,0.0,7.105427357601002e-15,0.0,0.0
ASN 296,R ASN 296,0.0,0.0,0.0,-0.001000000000000334,0.0,0.0,-0.010000000000005116,0.0,0.0,0.015000000000000568,0.0,0.0,0.0,0.0,0.0,0.0040000000000048885,0.0,0.0
ASN 297,R ASN 297,0.0,0.0,0.0,-0.0010000000000012221,0.0,0.0,-0.021000000000000796,0.0,0.0,0.020999999999999908,0.0,0.0,0.0,0.0,0.0,-0.000999999999990564,0.0,0.0
LYS 298,R LYS 298,0.0,0.0,0.0,-0.0010000000000012221,0.0,0.0,0.10999999999998522,0.0,0.0,-0.10900000000000176,0.0,0.0,0.0,0.0,0.0,-2.1316282072803006e-14,0.0,0.0
ALA 299,R ALA 299,0.0,0.0,0.0,0.0,0.0,0.0,-0.0030000000000001137,0.0,0.0,0.0039999999999995595,0.0,0.0,0.0,0.0,0.0,0.0009999999999994458,0.0,0.0
ALA 300,R ALA 300,0.0,0.0,0.0,0.0,0.0,0.0,0.0,0.0,0.0,0.0,0.0,0.0,0.0,0.0,0.0,0.0,0.0,0.0
VAL 301,R VAL 301,0.0,0.0,0.0,0.0,0.0,0.0,-0.001999999999995339,0.0,0.0,0.0019999999999997797,0.0,0.0,0.0,0.0,0.0,7.105427357601002e-15,0.0,0.0
LEU 302,R LEU 302,0.0,0.0,0.0,0.0,0.0,0.0,-0.0020000000000095497,0.0,0.0,0.0020000000000000018,0.0,0.0,0.0,0.0,0.0,-9.325873406851315e-15,0.0,0.0
LYS 303,R LYS 303,0.0,0.0,0.0,0.0,0.0,0.0,0.05099999999998772,0.0,0.0,-0.05099999999999838,0.0,0.0,0.0,0.0,0.0,-1.0658141036401503e-14,0.0,0.0
TYR 304,R TYR 304,0.0,0.0,0.0,0.0,0.0,0.0,-0.0010000000000047748,0.0,0.0,0.0,0.0,0.0,0.0,0.0,0.0,-0.0010000000000047748,0.0,0.0
GLU 305,R GLU 305,0.0,0.0,0.0,0.0,0.0,0.0,-0.031999999999996476,0.0,0.0,0.03300000000000125,0.0,0.0,0.0,0.0,0.0,0.0010000000000047748,0.0,0.0
ASN 306,R ASN 306,0.0,0.0,0.0,0.0,0.0,0.0,0.0,0.0,0.0,0.0,0.0,0.0,0.0,0.0,0.0,0.0,0.0,0.0
ASN 307,R ASN 307,0.0,0.0,0.0,0.0,0.0,0.0,0.0,0.0,0.0,0.0,0.0,0.0,0.0,0.0,0.0,0.0,0.0,0.0
VAL 308,R VAL 308,0.0,0.0,0.0,0.0,0.0,0.0,0.0,0.0,0.0,0.0,0.0,0.0,0.0,0.0,0.0,0.0,0.0,0.0
MET 309,R MET 309,0.0,0.0,0.0,0.0,0.0,0.0,-0.0010000000000047748,0.0,0.0,0.001000000000000334,0.0,0.0,0.0,0.0,0.0,-4.440892098500626e-15,0.0,0.0
ASN 310,R ASN 310,0.0,0.0,0.0,0.0,0.0,0.0,0.001999999999995339,0.0,0.0,-0.0009999999999994458,0.0,0.0,0.0,0.0,0.0,0.0010000000000047748,0.0,0.0
ILE 311,R ILE 311,0.0,0.0,0.0,0.0,0.0,0.0,-0.000999999999990564,0.0,0.0,0.0010000000000000009,0.0,0.0,0.0,0.0,0.0,8.881784197001252e-15,0.0,0.0
ARG 312,R ARG 312,0.0,0.0,0.0,0.0,0.0,0.0,0.07200000000000273,0.0,0.0,-0.07099999999999973,0.0,0.0,0.0,0.0,0.0,0.0009999999999763531,0.0,0.0
GLN 313,R GLN 313,0.0,0.0,0.0,0.0,0.0,0.0,-0.0030000000000001137,0.0,0.0,0.004000000000000448,0.0,0.0,0.0,0.0,0.0,0.0010000000000047748,0.0,0.0
PHE 314,R PHE 314,0.0,0.0,0.0,0.0,0.0,0.0,0.0030000000000001137,0.0,0.0,-0.004999999999999893,0.0,0.0,0.0,0.0,0.0,-0.0019999999999988916,0.0,0.0
ASN 315,R ASN 315,0.0,0.0,0.0,-0.0009999999999994458,0.0,0.0,0.012999999999991019,0.0,0.0,-0.010999999999999233,0.0,0.0,0.0,0.0,0.0,0.000999999999990564,0.0,0.0
CYS 316,R CYS 316,0.0,0.0,0.0,-0.0009999999999994458,0.0,0.0,0.001999999999995339,0.0,0.0,0.0039999999999995595,0.0,0.0,0.0,0.0,0.0,0.0049999999999901235,0.0,0.0
SER 317,R SER 317,0.0,0.0,0.0,0.0,0.0,0.0,-0.0049999999999954525,0.0,0.0,0.0129999999999999,0.0,0.0,0.0,0.0,0.0,0.008000000000004448,0.0,0.0
PRO 318,R PRO 318,0.0,0.0,0.0,-0.001000000000000334,0.0,0.0,0.02200000000000557,0.0,0.0,-0.0129999999999999,0.0,0.0,0.0,0.0,0.0,0.008000000000000895,0.0,0.0
HIE 319,R HIE 319,0.0,0.0,0.0,-0.004000000000001336,0.0,0.0,-0.024999999999991473,0.0,0.0,0.04400000000000004,0.0,0.0,0.0,0.0,0.0,0.015000000000004121,0.0,0.0
PRO 320,R PRO 320,0.0,0.0,0.0,-0.0030000000000001137,0.0,0.0,0.0030000000000001137,0.0,0.0,0.007000000000000561,0.0,0.0,0.0,0.0,0.0,0.007000000000000561,0.0,0.0
TYR 321,R TYR 321,0.0,0.0,0.0,-0.25099999999999767,0.0,0.0,-0.06900000000000261,0.0,0.0,0.44300000000000006,0.0,0.0,-0.008315999999999997,0.0,0.0,0.11468400000000045,0.0,0.0
TRP 322,R TRP 322,0.0,0.0,0.0,-0.030000000000001137,0.0,0.0,-0.08099999999998886,0.0,0.0,-0.04899999999999993,0.0,0.0,0.0,0.0,0.0,-0.15999999999999037,0.0,0.0
LEU 323,R LEU 323,0.0,0.0,0.0,-0.4660000000000011,0.0,0.0,0.0730000000000075,0.0,0.0,-0.5569999999999999,0.0,0.0,-0.0100656,0.0,0.0,-0.9600655999999859,0.0,0.0
PRO 324,R PRO 324,0.0,0.0,0.0,-0.5890000000000004,0.0,0.0,0.10899999999999466,0.0,0.0,-0.11500000000000021,0.0,0.0,-0.0421488,0.0,0.0,-0.6371488000000038,0.0,0.0
ASN 325,R ASN 325,0.0,0.0,0.0,-0.03000000000000025,0.0,0.0,-0.027000000000001023,0.0,0.0,0.09900000000000109,0.0,0.0,0.0,0.0,0.0,0.04199999999998738,0.0,0.0
PHE 326,R PHE 326,0.0,0.0,0.0,-0.015000000000000568,0.0,0.0,0.019000000000005457,0.0,0.0,-0.03299999999999992,0.0,0.0,0.0,0.0,0.0,-0.029000000000008797,0.0,0.0
MET 327,R MET 327,0.0,0.0,0.0,-0.370000000000001,0.0,0.0,-0.11400000000000432,0.0,0.0,0.01599999999999996,0.0,0.0,-0.009554400000000005,0.0,0.0,-0.4775544000000087,0.0,0.0
ASP 328,R ASP 328,0.0,0.0,0.0,-0.036999999999999034,0.0,0.0,0.15399999999999991,0.0,0.0,-0.006000000000000227,0.0,0.0,0.0,0.0,0.0,0.11099999999999,0.0,0.0
VAL 329,R VAL 329,0.0,0.0,0.0,-0.11299999999999955,0.0,0.0,0.06199999999999761,0.0,0.0,-0.14500000000000002,0.0,0.0,0.0,0.0,0.0,-0.1960000000000015,0.0,0.0
PHE 330,R PHE 330,0.0,0.0,0.0,-0.05599999999999916,0.0,0.0,0.034000000000006025,0.0,0.0,0.019000000000000017,0.0,0.0,0.0,0.0,0.0,-0.002999999999991232,0.0,0.0
THR 331,R THR 331,0.0,0.0,0.0,-0.09999999999999964,0.0,0.0,-0.009000000000000341,0.0,0.0,-0.3660000000000001,0.0,0.0,0.0,0.0,0.0,-0.4750000000000014,0.0,0.0
TRP 332,R TRP 332,0.0,0.0,0.0,-3.908999999999999,0.0,0.0,-3.620999999999995,0.0,0.0,2.4319999999999995,0.0,0.0,-0.3722544,0.0,0.0,-5.4702543999999875,0.0,0.0
SER 333,R SER 333,0.0,0.0,0.0,-1.2479999999999993,0.0,0.0,-0.17199999999999704,0.0,0.0,0.19599999999999973,0.0,0.0,-0.0668376,0.0,0.0,-1.2908376000000024,0.0,0.0
LEU 334,R LEU 334,0.0,0.0,0.0,-0.17100000000000026,0.0,0.0,0.04399999999999693,0.0,0.0,-0.371,0.0,0.0,0.0,0.0,0.0,-0.49800000000000244,0.0,0.0
PRO 335,R PRO 335,0.0,0.0,0.0,-1.1940000000000008,0.0,0.0,0.27300000000000324,0.0,0.0,0.625,0.0,0.0,-0.08504640000000001,0.0,0.0,-0.38104639999999934,0.0,0.0
PHE 336,R PHE 336,0.0,0.0,0.0,-3.780999999999999,0.0,0.0,-0.3439999999999941,0.0,0.0,0.19399999999999995,0.0,0.0,-0.36882,0.0,0.0,-4.29982,0.0,0.0
VAL 337,R VAL 337,0.0,0.0,0.0,-0.19599999999999973,0.0,0.0,-0.025000000000005684,0.0,0.0,-0.11099999999999999,0.0,0.0,0.0,0.0,0.0,-0.3320000000000043,0.0,0.0
GLY 338,R GLY 338,0.0,0.0,0.0,-0.06199999999999939,0.0,0.0,-0.14300000000000068,0.0,0.0,0.19200000000000017,0.0,0.0,0.0,0.0,0.0,-0.01300000000000523,0.0,0.0
GLU 339,R GLU 339,0.0,0.0,0.0,-1.862,0.0,0.0,-0.18599999999999994,0.0,0.0,4.2879999999999825,0.0,0.0,-0.26848079999999996,0.0,0.0,1.9715191999999675,0.0,0.0
LYS 340,R LYS 340,0.0,0.0,0.0,-0.24099999999999966,0.0,0.0,-0.146000000000015,0.0,0.0,0.1529999999999916,0.0,0.0,0.0,0.0,0.0,-0.2340000000000373,0.0,0.0
VAL 341,R VAL 341,0.0,0.0,0.0,-0.021000000000000796,0.0,0.0,-0.030000000000001137,0.0,0.0,0.04300000000000015,0.0,0.0,0.0,0.0,0.0,-0.008000000000002672,0.0,0.0
THR 342,R THR 342,0.0,0.0,0.0,-0.019999999999999574,0.0,0.0,-0.11200000000000188,0.0,0.0,0.09399999999999986,0.0,0.0,0.0,0.0,0.0,-0.038000000000000256,0.0,0.0
GLU 343,R GLU 343,0.0,0.0,0.0,-0.06500000000000128,0.0,0.0,0.47800000000000153,0.0,0.0,-0.2949999999999875,0.0,0.0,0.0,0.0,0.0,0.11800000000002342,0.0,0.0
MET 344,R MET 344,0.0,0.0,0.0,-0.006999999999999673,0.0,0.0,-0.010000000000005116,0.0,0.0,0.01599999999999996,0.0,0.0,0.0,0.0,0.0,-0.000999999999995893,0.0,0.0
LEU 345,R LEU 345,0.0,0.0,0.0,-0.0030000000000001137,0.0,0.0,-0.02200000000000557,0.0,0.0,0.050999999999999934,0.0,0.0,0.0,0.0,0.0,0.02599999999999625,0.0,0.0
VAL 346,R VAL 346,0.0,0.0,0.0,-0.004999999999999893,0.0,0.0,-0.027000000000001023,0.0,0.0,0.052000000000000046,0.0,0.0,0.0,0.0,0.0,0.01999999999999602,0.0,0.0
ASN 347,R ASN 347,0.0,0.0,0.0,-0.0030000000000001137,0.0,0.0,0.015000000000000568,0.0,0.0,0.037000000000000366,0.0,0.0,0.0,0.0,0.0,0.049000000000006594,0.0,0.0
VAL 348,R VAL 348,0.0,0.0,0.0,-0.002000000000000668,0.0,0.0,-0.009000000000000341,0.0,0.0,0.028999999999999915,0.0,0.0,0.0,0.0,0.0,0.01799999999999713,0.0,0.0
LEU 349,R LEU 349,0.0,0.0,0.0,-0.0009999999999994458,0.0,0.0,-0.013999999999995794,0.0,0.0,0.025000000000000355,0.0,0.0,0.0,0.0,0.0,0.00999999999999801,0.0,0.0
ASN 350,R ASN 350,0.0,0.0,0.0,-0.001000000000000334,0.0,0.0,-0.010000000000005116,0.0,0.0,0.025000000000000355,0.0,0.0,0.0,0.0,0.0,0.013999999999981583,0.0,0.0
ILE 351,R ILE 351,0.0,0.0,0.0,-0.0009999999999994458,0.0,0.0,-0.003999999999990678,0.0,0.0,0.0050000000000000044,0.0,0.0,0.0,0.0,0.0,1.7763568394002505e-14,0.0,0.0
CYS 352,R CYS 352,0.0,0.0,0.0,0.0,0.0,0.0,0.120000000000001,0.0,0.0,-0.1209999999999809,0.0,0.0,0.0,0.0,0.0,-0.000999999999990564,0.0,0.0
GLY 353,R GLY 353,0.0,0.0,0.0,0.0,0.0,0.0,-0.030000000000001137,0.0,0.0,0.0309999999999917,0.0,0.0,0.0,0.0,0.0,0.000999999999990564,0.0,0.0
ASN 354,R ASN 354,0.0,0.0,0.0,0.0,0.0,0.0,0.0049999999999954525,0.0,0.0,-0.0039999999999995595,0.0,0.0,0.0,0.0,0.0,0.000999999999990564,0.0,0.0
GLU 355,R GLU 355,0.0,0.0,0.0,0.0,0.0,0.0,0.020000000000000018,0.0,0.0,-0.019000000000005457,0.0,0.0,0.0,0.0,0.0,0.000999999999990564,0.0,0.0
ALA 356,R ALA 356,0.0,0.0,0.0,0.0,0.0,0.0,-0.0010000000000047748,0.0,0.0,0.0009999999999994458,0.0,0.0,0.0,0.0,0.0,-5.329070518200751e-15,0.0,0.0
SER 357,R SER 357,0.0,0.0,0.0,0.0,0.0,0.0,0.000999999999990564,0.0,0.0,-0.001000000000000334,0.0,0.0,0.0,0.0,0.0,-9.769962616701378e-15,0.0,0.0
TYR 358,R TYR 358,0.0,0.0,0.0,0.0,0.0,0.0,0.0,0.0,0.0,-0.0010000000000012221,0.0,0.0,0.0,0.0,0.0,-0.0010000000000012221,0.0,0.0
PRO 359,R PRO 359,0.0,0.0,0.0,0.0,0.0,0.0,-0.001999999999995339,0.0,0.0,0.0019999999999988916,0.0,0.0,0.0,0.0,0.0,3.552713678800501e-15,0.0,0.0
LEU 360,R LEU 360,0.0,0.0,0.0,0.0,0.0,0.0,0.0010000000000047748,0.0,0.0,-0.0020000000000000018,0.0,0.0,0.0,0.0,0.0,-0.000999999999990564,0.0,0.0
GLU 361,R GLU 361,0.0,0.0,0.0,0.0,0.0,0.0,0.038999999999997925,0.0,0.0,-0.03900000000001569,0.0,0.0,0.0,0.0,0.0,-1.4210854715202004e-14,0.0,0.0
MET 362,R MET 362,0.0,0.0,0.0,-0.0009999999999994458,0.0,0.0,0.000999999999990564,0.0,0.0,0.0,0.0,0.0,0.0,0.0,0.0,0.0,0.0,0.0
CYS 363,R CYS 363,0.0,0.0,0.0,0.0,0.0,0.0,0.0020000000000095497,0.0,0.0,-0.0019999999999997797,0.0,0.0,0.0,0.0,0.0,9.769962616701378e-15,0.0,0.0
SER 364,R SER 364,0.0,0.0,0.0,0.0,0.0,0.0,-0.007000000000005002,0.0,0.0,0.007999999999999119,0.0,0.0,0.0,0.0,0.0,0.0009999999999941167,0.0,0.0
HIE 365,R HIE 365,0.0,0.0,0.0,0.0,0.0,0.0,-0.009000000000000341,0.0,0.0,0.010999999999999677,0.0,0.0,0.0,0.0,0.0,0.0019999999999988916,0.0,0.0
PHE 366,R PHE 366,0.0,0.0,0.0,0.0,0.0,0.0,-0.005000000000009663,0.0,0.0,0.0019999999999997797,0.0,0.0,0.0,0.0,0.0,-0.003000000000010772,0.0,0.0
ASP 367,R ASP 367,0.0,0.0,0.0,0.0,0.0,0.0,0.12099999999999955,0.0,0.0,-0.12100000000000932,0.0,0.0,0.0,0.0,0.0,0.0,0.0,0.0
ALA 368,R ALA 368,0.0,0.0,0.0,0.0,0.0,0.0,0.0,0.0,0.0,0.0,0.0,0.0,0.0,0.0,0.0,0.0,0.0,0.0
ASP 369,R ASP 369,0.0,0.0,0.0,0.0,0.0,0.0,0.0899999999999963,0.0,0.0,-0.08899999999999864,0.0,0.0,0.0,0.0,0.0,0.000999999999990564,0.0,0.0
GLU 370,R GLU 370,0.0,0.0,0.0,0.0,0.0,0.0,0.15300000000000047,0.0,0.0,-0.1529999999999916,0.0,0.0,0.0,0.0,0.0,0.0,0.0,0.0
ILE 371,R ILE 371,0.0,0.0,0.0,-0.0010000000000012221,0.0,0.0,0.0,0.0,0.0,0.0,0.0,0.0,0.0,0.0,0.0,-0.0010000000000047748,0.0,0.0
LYS 372,R LYS 372,0.0,0.0,0.0,0.0,0.0,0.0,-0.07800000000000296,0.0,0.0,0.07800000000000296,0.0,0.0,0.0,0.0,0.0,0.0,0.0,0.0
ARG 373,R ARG 373,0.0,0.0,0.0,-0.0010000000000012221,0.0,0.0,-0.13799999999999102,0.0,0.0,0.14100000000000534,0.0,0.0,0.0,0.0,0.0,0.0020000000000379714,0.0,0.0
LEU 374,R LEU 374,0.0,0.0,0.0,-0.001000000000000334,0.0,0.0,-0.0040000000000048885,0.0,0.0,0.009000000000000008,0.0,0.0,0.0,0.0,0.0,0.003999999999997783,0.0,0.0
GLY 375,R GLY 375,0.0,0.0,0.0,0.0,0.0,0.0,-0.0030000000000001137,0.0,0.0,0.0019999999999997797,0.0,0.0,0.0,0.0,0.0,-0.001000000000000334,0.0,0.0
LYS 376,R LYS 376,0.0,0.0,0.0,0.0,0.0,0.0,-0.08100000000001728,0.0,0.0,0.08299999999999841,0.0,0.0,0.0,0.0,0.0,0.001999999999981128,0.0,0.0
ARG 377,R ARG 377,0.0,0.0,0.0,0.0,0.0,0.0,-0.14700000000000557,0.0,0.0,0.1559999999999917,0.0,0.0,0.0,0.0,0.0,0.00899999999998613,0.0,0.0
PHE 378,R PHE 378,0.0,0.0,0.0,0.0,0.0,0.0,-0.0040000000000048885,0.0,0.0,0.0030000000000001137,0.0,0.0,0.0,0.0,0.0,-0.0010000000000047748,0.0,0.0
LYS 379,R LYS 379,0.0,0.0,0.0,0.0,0.0,0.0,-0.051000000000016144,0.0,0.0,0.05099999999999483,0.0,0.0,0.0,0.0,0.0,-2.1316282072803006e-14,0.0,0.0
LYS 380,R LYS 380,0.0,0.0,0.0,0.0,0.0,0.0,-0.0689999999999884,0.0,0.0,0.06900000000000261,0.0,0.0,0.0,0.0,0.0,1.4210854715202004e-14,0.0,0.0
LEU 381,R LEU 381,0.0,0.0,0.0,-0.0009999999999994458,0.0,0.0,-0.007000000000005002,0.0,0.0,0.011999999999998678,0.0,0.0,0.0,0.0,0.0,0.00399999999999423,0.0,0.0
ASP 382,R ASP 382,0.0,0.0,0.0,0.0,0.0,0.0,0.013999999999995794,0.0,0.0,-0.01500000000001478,0.0,0.0,0.0,0.0,0.0,-0.0010000000000047748,0.0,0.0
LEU 383,R LEU 383,0.0,0.0,0.0,0.0,0.0,0.0,0.0010000000000047748,0.0,0.0,-0.001000000000000334,0.0,0.0,0.0,0.0,0.0,5.329070518200751e-15,0.0,0.0
ASP 384,R ASP 384,0.0,0.0,0.0,0.0,0.0,0.0,-0.01099999999999568,0.0,0.0,0.010000000000019327,0.0,0.0,0.0,0.0,0.0,-0.0009999999999763531,0.0,0.0
ASN 385,R ASN 385,0.0,0.0,0.0,0.0,0.0,0.0,-0.0030000000000001137,0.0,0.0,0.0029999999999998916,0.0,0.0,0.0,0.0,0.0,0.0,0.0,0.0
SER 386,R SER 386,0.0,0.0,0.0,0.0,0.0,0.0,0.0030000000000001137,0.0,0.0,-0.0030000000000001137,0.0,0.0,0.0,0.0,0.0,0.0,0.0,0.0
GLY 387,R GLY 387,0.0,0.0,0.0,0.0,0.0,0.0,0.001999999999995339,0.0,0.0,-0.0020000000000000018,0.0,0.0,0.0,0.0,0.0,-5.329070518200751e-15,0.0,0.0
SER 388,R SER 388,0.0,0.0,0.0,0.0,0.0,0.0,0.003999999999997783,0.0,0.0,-0.0030000000000001137,0.0,0.0,0.0,0.0,0.0,0.0009999999999976694,0.0,0.0
LEU 389,R LEU 389,0.0,0.0,0.0,0.0,0.0,0.0,0.0,0.0,0.0,0.0040000000000000036,0.0,0.0,0.0,0.0,0.0,0.003999999999997783,0.0,0.0
SER 390,R SER 390,0.0,0.0,0.0,0.0,0.0,0.0,0.005000000000009663,0.0,0.0,-0.0040000000000000036,0.0,0.0,0.0,0.0,0.0,0.001000000000010104,0.0,0.0
VAL 391,R VAL 391,0.0,0.0,0.0,-0.001000000000000334,0.0,0.0,0.003999999999997783,0.0,0.0,0.0020000000000000018,0.0,0.0,0.0,0.0,0.0,0.004999999999997229,0.0,0.0
GLU 392,R GLU 392,0.0,0.0,0.0,0.0,0.0,0.0,-0.06399999999999295,0.0,0.0,0.06299999999998818,0.0,0.0,0.0,0.0,0.0,-0.0010000000000047748,0.0,0.0
GLU 393,R GLU 393,0.0,0.0,0.0,0.0,0.0,0.0,-0.006000000000000227,0.0,0.0,0.007000000000005002,0.0,0.0,0.0,0.0,0.0,0.0010000000000047748,0.0,0.0
PHE 394,R PHE 394,0.0,0.0,0.0,-0.0010000000000012221,0.0,0.0,0.005000000000009663,0.0,0.0,-0.0050000000000000044,0.0,0.0,0.0,0.0,0.0,-0.0009999999999950049,0.0,0.0
MET 395,R MET 395,0.0,0.0,0.0,-0.0009999999999994458,0.0,0.0,0.007999999999995566,0.0,0.0,-0.008000000000000007,0.0,0.0,0.0,0.0,0.0,-0.0010000000000092157,0.0,0.0
SER 396,R SER 396,0.0,0.0,0.0,0.0,0.0,0.0,-0.006000000000000227,0.0,0.0,0.007000000000000117,0.0,0.0,0.0,0.0,0.0,0.0009999999999998899,0.0,0.0
LEU 397,R LEU 397,0.0,0.0,0.0,-0.001000000000000334,0.0,0.0,-0.012000000000000455,0.0,0.0,0.0259999999999998,0.0,0.0,0.0,0.0,0.0,0.012999999999994571,0.0,0.0
PRO 398,R PRO 398,0.0,0.0,0.0,-0.0020000000000000018,0.0,0.0,-0.018000000000000682,0.0,0.0,0.03000000000000025,0.0,0.0,0.0,0.0,0.0,0.009999999999987352,0.0,0.0
GLU 399,R GLU 399,0.0,0.0,0.0,-0.008000000000000007,0.0,0.0,0.1869999999999976,0.0,0.0,-0.10699999999999932,0.0,0.0,0.0,0.0,0.0,0.07200000000000273,0.0,0.0
LEU 400,R LEU 400,0.0,0.0,0.0,-0.0030000000000001137,0.0,0.0,-0.0040000000000048885,0.0,0.0,0.028000000000000025,0.0,0.0,0.0,0.0,0.0,0.020999999999995467,0.0,0.0
GLN 401,R GLN 401,0.0,0.0,0.0,-0.004999999999999893,0.0,0.0,-0.033999999999991815,0.0,0.0,0.09999999999999964,0.0,0.0,0.0,0.0,0.0,0.06100000000000705,0.0,0.0
GLN 402,R GLN 402,0.0,0.0,0.0,-0.03900000000000059,0.0,0.0,0.06900000000000261,0.0,0.0,0.10099999999999998,0.0,0.0,0.0,0.0,0.0,0.13100000000000023,0.0,0.0
ASN 403,R ASN 403,0.0,0.0,0.0,-0.023999999999999133,0.0,0.0,-0.022999999999996135,0.0,0.0,0.079,0.0,0.0,0.0,0.0,0.0,0.03200000000000358,0.0,0.0
PRO 404,R PRO 404,0.0,0.0,0.0,-0.07499999999999929,0.0,0.0,0.03399999999999892,0.0,0.0,0.09700000000000042,0.0,0.0,0.0,0.0,0.0,0.056000000000002714,0.0,0.0
LEU 405,R LEU 405,0.0,0.0,0.0,-0.05599999999999916,0.0,0.0,0.003999999999990678,0.0,0.0,-0.030000000000000027,0.0,0.0,0.0,0.0,0.0,-0.08200000000000784,0.0,0.0
VAL 406,R VAL 406,0.0,0.0,0.0,-0.005000000000000782,0.0,0.0,0.015999999999998238,0.0,0.0,0.010000000000000009,0.0,0.0,0.0,0.0,0.0,0.020999999999997243,0.0,0.0
GLN 407,R GLN 407,0.0,0.0,0.0,-0.002000000000000668,0.0,0.0,0.017000000000010118,0.0,0.0,0.005000000000000782,0.0,0.0,0.0,0.0,0.0,0.020000000000010232,0.0,0.0
ARG 408,R ARG 408,0.0,0.0,0.0,-0.006999999999997897,0.0,0.0,0.16200000000000614,0.0,0.0,-0.046999999999997044,0.0,0.0,0.0,0.0,0.0,0.10799999999997567,0.0,0.0
VAL 409,R VAL 409,0.0,0.0,0.0,-0.0030000000000001137,0.0,0.0,0.003999999999997783,0.0,0.0,0.013000000000000012,0.0,0.0,0.0,0.0,0.0,0.013999999999999346,0.0,0.0
ILE 410,R ILE 410,0.0,0.0,0.0,-0.0009999999999994458,0.0,0.0,0.011000000000002785,0.0,0.0,0.0,0.0,0.0,0.0,0.0,0.0,0.010000000000005116,0.0,0.0
ASP 411,R ASP 411,0.0,0.0,0.0,-0.0009999999999994458,0.0,0.0,-0.08400000000000318,0.0,0.0,0.08799999999999386,0.0,0.0,0.0,0.0,0.0,0.0030000000000143245,0.0,0.0
ILE 412,R ILE 412,0.0,0.0,0.0,-0.0010000000000012221,0.0,0.0,0.0,0.0,0.0,0.015000000000000124,0.0,0.0,0.0,0.0,0.0,0.014000000000002455,0.0,0.0
PHE 413,R PHE 413,0.0,0.0,0.0,-0.0010000000000012221,0.0,0.0,0.0,0.0,0.0,-0.01100000000000012,0.0,0.0,0.0,0.0,0.0,-0.011999999999990685,0.0,0.0
ASP 414,R ASP 414,0.0,0.0,0.0,0.0,0.0,0.0,-0.024999999999991473,0.0,0.0,0.023000000000024556,0.0,0.0,0.0,0.0,0.0,-0.0019999999999527063,0.0,0.0
THR 415,R THR 415,0.0,0.0,0.0,0.0,0.0,0.0,-0.0049999999999954525,0.0,0.0,0.0039999999999995595,0.0,0.0,0.0,0.0,0.0,-0.0009999999999976694,0.0,0.0
ASP 416,R ASP 416,0.0,0.0,0.0,0.0,0.0,0.0,-0.0030000000000001137,0.0,0.0,0.0030000000000143245,0.0,0.0,0.0,0.0,0.0,0.0,0.0,0.0
GLY 417,R GLY 417,0.0,0.0,0.0,0.0,0.0,0.0,-0.0030000000000001137,0.0,0.0,0.0040000000000000036,0.0,0.0,0.0,0.0,0.0,0.0009999999999994458,0.0,0.0
ASN 418,R ASN 418,0.0,0.0,0.0,0.0,0.0,0.0,-0.0030000000000001137,0.0,0.0,0.0030000000000001137,0.0,0.0,0.0,0.0,0.0,0.0,0.0,0.0
GLY 419,R GLY 419,0.0,0.0,0.0,0.0,0.0,0.0,-0.001999999999995339,0.0,0.0,0.0029999999999998916,0.0,0.0,0.0,0.0,0.0,0.0010000000000029985,0.0,0.0
GLU 420,R GLU 420,0.0,0.0,0.0,0.0,0.0,0.0,-0.018999999999991246,0.0,0.0,0.020999999999958163,0.0,0.0,0.0,0.0,0.0,0.0019999999999527063,0.0,0.0
VAL 421,R VAL 421,0.0,0.0,0.0,0.0,0.0,0.0,0.0,0.0,0.0,0.008000000000000007,0.0,0.0,0.0,0.0,0.0,0.008000000000002672,0.0,0.0
ASP 422,R ASP 422,0.0,0.0,0.0,0.0,0.0,0.0,0.027999999999991587,0.0,0.0,-0.03100000000000591,0.0,0.0,0.0,0.0,0.0,-0.0030000000000143245,0.0,0.0
PHE 423,R PHE 423,0.0,0.0,0.0,0.0,0.0,0.0,0.0040000000000048885,0.0,0.0,-0.0040000000000000036,0.0,0.0,0.0,0.0,0.0,4.440892098500626e-15,0.0,0.0
LYS 424,R LYS 424,0.0,0.0,0.0,0.0,0.0,0.0,-0.03400000000004866,0.0,0.0,0.036000000000001364,0.0,0.0,0.0,0.0,0.0,0.0019999999999527063,0.0,0.0
GLU 425,R GLU 425,0.0,0.0,0.0,0.0,0.0,0.0,0.02400000000000091,0.0,0.0,-0.021000000000015007,0.0,0.0,0.0,0.0,0.0,0.002999999999985903,0.0,0.0
PHE 426,R PHE 426,0.0,0.0,0.0,0.0,0.0,0.0,0.007999999999995566,0.0,0.0,-0.01100000000000001,0.0,0.0,0.0,0.0,0.0,-0.0030000000000045546,0.0,0.0
ILE 427,R ILE 427,0.0,0.0,0.0,0.0,0.0,0.0,0.010000000000005116,0.0,0.0,-0.006000000000000227,0.0,0.0,0.0,0.0,0.0,0.0040000000000048885,0.0,0.0
GLU 428,R GLU 428,0.0,0.0,0.0,0.0,0.0,0.0,0.0799999999999983,0.0,0.0,-0.08100000000001728,0.0,0.0,0.0,0.0,0.0,-0.0010000000000189857,0.0,0.0
GLY 429,R GLY 429,0.0,0.0,0.0,-0.0009999999999994458,0.0,0.0,0.012999999999991019,0.0,0.0,-0.004999999999999893,0.0,0.0,0.0,0.0,0.0,0.007000000000000561,0.0,0.0
VAL 430,R VAL 430,0.0,0.0,0.0,0.0,0.0,0.0,0.014000000000002899,0.0,0.0,-0.0009999999999998899,0.0,0.0,0.0,0.0,0.0,0.013000000000001677,0.0,0.0
SER 431,R SER 431,0.0,0.0,0.0,0.0,0.0,0.0,0.015999999999998238,0.0,0.0,-0.01100000000000001,0.0,0.0,0.0,0.0,0.0,0.004999999999998117,0.0,0.0
GLN 432,R GLN 432,0.0,0.0,0.0,-0.0009999999999994458,0.0,0.0,0.018999999999991246,0.0,0.0,0.005999999999999783,0.0,0.0,0.0,0.0,0.0,0.0239999999999867,0.0,0.0
PHE 433,R PHE 433,0.0,0.0,0.0,-0.004000000000001336,0.0,0.0,0.012999999999991019,0.0,0.0,-0.04200000000000004,0.0,0.0,0.0,0.0,0.0,-0.03300000000001413,0.0,0.0
SER 434,R SER 434,0.0,0.0,0.0,-0.0009999999999994458,0.0,0.0,0.016999999999995907,0.0,0.0,-0.014000000000000234,0.0,0.0,0.0,0.0,0.0,0.001999999999990898,0.0,0.0
VAL 435,R VAL 435,0.0,0.0,0.0,-0.0009999999999998899,0.0,0.0,-0.01099999999999568,0.0,0.0,0.016000000000000014,0.0,0.0,0.0,0.0,0.0,0.0039999999999995595,0.0,0.0
LYS 436,R LYS 436,0.0,0.0,0.0,-0.001000000000000334,0.0,0.0,-0.1869999999999834,0.0,0.0,0.18899999999999295,0.0,0.0,0.0,0.0,0.0,0.0010000000000047748,0.0,0.0
GLY 437,R GLY 437,0.0,0.0,0.0,-0.0009999999999994458,0.0,0.0,0.010000000000005116,0.0,0.0,-0.004000000000000448,0.0,0.0,0.0,0.0,0.0,0.004999999999999005,0.0,0.0
ASP 438,R ASP 438,0.0,0.0,0.0,-0.001000000000000334,0.0,0.0,0.17999999999999972,0.0,0.0,-0.1780000000000257,0.0,0.0,0.0,0.0,0.0,0.0009999999999763531,0.0,0.0
LYS 439,R LYS 439,0.0,0.0,0.0,-0.002000000000000668,0.0,0.0,-0.26400000000001,0.0,0.0,0.2920000000000016,0.0,0.0,0.0,0.0,0.0,0.02599999999999625,0.0,0.0
GLU 440,R GLU 440,0.0,0.0,0.0,-0.0009999999999994458,0.0,0.0,0.12400000000000011,0.0,0.0,-0.13100000000000023,0.0,0.0,0.0,0.0,0.0,-0.008000000000009777,0.0,0.0
GLN 441,R GLN 441,0.0,0.0,0.0,-0.0009999999999994458,0.0,0.0,0.0,0.0,0.0,0.02199999999999991,0.0,0.0,0.0,0.0,0.0,0.021000000000000796,0.0,0.0
LYS 442,R LYS 442,0.0,0.0,0.0,-0.0030000000000001137,0.0,0.0,-0.375,0.0,0.0,0.43900000000000716,0.0,0.0,0.0,0.0,0.0,0.06100000000000705,0.0,0.0
LEU 443,R LEU 443,0.0,0.0,0.0,-0.0039999999999995595,0.0,0.0,-0.009000000000000341,0.0,0.0,0.009000000000000119,0.0,0.0,0.0,0.0,0.0,-0.003999999999990678,0.0,0.0
ARG 444,R ARG 444,0.0,0.0,0.0,-0.0009999999999994458,0.0,0.0,-0.09799999999999898,0.0,0.0,0.10899999999999466,0.0,0.0,0.0,0.0,0.0,0.009999999999962483,0.0,0.0
PHE 445,R PHE 445,0.0,0.0,0.0,-0.0039999999999995595,0.0,0.0,-0.02400000000000091,0.0,0.0,-0.019000000000000128,0.0,0.0,0.0,0.0,0.0,-0.047000000000005926,0.0,0.0
ALA 446,R ALA 446,0.0,0.0,0.0,-0.004999999999999893,0.0,0.0,-0.03300000000000125,0.0,0.0,0.027000000000000135,0.0,0.0,0.0,0.0,0.0,-0.010999999999996568,0.0,0.0
PHE 447,R PHE 447,0.0,0.0,0.0,-0.004000000000001336,0.0,0.0,-0.01999999999999602,0.0,0.0,0.0019999999999997797,0.0,0.0,0.0,0.0,0.0,-0.02200000000000113,0.0,0.0
ARG 448,R ARG 448,0.0,0.0,0.0,-0.0030000000000001137,0.0,0.0,-0.07500000000000284,0.0,0.0,0.11200000000000898,0.0,0.0,0.0,0.0,0.0,0.03400000000004866,0.0,0.0
ILE 449,R ILE 449,0.0,0.0,0.0,-0.016000000000000014,0.0,0.0,-0.03200000000001069,0.0,0.0,-0.018000000000000016,0.0,0.0,0.0,0.0,0.0,-0.06600000000000872,0.0,0.0
TYR 450,R TYR 450,0.0,0.0,0.0,-0.053999999999998494,0.0,0.0,-0.036000000000001364,0.0,0.0,0.15600000000000058,0.0,0.0,0.0,0.0,0.0,0.0659999999999954,0.0,0.0
ASP 451,R ASP 451,0.0,0.0,0.0,-0.002000000000000668,0.0,0.0,-0.045000000000001705,0.0,0.0,0.05700000000001637,0.0,0.0,0.0,0.0,0.0,0.009999999999990905,0.0,0.0
MET 452,R MET 452,0.0,0.0,0.0,-0.0030000000000001137,0.0,0.0,0.001999999999995339,0.0,0.0,0.01100000000000001,0.0,0.0,0.0,0.0,0.0,0.009999999999995346,0.0,0.0
ASP 453,R ASP 453,0.0,0.0,0.0,0.0,0.0,0.0,-0.08200000000000784,0.0,0.0,0.08199999999999363,0.0,0.0,0.0,0.0,0.0,0.0,0.0,0.0
LYS 454,R LYS 454,0.0,0.0,0.0,-0.001000000000000334,0.0,0.0,0.03300000000001546,0.0,0.0,-0.021000000000015007,0.0,0.0,0.0,0.0,0.0,0.01099999999999568,0.0,0.0
ASP 455,R ASP 455,0.0,0.0,0.0,0.0,0.0,0.0,-0.054000000000002046,0.0,0.0,0.0519999999999925,0.0,0.0,0.0,0.0,0.0,-0.0020000000000379714,0.0,0.0
GLY 456,R GLY 456,0.0,0.0,0.0,0.0,0.0,0.0,0.0040000000000048885,0.0,0.0,0.0040000000000000036,0.0,0.0,0.0,0.0,0.0,0.008000000000004448,0.0,0.0
TYR 457,R TYR 457,0.0,0.0,0.0,-0.0010000000000012221,0.0,0.0,-0.0030000000000001137,0.0,0.0,0.0129999999999999,0.0,0.0,0.0,0.0,0.0,0.008999999999993236,0.0,0.0
ILE 458,R ILE 458,0.0,0.0,0.0,-0.0039999999999995595,0.0,0.0,0.0040000000000048885,0.0,0.0,-0.018000000000000016,0.0,0.0,0.0,0.0,0.0,-0.018000000000000682,0.0,0.0
SER 459,R SER 459,0.0,0.0,0.0,-0.0009999999999994458,0.0,0.0,-0.013999999999995794,0.0,0.0,-0.004999999999999005,0.0,0.0,0.0,0.0,0.0,-0.019999999999992468,0.0,0.0
ASN 460,R ASN 460,0.0,0.0,0.0,-0.0030000000000001137,0.0,0.0,-0.03999999999999204,0.0,0.0,0.020999999999999908,0.0,0.0,0.0,0.0,0.0,-0.02199999999999136,0.0,0.0
GLY 461,R GLY 461,0.0,0.0,0.0,-0.001000000000000334,0.0,0.0,-0.02200000000000557,0.0,0.0,0.010000000000000009,0.0,0.0,0.0,0.0,0.0,-0.013000000000010559,0.0,0.0
GLU 462,R GLU 462,0.0,0.0,0.0,-0.0039999999999995595,0.0,0.0,-0.1599999999999966,0.0,0.0,0.08299999999999841,0.0,0.0,0.0,0.0,0.0,-0.08099999999998886,0.0,0.0
LEU 463,R LEU 463,0.0,0.0,0.0,-0.02200000000000024,0.0,0.0,-0.04899999999999238,0.0,0.0,-0.07099999999999973,0.0,0.0,0.0,0.0,0.0,-0.14199999999999235,0.0,0.0
PHE 464,R PHE 464,0.0,0.0,0.0,-0.019999999999999574,0.0,0.0,-0.04899999999999238,0.0,0.0,0.07099999999999995,0.0,0.0,0.0,0.0,0.0,0.002000000000011326,0.0,0.0
GLN 465,R GLN 465,0.0,0.0,0.0,-0.012000000000000455,0.0,0.0,-0.015999999999991132,0.0,0.0,-0.0030000000000001137,0.0,0.0,0.0,0.0,0.0,-0.0309999999999917,0.0,0.0
VAL 466,R VAL 466,0.0,0.0,0.0,-0.06300000000000061,0.0,0.0,-0.06800000000000495,0.0,0.0,-0.10099999999999998,0.0,0.0,0.0,0.0,0.0,-0.23200000000000642,0.0,0.0
LEU 467,R LEU 467,0.0,0.0,0.0,-0.6129999999999995,0.0,0.0,-0.04399999999999693,0.0,0.0,-0.0040000000000000036,0.0,0.0,0.0,0.0,0.0,-0.6609999999999978,0.0,0.0
LYS 468,R LYS 468,0.0,0.0,0.0,-0.07599999999999874,0.0,0.0,0.717000000000013,0.0,0.0,-0.4129999999999967,0.0,0.0,0.0,0.0,0.0,0.22800000000000864,0.0,0.0
MET 469,R MET 469,0.0,0.0,0.0,-0.06300000000000061,0.0,0.0,0.0049999999999954525,0.0,0.0,0.009999999999999898,0.0,0.0,0.0,0.0,0.0,-0.048000000000006704,0.0,0.0
MET 470,R MET 470,0.0,0.0,0.0,-1.3399999999999999,0.0,0.0,-0.3410000000000082,0.0,0.0,0.7360000000000002,0.0,0.0,-0.07719119999999999,0.0,0.0,-1.022191200000011,0.0,0.0
VAL 471,R VAL 471,0.0,0.0,0.0,-1.944,0.0,0.0,-0.2609999999999957,0.0,0.0,0.35199999999999987,0.0,0.0,-0.1474488,0.0,0.0,-2.0004487999999974,0.0,0.0
GLY 472,R GLY 472,0.0,0.0,0.0,-0.09600000000000009,0.0,0.0,-0.04000000000000625,0.0,0.0,0.15599999999999992,0.0,0.0,0.0,0.0,0.0,0.019999999999997797,0.0,0.0
ASN 473,R ASN 473,0.0,0.0,0.0,-0.06200000000000028,0.0,0.0,0.042999999999992156,0.0,0.0,0.040000000000000036,0.0,0.0,0.0,0.0,0.0,0.021000000000000796,0.0,0.0
ASN 474,R ASN 474,0.0,0.0,0.0,-1.2670000000000012,0.0,0.0,0.2190000000000083,0.0,0.0,1.1520000000000001,0.0,0.0,-0.08836559999999999,0.0,0.0,0.015634400000010373,0.0,0.0
LEU 475,R LEU 475,0.0,0.0,0.0,-0.870000000000001,0.0,0.0,-0.03100000000000591,0.0,0.0,-0.07299999999999995,0.0,0.0,-0.03636,0.0,0.0,-1.010360000000011,0.0,0.0
LYS 476,R LYS 476,0.0,0.0,0.0,-0.0259999999999998,0.0,0.0,0.5919999999999845,0.0,0.0,-0.3620000000000019,0.0,0.0,0.0,0.0,0.0,0.20399999999998641,0.0,0.0
ASP 477,R ASP 477,0.0,0.0,0.0,-0.01100000000000012,0.0,0.0,-0.6090000000000018,0.0,0.0,0.5559999999999974,0.0,0.0,0.0,0.0,0.0,-0.06400000000000716,0.0,0.0
THR 478,R THR 478,0.0,0.0,0.0,-0.006000000000000227,0.0,0.0,-0.005000000000002558,0.0,0.0,-0.04899999999999949,0.0,0.0,0.0,0.0,0.0,-0.060000000000002274,0.0,0.0
GLN 479,R GLN 479,0.0,0.0,0.0,-0.034000000000000696,0.0,0.0,-0.07700000000000529,0.0,0.0,-0.023000000000000576,0.0,0.0,0.0,0.0,0.0,-0.13400000000000745,0.0,0.0
LEU 480,R LEU 480,0.0,0.0,0.0,-0.0860000000000003,0.0,0.0,0.0379999999999967,0.0,0.0,-0.1280000000000001,0.0,0.0,0.0,0.0,0.0,-0.17600000000000193,0.0,0.0
GLN 481,R GLN 481,0.0,0.0,0.0,-0.006999999999999673,0.0,0.0,0.003999999999990678,0.0,0.0,0.024999999999999467,0.0,0.0,0.0,0.0,0.0,0.02199999999999136,0.0,0.0
GLN 482,R GLN 482,0.0,0.0,0.0,-0.007999999999999119,0.0,0.0,-0.010000000000005116,0.0,0.0,-0.0810000000000004,0.0,0.0,0.0,0.0,0.0,-0.09900000000000375,0.0,0.0
ILE 483,R ILE 483,0.0,0.0,0.0,-0.06400000000000006,0.0,0.0,0.047000000000011255,0.0,0.0,-0.2649999999999999,0.0,0.0,0.0,0.0,0.0,-0.2819999999999816,0.0,0.0
VAL 484,R VAL 484,0.0,0.0,0.0,-0.013999999999999346,0.0,0.0,0.028999999999996362,0.0,0.0,-0.11699999999999999,0.0,0.0,0.0,0.0,0.0,-0.10200000000000387,0.0,0.0
ASP 485,R ASP 485,0.0,0.0,0.0,-0.0030000000000001137,0.0,0.0,-0.22599999999999953,0.0,0.0,0.1980000000000075,0.0,0.0,0.0,0.0,0.0,-0.0309999999999917,0.0,0.0
LYS 486,R LYS 486,0.0,0.0,0.0,-0.006000000000000227,0.0,0.0,0.3089999999999975,0.0,0.0,-0.19299999999999784,0.0,0.0,0.0,0.0,0.0,0.10999999999999943,0.0,0.0
THR 487,R THR 487,0.0,0.0,0.0,-0.008999999999999453,0.0,0.0,0.014000000000002899,0.0,0.0,-0.135,0.0,0.0,0.0,0.0,0.0,-0.129999999999999,0.0,0.0
ILE 488,R ILE 488,0.0,0.0,0.0,-0.0030000000000001137,0.0,0.0,0.016000000000005343,0.0,0.0,0.01100000000000012,0.0,0.0,0.0,0.0,0.0,0.02400000000000535,0.0,0.0
ILE 489,R ILE 489,0.0,0.0,0.0,-0.001000000000000334,0.0,0.0,0.00999999999999801,0.0,0.0,0.015000000000000124,0.0,0.0,0.0,0.0,0.0,0.02399999999999336,0.0,0.0
ASN 490,R ASN 490,0.0,0.0,0.0,-0.002000000000000668,0.0,0.0,0.0030000000000001137,0.0,0.0,0.03300000000000036,0.0,0.0,0.0,0.0,0.0,0.033999999999991815,0.0,0.0
ALA 491,R ALA 491,0.0,0.0,0.0,-0.001000000000000334,0.0,0.0,0.007999999999995566,0.0,0.0,0.007000000000000117,0.0,0.0,0.0,0.0,0.0,0.013999999999990909,0.0,0.0
ASP 492,R ASP 492,0.0,0.0,0.0,-0.0009999999999994458,0.0,0.0,-0.05100000000000193,0.0,0.0,0.051000000000016144,0.0,0.0,0.0,0.0,0.0,-0.0009999999999763531,0.0,0.0
LYS 493,R LYS 493,0.0,0.0,0.0,-0.001000000000000334,0.0,0.0,-0.03100000000000591,0.0,0.0,0.04200000000000159,0.0,0.0,0.0,0.0,0.0,0.009999999999990905,0.0,0.0
ASP 494,R ASP 494,0.0,0.0,0.0,0.0,0.0,0.0,-0.015000000000000568,0.0,0.0,0.014000000000010004,0.0,0.0,0.0,0.0,0.0,-0.0010000000000047748,0.0,0.0
GLY 495,R GLY 495,0.0,0.0,0.0,0.0,0.0,0.0,-0.0020000000000095497,0.0,0.0,0.0029999999999996696,0.0,0.0,0.0,0.0,0.0,0.000999999999990564,0.0,0.0
ASP 496,R ASP 496,0.0,0.0,0.0,0.0,0.0,0.0,-0.045000000000001705,0.0,0.0,0.044999999999987494,0.0,0.0,0.0,0.0,0.0,0.0,0.0,0.0
GLY 497,R GLY 497,0.0,0.0,0.0,0.0,0.0,0.0,-0.008000000000009777,0.0,0.0,0.014000000000000234,0.0,0.0,0.0,0.0,0.0,0.005999999999990457,0.0,0.0
ARG 498,R ARG 498,0.0,0.0,0.0,-0.0009999999999994458,0.0,0.0,0.05700000000001637,0.0,0.0,-0.03700000000000614,0.0,0.0,0.0,0.0,0.0,0.018999999999977035,0.0,0.0
ILE 499,R ILE 499,0.0,0.0,0.0,-0.0019999999999988916,0.0,0.0,-0.001999999999995339,0.0,0.0,-0.006000000000000005,0.0,0.0,0.0,0.0,0.0,-0.009999999999990905,0.0,0.0
SER 500,R SER 500,0.0,0.0,0.0,0.0,0.0,0.0,0.0030000000000001137,0.0,0.0,-0.009000000000000008,0.0,0.0,0.0,0.0,0.0,-0.006000000000000227,0.0,0.0
PHE 501,R PHE 501,0.0,0.0,0.0,-0.0009999999999994458,0.0,0.0,0.006000000000000227,0.0,0.0,-0.01200000000000001,0.0,0.0,0.0,0.0,0.0,-0.007000000000004114,0.0,0.0
GLU 502,R GLU 502,0.0,0.0,0.0,-0.001000000000000334,0.0,0.0,0.0449999999999946,0.0,0.0,-0.043000000000006366,0.0,0.0,0.0,0.0,0.0,0.0010000000000047748,0.0,0.0
GLU 503,R GLU 503,0.0,0.0,0.0,-0.0009999999999994458,0.0,0.0,0.0,0.0,0.0,-0.0020000000000095497,0.0,0.0,0.0,0.0,0.0,-0.0030000000000143245,0.0,0.0
PHE 504,R PHE 504,0.0,0.0,0.0,-0.006999999999997897,0.0,0.0,0.006999999999990791,0.0,0.0,-0.038000000000000034,0.0,0.0,0.0,0.0,0.0,-0.038000000000000256,0.0,0.0
CYS 505,R CYS 505,0.0,0.0,0.0,-0.001000000000000334,0.0,0.0,0.012000000000000455,0.0,0.0,-0.0040000000000000036,0.0,0.0,0.0,0.0,0.0,0.006999999999995676,0.0,0.0
ALA 506,R ALA 506,0.0,0.0,0.0,-0.001000000000000334,0.0,0.0,0.008000000000009777,0.0,0.0,0.006000000000000005,0.0,0.0,0.0,0.0,0.0,0.013000000000004786,0.0,0.0
VAL 507,R VAL 507,0.0,0.0,0.0,-0.004000000000000448,0.0,0.0,0.01099999999999568,0.0,0.0,0.0010000000000000009,0.0,0.0,0.0,0.0,0.0,0.007999999999990237,0.0,0.0
VAL 508,R VAL 508,0.0,0.0,0.0,-0.008000000000000007,0.0,0.0,0.021999999999998465,0.0,0.0,-0.04500000000000037,0.0,0.0,0.0,0.0,0.0,-0.03099999999999703,0.0,0.0
GLY 509,R GLY 509,0.0,0.0,0.0,-0.0009999999999998899,0.0,0.0,0.012999999999991019,0.0,0.0,-0.007000000000000117,0.0,0.0,0.0,0.0,0.0,0.004999999999993676,0.0,0.0
GLY 510,R GLY 510,0.0,0.0,0.0,-0.0019999999999997797,0.0,0.0,0.010000000000005116,0.0,0.0,0.017000000000000348,0.0,0.0,0.0,0.0,0.0,0.024999999999995914,0.0,0.0
LEU 511,R LEU 511,0.0,0.0,0.0,-0.019000000000000128,0.0,0.0,-0.022999999999996135,0.0,0.0,0.07799999999999985,0.0,0.0,0.0,0.0,0.0,0.03600000000000492,0.0,0.0
ASP 512,R ASP 512,0.0,0.0,0.0,-0.0129999999999999,0.0,0.0,0.46399999999999864,0.0,0.0,-0.4069999999999965,0.0,0.0,0.0,0.0,0.0,0.04400000000001114,0.0,0.0
ILE 513,R ILE 513,0.0,0.0,0.0,-0.0519999999999996,0.0,0.0,0.06399999999999295,0.0,0.0,-0.0690000000000004,0.0,0.0,0.0,0.0,0.0,-0.05699999999999861,0.0,0.0
HIE 514,R HIE 514,0.0,0.0,0.0,-0.009000000000000341,0.0,0.0,0.016999999999995907,0.0,0.0,0.024999999999999467,0.0,0.0,0.0,0.0,0.0,0.03299999999999592,0.0,0.0
LYS 515,R LYS 515,0.0,0.0,0.0,-0.009000000000000341,0.0,0.0,-0.47399999999998954,0.0,0.0,0.5649999999999977,0.0,0.0,0.0,0.0,0.0,0.08200000000000784,0.0,0.0
LYS 516,R LYS 516,0.0,0.0,0.0,-0.2030000000000003,0.0,0.0,-1.4160000000000252,0.0,0.0,2.063999999999993,0.0,0.0,-0.1551384,0.0,0.0,0.2898615999999645,0.0,0.0
MET 517,R MET 517,0.0,0.0,0.0,-0.014999999999998792,0.0,0.0,-0.012000000000000455,0.0,0.0,0.05400000000000027,0.0,0.0,0.0,0.0,0.0,0.026999999999999247,0.0,0.0
VAL 518,R VAL 518,0.0,0.0,0.0,-0.004999999999999893,0.0,0.0,0.028999999999996362,0.0,0.0,-0.0020000000000000018,0.0,0.0,0.0,0.0,0.0,0.021999999999994913,0.0,0.0
VAL 519,R VAL 519,0.0,0.0,0.0,-0.0030000000000001137,0.0,0.0,0.0009999999999976694,0.0,0.0,0.009000000000000008,0.0,0.0,0.0,0.0,0.0,0.006999999999997897,0.0,0.0
ASP 520,R ASP 520,0.0,0.0,0.0,-0.001000000000000334,0.0,0.0,0.30799999999999983,0.0,0.0,-0.30100000000001614,0.0,0.0,0.0,0.0,0.0,0.0059999999999860165,0.0,0.0
VAL 521,R VAL 521,0.0,0.0,0.0,-0.0009999999999994458,0.0,0.0,0.17300000000000182,0.0,0.0,-0.17600000000001614,0.0,0.0,0.0,0.0,0.0,-0.004000000000019099,0.0,0.0
GLY 522,R GLY 522,0.0,0.0,0.0,-0.0039999999999995595,0.0,0.0,-0.3400000000000034,0.0,0.0,0.4899999999999949,0.0,0.0,0.0,0.0,0.0,0.1460000000000008,0.0,0.0
VAL 523,R VAL 523,0.0,0.0,0.0,-0.013000000000001677,0.0,0.0,-0.02499999999999858,0.0,0.0,-0.020000000000000018,0.0,0.0,0.0,0.0,0.0,-0.05799999999999805,0.0,0.0
GLN 524,R GLN 524,0.0,0.0,0.0,-0.0030000000000001137,0.0,0.0,0.0,0.0,0.0,0.014999999999998792,0.0,0.0,0.0,0.0,0.0,0.012000000000000455,0.0,0.0
VAL 525,R VAL 525,0.0,0.0,0.0,-0.004000000000000448,0.0,0.0,0.0030000000000001137,0.0,0.0,-0.004999999999999893,0.0,0.0,0.0,0.0,0.0,-0.006000000000007333,0.0,0.0
GLU 526,R GLU 526,0.0,0.0,0.0,-0.0030000000000001137,0.0,0.0,0.254999999999999,0.0,0.0,-0.25,0.0,0.0,0.0,0.0,0.0,0.0020000000000095497,0.0,0.0
THR 527,R THR 527,0.0,0.0,0.0,-0.001000000000000334,0.0,0.0,0.017999999999993577,0.0,0.0,-0.008999999999998565,0.0,0.0,0.0,0.0,0.0,0.007999999999995566,0.0,0.0
ILE 528,R ILE 528,0.0,0.0,0.0,-0.002000000000000668,0.0,0.0,0.005000000000002558,0.0,0.0,0.0040000000000000036,0.0,0.0,0.0,0.0,0.0,0.007000000000000561,0.0,0.0
SER 529,R SER 529,0.0,0.0,0.0,-0.0009999999999994458,0.0,0.0,0.0010000000000047748,0.0,0.0,-0.011000000000001009,0.0,0.0,0.0,0.0,0.0,-0.011000000000001009,0.0,0.0
PRO 530,R PRO 530,0.0,0.0,0.0,-0.001000000000000334,0.0,0.0,-0.0010000000000047748,0.0,0.0,0.0009999999999994458,0.0,0.0,0.0,0.0,0.0,-0.001000000000010104,0.0,0.0
GLY 531,R GLY 531,0.0,0.0,0.0,0.0,0.0,0.0,0.014000000000010004,0.0,0.0,-0.01200000000000001,0.0,0.0,0.0,0.0,0.0,0.002000000000011326,0.0,0.0
ASP 532,R ASP 532,0.0,0.0,0.0,0.0,0.0,0.0,-0.14999999999999858,0.0,0.0,0.14300000000000068,0.0,0.0,0.0,0.0,0.0,-0.007000000000005002,0.0,0.0
GLY 533,R GLY 533,0.0,0.0,0.0,-0.0009999999999998899,0.0,0.0,0.0040000000000048885,0.0,0.0,-0.0030000000000001137,0.0,0.0,0.0,0.0,0.0,1.4210854715202004e-14,0.0,0.0
ARG 534,R ARG 534,0.0,0.0,0.0,-0.001000000000000334,0.0,0.0,0.11200000000000188,0.0,0.0,-0.10499999999999687,0.0,0.0,0.0,0.0,0.0,0.006000000000028649,0.0,0.0
THR 535,R THR 535,0.0,0.0,0.0,0.0,0.0,0.0,-0.0009999999999976694,0.0,0.0,0.0030000000000001137,0.0,0.0,0.0,0.0,0.0,0.0020000000000024443,0.0,0.0
PHE 536,R PHE 536,0.0,0.0,0.0,-0.0009999999999994458,0.0,0.0,0.0,0.0,0.0,0.0040000000000000036,0.0,0.0,0.0,0.0,0.0,0.0029999999999947846,0.0,0.0
PRO 537,R PRO 537,0.0,0.0,0.0,-0.004000000000000448,0.0,0.0,0.028999999999996362,0.0,0.0,-0.0040000000000000036,0.0,0.0,0.0,0.0,0.0,0.020999999999990138,0.0,0.0
LYS 538,R LYS 538,0.0,0.0,0.0,-0.0019999999999997797,0.0,0.0,0.11299999999999955,0.0,0.0,-0.0990000000000002,0.0,0.0,0.0,0.0,0.0,0.011999999999989797,0.0,0.0
ALA 539,R ALA 539,0.0,0.0,0.0,-0.002000000000000224,0.0,0.0,-0.0030000000000001137,0.0,0.0,0.019000000000000017,0.0,0.0,0.0,0.0,0.0,0.014000000000004231,0.0,0.0
GLY 540,R GLY 540,0.0,0.0,0.0,-0.002000000000000224,0.0,0.0,-0.01100000000000989,0.0,0.0,0.027000000000000135,0.0,0.0,0.0,0.0,0.0,0.013999999999995794,0.0,0.0
GLN 541,R GLN 541,0.0,0.0,0.0,-0.005000000000000782,0.0,0.0,0.0040000000000048885,0.0,0.0,-0.025000000000000355,0.0,0.0,0.0,0.0,0.0,-0.02599999999999625,0.0,0.0
THR 542,R THR 542,0.0,0.0,0.0,-0.010999999999999233,0.0,0.0,0.04899999999999949,0.0,0.0,-0.18199999999999994,0.0,0.0,0.0,0.0,0.0,-0.14399999999999835,0.0,0.0
CYS 543,R CYS 543,0.0,0.0,0.0,-0.02200000000000024,0.0,0.0,-0.0799999999999983,0.0,0.0,0.10099999999999998,0.0,0.0,0.0,0.0,0.0,-0.0010000000000038867,0.0,0.0
VAL 544,R VAL 544,0.0,0.0,0.0,-0.01699999999999946,0.0,0.0,0.07099999999999795,0.0,0.0,-0.19500000000000006,0.0,0.0,0.0,0.0,0.0,-0.14100000000000534,0.0,0.0
VAL 545,R VAL 545,0.0,0.0,0.0,-0.08699999999999974,0.0,0.0,-0.10500000000000398,0.0,0.0,-0.001000000000000334,0.0,0.0,0.0,0.0,0.0,-0.1930000000000014,0.0,0.0
HIE 546,R HIE 546,0.0,0.0,0.0,-0.041999999999999815,0.0,0.0,0.0049999999999954525,0.0,0.0,0.023000000000001464,0.0,0.0,0.0,0.0,0.0,-0.014000000000004675,0.0,0.0
TYR 547,R TYR 547,0.0,0.0,0.0,-2.741999999999999,0.0,0.0,0.09199999999999875,0.0,0.0,3.081,0.0,0.0,-0.1722744,0.0,0.0,0.2587256000000089,0.0,0.0
THR 548,R THR 548,0.0,0.0,0.0,-0.07899999999999885,0.0,0.0,-0.18299999999999983,0.0,0.0,-0.22199999999999998,0.0,0.0,0.0,0.0,0.0,-0.48399999999999466,0.0,0.0
GLY 549,R GLY 549,0.0,0.0,0.0,-0.19099999999999984,0.0,0.0,-0.38700000000000045,0.0,0.0,0.188,0.0,0.0,0.0,0.0,0.0,-0.39000000000000234,0.0,0.0
MET 550,R MET 550,0.0,0.0,0.0,-0.05699999999999861,0.0,0.0,0.10299999999999443,0.0,0.0,-0.06499999999999997,0.0,0.0,0.0,0.0,0.0,-0.019000000000007677,0.0,0.0
LEU 551,R LEU 551,0.0,0.0,0.0,-0.03900000000000148,0.0,0.0,0.015999999999991132,0.0,0.0,0.03699999999999992,0.0,0.0,0.0,0.0,0.0,0.013999999999992241,0.0,0.0
GLU 552,R GLU 552,0.0,0.0,0.0,-0.007000000000000561,0.0,0.0,0.4339999999999975,0.0,0.0,-0.3930000000000007,0.0,0.0,0.0,0.0,0.0,0.033999999999991815,0.0,0.0
ASP 553,R ASP 553,0.0,0.0,0.0,-0.0039999999999995595,0.0,0.0,0.44099999999999984,0.0,0.0,-0.41900000000001114,0.0,0.0,0.0,0.0,0.0,0.01799999999998647,0.0,0.0
GLY 554,R GLY 554,0.0,0.0,0.0,-0.0029999999999996696,0.0,0.0,-0.031999999999996476,0.0,0.0,0.04500000000000004,0.0,0.0,0.0,0.0,0.0,0.01000000000000334,0.0,0.0
LYS 555,R LYS 555,0.0,0.0,0.0,-0.013999999999999346,0.0,0.0,-0.33799999999999386,0.0,0.0,0.4469999999999885,0.0,0.0,0.0,0.0,0.0,0.09499999999999886,0.0,0.0
LYS 556,R LYS 556,0.0,0.0,0.0,-0.041999999999999815,0.0,0.0,-0.0010000000000047748,0.0,0.0,0.10699999999999932,0.0,0.0,0.0,0.0,0.0,0.06399999999999295,0.0,0.0
PHE 557,R PHE 557,0.0,0.0,0.0,-1.048,0.0,0.0,-0.5030000000000001,0.0,0.0,0.4169999999999998,0.0,0.0,-0.07438320000000001,0.0,0.0,-1.2083831999999877,0.0,0.0
ASP 558,R ASP 558,0.0,0.0,0.0,-1.9909999999999997,0.0,0.0,-4.397000000000002,0.0,0.0,11.674999999999997,0.0,0.0,-0.11993759999999999,0.0,0.0,5.167062399999992,0.0,0.0
SER 559,R SER 559,0.0,0.0,0.0,-0.17300000000000004,0.0,0.0,-0.12299999999999756,0.0,0.0,0.13900000000000023,0.0,0.0,0.0,0.0,0.0,-0.15699999999999825,0.0,0.0
SER 560,R SER 560,0.0,0.0,0.0,-0.16300000000000026,0.0,0.0,0.12000000000000455,0.0,0.0,-0.11699999999999999,0.0,0.0,0.0,0.0,0.0,-0.15999999999999215,0.0,0.0
ARG 561,R ARG 561,0.0,0.0,0.0,-0.032999999999999474,0.0,0.0,0.2740000000000009,0.0,0.0,-0.22100000000000364,0.0,0.0,0.0,0.0,0.0,0.01999999999998181,0.0,0.0
ASP 562,R ASP 562,0.0,0.0,0.0,-0.05299999999999905,0.0,0.0,-0.5939999999999999,0.0,0.0,0.575000000000017,0.0,0.0,0.0,0.0,0.0,-0.0719999999999743,0.0,0.0
ARG 563,R ARG 563,0.0,0.0,0.0,-1.254999999999999,0.0,0.0,3.0360000000000014,0.0,0.0,-2.6229999999999905,0.0,0.0,-0.061466400000000004,0.0,0.0,-0.903466399999985,0.0,0.0
ASN 564,R ASN 564,0.0,0.0,0.0,-0.0129999999999999,0.0,0.0,0.04599999999999227,0.0,0.0,0.08800000000000097,0.0,0.0,0.0,0.0,0.0,0.12099999999999511,0.0,0.0
LYS 565,R LYS 565,0.0,0.0,0.0,-0.06900000000000084,0.0,0.0,0.8329999999999984,0.0,0.0,-0.5640000000000001,0.0,0.0,0.0,0.0,0.0,0.19999999999999574,0.0,0.0
PRO 566,R PRO 566,0.0,0.0,0.0,-0.045999999999999375,0.0,0.0,-0.027999999999991587,0.0,0.0,-0.03699999999999992,0.0,0.0,0.0,0.0,0.0,-0.11099999999999799,0.0,0.0
PHE 567,R PHE 567,0.0,0.0,0.0,-2.9239999999999977,0.0,0.0,-0.0350000000000108,0.0,0.0,0.08699999999999974,0.0,0.0,-0.2501352,0.0,0.0,-3.122135200000004,0.0,0.0
LYS 568,R LYS 568,0.0,0.0,0.0,-0.11899999999999977,0.0,0.0,0.7110000000000127,0.0,0.0,-0.5330000000000013,0.0,0.0,0.0,0.0,0.0,0.05900000000001171,0.0,0.0
PHE 569,R PHE 569,0.0,0.0,0.0,-0.3019999999999996,0.0,0.0,-0.06100000000000705,0.0,0.0,0.1279999999999999,0.0,0.0,0.0,0.0,0.0,-0.23500000000001364,0.0,0.0
MET 570,R MET 570,0.0,0.0,0.0,-0.03200000000000003,0.0,0.0,0.016000000000005343,0.0,0.0,-0.02300000000000013,0.0,0.0,0.0,0.0,0.0,-0.038999999999991264,0.0,0.0
LEU 571,R LEU 571,0.0,0.0,0.0,-0.017999999999998906,0.0,0.0,-0.022999999999996135,0.0,0.0,0.019000000000000128,0.0,0.0,0.0,0.0,0.0,-0.021999999999998465,0.0,0.0
GLY 572,R GLY 572,0.0,0.0,0.0,-0.006999999999999673,0.0,0.0,0.02199999999999136,0.0,0.0,0.03299999999999992,0.0,0.0,0.0,0.0,0.0,0.047999999999986276,0.0,0.0
LYS 573,R LYS 573,0.0,0.0,0.0,-0.0259999999999998,0.0,0.0,0.23500000000001364,0.0,0.0,-0.09100000000000819,0.0,0.0,0.0,0.0,0.0,0.11800000000000921,0.0,0.0
GLN 574,R GLN 574,0.0,0.0,0.0,-0.10499999999999998,0.0,0.0,0.009000000000000341,0.0,0.0,0.1039999999999992,0.0,0.0,0.0,0.0,0.0,0.008000000000009777,0.0,0.0
GLU 575,R GLU 575,0.0,0.0,0.0,-0.8920000000000012,0.0,0.0,-1.4250000000000007,0.0,0.0,3.1069999999999993,0.0,0.0,-0.13527360000000002,0.0,0.0,0.6547263999999942,0.0,0.0
VAL 576,R VAL 576,0.0,0.0,0.0,-1.657,0.0,0.0,-1.5989999999999966,0.0,0.0,0.14500000000000046,0.0,0.0,-0.1379232,0.0,0.0,-3.2489231999999983,0.0,0.0
ILE 577,R ILE 577,0.0,0.0,0.0,-2.058,0.0,0.0,-2.0309999999999917,0.0,0.0,0.6780000000000002,0.0,0.0,-0.1697472,0.0,0.0,-3.5807471999999843,0.0,0.0
ARG 578,R ARG 578,0.0,0.0,0.0,-0.10400000000000098,0.0,0.0,-0.5130000000000052,0.0,0.0,0.7580000000000098,0.0,0.0,0.0,0.0,0.0,0.14099999999999113,0.0,0.0
GLY 579,R GLY 579,0.0,0.0,0.0,-0.04600000000000026,0.0,0.0,-0.11199999999999477,0.0,0.0,0.17099999999999993,0.0,0.0,0.0,0.0,0.0,0.012999999999998124,0.0,0.0
TRP 580,R TRP 580,0.0,0.0,0.0,-2.2079999999999984,0.0,0.0,-1.0180000000000007,0.0,0.0,0.4079999999999999,0.0,0.0,-0.0664776,0.0,0.0,-2.8844775999999994,0.0,0.0
GLU 581,R GLU 581,0.0,0.0,0.0,-0.06899999999999906,0.0,0.0,-0.08499999999999996,0.0,0.0,0.17599999999998772,0.0,0.0,0.0,0.0,0.0,0.02199999999997715,0.0,0.0
GLU 582,R GLU 582,0.0,0.0,0.0,-0.0129999999999999,0.0,0.0,0.20700000000000074,0.0,0.0,-0.19599999999999795,0.0,0.0,0.0,0.0,0.0,-0.001999999999995339,0.0,0.0
GLY 583,R GLY 583,0.0,0.0,0.0,-0.008000000000000007,0.0,0.0,-0.007999999999995566,0.0,0.0,-0.067,0.0,0.0,0.0,0.0,0.0,-0.0829999999999913,0.0,0.0
VAL 584,R VAL 584,0.0,0.0,0.0,-0.03900000000000148,0.0,0.0,0.013999999999995794,0.0,0.0,-0.11000000000000004,0.0,0.0,0.0,0.0,0.0,-0.13500000000000512,0.0,0.0
ALA 585,R ALA 585,0.0,0.0,0.0,-0.004000000000000448,0.0,0.0,-0.017000000000010118,0.0,0.0,0.06699999999999995,0.0,0.0,0.0,0.0,0.0,0.04599999999999915,0.0,0.0
GLN 586,R GLN 586,0.0,0.0,0.0,-0.004000000000000448,0.0,0.0,-0.006000000000000227,0.0,0.0,0.041999999999999815,0.0,0.0,0.0,0.0,0.0,0.03200000000000358,0.0,0.0
MET 587,R MET 587,0.0,0.0,0.0,-0.007999999999999119,0.0,0.0,-0.0049999999999954525,0.0,0.0,0.022999999999999993,0.0,0.0,0.0,0.0,0.0,0.010000000000008669,0.0,0.0
SER 588,R SER 588,0.0,0.0,0.0,-0.002000000000000668,0.0,0.0,-0.015000000000000568,0.0,0.0,0.009000000000000341,0.0,0.0,0.0,0.0,0.0,-0.008000000000009777,0.0,0.0
VAL 589,R VAL 589,0.0,0.0,0.0,-0.0009999999999994458,0.0,0.0,0.021999999999998465,0.0,0.0,-0.014999999999999902,0.0,0.0,0.0,0.0,0.0,0.006000000000000227,0.0,0.0
GLY 590,R GLY 590,0.0,0.0,0.0,-0.0009999999999994458,0.0,0.0,0.015999999999991132,0.0,0.0,-0.004999999999999977,0.0,0.0,0.0,0.0,0.0,0.009999999999985576,0.0,0.0
GLN 591,R GLN 591,0.0,0.0,0.0,-0.0030000000000001137,0.0,0.0,-0.046999999999997044,0.0,0.0,0.03300000000000036,0.0,0.0,0.0,0.0,0.0,-0.016999999999995907,0.0,0.0
ARG 592,R ARG 592,0.0,0.0,0.0,-0.005000000000000782,0.0,0.0,0.031999999999996476,0.0,0.0,-0.026999999999986812,0.0,0.0,0.0,0.0,0.0,0.0,0.0,0.0
ALA 593,R ALA 593,0.0,0.0,0.0,-0.0039999999999995595,0.0,0.0,-0.010000000000005116,0.0,0.0,0.025,0.0,0.0,0.0,0.0,0.0,0.010999999999989907,0.0,0.0
LYS 594,R LYS 594,0.0,0.0,0.0,-0.006999999999999673,0.0,0.0,-0.3610000000000184,0.0,0.0,0.3889999999999958,0.0,0.0,0.0,0.0,0.0,0.020999999999986585,0.0,0.0
LEU 595,R LEU 595,0.0,0.0,0.0,-0.04100000000000037,0.0,0.0,0.0899999999999892,0.0,0.0,-0.11599999999999999,0.0,0.0,0.0,0.0,0.0,-0.06700000000000728,0.0,0.0
THR 596,R THR 596,0.0,0.0,0.0,-0.009000000000000341,0.0,0.0,-0.03599999999999426,0.0,0.0,0.018000000000000016,0.0,0.0,0.0,0.0,0.0,-0.026999999999993918,0.0,0.0
ILE 597,R ILE 597,0.0,0.0,0.0,-0.0990000000000002,0.0,0.0,0.013999999999995794,0.0,0.0,-0.05500000000000016,0.0,0.0,0.0,0.0,0.0,-0.14000000000000146,0.0,0.0
SER 598,R SER 598,0.0,0.0,0.0,-0.016000000000000014,0.0,0.0,0.09199999999999875,0.0,0.0,-0.11399999999999899,0.0,0.0,0.0,0.0,0.0,-0.038000000000005585,0.0,0.0
PRO 599,R PRO 599,0.0,0.0,0.0,-0.03500000000000014,0.0,0.0,-0.04099999999999682,0.0,0.0,0.06499999999999995,0.0,0.0,0.0,0.0,0.0,-0.01100000000000012,0.0,0.0
ASP 600,R ASP 600,0.0,0.0,0.0,-0.028999999999999915,0.0,0.0,0.38899999999999935,0.0,0.0,-0.33600000000001273,0.0,0.0,0.0,0.0,0.0,0.023999999999993804,0.0,0.0
TYR 601,R TYR 601,0.0,0.0,0.0,-0.07099999999999973,0.0,0.0,0.10899999999999466,0.0,0.0,-0.18300000000000027,0.0,0.0,0.0,0.0,0.0,-0.14500000000000313,0.0,0.0
ALA 602,R ALA 602,0.0,0.0,0.0,-0.44099999999999984,0.0,0.0,-0.5720000000000027,0.0,0.0,1.2349999999999999,0.0,0.0,-0.07233119999999998,0.0,0.0,0.14966879999999438,0.0,0.0
TYR 603,R TYR 603,0.0,0.0,0.0,-3.5389999999999997,0.0,0.0,0.21699999999999875,0.0,0.0,4.1930000000000005,0.0,0.0,-0.45656640000000004,0.0,0.0,0.41443359999999885,0.0,0.0
GLY 604,R GLY 604,0.0,0.0,0.0,-0.06099999999999994,0.0,0.0,-0.03700000000000614,0.0,0.0,0.04400000000000048,0.0,0.0,0.0,0.0,0.0,-0.05399999999999938,0.0,0.0
ALA 605,R ALA 605,0.0,0.0,0.0,-0.016000000000000014,0.0,0.0,0.007999999999995566,0.0,0.0,0.014000000000000234,0.0,0.0,0.0,0.0,0.0,0.005999999999990457,0.0,0.0
THR 606,R THR 606,0.0,0.0,0.0,-0.10599999999999987,0.0,0.0,0.012999999999998124,0.0,0.0,0.0990000000000002,0.0,0.0,-0.0038231999999999156,0.0,0.0,0.0021767999999937615,0.0,0.0
GLY 607,R GLY 607,0.0,0.0,0.0,-0.13100000000000023,0.0,0.0,-0.054000000000002046,0.0,0.0,0.22499999999999998,0.0,0.0,-0.002375999999999996,0.0,0.0,0.037623999999998325,0.0,0.0
HIE 608,R HIE 608,0.0,0.0,0.0,-3.264000000000001,0.0,0.0,-0.21699999999999875,0.0,0.0,2.88,0.0,0.0,-0.2585808,0.0,0.0,-0.8595807999999892,0.0,0.0
PRO 609,R PRO 609,0.0,0.0,0.0,-0.17499999999999982,0.0,0.0,-0.1109999999999971,0.0,0.0,0.5289999999999999,0.0,0.0,0.0,0.0,0.0,0.24300000000000566,0.0,0.0
GLY 610,R GLY 610,0.0,0.0,0.0,-0.051000000000000156,0.0,0.0,-0.0010000000000047748,0.0,0.0,-0.0019999999999997797,0.0,0.0,0.0,0.0,0.0,-0.05400000000000649,0.0,0.0
ILE 611,R ILE 611,0.0,0.0,0.0,-1.6509999999999998,0.0,0.0,-0.02200000000000557,0.0,0.0,-0.21199999999999997,0.0,0.0,-0.1109808,0.0,0.0,-1.9959808000000017,0.0,0.0
ILE 612,R ILE 612,0.0,0.0,0.0,-0.8569999999999993,0.0,0.0,-0.0309999999999917,0.0,0.0,0.006000000000000005,0.0,0.0,-0.031644000000000005,0.0,0.0,-0.9136439999999908,0.0,0.0
PRO 613,R PRO 613,0.0,0.0,0.0,-0.036000000000000476,0.0,0.0,0.036999999999999034,0.0,0.0,0.05600000000000005,0.0,0.0,0.0,0.0,0.0,0.05699999999999861,0.0,0.0
PRO 614,R PRO 614,0.0,0.0,0.0,-0.016000000000000014,0.0,0.0,0.01899999999999835,0.0,0.0,0.0389999999999997,0.0,0.0,0.0,0.0,0.0,0.041999999999994486,0.0,0.0
HIE 615,R HIE 615,0.0,0.0,0.0,-0.009999999999999787,0.0,0.0,0.012000000000000455,0.0,0.0,0.045999999999999375,0.0,0.0,0.0,0.0,0.0,0.047999999999994714,0.0,0.0
ALA 616,R ALA 616,0.0,0.0,0.0,-0.020999999999999908,0.0,0.0,0.03700000000000614,0.0,0.0,-0.01899999999999999,0.0,0.0,0.0,0.0,0.0,-0.0029999999999946736,0.0,0.0
THR 617,R THR 617,0.0,0.0,0.0,-0.016000000000000014,0.0,0.0,-0.009000000000000341,0.0,0.0,-0.05500000000000016,0.0,0.0,0.0,0.0,0.0,-0.08000000000000185,0.0,0.0
LEU 618,R LEU 618,0.0,0.0,0.0,-0.2679999999999989,0.0,0.0,-0.12300000000000466,0.0,0.0,0.008000000000000007,0.0,0.0,0.0,0.0,0.0,-0.3830000000000062,0.0,0.0
VAL 619,R VAL 619,0.0,0.0,0.0,-0.030999999999998806,0.0,0.0,0.14399999999999835,0.0,0.0,-0.19700000000000006,0.0,0.0,0.0,0.0,0.0,-0.08400000000000052,0.0,0.0
PHE 620,R PHE 620,0.0,0.0,0.0,-0.7160000000000011,0.0,0.0,-0.8789999999999907,0.0,0.0,0.4009999999999998,0.0,0.0,-0.08163359999999999,0.0,0.0,-1.2756335999999848,0.0,0.0
ASP 621,R ASP 621,0.0,0.0,0.0,-0.022999999999999687,0.0,0.0,0.054999999999999716,0.0,0.0,-0.024999999999991473,0.0,0.0,0.0,0.0,0.0,0.007000000000012108,0.0,0.0
VAL 622,R VAL 622,0.0,0.0,0.0,-0.06300000000000061,0.0,0.0,0.07900000000000063,0.0,0.0,-0.263,0.0,0.0,0.0,0.0,0.0,-0.2469999999999999,0.0,0.0
GLU 623,R GLU 623,0.0,0.0,0.0,-0.011000000000001009,0.0,0.0,-0.3639999999999999,0.0,0.0,0.39099999999999113,0.0,0.0,0.0,0.0,0.0,0.01599999999997692,0.0,0.0
LEU 624,R LEU 624,0.0,0.0,0.0,-0.009000000000000341,0.0,0.0,0.028999999999996362,0.0,0.0,-0.11099999999999999,0.0,0.0,0.0,0.0,0.0,-0.09100000000000463,0.0,0.0
LEU 625,R LEU 625,0.0,0.0,0.0,-0.007999999999999119,0.0,0.0,0.054000000000002046,0.0,0.0,-0.08300000000000018,0.0,0.0,0.0,0.0,0.0,-0.03699999999999193,0.0,0.0
LYS 626,R LYS 626,0.0,0.0,0.0,-0.004000000000001336,0.0,0.0,0.36199999999999477,0.0,0.0,-0.31800000000000495,0.0,0.0,0.0,0.0,0.0,0.039999999999984936,0.0,0.0
LEU 627,R LEU 627,0.0,0.0,0.0,-0.0029999999999983373,0.0,0.0,0.001999999999995339,0.0,0.0,0.0019999999999997797,0.0,0.0,0.0,0.0,0.0,0.0009999999999941167,0.0,0.0
GLU 628,R GLU 628,0.0,0.0,0.0,-0.004999999999999005,0.0,0.0,-0.97,0.0,0.0,0.9840000000000089,0.0,0.0,0.0,0.0,0.0,0.009000000000000341,0.0,0.0
FK5 629,L FK5   1,0.0,0.0,0.0,-53.19699999999999,0.0,0.0,-14.495999999999999,0.0,0.0,19.253,0.0,0.0,-6.862874399999999,0.0,0.0,-55.302874399999965,0.0,0.0

Sidechain Energy Decomposition:
Residue,Location,Internal,,,van der Waals,,,Electrostatic,,,Polar Solvation,,,Non-Polar Solv.,,,TOTAL,,
,,Avg.,Std. Dev.,Std. Err. of Mean,Avg.,Std. Dev.,Std. Err. of Mean,Avg.,Std. Dev.,Std. Err. of Mean,Avg.,Std. Dev.,Std. Err. of Mean,Avg.,Std. Dev.,Std. Err. of Mean
VAL   1,R VAL   1,0.0,0.0,0.0,-0.0009999999999998899,0.0,0.0,0.03200000000000003,0.0,0.0,-0.02099999999999902,0.0,0.0,0.0,0.0,0.0,0.009999999999999787,0.0,0.0
PRO   2,R PRO   2,0.0,0.0,0.0,-0.0009999999999998899,0.0,0.0,0.041999999999999815,0.0,0.0,-0.0389999999999997,0.0,0.0,0.0,0.0,0.0,0.002000000000000668,0.0,0.0
PHE   3,R PHE   3,0.0,0.0,0.0,-0.0009999999999994458,0.0,0.0,0.0020000000000000018,0.0,0.0,-0.01100000000000001,0.0,0.0,0.0,0.0,0.0,-0.009999999999998899,0.0,0.0
PRO   4,R PRO   4,0.0,0.0,0.0,-0.0009999999999994458,0.0,0.0,0.03200000000000003,0.0,0.0,-0.02400000000000091,0.0,0.0,0.0,0.0,0.0,0.006999999999997897,0.0,0.0
PRO   5,R PRO   5,0.0,0.0,0.0,0.0,0.0,0.0,0.020999999999997243,0.0,0.0,-0.019999999999999574,0.0,0.0,0.0,0.0,0.0,0.0009999999999976694,0.0,0.0
SER   6,R SER   6,0.0,0.0,0.0,0.0,0.0,0.0,0.0030000000000001137,0.0,0.0,-0.0020000000000000018,0.0,0.0,0.0,0.0,0.0,0.0009999999999998899,0.0,0.0
HIE   7,R HIE   7,0.0,0.0,0.0,0.0,0.0,0.0,-0.0009999999999994458,0.0,0.0,0.001000000000000334,0.0,0.0,0.0,0.0,0.0,0.0,0.0,0.0
ARG   8,R ARG   8,0.0,0.0,0.0,0.0,0.0,0.0,0.01999999999999602,0.0,0.0,-0.02099999999999369,0.0,0.0,0.0,0.0,0.0,-0.0010000000000047748,0.0,0.0
LEU   9,R LEU   9,0.0,0.0,0.0,0.0,0.0,0.0,0.0019999999999997797,0.0,0.0,0.0,0.0,0.0,0.0,0.0,0.0,0.0019999999999988916,0.0,0.0
THR  10,R THR  10,0.0,0.0,0.0,0.0,0.0,0.0,0.0,0.0,0.0,0.0009999999999994458,0.0,0.0,0.0,0.0,0.0,0.0010000000000012221,0.0,0.0
ALA  11,R ALA  11,0.0,0.0,0.0,0.0,0.0,0.0,0.0010000000000000009,0.0,0.0,0.0,0.0,0.0,0.0,0.0,0.0,0.0009999999999998899,0.0,0.0
LYS  12,R LYS  12,0.0,0.0,0.0,0.0,0.0,0.0,0.011000000000002785,0.0,0.0,-0.010999999999999233,0.0,0.0,0.0,0.0,0.0,3.552713678800501e-15,0.0,0.0
GLU  13,R GLU  13,0.0,0.0,0.0,0.0,0.0,0.0,-0.04100000000000037,0.0,0.0,0.04099999999999682,0.0,0.0,0.0,0.0,0.0,0.0,0.0,0.0
VAL  14,R VAL  14,0.0,0.0,0.0,0.0,0.0,0.0,0.0009999999999994458,0.0,0.0,0.0,0.0,0.0,0.0,0.0,0.0,0.0009999999999994458,0.0,0.0
PHE  15,R PHE  15,0.0,0.0,0.0,0.0,0.0,0.0,0.0,0.0,0.0,0.0,0.0,0.0,0.0,0.0,0.0,0.0,0.0,0.0
ASP  16,R ASP  16,0.0,0.0,0.0,0.0,0.0,0.0,-0.022999999999999687,0.0,0.0,0.023000000000010346,0.0,0.0,0.0,0.0,0.0,1.4210854715202004e-14,0.0,0.0
ASN  17,R ASN  17,0.0,0.0,0.0,0.0,0.0,0.0,0.0,0.0,0.0,0.0009999999999994458,0.0,0.0,0.0,0.0,0.0,0.000999999999990564,0.0,0.0
ASP  18,R ASP  18,0.0,0.0,0.0,0.0,0.0,0.0,-0.018000000000000682,0.0,0.0,0.017000000000010118,0.0,0.0,0.0,0.0,0.0,-0.000999999999990564,0.0,0.0
GLY  19,R GLY  19,0.0,0.0,0.0,0.0,0.0,0.0,-0.0009999999999998899,0.0,0.0,0.001000000000000112,0.0,0.0,0.0,0.0,0.0,2.220446049250313e-16,0.0,0.0
LYS  20,R LYS  20,0.0,0.0,0.0,0.0,0.0,0.0,0.015999999999991132,0.0,0.0,-0.015999999999998238,0.0,0.0,0.0,0.0,0.0,-7.105427357601002e-15,0.0,0.0
PRO  21,R PRO  21,0.0,0.0,0.0,0.0,0.0,0.0,0.004999999999999005,0.0,0.0,-0.004999999999999005,0.0,0.0,0.0,0.0,0.0,0.0,0.0,0.0
ARG  22,R ARG  22,0.0,0.0,0.0,0.0,0.0,0.0,0.028000000000005798,0.0,0.0,-0.027999999999998693,0.0,0.0,0.0,0.0,0.0,0.0,0.0,0.0
VAL  23,R VAL  23,0.0,0.0,0.0,0.0,0.0,0.0,0.0009999999999994458,0.0,0.0,0.0,0.0,0.0,0.0,0.0,0.0,0.0009999999999994458,0.0,0.0
ASP  24,R ASP  24,0.0,0.0,0.0,0.0,0.0,0.0,-0.04299999999999926,0.0,0.0,0.042999999999992156,0.0,0.0,0.0,0.0,0.0,-7.105427357601002e-15,0.0,0.0
ILE  25,R ILE  25,0.0,0.0,0.0,-0.0009999999999994458,0.0,0.0,0.001000000000000112,0.0,0.0,-0.0009999999999998899,0.0,0.0,0.0,0.0,0.0,-0.0009999999999994458,0.0,0.0
LEU  26,R LEU  26,0.0,0.0,0.0,0.0,0.0,0.0,0.001000000000000334,0.0,0.0,0.0009999999999998899,0.0,0.0,0.0,0.0,0.0,0.0020000000000024443,0.0,0.0
LYS  27,R LYS  27,0.0,0.0,0.0,0.0,0.0,0.0,0.0799999999999983,0.0,0.0,-0.08099999999999952,0.0,0.0,0.0,0.0,0.0,-0.0010000000000012221,0.0,0.0
ALA  28,R ALA  28,0.0,0.0,0.0,0.0,0.0,0.0,0.0029999999999998916,0.0,0.0,-0.0030000000000001137,0.0,0.0,0.0,0.0,0.0,0.0,0.0,0.0
HIE  29,R HIE  29,0.0,0.0,0.0,0.0,0.0,0.0,-0.005999999999998451,0.0,0.0,0.0050000000000000044,0.0,0.0,0.0,0.0,0.0,-0.0009999999999976694,0.0,0.0
LEU  30,R LEU  30,0.0,0.0,0.0,-0.0009999999999994458,0.0,0.0,0.001000000000000334,0.0,0.0,0.0019999999999997797,0.0,0.0,0.0,0.0,0.0,0.0019999999999988916,0.0,0.0
MET  31,R MET  31,0.0,0.0,0.0,0.0,0.0,0.0,0.0010000000000000009,0.0,0.0,-0.0010000000000000009,0.0,0.0,0.0,0.0,0.0,0.0,0.0,0.0
LYS  32,R LYS  32,0.0,0.0,0.0,0.0,0.0,0.0,0.07200000000000273,0.0,0.0,-0.07699999999999818,0.0,0.0,0.0,0.0,0.0,-0.0049999999999954525,0.0,0.0
GLU  33,R GLU  33,0.0,0.0,0.0,-0.0009999999999994458,0.0,0.0,-0.20400000000000063,0.0,0.0,0.18999999999999773,0.0,0.0,0.0,0.0,0.0,-0.015000000000000568,0.0,0.0
GLY  34,R GLY  34,0.0,0.0,0.0,0.0,0.0,0.0,-0.002000000000000224,0.0,0.0,0.0019999999999997797,0.0,0.0,0.0,0.0,0.0,-4.440892098500626e-16,0.0,0.0
ARG  35,R ARG  35,0.0,0.0,0.0,-0.001000000000000334,0.0,0.0,0.044000000000004036,0.0,0.0,-0.036999999999999034,0.0,0.0,0.0,0.0,0.0,0.005999999999943384,0.0,0.0
LEU  36,R LEU  36,0.0,0.0,0.0,0.0,0.0,0.0,0.001000000000000334,0.0,0.0,0.0009999999999998899,0.0,0.0,0.0,0.0,0.0,0.0019999999999988916,0.0,0.0
GLU  37,R GLU  37,0.0,0.0,0.0,0.0,0.0,0.0,-0.022000000000002018,0.0,0.0,0.021000000000000796,0.0,0.0,0.0,0.0,0.0,-0.0010000000000047748,0.0,0.0
GLU  38,R GLU  38,0.0,0.0,0.0,0.0,0.0,0.0,0.00999999999999801,0.0,0.0,-0.009999999999990905,0.0,0.0,0.0,0.0,0.0,0.0,0.0,0.0
THR  39,R THR  39,0.0,0.0,0.0,0.0,0.0,0.0,-0.0009999999999976694,0.0,0.0,0.0009999999999994458,0.0,0.0,0.0,0.0,0.0,0.0,0.0,0.0
VAL  40,R VAL  40,0.0,0.0,0.0,0.0,0.0,0.0,0.0009999999999994458,0.0,0.0,0.0,0.0,0.0,0.0,0.0,0.0,0.0009999999999994458,0.0,0.0
ALA  41,R ALA  41,0.0,0.0,0.0,0.0,0.0,0.0,0.0009999999999998899,0.0,0.0,0.0,0.0,0.0,0.0,0.0,0.0,0.0009999999999998899,0.0,0.0
LEU  42,R LEU  42,0.0,0.0,0.0,0.0,0.0,0.0,-0.001000000000000334,0.0,0.0,0.0009999999999998899,0.0,0.0,0.0,0.0,0.0,0.0,0.0,0.0
ARG  43,R ARG  43,0.0,0.0,0.0,0.0,0.0,0.0,0.01300000000000523,0.0,0.0,-0.013999999999999346,0.0,0.0,0.0,0.0,0.0,-0.0010000000000047748,0.0,0.0
ILE  44,R ILE  44,0.0,0.0,0.0,0.0,0.0,0.0,0.0010000000000000009,0.0,0.0,-0.0009999999999998899,0.0,0.0,0.0,0.0,0.0,2.220446049250313e-16,0.0,0.0
ILE  45,R ILE  45,0.0,0.0,0.0,0.0,0.0,0.0,0.0,0.0,0.0,0.0009999999999998899,0.0,0.0,0.0,0.0,0.0,0.0009999999999998899,0.0,0.0
THR  46,R THR  46,0.0,0.0,0.0,0.0,0.0,0.0,0.0009999999999976694,0.0,0.0,-0.001000000000000334,0.0,0.0,0.0,0.0,0.0,-3.552713678800501e-15,0.0,0.0
GLU  47,R GLU  47,0.0,0.0,0.0,0.0,0.0,0.0,-0.010999999999999233,0.0,0.0,0.010000000000005116,0.0,0.0,0.0,0.0,0.0,-0.0009999999999976694,0.0,0.0
GLY  48,R GLY  48,0.0,0.0,0.0,0.0,0.0,0.0,-0.0009999999999998899,0.0,0.0,0.0,0.0,0.0,0.0,0.0,0.0,-0.0009999999999998899,0.0,0.0
ALA  49,R ALA  49,0.0,0.0,0.0,0.0,0.0,0.0,0.0,0.0,0.0,0.0009999999999998899,0.0,0.0,0.0,0.0,0.0,0.0009999999999998899,0.0,0.0
SER  50,R SER  50,0.0,0.0,0.0,0.0,0.0,0.0,0.0010000000000000009,0.0,0.0,-0.0009999999999998899,0.0,0.0,0.0,0.0,0.0,0.0,0.0,0.0
ILE  51,R ILE  51,0.0,0.0,0.0,0.0,0.0,0.0,0.0,0.0,0.0,0.0,0.0,0.0,0.0,0.0,0.0,0.0,0.0,0.0
LEU  52,R LEU  52,0.0,0.0,0.0,0.0,0.0,0.0,0.0,0.0,0.0,0.0,0.0,0.0,0.0,0.0,0.0,0.0,0.0,0.0
ARG  53,R ARG  53,0.0,0.0,0.0,0.0,0.0,0.0,-0.012000000000000455,0.0,0.0,0.011000000000002785,0.0,0.0,0.0,0.0,0.0,-0.0010000000000047748,0.0,0.0
GLN  54,R GLN  54,0.0,0.0,0.0,0.0,0.0,0.0,-0.001000000000000112,0.0,0.0,0.001000000000000334,0.0,0.0,0.0,0.0,0.0,0.0,0.0,0.0
GLU  55,R GLU  55,0.0,0.0,0.0,0.0,0.0,0.0,-0.0030000000000001137,0.0,0.0,0.003999999999990678,0.0,0.0,0.0,0.0,0.0,0.000999999999990564,0.0,0.0
LYS  56,R LYS  56,0.0,0.0,0.0,0.0,0.0,0.0,-0.012000000000000455,0.0,0.0,0.013000000000001677,0.0,0.0,0.0,0.0,0.0,0.0010000000000012221,0.0,0.0
ASN  57,R ASN  57,0.0,0.0,0.0,0.0,0.0,0.0,0.0,0.0,0.0,0.0009999999999994458,0.0,0.0,0.0,0.0,0.0,0.0010000000000047748,0.0,0.0
LEU  58,R LEU  58,0.0,0.0,0.0,0.0,0.0,0.0,0.0,0.0,0.0,0.0,0.0,0.0,0.0,0.0,0.0,0.0,0.0,0.0
LEU  59,R LEU  59,0.0,0.0,0.0,0.0,0.0,0.0,0.0,0.0,0.0,0.0,0.0,0.0,0.0,0.0,0.0,0.0,0.0,0.0
ASP  60,R ASP  60,0.0,0.0,0.0,0.0,0.0,0.0,0.0010000000000047748,0.0,0.0,-0.000999999999990564,0.0,0.0,0.0,0.0,0.0,1.4210854715202004e-14,0.0,0.0
ILE  61,R ILE  61,0.0,0.0,0.0,0.0,0.0,0.0,0.0,0.0,0.0,0.0,0.0,0.0,0.0,0.0,0.0,0.0,0.0,0.0
ASP  62,R ASP  62,0.0,0.0,0.0,0.0,0.0,0.0,-0.007999999999995566,0.0,0.0,0.007999999999995566,0.0,0.0,0.0,0.0,0.0,0.0,0.0,0.0
ALA  63,R ALA  63,0.0,0.0,0.0,0.0,0.0,0.0,0.001000000000000112,0.0,0.0,-0.0009999999999998899,0.0,0.0,0.0,0.0,0.0,0.0,0.0,0.0
PRO  64,R PRO  64,0.0,0.0,0.0,0.0,0.0,0.0,0.004000000000001336,0.0,0.0,-0.0039999999999995595,0.0,0.0,0.0,0.0,0.0,1.7763568394002505e-15,0.0,0.0
VAL  65,R VAL  65,0.0,0.0,0.0,0.0,0.0,0.0,0.0,0.0,0.0,0.0,0.0,0.0,0.0,0.0,0.0,0.0,0.0,0.0
THR  66,R THR  66,0.0,0.0,0.0,0.0,0.0,0.0,0.0009999999999994458,0.0,0.0,-0.0010000000000000009,0.0,0.0,0.0,0.0,0.0,0.0,0.0,0.0
VAL  67,R VAL  67,0.0,0.0,0.0,0.0,0.0,0.0,0.0009999999999994458,0.0,0.0,0.0,0.0,0.0,0.0,0.0,0.0,0.0009999999999976694,0.0,0.0
CYS  68,R CYS  68,0.0,0.0,0.0,0.0,0.0,0.0,0.0,0.0,0.0,0.0,0.0,0.0,0.0,0.0,0.0,0.0,0.0,0.0
GLY  69,R GLY  69,0.0,0.0,0.0,0.0,0.0,0.0,-0.0009999999999998899,0.0,0.0,0.0009999999999998899,0.0,0.0,0.0,0.0,0.0,-4.440892098500626e-16,0.0,0.0
ASP  70,R ASP  70,0.0,0.0,0.0,0.0,0.0,0.0,0.009999999999990905,0.0,0.0,-0.007999999999995566,0.0,0.0,0.0,0.0,0.0,0.001999999999995339,0.0,0.0
ILE  71,R ILE  71,0.0,0.0,0.0,0.0,0.0,0.0,0.001000000000000112,0.0,0.0,0.0,0.0,0.0,0.0,0.0,0.0,0.001000000000000112,0.0,0.0
HIE  72,R HIE  72,0.0,0.0,0.0,-0.0009999999999994458,0.0,0.0,-0.004999999999999893,0.0,0.0,-0.005000000000000782,0.0,0.0,0.0,0.0,0.0,-0.011000000000001009,0.0,0.0
GLY  73,R GLY  73,0.0,0.0,0.0,0.0,0.0,0.0,-0.002000000000000224,0.0,0.0,0.001000000000000334,0.0,0.0,0.0,0.0,0.0,-0.0009999999999998899,0.0,0.0
GLN  74,R GLN  74,0.0,0.0,0.0,-0.0009999999999994458,0.0,0.0,0.01699999999999946,0.0,0.0,-0.008000000000000007,0.0,0.0,0.0,0.0,0.0,0.008000000000009777,0.0,0.0
PHE  75,R PHE  75,0.0,0.0,0.0,0.0,0.0,0.0,0.0020000000000000018,0.0,0.0,-0.006000000000000005,0.0,0.0,0.0,0.0,0.0,-0.0040000000000000036,0.0,0.0
PHE  76,R PHE  76,0.0,0.0,0.0,0.0,0.0,0.0,0.002000000000000224,0.0,0.0,-0.010000000000000009,0.0,0.0,0.0,0.0,0.0,-0.007999999999999563,0.0,0.0
ASP  77,R ASP  77,0.0,0.0,0.0,-0.0009999999999994458,0.0,0.0,-0.14700000000000557,0.0,0.0,0.15099999999999625,0.0,0.0,0.0,0.0,0.0,0.0029999999999930083,0.0,0.0
LEU  78,R LEU  78,0.0,0.0,0.0,0.0,0.0,0.0,0.002000000000000224,0.0,0.0,0.0009999999999998899,0.0,0.0,0.0,0.0,0.0,0.0029999999999983373,0.0,0.0
MET  79,R MET  79,0.0,0.0,0.0,0.0,0.0,0.0,0.004000000000000448,0.0,0.0,-0.0040000000000000036,0.0,0.0,0.0,0.0,0.0,4.440892098500626e-16,0.0,0.0
LYS  80,R LYS  80,0.0,0.0,0.0,0.0,0.0,0.0,0.09500000000000597,0.0,0.0,-0.09699999999999953,0.0,0.0,0.0,0.0,0.0,-0.001999999999991786,0.0,0.0
LEU  81,R LEU  81,0.0,0.0,0.0,-0.0009999999999994458,0.0,0.0,0.0009999999999998899,0.0,0.0,0.0009999999999998899,0.0,0.0,0.0,0.0,0.0,0.0009999999999941167,0.0,0.0
PHE  82,R PHE  82,0.0,0.0,0.0,0.0,0.0,0.0,0.001000000000000112,0.0,0.0,-0.0020000000000000018,0.0,0.0,0.0,0.0,0.0,-0.0009999999999998899,0.0,0.0
GLU  83,R GLU  83,0.0,0.0,0.0,0.0,0.0,0.0,-0.09800000000000075,0.0,0.0,0.09799999999999898,0.0,0.0,0.0,0.0,0.0,0.0,0.0,0.0
VAL  84,R VAL  84,0.0,0.0,0.0,0.0,0.0,0.0,0.0009999999999994458,0.0,0.0,-0.001000000000000112,0.0,0.0,0.0,0.0,0.0,0.0,0.0,0.0
GLY  85,R GLY  85,0.0,0.0,0.0,0.0,0.0,0.0,-0.0020000000000000018,0.0,0.0,0.0020000000000000018,0.0,0.0,0.0,0.0,0.0,0.0,0.0,0.0
GLY  86,R GLY  86,0.0,0.0,0.0,0.0,0.0,0.0,-0.0020000000000000018,0.0,0.0,0.0020000000000000018,0.0,0.0,0.0,0.0,0.0,2.220446049250313e-16,0.0,0.0
SER  87,R SER  87,0.0,0.0,0.0,0.0,0.0,0.0,0.0019999999999997797,0.0,0.0,-0.0019999999999997797,0.0,0.0,0.0,0.0,0.0,0.0,0.0,0.0
PRO  88,R PRO  88,0.0,0.0,0.0,0.0,0.0,0.0,0.009000000000000341,0.0,0.0,-0.009000000000000341,0.0,0.0,0.0,0.0,0.0,0.0,0.0,0.0
ALA  89,R ALA  89,0.0,0.0,0.0,0.0,0.0,0.0,0.0009999999999998899,0.0,0.0,-0.001000000000000112,0.0,0.0,0.0,0.0,0.0,-4.440892098500626e-16,0.0,0.0
ASN  90,R ASN  90,0.0,0.0,0.0,0.0,0.0,0.0,-0.0010000000000000009,0.0,0.0,0.001000000000000334,0.0,0.0,0.0,0.0,0.0,0.0,0.0,0.0
THR  91,R THR  91,0.0,0.0,0.0,0.0,0.0,0.0,0.0010000000000012221,0.0,0.0,-0.0009999999999998899,0.0,0.0,0.0,0.0,0.0,0.0,0.0,0.0
ARG  92,R ARG  92,0.0,0.0,0.0,0.0,0.0,0.0,0.012000000000000455,0.0,0.0,-0.012000000000000455,0.0,0.0,0.0,0.0,0.0,0.0,0.0,0.0
TYR  93,R TYR  93,0.0,0.0,0.0,0.0,0.0,0.0,0.001000000000000334,0.0,0.0,-0.001000000000000334,0.0,0.0,0.0,0.0,0.0,-3.552713678800501e-15,0.0,0.0
LEU  94,R LEU  94,0.0,0.0,0.0,0.0,0.0,0.0,0.0,0.0,0.0,0.0,0.0,0.0,0.0,0.0,0.0,0.0,0.0,0.0
PHE  95,R PHE  95,0.0,0.0,0.0,0.0,0.0,0.0,0.0009999999999998899,0.0,0.0,-0.001000000000000112,0.0,0.0,0.0,0.0,0.0,-2.220446049250313e-16,0.0,0.0
LEU  96,R LEU  96,0.0,0.0,0.0,0.0,0.0,0.0,0.0,0.0,0.0,0.0009999999999998899,0.0,0.0,0.0,0.0,0.0,0.0009999999999976694,0.0,0.0
GLY  97,R GLY  97,0.0,0.0,0.0,0.0,0.0,0.0,0.0,0.0,0.0,0.0,0.0,0.0,0.0,0.0,0.0,0.0,0.0,0.0
ASP  98,R ASP  98,0.0,0.0,0.0,0.0,0.0,0.0,0.03200000000001069,0.0,0.0,-0.027999999999991587,0.0,0.0,0.0,0.0,0.0,0.004000000000019099,0.0,0.0
TYR  99,R TYR  99,0.0,0.0,0.0,0.0,0.0,0.0,0.0019999999999997797,0.0,0.0,-0.0030000000000001137,0.0,0.0,0.0,0.0,0.0,-0.0010000000000012221,0.0,0.0
VAL 100,R VAL 100,0.0,0.0,0.0,0.0,0.0,0.0,0.0,0.0,0.0,0.0030000000000001137,0.0,0.0,0.0,0.0,0.0,0.0030000000000001137,0.0,0.0
ASP 101,R ASP 101,0.0,0.0,0.0,-0.0009999999999994458,0.0,0.0,0.06300000000000239,0.0,0.0,-0.057999999999992724,0.0,0.0,0.0,0.0,0.0,0.0040000000000048885,0.0,0.0
ARG 102,R ARG 102,0.0,0.0,0.0,-0.0019999999999997797,0.0,0.0,-0.10600000000000165,0.0,0.0,0.12100000000000932,0.0,0.0,0.0,0.0,0.0,0.01300000000000523,0.0,0.0
GLY 103,R GLY 103,0.0,0.0,0.0,-0.001000000000000112,0.0,0.0,-0.0029999999999996696,0.0,0.0,0.0009999999999998899,0.0,0.0,0.0,0.0,0.0,-0.0029999999999996696,0.0,0.0
TYR 104,R TYR 104,0.0,0.0,0.0,-0.016000000000000014,0.0,0.0,-0.015000000000000568,0.0,0.0,-0.018000000000000238,0.0,0.0,0.0,0.0,0.0,-0.04899999999999949,0.0,0.0
PHE 105,R PHE 105,0.0,0.0,0.0,-0.002000000000000668,0.0,0.0,0.006000000000000227,0.0,0.0,-0.02400000000000002,0.0,0.0,0.0,0.0,0.0,-0.020000000000000462,0.0,0.0
SER 106,R SER 106,0.0,0.0,0.0,0.0,0.0,0.0,-0.007000000000000006,0.0,0.0,0.004999999999999893,0.0,0.0,0.0,0.0,0.0,-0.0019999999999997797,0.0,0.0
ILE 107,R ILE 107,0.0,0.0,0.0,0.0,0.0,0.0,0.0010000000000000009,0.0,0.0,-0.0009999999999998899,0.0,0.0,0.0,0.0,0.0,0.0,0.0,0.0
GLU 108,R GLU 108,0.0,0.0,0.0,-0.0009999999999994458,0.0,0.0,-0.09100000000000108,0.0,0.0,0.09099999999999397,0.0,0.0,0.0,0.0,0.0,-0.0010000000000047748,0.0,0.0
CYS 109,R CYS 109,0.0,0.0,0.0,0.0,0.0,0.0,-0.004999999999999893,0.0,0.0,0.0020000000000000018,0.0,0.0,0.0,0.0,0.0,-0.0030000000000001137,0.0,0.0
VAL 110,R VAL 110,0.0,0.0,0.0,0.0,0.0,0.0,0.0,0.0,0.0,0.002000000000000224,0.0,0.0,0.0,0.0,0.0,0.0019999999999988916,0.0,0.0
LEU 111,R LEU 111,0.0,0.0,0.0,0.0,0.0,0.0,0.001000000000000334,0.0,0.0,0.0009999999999998899,0.0,0.0,0.0,0.0,0.0,0.0019999999999988916,0.0,0.0
TYR 112,R TYR 112,0.0,0.0,0.0,-0.0009999999999994458,0.0,0.0,0.0009999999999994458,0.0,0.0,-0.002000000000000224,0.0,0.0,0.0,0.0,0.0,-0.0020000000000024443,0.0,0.0
LEU 113,R LEU 113,0.0,0.0,0.0,0.0,0.0,0.0,0.001000000000000334,0.0,0.0,0.002000000000000224,0.0,0.0,0.0,0.0,0.0,0.0030000000000001137,0.0,0.0
TRP 114,R TRP 114,0.0,0.0,0.0,0.0,0.0,0.0,-0.0009999999999994458,0.0,0.0,0.0,0.0,0.0,0.0,0.0,0.0,-0.0009999999999994458,0.0,0.0
ALA 115,R ALA 115,0.0,0.0,0.0,0.0,0.0,0.0,0.0019999999999997797,0.0,0.0,-0.001000000000000334,0.0,0.0,0.0,0.0,0.0,0.0009999999999994458,0.0,0.0
LEU 116,R LEU 116,0.0,0.0,0.0,0.0,0.0,0.0,0.001000000000000334,0.0,0.0,-0.001000000000000334,0.0,0.0,0.0,0.0,0.0,1.7763568394002505e-15,0.0,0.0
LYS 117,R LYS 117,0.0,0.0,0.0,0.0,0.0,0.0,0.007000000000005002,0.0,0.0,-0.007000000000005002,0.0,0.0,0.0,0.0,0.0,0.0,0.0,0.0
ILE 118,R ILE 118,0.0,0.0,0.0,0.0,0.0,0.0,0.0010000000000000009,0.0,0.0,0.0,0.0,0.0,0.0,0.0,0.0,0.001000000000000112,0.0,0.0
LEU 119,R LEU 119,0.0,0.0,0.0,0.0,0.0,0.0,0.0009999999999998899,0.0,0.0,-0.001000000000000112,0.0,0.0,0.0,0.0,0.0,0.0,0.0,0.0
TYR 120,R TYR 120,0.0,0.0,0.0,0.0,0.0,0.0,0.001000000000000334,0.0,0.0,0.0,0.0,0.0,0.0,0.0,0.0,0.0009999999999976694,0.0,0.0
PRO 121,R PRO 121,0.0,0.0,0.0,0.0,0.0,0.0,0.0029999999999983373,0.0,0.0,-0.0029999999999983373,0.0,0.0,0.0,0.0,0.0,0.0,0.0,0.0
LYS 122,R LYS 122,0.0,0.0,0.0,0.0,0.0,0.0,0.00999999999999801,0.0,0.0,-0.010000000000000675,0.0,0.0,0.0,0.0,0.0,-3.552713678800501e-15,0.0,0.0
THR 123,R THR 123,0.0,0.0,0.0,0.0,0.0,0.0,0.0,0.0,0.0,0.0,0.0,0.0,0.0,0.0,0.0,0.0,0.0,0.0
LEU 124,R LEU 124,0.0,0.0,0.0,0.0,0.0,0.0,0.001000000000000334,0.0,0.0,0.0,0.0,0.0,0.0,0.0,0.0,0.0010000000000012221,0.0,0.0
PHE 125,R PHE 125,0.0,0.0,0.0,0.0,0.0,0.0,0.0,0.0,0.0,0.0,0.0,0.0,0.0,0.0,0.0,0.0,0.0,0.0
LEU 126,R LEU 126,0.0,0.0,0.0,0.0,0.0,0.0,0.0,0.0,0.0,0.0,0.0,0.0,0.0,0.0,0.0,0.0,0.0,0.0
LEU 127,R LEU 127,0.0,0.0,0.0,0.0,0.0,0.0,0.0,0.0,0.0,0.0009999999999998899,0.0,0.0,0.0,0.0,0.0,0.0009999999999994458,0.0,0.0
ARG 128,R ARG 128,0.0,0.0,0.0,0.0,0.0,0.0,-0.034999999999998366,0.0,0.0,0.034000000000006025,0.0,0.0,0.0,0.0,0.0,-0.0009999999999763531,0.0,0.0
GLY 129,R GLY 129,0.0,0.0,0.0,0.0,0.0,0.0,0.001000000000000334,0.0,0.0,-0.0009999999999994458,0.0,0.0,0.0,0.0,0.0,8.881784197001252e-16,0.0,0.0
ASN 130,R ASN 130,0.0,0.0,0.0,0.0,0.0,0.0,-0.009999999999999787,0.0,0.0,0.0129999999999999,0.0,0.0,0.0,0.0,0.0,0.0030000000000001137,0.0,0.0
HIE 131,R HIE 131,0.0,0.0,0.0,-0.0009999999999994458,0.0,0.0,-0.004000000000001336,0.0,0.0,0.0,0.0,0.0,0.0,0.0,0.0,-0.004999999999999005,0.0,0.0
GLU 132,R GLU 132,0.0,0.0,0.0,0.0,0.0,0.0,0.014000000000010004,0.0,0.0,-0.01300000000000523,0.0,0.0,0.0,0.0,0.0,0.0010000000000047748,0.0,0.0
CYS 133,R CYS 133,0.0,0.0,0.0,0.0,0.0,0.0,0.001000000000000334,0.0,0.0,-0.001000000000000112,0.0,0.0,0.0,0.0,0.0,8.881784197001252e-16,0.0,0.0
ARG 134,R ARG 134,0.0,0.0,0.0,0.0,0.0,0.0,-0.0389999999999997,0.0,0.0,0.036000000000001364,0.0,0.0,0.0,0.0,0.0,-0.002999999999985903,0.0,0.0
HIE 135,R HIE 135,0.0,0.0,0.0,0.0,0.0,0.0,-0.002000000000000668,0.0,0.0,0.0010000000000012221,0.0,0.0,0.0,0.0,0.0,-0.0009999999999976694,0.0,0.0
LEU 136,R LEU 136,0.0,0.0,0.0,0.0,0.0,0.0,-0.0009999999999994458,0.0,0.0,0.0050000000000003375,0.0,0.0,0.0,0.0,0.0,0.004000000000001336,0.0,0.0
THR 137,R THR 137,0.0,0.0,0.0,0.0,0.0,0.0,0.0039999999999995595,0.0,0.0,-0.0010000000000000009,0.0,0.0,0.0,0.0,0.0,0.0030000000000036664,0.0,0.0
GLU 138,R GLU 138,0.0,0.0,0.0,-0.001000000000000334,0.0,0.0,0.10200000000000387,0.0,0.0,-0.09899999999998954,0.0,0.0,0.0,0.0,0.0,0.0020000000000095497,0.0,0.0
TYR 139,R TYR 139,0.0,0.0,0.0,-0.0019999999999997797,0.0,0.0,-0.013999999999999346,0.0,0.0,0.010999999999999677,0.0,0.0,0.0,0.0,0.0,-0.005000000000002558,0.0,0.0
PHE 140,R PHE 140,0.0,0.0,0.0,-0.0030000000000001137,0.0,0.0,-0.0030000000000001137,0.0,0.0,-0.014000000000000012,0.0,0.0,0.0,0.0,0.0,-0.02000000000000024,0.0,0.0
THR 141,R THR 141,0.0,0.0,0.0,-0.0030000000000001137,0.0,0.0,0.0,0.0,0.0,0.0020000000000000018,0.0,0.0,0.0,0.0,0.0,-0.0009999999999976694,0.0,0.0
PHE 142,R PHE 142,0.0,0.0,0.0,0.0,0.0,0.0,0.0,0.0,0.0,-0.006999999999999895,0.0,0.0,0.0,0.0,0.0,-0.006999999999999895,0.0,0.0
LYS 143,R LYS 143,0.0,0.0,0.0,0.0,0.0,0.0,-0.0800000000000125,0.0,0.0,0.07299999999999329,0.0,0.0,0.0,0.0,0.0,-0.007000000000019213,0.0,0.0
GLN 144,R GLN 144,0.0,0.0,0.0,-0.0039999999999995595,0.0,0.0,0.006000000000000227,0.0,0.0,0.029999999999999805,0.0,0.0,0.0,0.0,0.0,0.03200000000001069,0.0,0.0
GLU 145,R GLU 145,0.0,0.0,0.0,-0.0009999999999994458,0.0,0.0,-0.05100000000000193,0.0,0.0,0.05299999999999727,0.0,0.0,0.0,0.0,0.0,0.0010000000000047748,0.0,0.0
CYS 146,R CYS 146,0.0,0.0,0.0,-0.001000000000000334,0.0,0.0,-0.0039999999999998925,0.0,0.0,0.0030000000000000027,0.0,0.0,0.0,0.0,0.0,-0.0019999999999988916,0.0,0.0
LYS 147,R LYS 147,0.0,0.0,0.0,-0.001000000000000334,0.0,0.0,-0.0759999999999934,0.0,0.0,0.0799999999999983,0.0,0.0,0.0,0.0,0.0,0.003000000000007219,0.0,0.0
ILE 148,R ILE 148,0.0,0.0,0.0,-0.002000000000000668,0.0,0.0,0.001000000000000112,0.0,0.0,-0.004999999999999893,0.0,0.0,0.0,0.0,0.0,-0.006000000000000227,0.0,0.0
LYS 149,R LYS 149,0.0,0.0,0.0,-0.0010000000000012221,0.0,0.0,0.09700000000000841,0.0,0.0,-0.0730000000000075,0.0,0.0,0.0,0.0,0.0,0.022999999999996135,0.0,0.0
TYR 150,R TYR 150,0.0,0.0,0.0,0.0,0.0,0.0,0.0019999999999988916,0.0,0.0,-0.0050000000000003375,0.0,0.0,0.0,0.0,0.0,-0.0030000000000001137,0.0,0.0
SER 151,R SER 151,0.0,0.0,0.0,0.0,0.0,0.0,-0.0009999999999998899,0.0,0.0,0.0009999999999998899,0.0,0.0,0.0,0.0,0.0,0.0,0.0,0.0
GLU 152,R GLU 152,0.0,0.0,0.0,0.0,0.0,0.0,0.06700000000000728,0.0,0.0,-0.06699999999997885,0.0,0.0,0.0,0.0,0.0,2.842170943040401e-14,0.0,0.0
ARG 153,R ARG 153,0.0,0.0,0.0,0.0,0.0,0.0,-0.008000000000009777,0.0,0.0,0.006000000000000227,0.0,0.0,0.0,0.0,0.0,-0.0020000000000095497,0.0,0.0
VAL 154,R VAL 154,0.0,0.0,0.0,-0.0009999999999994458,0.0,0.0,0.0,0.0,0.0,0.0019999999999997797,0.0,0.0,0.0,0.0,0.0,0.0009999999999994458,0.0,0.0
TYR 155,R TYR 155,0.0,0.0,0.0,0.0,0.0,0.0,0.0,0.0,0.0,-0.0020000000000000018,0.0,0.0,0.0,0.0,0.0,-0.0019999999999988916,0.0,0.0
ASP 156,R ASP 156,0.0,0.0,0.0,0.0,0.0,0.0,0.04600000000000648,0.0,0.0,-0.044999999999987494,0.0,0.0,0.0,0.0,0.0,0.0010000000000189857,0.0,0.0
ALA 157,R ALA 157,0.0,0.0,0.0,0.0,0.0,0.0,-0.0009999999999994458,0.0,0.0,0.0,0.0,0.0,0.0,0.0,0.0,-0.0009999999999994458,0.0,0.0
CYS 158,R CYS 158,0.0,0.0,0.0,0.0,0.0,0.0,-0.0020000000000000018,0.0,0.0,0.0020000000000000018,0.0,0.0,0.0,0.0,0.0,-8.881784197001252e-16,0.0,0.0
MET 159,R MET 159,0.0,0.0,0.0,0.0,0.0,0.0,0.0009999999999998899,0.0,0.0,-0.0019999999999997797,0.0,0.0,0.0,0.0,0.0,-0.0009999999999998899,0.0,0.0
ASP 160,R ASP 160,0.0,0.0,0.0,0.0,0.0,0.0,0.0309999999999917,0.0,0.0,-0.030000000000001137,0.0,0.0,0.0,0.0,0.0,0.0010000000000047748,0.0,0.0
ALA 161,R ALA 161,0.0,0.0,0.0,0.0,0.0,0.0,-0.0009999999999994458,0.0,0.0,0.0,0.0,0.0,0.0,0.0,0.0,-0.0009999999999994458,0.0,0.0
PHE 162,R PHE 162,0.0,0.0,0.0,0.0,0.0,0.0,-0.0010000000000000009,0.0,0.0,-0.0020000000000000018,0.0,0.0,0.0,0.0,0.0,-0.0030000000000000027,0.0,0.0
ASP 163,R ASP 163,0.0,0.0,0.0,0.0,0.0,0.0,0.036000000000001364,0.0,0.0,-0.036000000000001364,0.0,0.0,0.0,0.0,0.0,0.0,0.0,0.0
CYS 164,R CYS 164,0.0,0.0,0.0,0.0,0.0,0.0,0.0020000000000000018,0.0,0.0,-0.0009999999999998899,0.0,0.0,0.0,0.0,0.0,0.0009999999999994458,0.0,0.0
LEU 165,R LEU 165,0.0,0.0,0.0,0.0,0.0,0.0,-0.0009999999999994458,0.0,0.0,0.0019999999999997797,0.0,0.0,0.0,0.0,0.0,0.0009999999999976694,0.0,0.0
PRO 166,R PRO 166,0.0,0.0,0.0,0.0,0.0,0.0,-0.0010000000000012221,0.0,0.0,0.0009999999999976694,0.0,0.0,0.0,0.0,0.0,-3.552713678800501e-15,0.0,0.0
LEU 167,R LEU 167,0.0,0.0,0.0,0.0,0.0,0.0,-0.0009999999999994458,0.0,0.0,0.002000000000000224,0.0,0.0,0.0,0.0,0.0,0.0010000000000012221,0.0,0.0
ALA 168,R ALA 168,0.0,0.0,0.0,0.0,0.0,0.0,0.0,0.0,0.0,0.0,0.0,0.0,0.0,0.0,0.0,0.0,0.0,0.0
ALA 169,R ALA 169,0.0,0.0,0.0,0.0,0.0,0.0,0.0,0.0,0.0,0.0,0.0,0.0,0.0,0.0,0.0,0.0,0.0,0.0
LEU 170,R LEU 170,0.0,0.0,0.0,0.0,0.0,0.0,0.0,0.0,0.0,0.0,0.0,0.0,0.0,0.0,0.0,0.0,0.0,0.0
MET 171,R MET 171,0.0,0.0,0.0,0.0,0.0,0.0,0.0,0.0,0.0,0.0,0.0,0.0,0.0,0.0,0.0,0.0,0.0,0.0
ASN 172,R ASN 172,0.0,0.0,0.0,0.0,0.0,0.0,0.0,0.0,0.0,0.0,0.0,0.0,0.0,0.0,0.0,0.0,0.0,0.0
GLN 173,R GLN 173,0.0,0.0,0.0,0.0,0.0,0.0,0.0009999999999998899,0.0,0.0,-0.0009999999999994458,0.0,0.0,0.0,0.0,0.0,0.0,0.0,0.0
GLN 174,R GLN 174,0.0,0.0,0.0,0.0,0.0,0.0,-0.0010000000000000009,0.0,0.0,0.0009999999999998899,0.0,0.0,0.0,0.0,0.0,7.105427357601002e-15,0.0,0.0
PHE 175,R PHE 175,0.0,0.0,0.0,0.0,0.0,0.0,0.0,0.0,0.0,-0.0010000000000000009,0.0,0.0,0.0,0.0,0.0,-0.0009999999999998899,0.0,0.0
LEU 176,R LEU 176,0.0,0.0,0.0,0.0,0.0,0.0,0.0,0.0,0.0,0.0,0.0,0.0,0.0,0.0,0.0,0.0,0.0,0.0
CYS 177,R CYS 177,0.0,0.0,0.0,0.0,0.0,0.0,0.0,0.0,0.0,0.0,0.0,0.0,0.0,0.0,0.0,0.0,0.0,0.0
VAL 178,R VAL 178,0.0,0.0,0.0,0.0,0.0,0.0,-0.001000000000000334,0.0,0.0,0.0009999999999998899,0.0,0.0,0.0,0.0,0.0,3.552713678800501e-15,0.0,0.0
HIE 179,R HIE 179,0.0,0.0,0.0,0.0,0.0,0.0,-0.0039999999999995595,0.0,0.0,0.0040000000000000036,0.0,0.0,0.0,0.0,0.0,0.0,0.0,0.0
GLY 180,R GLY 180,0.0,0.0,0.0,0.0,0.0,0.0,0.001000000000000334,0.0,0.0,-0.001000000000000334,0.0,0.0,0.0,0.0,0.0,0.0,0.0,0.0
GLY 181,R GLY 181,0.0,0.0,0.0,0.0,0.0,0.0,0.0009999999999998899,0.0,0.0,0.0,0.0,0.0,0.0,0.0,0.0,0.0009999999999998899,0.0,0.0
LEU 182,R LEU 182,0.0,0.0,0.0,0.0,0.0,0.0,-0.0009999999999994458,0.0,0.0,0.0,0.0,0.0,0.0,0.0,0.0,-0.0009999999999976694,0.0,0.0
SER 183,R SER 183,0.0,0.0,0.0,0.0,0.0,0.0,-0.001000000000000334,0.0,0.0,0.0,0.0,0.0,0.0,0.0,0.0,-0.001000000000000334,0.0,0.0
PRO 184,R PRO 184,0.0,0.0,0.0,0.0,0.0,0.0,-0.007999999999999119,0.0,0.0,0.008000000000002672,0.0,0.0,0.0,0.0,0.0,3.552713678800501e-15,0.0,0.0
GLU 185,R GLU 185,0.0,0.0,0.0,0.0,0.0,0.0,0.04099999999999682,0.0,0.0,-0.03999999999999204,0.0,0.0,0.0,0.0,0.0,0.0010000000000047748,0.0,0.0
ILE 186,R ILE 186,0.0,0.0,0.0,0.0,0.0,0.0,0.0,0.0,0.0,0.001000000000000334,0.0,0.0,0.0,0.0,0.0,0.001000000000000334,0.0,0.0
ASN 187,R ASN 187,0.0,0.0,0.0,0.0,0.0,0.0,0.001000000000000334,0.0,0.0,0.0,0.0,0.0,0.0,0.0,0.0,0.0010000000000047748,0.0,0.0
THR 188,R THR 188,0.0,0.0,0.0,0.0,0.0,0.0,0.0,0.0,0.0,0.0,0.0,0.0,0.0,0.0,0.0,0.0,0.0,0.0
LEU 189,R LEU 189,0.0,0.0,0.0,0.0,0.0,0.0,0.0,0.0,0.0,0.0,0.0,0.0,0.0,0.0,0.0,0.0,0.0,0.0
ASP 190,R ASP 190,0.0,0.0,0.0,0.0,0.0,0.0,0.010999999999999233,0.0,0.0,-0.01099999999999568,0.0,0.0,0.0,0.0,0.0,7.105427357601002e-15,0.0,0.0
ASP 191,R ASP 191,0.0,0.0,0.0,0.0,0.0,0.0,0.01899999999999835,0.0,0.0,-0.01999999999999602,0.0,0.0,0.0,0.0,0.0,-0.0009999999999976694,0.0,0.0
ILE 192,R ILE 192,0.0,0.0,0.0,0.0,0.0,0.0,0.0,0.0,0.0,0.0,0.0,0.0,0.0,0.0,0.0,0.0,0.0,0.0
ARG 193,R ARG 193,0.0,0.0,0.0,0.0,0.0,0.0,-0.005000000000002558,0.0,0.0,0.005000000000002558,0.0,0.0,0.0,0.0,0.0,-2.842170943040401e-14,0.0,0.0
LYS 194,R LYS 194,0.0,0.0,0.0,0.0,0.0,0.0,-0.013999999999995794,0.0,0.0,0.015000000000000568,0.0,0.0,0.0,0.0,0.0,0.0010000000000047748,0.0,0.0
LEU 195,R LEU 195,0.0,0.0,0.0,0.0,0.0,0.0,-0.001000000000000334,0.0,0.0,0.0009999999999998899,0.0,0.0,0.0,0.0,0.0,0.0,0.0,0.0
ASP 196,R ASP 196,0.0,0.0,0.0,0.0,0.0,0.0,0.02699999999999747,0.0,0.0,-0.027000000000001023,0.0,0.0,0.0,0.0,0.0,0.0,0.0,0.0
ARG 197,R ARG 197,0.0,0.0,0.0,0.0,0.0,0.0,-0.009000000000000341,0.0,0.0,0.009000000000000341,0.0,0.0,0.0,0.0,0.0,0.0,0.0,0.0
PHE 198,R PHE 198,0.0,0.0,0.0,0.0,0.0,0.0,0.0,0.0,0.0,0.0,0.0,0.0,0.0,0.0,0.0,0.0,0.0,0.0
LYS 199,R LYS 199,0.0,0.0,0.0,0.0,0.0,0.0,-0.03499999999999659,0.0,0.0,0.03499999999999659,0.0,0.0,0.0,0.0,0.0,0.0,0.0,0.0
GLU 200,R GLU 200,0.0,0.0,0.0,0.0,0.0,0.0,0.06499999999999773,0.0,0.0,-0.0660000000000025,0.0,0.0,0.0,0.0,0.0,-0.0010000000000047748,0.0,0.0
PRO 201,R PRO 201,0.0,0.0,0.0,0.0,0.0,0.0,-0.00999999999999801,0.0,0.0,0.010000000000001563,0.0,0.0,0.0,0.0,0.0,3.552713678800501e-15,0.0,0.0
PRO 202,R PRO 202,0.0,0.0,0.0,0.0,0.0,0.0,-0.008999999999996788,0.0,0.0,0.010000000000001563,0.0,0.0,0.0,0.0,0.0,0.0010000000000047748,0.0,0.0
ALA 203,R ALA 203,0.0,0.0,0.0,0.0,0.0,0.0,-0.0030000000000001137,0.0,0.0,0.002000000000000224,0.0,0.0,0.0,0.0,0.0,-0.0009999999999994458,0.0,0.0
TYR 204,R TYR 204,0.0,0.0,0.0,0.0,0.0,0.0,-0.0030000000000001137,0.0,0.0,0.0030000000000001137,0.0,0.0,0.0,0.0,0.0,0.0,0.0,0.0
GLY 205,R GLY 205,0.0,0.0,0.0,0.0,0.0,0.0,0.001000000000000334,0.0,0.0,-0.0009999999999998899,0.0,0.0,0.0,0.0,0.0,-4.440892098500626e-16,0.0,0.0
PRO 206,R PRO 206,0.0,0.0,0.0,0.0,0.0,0.0,-0.008000000000002672,0.0,0.0,0.0070000000000014495,0.0,0.0,0.0,0.0,0.0,-0.0010000000000012221,0.0,0.0
MET 207,R MET 207,0.0,0.0,0.0,0.0,0.0,0.0,-0.0009999999999998899,0.0,0.0,0.001000000000000334,0.0,0.0,0.0,0.0,0.0,4.440892098500626e-16,0.0,0.0
CYS 208,R CYS 208,0.0,0.0,0.0,0.0,0.0,0.0,0.0,0.0,0.0,-0.0009999999999998899,0.0,0.0,0.0,0.0,0.0,-0.0009999999999994458,0.0,0.0
ASP 209,R ASP 209,0.0,0.0,0.0,0.0,0.0,0.0,0.044999999999987494,0.0,0.0,-0.044999999999987494,0.0,0.0,0.0,0.0,0.0,0.0,0.0,0.0
ILE 210,R ILE 210,0.0,0.0,0.0,0.0,0.0,0.0,-0.0009999999999998899,0.0,0.0,0.0009999999999998899,0.0,0.0,0.0,0.0,0.0,0.0,0.0,0.0
LEU 211,R LEU 211,0.0,0.0,0.0,-0.0009999999999994458,0.0,0.0,-0.0019999999999997797,0.0,0.0,0.002000000000000224,0.0,0.0,0.0,0.0,0.0,-0.0010000000000047748,0.0,0.0
TRP 212,R TRP 212,0.0,0.0,0.0,0.0,0.0,0.0,0.0,0.0,0.0,-0.0009999999999998899,0.0,0.0,0.0,0.0,0.0,-0.0009999999999994458,0.0,0.0
SER 213,R SER 213,0.0,0.0,0.0,0.0,0.0,0.0,0.001000000000000334,0.0,0.0,-0.001000000000000334,0.0,0.0,0.0,0.0,0.0,0.0,0.0,0.0
ASP 214,R ASP 214,0.0,0.0,0.0,0.0,0.0,0.0,0.05100000000000193,0.0,0.0,-0.051000000000016144,0.0,0.0,0.0,0.0,0.0,-1.4210854715202004e-14,0.0,0.0
PRO 215,R PRO 215,0.0,0.0,0.0,0.0,0.0,0.0,-0.003999999999997783,0.0,0.0,0.004999999999999005,0.0,0.0,0.0,0.0,0.0,0.0010000000000012221,0.0,0.0
LEU 216,R LEU 216,0.0,0.0,0.0,0.0,0.0,0.0,-0.001000000000000334,0.0,0.0,0.0009999999999998899,0.0,0.0,0.0,0.0,0.0,0.0,0.0,0.0
GLU 217,R GLU 217,0.0,0.0,0.0,0.0,0.0,0.0,0.033999999999991815,0.0,0.0,-0.033999999999991815,0.0,0.0,0.0,0.0,0.0,0.0,0.0,0.0
ASP 218,R ASP 218,0.0,0.0,0.0,0.0,0.0,0.0,0.029999999999986926,0.0,0.0,-0.030000000000001137,0.0,0.0,0.0,0.0,0.0,-1.4210854715202004e-14,0.0,0.0
PHE 219,R PHE 219,0.0,0.0,0.0,0.0,0.0,0.0,0.0,0.0,0.0,0.0010000000000000009,0.0,0.0,0.0,0.0,0.0,0.0009999999999998899,0.0,0.0
GLY 220,R GLY 220,0.0,0.0,0.0,0.0,0.0,0.0,0.0,0.0,0.0,0.0,0.0,0.0,0.0,0.0,0.0,0.0,0.0,0.0
ASN 221,R ASN 221,0.0,0.0,0.0,0.0,0.0,0.0,-0.0009999999999994458,0.0,0.0,0.0009999999999994458,0.0,0.0,0.0,0.0,0.0,0.0,0.0,0.0
GLU 222,R GLU 222,0.0,0.0,0.0,0.0,0.0,0.0,0.018000000000000682,0.0,0.0,-0.016999999999995907,0.0,0.0,0.0,0.0,0.0,0.0010000000000047748,0.0,0.0
LYS 223,R LYS 223,0.0,0.0,0.0,0.0,0.0,0.0,-0.016999999999995907,0.0,0.0,0.017000000000001236,0.0,0.0,0.0,0.0,0.0,5.329070518200751e-15,0.0,0.0
THR 224,R THR 224,0.0,0.0,0.0,0.0,0.0,0.0,-0.002000000000000668,0.0,0.0,0.0020000000000000018,0.0,0.0,0.0,0.0,0.0,0.0,0.0,0.0
GLN 225,R GLN 225,0.0,0.0,0.0,0.0,0.0,0.0,-0.002000000000000224,0.0,0.0,0.0019999999999997797,0.0,0.0,0.0,0.0,0.0,7.105427357601002e-15,0.0,0.0
GLU 226,R GLU 226,0.0,0.0,0.0,0.0,0.0,0.0,0.04099999999999682,0.0,0.0,-0.04100000000002524,0.0,0.0,0.0,0.0,0.0,-2.842170943040401e-14,0.0,0.0
HIE 227,R HIE 227,0.0,0.0,0.0,0.0,0.0,0.0,0.0019999999999997797,0.0,0.0,-0.0019999999999997797,0.0,0.0,0.0,0.0,0.0,-3.552713678800501e-15,0.0,0.0
PHE 228,R PHE 228,0.0,0.0,0.0,0.0,0.0,0.0,-0.0010000000000000009,0.0,0.0,0.0010000000000000009,0.0,0.0,0.0,0.0,0.0,0.0,0.0,0.0
THR 229,R THR 229,0.0,0.0,0.0,-0.001000000000000334,0.0,0.0,-0.0009999999999994458,0.0,0.0,0.001000000000000334,0.0,0.0,0.0,0.0,0.0,-0.0010000000000012221,0.0,0.0
HIE 230,R HIE 230,0.0,0.0,0.0,0.0,0.0,0.0,0.0040000000000000036,0.0,0.0,-0.0039999999999995595,0.0,0.0,0.0,0.0,0.0,0.0,0.0,0.0
ASN 231,R ASN 231,0.0,0.0,0.0,0.0,0.0,0.0,0.006000000000000227,0.0,0.0,-0.004999999999999893,0.0,0.0,0.0,0.0,0.0,0.0010000000000047748,0.0,0.0
THR 232,R THR 232,0.0,0.0,0.0,0.0,0.0,0.0,-0.0019999999999988916,0.0,0.0,0.002000000000000668,0.0,0.0,0.0,0.0,0.0,3.552713678800501e-15,0.0,0.0
VAL 233,R VAL 233,0.0,0.0,0.0,-0.0009999999999998899,0.0,0.0,-0.0009999999999994458,0.0,0.0,0.002000000000000224,0.0,0.0,0.0,0.0,0.0,-1.7763568394002505e-15,0.0,0.0
ARG 234,R ARG 234,0.0,0.0,0.0,0.0,0.0,0.0,-0.05299999999999905,0.0,0.0,0.05200000000000671,0.0,0.0,0.0,0.0,0.0,-0.0009999999999763531,0.0,0.0
GLY 235,R GLY 235,0.0,0.0,0.0,0.0,0.0,0.0,0.0040000000000000036,0.0,0.0,-0.0030000000000001137,0.0,0.0,0.0,0.0,0.0,0.001000000000000334,0.0,0.0
CYS 236,R CYS 236,0.0,0.0,0.0,0.0,0.0,0.0,0.0,0.0,0.0,0.0,0.0,0.0,0.0,0.0,0.0,0.0,0.0,0.0
SER 237,R SER 237,0.0,0.0,0.0,0.0,0.0,0.0,-0.0039999999999995595,0.0,0.0,0.0030000000000001137,0.0,0.0,0.0,0.0,0.0,-0.0009999999999994458,0.0,0.0
TYR 238,R TYR 238,0.0,0.0,0.0,0.0,0.0,0.0,0.0,0.0,0.0,0.0010000000000000009,0.0,0.0,0.0,0.0,0.0,0.0010000000000012221,0.0,0.0
PHE 239,R PHE 239,0.0,0.0,0.0,0.0,0.0,0.0,-0.0009999999999998899,0.0,0.0,0.0009999999999998899,0.0,0.0,0.0,0.0,0.0,0.0,0.0,0.0
TYR 240,R TYR 240,0.0,0.0,0.0,0.0,0.0,0.0,0.0,0.0,0.0,-0.001000000000000334,0.0,0.0,0.0,0.0,0.0,-0.0010000000000012221,0.0,0.0
SER 241,R SER 241,0.0,0.0,0.0,0.0,0.0,0.0,-0.001000000000000334,0.0,0.0,0.0010000000000000009,0.0,0.0,0.0,0.0,0.0,0.0,0.0,0.0
TYR 242,R TYR 242,0.0,0.0,0.0,0.0,0.0,0.0,0.0,0.0,0.0,0.0,0.0,0.0,0.0,0.0,0.0,0.0,0.0,0.0
PRO 243,R PRO 243,0.0,0.0,0.0,0.0,0.0,0.0,-0.003999999999997783,0.0,0.0,0.004000000000001336,0.0,0.0,0.0,0.0,0.0,3.552713678800501e-15,0.0,0.0
ALA 244,R ALA 244,0.0,0.0,0.0,0.0,0.0,0.0,-0.0009999999999994458,0.0,0.0,0.0009999999999998899,0.0,0.0,0.0,0.0,0.0,4.440892098500626e-16,0.0,0.0
VAL 245,R VAL 245,0.0,0.0,0.0,0.0,0.0,0.0,0.0,0.0,0.0,0.0,0.0,0.0,0.0,0.0,0.0,0.0,0.0,0.0
CYS 246,R CYS 246,0.0,0.0,0.0,0.0,0.0,0.0,-0.0009999999999998899,0.0,0.0,0.0010000000000000009,0.0,0.0,0.0,0.0,0.0,0.0,0.0,0.0
GLU 247,R GLU 247,0.0,0.0,0.0,0.0,0.0,0.0,0.015999999999998238,0.0,0.0,-0.015999999999991132,0.0,0.0,0.0,0.0,0.0,0.0,0.0,0.0
PHE 248,R PHE 248,0.0,0.0,0.0,0.0,0.0,0.0,0.0,0.0,0.0,0.0,0.0,0.0,0.0,0.0,0.0,0.0,0.0,0.0
LEU 249,R LEU 249,0.0,0.0,0.0,0.0,0.0,0.0,0.0,0.0,0.0,0.0,0.0,0.0,0.0,0.0,0.0,0.0,0.0,0.0
GLN 250,R GLN 250,0.0,0.0,0.0,0.0,0.0,0.0,-0.001000000000000334,0.0,0.0,0.0009999999999998899,0.0,0.0,0.0,0.0,0.0,7.105427357601002e-15,0.0,0.0
HIE 251,R HIE 251,0.0,0.0,0.0,0.0,0.0,0.0,-0.0009999999999998899,0.0,0.0,0.0009999999999994458,0.0,0.0,0.0,0.0,0.0,1.7763568394002505e-15,0.0,0.0
ASN 252,R ASN 252,0.0,0.0,0.0,0.0,0.0,0.0,0.0,0.0,0.0,0.0010000000000000009,0.0,0.0,0.0,0.0,0.0,0.000999999999990564,0.0,0.0
ASN 253,R ASN 253,0.0,0.0,0.0,0.0,0.0,0.0,0.0,0.0,0.0,0.0,0.0,0.0,0.0,0.0,0.0,0.0,0.0,0.0
LEU 254,R LEU 254,0.0,0.0,0.0,0.0,0.0,0.0,0.0,0.0,0.0,0.0,0.0,0.0,0.0,0.0,0.0,0.0,0.0,0.0
LEU 255,R LEU 255,0.0,0.0,0.0,0.0,0.0,0.0,0.0,0.0,0.0,-0.0010000000000000009,0.0,0.0,0.0,0.0,0.0,-0.0009999999999994458,0.0,0.0
SER 256,R SER 256,0.0,0.0,0.0,0.0,0.0,0.0,0.0009999999999994458,0.0,0.0,-0.0009999999999998899,0.0,0.0,0.0,0.0,0.0,-4.440892098500626e-16,0.0,0.0
ILE 257,R ILE 257,0.0,0.0,0.0,0.0,0.0,0.0,-0.0010000000000000009,0.0,0.0,0.0,0.0,0.0,0.0,0.0,0.0,-0.001000000000000112,0.0,0.0
LEU 258,R LEU 258,0.0,0.0,0.0,0.0,0.0,0.0,0.0,0.0,0.0,-0.0009999999999998899,0.0,0.0,0.0,0.0,0.0,-0.0010000000000012221,0.0,0.0
ARG 259,R ARG 259,0.0,0.0,0.0,0.0,0.0,0.0,-0.019999999999999574,0.0,0.0,0.01999999999999602,0.0,0.0,0.0,0.0,0.0,-5.684341886080802e-14,0.0,0.0
ALA 260,R ALA 260,0.0,0.0,0.0,0.0,0.0,0.0,0.0,0.0,0.0,0.0,0.0,0.0,0.0,0.0,0.0,0.0,0.0,0.0
HIE 261,R HIE 261,0.0,0.0,0.0,-0.0009999999999994458,0.0,0.0,-0.0040000000000000036,0.0,0.0,0.0029999999999992255,0.0,0.0,0.0,0.0,0.0,-0.001999999999995339,0.0,0.0
GLU 262,R GLU 262,0.0,0.0,0.0,0.0,0.0,0.0,0.03499999999999659,0.0,0.0,-0.03499999999999659,0.0,0.0,0.0,0.0,0.0,0.0,0.0,0.0
ALA 263,R ALA 263,0.0,0.0,0.0,0.0,0.0,0.0,0.0,0.0,0.0,0.0,0.0,0.0,0.0,0.0,0.0,0.0,0.0,0.0
GLN 264,R GLN 264,0.0,0.0,0.0,0.0,0.0,0.0,-0.0030000000000001137,0.0,0.0,0.004000000000000448,0.0,0.0,0.0,0.0,0.0,0.0009999999999976694,0.0,0.0
ASP 265,R ASP 265,0.0,0.0,0.0,0.0,0.0,0.0,-0.07900000000000063,0.0,0.0,0.0799999999999983,0.0,0.0,0.0,0.0,0.0,0.0009999999999976694,0.0,0.0
ALA 266,R ALA 266,0.0,0.0,0.0,0.0,0.0,0.0,0.0009999999999998899,0.0,0.0,-0.0019999999999997797,0.0,0.0,0.0,0.0,0.0,-0.0009999999999998899,0.0,0.0
GLY 267,R GLY 267,0.0,0.0,0.0,0.0,0.0,0.0,-0.0009999999999998899,0.0,0.0,0.001000000000000334,0.0,0.0,0.0,0.0,0.0,4.440892098500626e-16,0.0,0.0
TYR 268,R TYR 268,0.0,0.0,0.0,0.0,0.0,0.0,0.0030000000000001137,0.0,0.0,-0.0029999999999992255,0.0,0.0,0.0,0.0,0.0,0.0,0.0,0.0
ARG 269,R ARG 269,0.0,0.0,0.0,0.0,0.0,0.0,-0.006000000000000227,0.0,0.0,0.006000000000000227,0.0,0.0,0.0,0.0,0.0,0.0,0.0,0.0
MET 270,R MET 270,0.0,0.0,0.0,0.0,0.0,0.0,0.0010000000000000009,0.0,0.0,-0.0020000000000000018,0.0,0.0,0.0,0.0,0.0,-0.001000000000000334,0.0,0.0
TYR 271,R TYR 271,0.0,0.0,0.0,0.0,0.0,0.0,0.001000000000000334,0.0,0.0,-0.002000000000000224,0.0,0.0,0.0,0.0,0.0,-0.0010000000000012221,0.0,0.0
ARG 272,R ARG 272,0.0,0.0,0.0,0.0,0.0,0.0,-0.0049999999999954525,0.0,0.0,0.004000000000001336,0.0,0.0,0.0,0.0,0.0,-0.0009999999999763531,0.0,0.0
LYS 273,R LYS 273,0.0,0.0,0.0,0.0,0.0,0.0,0.014000000000002899,0.0,0.0,-0.014000000000000234,0.0,0.0,0.0,0.0,0.0,3.552713678800501e-15,0.0,0.0
SER 274,R SER 274,0.0,0.0,0.0,0.0,0.0,0.0,0.0009999999999998899,0.0,0.0,0.0,0.0,0.0,0.0,0.0,0.0,0.0009999999999994458,0.0,0.0
GLN 275,R GLN 275,0.0,0.0,0.0,0.0,0.0,0.0,-0.0009999999999998899,0.0,0.0,0.002000000000000668,0.0,0.0,0.0,0.0,0.0,0.0010000000000047748,0.0,0.0
THR 276,R THR 276,0.0,0.0,0.0,0.0,0.0,0.0,0.0,0.0,0.0,0.0,0.0,0.0,0.0,0.0,0.0,0.0,0.0,0.0
THR 277,R THR 277,0.0,0.0,0.0,0.0,0.0,0.0,0.0,0.0,0.0,0.0,0.0,0.0,0.0,0.0,0.0,0.0,0.0,0.0
GLY 278,R GLY 278,0.0,0.0,0.0,0.0,0.0,0.0,0.0,0.0,0.0,0.0,0.0,0.0,0.0,0.0,0.0,0.0,0.0,0.0
PHE 279,R PHE 279,0.0,0.0,0.0,0.0,0.0,0.0,0.0,0.0,0.0,-0.0010000000000000009,0.0,0.0,0.0,0.0,0.0,-0.001000000000000334,0.0,0.0
PRO 280,R PRO 280,0.0,0.0,0.0,0.0,0.0,0.0,0.0019999999999988916,0.0,0.0,-0.0030000000000001137,0.0,0.0,0.0,0.0,0.0,-0.0010000000000012221,0.0,0.0
SER 281,R SER 281,0.0,0.0,0.0,0.0,0.0,0.0,-0.001000000000000334,0.0,0.0,0.0010000000000000009,0.0,0.0,0.0,0.0,0.0,-3.3306690738754696e-16,0.0,0.0
LEU 282,R LEU 282,0.0,0.0,0.0,0.0,0.0,0.0,-0.0009999999999998899,0.0,0.0,0.0009999999999998899,0.0,0.0,0.0,0.0,0.0,-3.552713678800501e-15,0.0,0.0
ILE 283,R ILE 283,0.0,0.0,0.0,0.0,0.0,0.0,0.0009999999999998899,0.0,0.0,-0.0009999999999998899,0.0,0.0,0.0,0.0,0.0,0.0,0.0,0.0
THR 284,R THR 284,0.0,0.0,0.0,-0.0009999999999994458,0.0,0.0,0.0009999999999976694,0.0,0.0,-0.0009999999999998899,0.0,0.0,0.0,0.0,0.0,-0.0010000000000012221,0.0,0.0
ILE 285,R ILE 285,0.0,0.0,0.0,0.0,0.0,0.0,0.0010000000000000009,0.0,0.0,0.0,0.0,0.0,0.0,0.0,0.0,0.0009999999999994458,0.0,0.0
PHE 286,R PHE 286,0.0,0.0,0.0,0.0,0.0,0.0,0.0009999999999998899,0.0,0.0,-0.0059999999999999915,0.0,0.0,0.0,0.0,0.0,-0.0050000000000003375,0.0,0.0
SER 287,R SER 287,0.0,0.0,0.0,0.0,0.0,0.0,0.0009999999999998899,0.0,0.0,-0.0020000000000000018,0.0,0.0,0.0,0.0,0.0,-0.001000000000000112,0.0,0.0
ALA 288,R ALA 288,0.0,0.0,0.0,0.0,0.0,0.0,0.002000000000000224,0.0,0.0,-0.0019999999999997797,0.0,0.0,0.0,0.0,0.0,4.440892098500626e-16,0.0,0.0
PRO 289,R PRO 289,0.0,0.0,0.0,0.0,0.0,0.0,0.021999999999998465,0.0,0.0,-0.019999999999999574,0.0,0.0,0.0,0.0,0.0,0.0019999999999988916,0.0,0.0
ASN 290,R ASN 290,0.0,0.0,0.0,-0.001000000000000334,0.0,0.0,-0.01899999999999999,0.0,0.0,0.038000000000000256,0.0,0.0,0.0,0.0,0.0,0.018000000000000682,0.0,0.0
TYR 291,R TYR 291,0.0,0.0,0.0,-0.0010000000000012221,0.0,0.0,0.004999999999999005,0.0,0.0,-0.017000000000000126,0.0,0.0,0.0,0.0,0.0,-0.013000000000001677,0.0,0.0
LEU 292,R LEU 292,0.0,0.0,0.0,-0.0040000000000000036,0.0,0.0,-0.005999999999999339,0.0,0.0,0.010000000000000231,0.0,0.0,0.0,0.0,0.0,1.7763568394002505e-15,0.0,0.0
ASP 293,R ASP 293,0.0,0.0,0.0,-0.004999999999999893,0.0,0.0,-0.3189999999999884,0.0,0.0,0.3269999999999982,0.0,0.0,0.0,0.0,0.0,0.0030000000000001137,0.0,0.0
VAL 294,R VAL 294,0.0,0.0,0.0,-0.007000000000000561,0.0,0.0,-0.0030000000000001137,0.0,0.0,-0.03400000000000025,0.0,0.0,0.0,0.0,0.0,-0.04399999999999871,0.0,0.0
TYR 295,R TYR 295,0.0,0.0,0.0,-0.0019999999999997797,0.0,0.0,-0.004999999999999893,0.0,0.0,0.006999999999999673,0.0,0.0,0.0,0.0,0.0,0.0,0.0,0.0
ASN 296,R ASN 296,0.0,0.0,0.0,-0.0009999999999998899,0.0,0.0,-0.008000000000000007,0.0,0.0,0.013999999999999346,0.0,0.0,0.0,0.0,0.0,0.0049999999999954525,0.0,0.0
ASN 297,R ASN 297,0.0,0.0,0.0,-0.0009999999999994458,0.0,0.0,-0.006999999999999673,0.0,0.0,0.006000000000000005,0.0,0.0,0.0,0.0,0.0,-0.001999999999995339,0.0,0.0
LYS 298,R LYS 298,0.0,0.0,0.0,-0.0009999999999994458,0.0,0.0,0.08299999999999841,0.0,0.0,-0.08700000000000019,0.0,0.0,0.0,0.0,0.0,-0.004999999999999005,0.0,0.0
ALA 299,R ALA 299,0.0,0.0,0.0,0.0,0.0,0.0,0.0030000000000001137,0.0,0.0,-0.0019999999999997797,0.0,0.0,0.0,0.0,0.0,0.001000000000000334,0.0,0.0
ALA 300,R ALA 300,0.0,0.0,0.0,0.0,0.0,0.0,0.002000000000000224,0.0,0.0,-0.0019999999999997797,0.0,0.0,0.0,0.0,0.0,4.440892098500626e-16,0.0,0.0
VAL 301,R VAL 301,0.0,0.0,0.0,0.0,0.0,0.0,0.0009999999999994458,0.0,0.0,0.0,0.0,0.0,0.0,0.0,0.0,0.0009999999999994458,0.0,0.0
LEU 302,R LEU 302,0.0,0.0,0.0,0.0,0.0,0.0,0.0009999999999994458,0.0,0.0,0.0,0.0,0.0,0.0,0.0,0.0,0.0010000000000012221,0.0,0.0
LYS 303,R LYS 303,0.0,0.0,0.0,0.0,0.0,0.0,0.04399999999999693,0.0,0.0,-0.04500000000000015,0.0,0.0,0.0,0.0,0.0,-0.0010000000000029985,0.0,0.0
TYR 304,R TYR 304,0.0,0.0,0.0,0.0,0.0,0.0,0.001000000000000334,0.0,0.0,-0.001000000000000334,0.0,0.0,0.0,0.0,0.0,0.0,0.0,0.0
GLU 305,R GLU 305,0.0,0.0,0.0,0.0,0.0,0.0,-0.027999999999998693,0.0,0.0,0.028000000000005798,0.0,0.0,0.0,0.0,0.0,0.0,0.0,0.0
ASN 306,R ASN 306,0.0,0.0,0.0,0.0,0.0,0.0,0.0019999999999997797,0.0,0.0,-0.0009999999999994458,0.0,0.0,0.0,0.0,0.0,0.0010000000000047748,0.0,0.0
ASN 307,R ASN 307,0.0,0.0,0.0,0.0,0.0,0.0,0.0,0.0,0.0,0.0,0.0,0.0,0.0,0.0,0.0,0.0,0.0,0.0
VAL 308,R VAL 308,0.0,0.0,0.0,0.0,0.0,0.0,0.0009999999999994458,0.0,0.0,-0.0010000000000000009,0.0,0.0,0.0,0.0,0.0,0.0,0.0,0.0
MET 309,R MET 309,0.0,0.0,0.0,0.0,0.0,0.0,0.0,0.0,0.0,0.0,0.0,0.0,0.0,0.0,0.0,0.0,0.0,0.0
ASN 310,R ASN 310,0.0,0.0,0.0,-0.0009999999999998899,0.0,0.0,0.0009999999999998899,0.0,0.0,-0.002000000000000668,0.0,0.0,0.0,0.0,0.0,-0.001999999999995339,0.0,0.0
ILE 311,R ILE 311,0.0,0.0,0.0,0.0,0.0,0.0,0.0009999999999998899,0.0,0.0,-0.001000000000000112,0.0,0.0,0.0,0.0,0.0,0.0,0.0,0.0
ARG 312,R ARG 312,0.0,0.0,0.0,0.0,0.0,0.0,0.056000000000011596,0.0,0.0,-0.05600000000000094,0.0,0.0,0.0,0.0,0.0,0.0,0.0,0.0
GLN 313,R GLN 313,0.0,0.0,0.0,0.0,0.0,0.0,-0.0010000000000012221,0.0,0.0,0.001000000000000334,0.0,0.0,0.0,0.0,0.0,0.0,0.0,0.0
PHE 314,R PHE 314,0.0,0.0,0.0,0.0,0.0,0.0,0.0020000000000000018,0.0,0.0,-0.0030000000000000027,0.0,0.0,0.0,0.0,0.0,-0.0009999999999998899,0.0,0.0
ASN 315,R ASN 315,0.0,0.0,0.0,-0.0009999999999998899,0.0,0.0,0.008000000000000007,0.0,0.0,-0.008000000000000007,0.0,0.0,0.0,0.0,0.0,-0.000999999999990564,0.0,0.0
CYS 316,R CYS 316,0.0,0.0,0.0,0.0,0.0,0.0,0.0,0.0,0.0,0.0009999999999998899,0.0,0.0,0.0,0.0,0.0,0.0010000000000012221,0.0,0.0
SER 317,R SER 317,0.0,0.0,0.0,0.0,0.0,0.0,0.005000000000000782,0.0,0.0,-0.0049999999999999975,0.0,0.0,0.0,0.0,0.0,8.881784197001252e-16,0.0,0.0
PRO 318,R PRO 318,0.0,0.0,0.0,-0.001000000000000112,0.0,0.0,0.04399999999999693,0.0,0.0,-0.04499999999999993,0.0,0.0,0.0,0.0,0.0,-0.0020000000000042206,0.0,0.0
HIE 319,R HIE 319,0.0,0.0,0.0,-0.0030000000000001137,0.0,0.0,-0.008000000000000895,0.0,0.0,0.006000000000000005,0.0,0.0,0.0,0.0,0.0,-0.005000000000000782,0.0,0.0
PRO 320,R PRO 320,0.0,0.0,0.0,-0.0019999999999997797,0.0,0.0,0.045999999999999375,0.0,0.0,-0.036000000000001364,0.0,0.0,0.0,0.0,0.0,0.007999999999999119,0.0,0.0
TYR 321,R TYR 321,0.0,0.0,0.0,-0.24600000000000044,0.0,0.0,-0.09600000000000009,0.0,0.0,0.55,0.0,0.0,-0.008323199999999996,0.0,0.0,0.19967679999999888,0.0,0.0
TRP 322,R TRP 322,0.0,0.0,0.0,-0.0129999999999999,0.0,0.0,-0.005000000000000782,0.0,0.0,-0.0019999999999997797,0.0,0.0,0.0,0.0,0.0,-0.019999999999998685,0.0,0.0
LEU 323,R LEU 323,0.0,0.0,0.0,-0.42300000000000004,0.0,0.0,-0.03200000000000003,0.0,0.0,-0.0259999999999998,0.0,0.0,-0.0100656,0.0,0.0,-0.49106560000000243,0.0,0.0
PRO 324,R PRO 324,0.0,0.0,0.0,-0.5220000000000002,0.0,0.0,0.19200000000000017,0.0,0.0,-0.4220000000000006,0.0,0.0,-0.042141599999999994,0.0,0.0,-0.7941416000000014,0.0,0.0
ASN 325,R ASN 325,0.0,0.0,0.0,-0.017000000000000348,0.0,0.0,-0.061,0.0,0.0,0.10500000000000043,0.0,0.0,0.0,0.0,0.0,0.026999999999986812,0.0,0.0
PHE 326,R PHE 326,0.0,0.0,0.0,-0.008000000000000895,0.0,0.0,-0.0029999999999996696,0.0,0.0,-0.0029999999999998916,0.0,0.0,0.0,0.0,0.0,-0.014000000000000457,0.0,0.0
MET 327,R MET 327,0.0,0.0,0.0,-0.35199999999999854,0.0,0.0,-0.06400000000000006,0.0,0.0,0.06200000000000028,0.0,0.0,-0.009561599999999998,0.0,0.0,-0.3635615999999983,0.0,0.0
ASP 328,R ASP 328,0.0,0.0,0.0,-0.013000000000000345,0.0,0.0,0.09199999999999875,0.0,0.0,-0.13399999999998613,0.0,0.0,0.0,0.0,0.0,-0.0549999999999784,0.0,0.0
VAL 329,R VAL 329,0.0,0.0,0.0,-0.05400000000000027,0.0,0.0,0.009999999999999787,0.0,0.0,-0.08099999999999996,0.0,0.0,0.0,0.0,0.0,-0.12500000000000178,0.0,0.0
PHE 330,R PHE 330,0.0,0.0,0.0,-0.02200000000000024,0.0,0.0,-0.0009999999999998899,0.0,0.0,0.04400000000000004,0.0,0.0,0.0,0.0,0.0,0.020999999999999908,0.0,0.0
THR 331,R THR 331,0.0,0.0,0.0,-0.03500000000000014,0.0,0.0,0.0,0.0,0.0,-0.16199999999999992,0.0,0.0,0.0,0.0,0.0,-0.19700000000000273,0.0,0.0
TRP 332,R TRP 332,0.0,0.0,0.0,-3.2489999999999988,0.0,0.0,-3.3680000000000003,0.0,0.0,1.7080000000000002,0.0,0.0,-0.337968,0.0,0.0,-5.246967999999996,0.0,0.0
SER 333,R SER 333,0.0,0.0,0.0,-0.6840000000000002,0.0,0.0,-0.07600000000000007,0.0,0.0,0.264,0.0,0.0,-0.0211248,0.0,0.0,-0.5171248000000004,0.0,0.0
LEU 334,R LEU 334,0.0,0.0,0.0,-0.06100000000000083,0.0,0.0,-0.0039999999999995595,0.0,0.0,-0.05500000000000016,0.0,0.0,0.0,0.0,0.0,-0.120000000000001,0.0,0.0
PRO 335,R PRO 335,0.0,0.0,0.0,-0.6749999999999998,0.0,0.0,-0.11899999999999977,0.0,0.0,0.25200000000000244,0.0,0.0,-0.045158399999999994,0.0,0.0,-0.587158399999999,0.0,0.0
PHE 336,R PHE 336,0.0,0.0,0.0,-3.264000000000001,0.0,0.0,-0.373,0.0,0.0,0.10099999999999998,0.0,0.0,-0.360216,0.0,0.0,-3.896216000000001,0.0,0.0
VAL 337,R VAL 337,0.0,0.0,0.0,-0.10499999999999954,0.0,0.0,0.0,0.0,0.0,-0.07399999999999984,0.0,0.0,0.0,0.0,0.0,-0.17900000000000027,0.0,0.0
GLY 338,R GLY 338,0.0,0.0,0.0,-0.014000000000000012,0.0,0.0,0.02400000000000002,0.0,0.0,-0.03200000000000003,0.0,0.0,0.0,0.0,0.0,-0.021999999999999797,0.0,0.0
GLU 339,R GLU 339,0.0,0.0,0.0,-1.7650000000000006,0.0,0.0,-0.2849999999999966,0.0,0.0,4.578000000000003,0.0,0.0,-0.2684808000000001,0.0,0.0,2.2595191999999997,0.0,0.0
LYS 340,R LYS 340,0.0,0.0,0.0,-0.20500000000000007,0.0,0.0,-0.09200000000001296,0.0,0.0,0.13799999999999102,0.0,0.0,0.0,0.0,0.0,-0.15900000000000603,0.0,0.0
VAL 341,R VAL 341,0.0,0.0,0.0,-0.010999999999999233,0.0,0.0,-0.004999999999999893,0.0,0.0,-0.03399999999999981,0.0,0.0,0.0,0.0,0.0,-0.049999999999998934,0.0,0.0
THR 342,R THR 342,0.0,0.0,0.0,-0.0129999999999999,0.0,0.0,-0.06199999999999939,0.0,0.0,0.03200000000000003,0.0,0.0,0.0,0.0,0.0,-0.043000000000006366,0.0,0.0
GLU 343,R GLU 343,0.0,0.0,0.0,-0.05900000000000016,0.0,0.0,0.4369999999999976,0.0,0.0,-0.26400000000001,0.0,0.0,0.0,0.0,0.0,0.1139999999999759,0.0,0.0
MET 344,R MET 344,0.0,0.0,0.0,-0.0039999999999995595,0.0,0.0,-0.009999999999999787,0.0,0.0,0.0040000000000000036,0.0,0.0,0.0,0.0,0.0,-0.009999999999999343,0.0,0.0
LEU 345,R LEU 345,0.0,0.0,0.0,-0.0019999999999997797,0.0,0.0,-0.008000000000000007,0.0,0.0,0.01100000000000012,0.0,0.0,0.0,0.0,0.0,0.0009999999999976694,0.0,0.0
VAL 346,R VAL 346,0.0,0.0,0.0,-0.004000000000000448,0.0,0.0,-0.010999999999999233,0.0,0.0,0.019000000000000128,0.0,0.0,0.0,0.0,0.0,0.004000000000001336,0.0,0.0
ASN 347,R ASN 347,0.0,0.0,0.0,-0.0030000000000001137,0.0,0.0,0.019999999999999574,0.0,0.0,0.01399999999999979,0.0,0.0,0.0,0.0,0.0,0.0309999999999917,0.0,0.0
VAL 348,R VAL 348,0.0,0.0,0.0,0.0,0.0,0.0,-0.002000000000000668,0.0,0.0,0.007000000000000117,0.0,0.0,0.0,0.0,0.0,0.005000000000000782,0.0,0.0
LEU 349,R LEU 349,0.0,0.0,0.0,0.0,0.0,0.0,-0.006999999999999673,0.0,0.0,0.01200000000000001,0.0,0.0,0.0,0.0,0.0,0.004999999999999005,0.0,0.0
ASN 350,R ASN 350,0.0,0.0,0.0,-0.0009999999999998899,0.0,0.0,-0.0069999999999999785,0.0,0.0,0.019000000000000128,0.0,0.0,0.0,0.0,0.0,0.01099999999999568,0.0,0.0
ILE 351,R ILE 351,0.0,0.0,0.0,-0.001000000000000334,0.0,0.0,-0.002000000000000224,0.0,0.0,0.0019999999999997797,0.0,0.0,0.0,0.0,0.0,-0.0009999999999994458,0.0,0.0
CYS 352,R CYS 352,0.0,0.0,0.0,0.0,0.0,0.0,0.016000000000000014,0.0,0.0,-0.01799999999999713,0.0,0.0,0.0,0.0,0.0,-0.0019999999999988916,0.0,0.0
GLY 353,R GLY 353,0.0,0.0,0.0,0.0,0.0,0.0,-0.004000000000001336,0.0,0.0,0.0030000000000001137,0.0,0.0,0.0,0.0,0.0,-0.0010000000000012221,0.0,0.0
ASN 354,R ASN 354,0.0,0.0,0.0,0.0,0.0,0.0,0.0030000000000001137,0.0,0.0,-0.0030000000000000027,0.0,0.0,0.0,0.0,0.0,0.0,0.0,0.0
GLU 355,R GLU 355,0.0,0.0,0.0,0.0,0.0,0.0,0.014000000000010004,0.0,0.0,-0.014000000000010004,0.0,0.0,0.0,0.0,0.0,0.0,0.0,0.0
ALA 356,R ALA 356,0.0,0.0,0.0,0.0,0.0,0.0,-0.0009999999999994458,0.0,0.0,0.0,0.0,0.0,0.0,0.0,0.0,-0.0009999999999994458,0.0,0.0
SER 357,R SER 357,0.0,0.0,0.0,0.0,0.0,0.0,-0.0010000000000000009,0.0,0.0,0.0,0.0,0.0,0.0,0.0,0.0,-0.0009999999999998899,0.0,0.0
TYR 358,R TYR 358,0.0,0.0,0.0,0.0,0.0,0.0,0.0,0.0,0.0,0.0,0.0,0.0,0.0,0.0,0.0,0.0,0.0,0.0
PRO 359,R PRO 359,0.0,0.0,0.0,0.0,0.0,0.0,-0.004999999999999005,0.0,0.0,0.004999999999999005,0.0,0.0,0.0,0.0,0.0,0.0,0.0,0.0
LEU 360,R LEU 360,0.0,0.0,0.0,0.0,0.0,0.0,-0.0009999999999994458,0.0,0.0,0.0009999999999998899,0.0,0.0,0.0,0.0,0.0,-1.7763568394002505e-15,0.0,0.0
GLU 361,R GLU 361,0.0,0.0,0.0,0.0,0.0,0.0,0.034000000000006025,0.0,0.0,-0.033999999999991815,0.0,0.0,0.0,0.0,0.0,1.4210854715202004e-14,0.0,0.0
MET 362,R MET 362,0.0,0.0,0.0,0.0,0.0,0.0,0.0,0.0,0.0,-0.0009999999999994458,0.0,0.0,0.0,0.0,0.0,-0.0009999999999994458,0.0,0.0
CYS 363,R CYS 363,0.0,0.0,0.0,0.0,0.0,0.0,0.002000000000000224,0.0,0.0,-0.0030000000000000027,0.0,0.0,0.0,0.0,0.0,-0.0009999999999994458,0.0,0.0
SER 364,R SER 364,0.0,0.0,0.0,0.0,0.0,0.0,-0.004999999999999893,0.0,0.0,0.0050000000000000044,0.0,0.0,0.0,0.0,0.0,1.1102230246251565e-16,0.0,0.0
HIE 365,R HIE 365,0.0,0.0,0.0,0.0,0.0,0.0,-0.006000000000000227,0.0,0.0,0.005999999999999339,0.0,0.0,0.0,0.0,0.0,0.0,0.0,0.0
PHE 366,R PHE 366,0.0,0.0,0.0,-0.0010000000000012221,0.0,0.0,-0.0030000000000001137,0.0,0.0,-0.001000000000000112,0.0,0.0,0.0,0.0,0.0,-0.005000000000001448,0.0,0.0
ASP 367,R ASP 367,0.0,0.0,0.0,0.0,0.0,0.0,0.10099999999999909,0.0,0.0,-0.10099999999999909,0.0,0.0,0.0,0.0,0.0,0.0,0.0,0.0
ALA 368,R ALA 368,0.0,0.0,0.0,0.0,0.0,0.0,-0.0029999999999992255,0.0,0.0,0.0030000000000001137,0.0,0.0,0.0,0.0,0.0,8.881784197001252e-16,0.0,0.0
ASP 369,R ASP 369,0.0,0.0,0.0,0.0,0.0,0.0,0.0730000000000004,0.0,0.0,-0.07299999999999329,0.0,0.0,0.0,0.0,0.0,7.105427357601002e-15,0.0,0.0
GLU 370,R GLU 370,0.0,0.0,0.0,-0.0009999999999994458,0.0,0.0,0.13599999999999568,0.0,0.0,-0.13500000000000512,0.0,0.0,0.0,0.0,0.0,-1.4210854715202004e-14,0.0,0.0
ILE 371,R ILE 371,0.0,0.0,0.0,-0.001000000000000334,0.0,0.0,-0.0020000000000000018,0.0,0.0,0.0019999999999997797,0.0,0.0,0.0,0.0,0.0,-0.001000000000000778,0.0,0.0
LYS 372,R LYS 372,0.0,0.0,0.0,0.0,0.0,0.0,-0.05700000000000216,0.0,0.0,0.05600000000000449,0.0,0.0,0.0,0.0,0.0,-0.0009999999999976694,0.0,0.0
ARG 373,R ARG 373,0.0,0.0,0.0,0.0,0.0,0.0,-0.11199999999999477,0.0,0.0,0.1110000000000042,0.0,0.0,0.0,0.0,0.0,-0.0009999999999763531,0.0,0.0
LEU 374,R LEU 374,0.0,0.0,0.0,0.0,0.0,0.0,-0.0030000000000001137,0.0,0.0,0.006999999999999673,0.0,0.0,0.0,0.0,0.0,0.0039999999999995595,0.0,0.0
GLY 375,R GLY 375,0.0,0.0,0.0,0.0,0.0,0.0,0.0019999999999997797,0.0,0.0,-0.0019999999999997797,0.0,0.0,0.0,0.0,0.0,0.0,0.0,0.0
LYS 376,R LYS 376,0.0,0.0,0.0,0.0,0.0,0.0,-0.06199999999999761,0.0,0.0,0.05999999999999961,0.0,0.0,0.0,0.0,0.0,-0.0019999999999988916,0.0,0.0
ARG 377,R ARG 377,0.0,0.0,0.0,-0.0009999999999994458,0.0,0.0,-0.12300000000000111,0.0,0.0,0.12600000000000477,0.0,0.0,0.0,0.0,0.0,0.0020000000000095497,0.0,0.0
PHE 378,R PHE 378,0.0,0.0,0.0,0.0,0.0,0.0,-0.001000000000000112,0.0,0.0,0.0,0.0,0.0,0.0,0.0,0.0,-0.001000000000000112,0.0,0.0
LYS 379,R LYS 379,0.0,0.0,0.0,0.0,0.0,0.0,-0.036999999999999034,0.0,0.0,0.036000000000001364,0.0,0.0,0.0,0.0,0.0,-0.0010000000000047748,0.0,0.0
LYS 380,R LYS 380,0.0,0.0,0.0,0.0,0.0,0.0,-0.054000000000002046,0.0,0.0,0.053999999999998494,0.0,0.0,0.0,0.0,0.0,-3.552713678800501e-15,0.0,0.0
LEU 381,R LEU 381,0.0,0.0,0.0,0.0,0.0,0.0,-0.0019999999999997797,0.0,0.0,0.004999999999999893,0.0,0.0,0.0,0.0,0.0,0.0029999999999983373,0.0,0.0
ASP 382,R ASP 382,0.0,0.0,0.0,0.0,0.0,0.0,0.013999999999995794,0.0,0.0,-0.013999999999981583,0.0,0.0,0.0,0.0,0.0,1.4210854715202004e-14,0.0,0.0
LEU 383,R LEU 383,0.0,0.0,0.0,0.0,0.0,0.0,0.0009999999999998899,0.0,0.0,-0.0009999999999998899,0.0,0.0,0.0,0.0,0.0,1.7763568394002505e-15,0.0,0.0
ASP 384,R ASP 384,0.0,0.0,0.0,0.0,0.0,0.0,-0.01099999999999568,0.0,0.0,0.01099999999999568,0.0,0.0,0.0,0.0,0.0,0.0,0.0,0.0
ASN 385,R ASN 385,0.0,0.0,0.0,0.0,0.0,0.0,-0.0029999999999996696,0.0,0.0,0.0030000000000001137,0.0,0.0,0.0,0.0,0.0,0.0,0.0,0.0
SER 386,R SER 386,0.0,0.0,0.0,0.0,0.0,0.0,0.0020000000000000018,0.0,0.0,-0.0029999999999998916,0.0,0.0,0.0,0.0,0.0,-0.0009999999999998899,0.0,0.0
GLY 387,R GLY 387,0.0,0.0,0.0,0.0,0.0,0.0,0.0,0.0,0.0,-0.001000000000000334,0.0,0.0,0.0,0.0,0.0,-0.001000000000000334,0.0,0.0
SER 388,R SER 388,0.0,0.0,0.0,0.0,0.0,0.0,0.0010000000000000009,0.0,0.0,-0.0030000000000000027,0.0,0.0,0.0,0.0,0.0,-0.0019999999999997797,0.0,0.0
LEU 389,R LEU 389,0.0,0.0,0.0,-0.0009999999999994458,0.0,0.0,-0.0020000000000000018,0.0,0.0,0.0040000000000000036,0.0,0.0,0.0,0.0,0.0,0.0010000000000029985,0.0,0.0
SER 390,R SER 390,0.0,0.0,0.0,0.0,0.0,0.0,-0.0009999999999998899,0.0,0.0,-0.001000000000000112,0.0,0.0,0.0,0.0,0.0,-0.0019999999999997797,0.0,0.0
VAL 391,R VAL 391,0.0,0.0,0.0,0.0,0.0,0.0,0.0019999999999988916,0.0,0.0,0.0,0.0,0.0,0.0,0.0,0.0,0.0019999999999988916,0.0,0.0
GLU 392,R GLU 392,0.0,0.0,0.0,0.0,0.0,0.0,-0.056000000000011596,0.0,0.0,0.057999999999992724,0.0,0.0,0.0,0.0,0.0,0.001999999999981128,0.0,0.0
GLU 393,R GLU 393,0.0,0.0,0.0,0.0,0.0,0.0,-0.006000000000000227,0.0,0.0,0.006000000000000227,0.0,0.0,0.0,0.0,0.0,0.0,0.0,0.0
PHE 394,R PHE 394,0.0,0.0,0.0,-0.0010000000000012221,0.0,0.0,-0.0009999999999998899,0.0,0.0,-0.006999999999999895,0.0,0.0,0.0,0.0,0.0,-0.009000000000000341,0.0,0.0
MET 395,R MET 395,0.0,0.0,0.0,-0.001000000000000334,0.0,0.0,0.010000000000000009,0.0,0.0,-0.01100000000000001,0.0,0.0,0.0,0.0,0.0,-0.002000000000000668,0.0,0.0
SER 396,R SER 396,0.0,0.0,0.0,0.0,0.0,0.0,-0.0020000000000000018,0.0,0.0,0.0009999999999998899,0.0,0.0,0.0,0.0,0.0,-0.001000000000000334,0.0,0.0
LEU 397,R LEU 397,0.0,0.0,0.0,-0.0009999999999998899,0.0,0.0,-0.0029999999999992255,0.0,0.0,0.009000000000000341,0.0,0.0,0.0,0.0,0.0,0.005000000000004334,0.0,0.0
PRO 398,R PRO 398,0.0,0.0,0.0,-0.0010000000000000009,0.0,0.0,-0.006000000000000227,0.0,0.0,0.006000000000000227,0.0,0.0,0.0,0.0,0.0,-0.0009999999999976694,0.0,0.0
GLU 399,R GLU 399,0.0,0.0,0.0,-0.007000000000000117,0.0,0.0,0.17100000000000648,0.0,0.0,-0.09199999999998454,0.0,0.0,0.0,0.0,0.0,0.07200000000001694,0.0,0.0
LEU 400,R LEU 400,0.0,0.0,0.0,-0.0019999999999997797,0.0,0.0,-0.002000000000000224,0.0,0.0,0.005999999999999339,0.0,0.0,0.0,0.0,0.0,0.001999999999997115,0.0,0.0
GLN 401,R GLN 401,0.0,0.0,0.0,-0.0030000000000001137,0.0,0.0,-0.015000000000000568,0.0,0.0,0.03600000000000003,0.0,0.0,0.0,0.0,0.0,0.017999999999993577,0.0,0.0
GLN 402,R GLN 402,0.0,0.0,0.0,-0.02900000000000036,0.0,0.0,0.054999999999999716,0.0,0.0,0.045,0.0,0.0,0.0,0.0,0.0,0.07100000000000506,0.0,0.0
ASN 403,R ASN 403,0.0,0.0,0.0,-0.01499999999999968,0.0,0.0,-0.03299999999999992,0.0,0.0,0.07100000000000017,0.0,0.0,0.0,0.0,0.0,0.022999999999996135,0.0,0.0
PRO 404,R PRO 404,0.0,0.0,0.0,-0.06199999999999939,0.0,0.0,0.09499999999999886,0.0,0.0,-0.036000000000001364,0.0,0.0,0.0,0.0,0.0,-0.0030000000000036664,0.0,0.0
LEU 405,R LEU 405,0.0,0.0,0.0,-0.04900000000000038,0.0,0.0,0.001000000000000334,0.0,0.0,-0.056999999999999496,0.0,0.0,0.0,0.0,0.0,-0.1050000000000022,0.0,0.0
VAL 406,R VAL 406,0.0,0.0,0.0,-0.0030000000000001137,0.0,0.0,0.002000000000000668,0.0,0.0,0.0040000000000000036,0.0,0.0,0.0,0.0,0.0,0.0030000000000001137,0.0,0.0
GLN 407,R GLN 407,0.0,0.0,0.0,-0.0009999999999994458,0.0,0.0,0.0039999999999995595,0.0,0.0,0.008000000000000007,0.0,0.0,0.0,0.0,0.0,0.011000000000002785,0.0,0.0
ARG 408,R ARG 408,0.0,0.0,0.0,-0.0070000000000014495,0.0,0.0,0.1280000000000001,0.0,0.0,-0.06199999999999761,0.0,0.0,0.0,0.0,0.0,0.0589999999999975,0.0,0.0
VAL 409,R VAL 409,0.0,0.0,0.0,-0.0019999999999997797,0.0,0.0,-0.0019999999999997797,0.0,0.0,-0.0040000000000000036,0.0,0.0,0.0,0.0,0.0,-0.007999999999997343,0.0,0.0
ILE 410,R ILE 410,0.0,0.0,0.0,-0.0009999999999994458,0.0,0.0,0.0020000000000000018,0.0,0.0,0.0,0.0,0.0,0.0,0.0,0.0,0.001000000000000778,0.0,0.0
ASP 411,R ASP 411,0.0,0.0,0.0,0.0,0.0,0.0,-0.08499999999999375,0.0,0.0,0.08700000000001751,0.0,0.0,0.0,0.0,0.0,0.0020000000000237605,0.0,0.0
ILE 412,R ILE 412,0.0,0.0,0.0,-0.0019999999999997797,0.0,0.0,-0.0020000000000000018,0.0,0.0,0.0019999999999997797,0.0,0.0,0.0,0.0,0.0,-0.0019999999999997797,0.0,0.0
PHE 413,R PHE 413,0.0,0.0,0.0,-0.0009999999999994458,0.0,0.0,-0.0030000000000001137,0.0,0.0,-0.01200000000000001,0.0,0.0,0.0,0.0,0.0,-0.01599999999999957,0.0,0.0
ASP 414,R ASP 414,0.0,0.0,0.0,0.0,0.0,0.0,-0.022999999999996135,0.0,0.0,0.022999999999996135,0.0,0.0,0.0,0.0,0.0,0.0,0.0,0.0
THR 415,R THR 415,0.0,0.0,0.0,0.0,0.0,0.0,-0.0030000000000001137,0.0,0.0,0.0019999999999988916,0.0,0.0,0.0,0.0,0.0,-0.0010000000000047748,0.0,0.0
ASP 416,R ASP 416,0.0,0.0,0.0,0.0,0.0,0.0,-0.0009999999999763531,0.0,0.0,0.0010000000000047748,0.0,0.0,0.0,0.0,0.0,2.842170943040401e-14,0.0,0.0
GLY 417,R GLY 417,0.0,0.0,0.0,0.0,0.0,0.0,0.0,0.0,0.0,0.0,0.0,0.0,0.0,0.0,0.0,0.0,0.0,0.0
ASN 418,R ASN 418,0.0,0.0,0.0,0.0,0.0,0.0,-0.0010000000000012221,0.0,0.0,0.0,0.0,0.0,0.0,0.0,0.0,-0.000999999999990564,0.0,0.0
GLY 419,R GLY 419,0.0,0.0,0.0,0.0,0.0,0.0,-0.0009999999999994458,0.0,0.0,0.001000000000000334,0.0,0.0,0.0,0.0,0.0,8.881784197001252e-16,0.0,0.0
GLU 420,R GLU 420,0.0,0.0,0.0,0.0,0.0,0.0,-0.014999999999986358,0.0,0.0,0.016999999999995907,0.0,0.0,0.0,0.0,0.0,0.0020000000000095497,0.0,0.0
VAL 421,R VAL 421,0.0,0.0,0.0,0.0,0.0,0.0,-0.0009999999999994458,0.0,0.0,0.004999999999999893,0.0,0.0,0.0,0.0,0.0,0.0039999999999995595,0.0,0.0
ASP 422,R ASP 422,0.0,0.0,0.0,0.0,0.0,0.0,0.01999999999998181,0.0,0.0,-0.020000000000010232,0.0,0.0,0.0,0.0,0.0,-2.842170943040401e-14,0.0,0.0
PHE 423,R PHE 423,0.0,0.0,0.0,-0.0009999999999994458,0.0,0.0,-0.0010000000000000009,0.0,0.0,0.0,0.0,0.0,0.0,0.0,0.0,-0.0019999999999997797,0.0,0.0
LYS 424,R LYS 424,0.0,0.0,0.0,0.0,0.0,0.0,-0.027999999999991587,0.0,0.0,0.02599999999999625,0.0,0.0,0.0,0.0,0.0,-0.001999999999995339,0.0,0.0
GLU 425,R GLU 425,0.0,0.0,0.0,0.0,0.0,0.0,0.00899999999998613,0.0,0.0,-0.008000000000009777,0.0,0.0,0.0,0.0,0.0,0.0009999999999763531,0.0,0.0
PHE 426,R PHE 426,0.0,0.0,0.0,-0.0009999999999994458,0.0,0.0,-0.001000000000000112,0.0,0.0,-0.0030000000000000027,0.0,0.0,0.0,0.0,0.0,-0.00499999999999956,0.0,0.0
ILE 427,R ILE 427,0.0,0.0,0.0,-0.001000000000000334,0.0,0.0,-0.0020000000000000018,0.0,0.0,0.002000000000000224,0.0,0.0,0.0,0.0,0.0,-0.001000000000000334,0.0,0.0
GLU 428,R GLU 428,0.0,0.0,0.0,0.0,0.0,0.0,0.055999999999997385,0.0,0.0,-0.05500000000000682,0.0,0.0,0.0,0.0,0.0,0.000999999999990564,0.0,0.0
GLY 429,R GLY 429,0.0,0.0,0.0,0.0,0.0,0.0,0.0030000000000001137,0.0,0.0,-0.004000000000000448,0.0,0.0,0.0,0.0,0.0,-0.001000000000000334,0.0,0.0
VAL 430,R VAL 430,0.0,0.0,0.0,-0.001000000000000334,0.0,0.0,-0.0030000000000001137,0.0,0.0,0.008000000000000007,0.0,0.0,0.0,0.0,0.0,0.0039999999999995595,0.0,0.0
SER 431,R SER 431,0.0,0.0,0.0,0.0,0.0,0.0,0.0030000000000001137,0.0,0.0,-0.0029999999999996696,0.0,0.0,0.0,0.0,0.0,4.440892098500626e-16,0.0,0.0
GLN 432,R GLN 432,0.0,0.0,0.0,-0.0009999999999994458,0.0,0.0,0.0,0.0,0.0,0.007000000000000561,0.0,0.0,0.0,0.0,0.0,0.006000000000014438,0.0,0.0
PHE 433,R PHE 433,0.0,0.0,0.0,-0.0039999999999995595,0.0,0.0,-0.008000000000000007,0.0,0.0,-0.02099999999999999,0.0,0.0,0.0,0.0,0.0,-0.032999999999999474,0.0,0.0
SER 434,R SER 434,0.0,0.0,0.0,0.0,0.0,0.0,0.0,0.0,0.0,-0.0010000000000000009,0.0,0.0,0.0,0.0,0.0,-0.0010000000000000009,0.0,0.0
VAL 435,R VAL 435,0.0,0.0,0.0,-0.0009999999999998899,0.0,0.0,-0.005000000000000782,0.0,0.0,0.006999999999999895,0.0,0.0,0.0,0.0,0.0,0.0010000000000012221,0.0,0.0
LYS 436,R LYS 436,0.0,0.0,0.0,0.0,0.0,0.0,-0.12999999999999545,0.0,0.0,0.13100000000000023,0.0,0.0,0.0,0.0,0.0,0.0010000000000047748,0.0,0.0
GLY 437,R GLY 437,0.0,0.0,0.0,0.0,0.0,0.0,0.006000000000000227,0.0,0.0,-0.005999999999999783,0.0,0.0,0.0,0.0,0.0,4.440892098500626e-16,0.0,0.0
ASP 438,R ASP 438,0.0,0.0,0.0,0.0,0.0,0.0,0.132000000000005,0.0,0.0,-0.13000000000002387,0.0,0.0,0.0,0.0,0.0,0.001999999999981128,0.0,0.0
LYS 439,R LYS 439,0.0,0.0,0.0,-0.0009999999999994458,0.0,0.0,-0.21600000000000819,0.0,0.0,0.23000000000000398,0.0,0.0,0.0,0.0,0.0,0.012999999999991019,0.0,0.0
GLU 440,R GLU 440,0.0,0.0,0.0,-0.001000000000000334,0.0,0.0,0.09199999999999875,0.0,0.0,-0.08799999999999386,0.0,0.0,0.0,0.0,0.0,0.0030000000000143245,0.0,0.0
GLN 441,R GLN 441,0.0,0.0,0.0,-0.001000000000000334,0.0,0.0,0.002000000000000668,0.0,0.0,0.004999999999999893,0.0,0.0,0.0,0.0,0.0,0.005999999999993122,0.0,0.0
LYS 442,R LYS 442,0.0,0.0,0.0,-0.002000000000000668,0.0,0.0,-0.3160000000000025,0.0,0.0,0.34600000000000364,0.0,0.0,0.0,0.0,0.0,0.028000000000005798,0.0,0.0
LEU 443,R LEU 443,0.0,0.0,0.0,-0.0030000000000001137,0.0,0.0,-0.004999999999999893,0.0,0.0,0.0040000000000000036,0.0,0.0,0.0,0.0,0.0,-0.004000000000003112,0.0,0.0
ARG 444,R ARG 444,0.0,0.0,0.0,-0.0010000000000012221,0.0,0.0,-0.054999999999999716,0.0,0.0,0.03200000000001069,0.0,0.0,0.0,0.0,0.0,-0.023999999999972488,0.0,0.0
PHE 445,R PHE 445,0.0,0.0,0.0,-0.0030000000000001137,0.0,0.0,-0.0020000000000000018,0.0,0.0,-0.034999999999999976,0.0,0.0,0.0,0.0,0.0,-0.04000000000000026,0.0,0.0
ALA 446,R ALA 446,0.0,0.0,0.0,-0.0030000000000001137,0.0,0.0,-0.008000000000000007,0.0,0.0,0.01100000000000012,0.0,0.0,0.0,0.0,0.0,0.0,0.0,0.0
PHE 447,R PHE 447,0.0,0.0,0.0,-0.0019999999999988916,0.0,0.0,-0.0019999999999997797,0.0,0.0,-0.015000000000000124,0.0,0.0,0.0,0.0,0.0,-0.018999999999998796,0.0,0.0
ARG 448,R ARG 448,0.0,0.0,0.0,-0.001000000000000334,0.0,0.0,-0.06200000000000472,0.0,0.0,0.060000000000002274,0.0,0.0,0.0,0.0,0.0,-0.002999999999985903,0.0,0.0
ILE 449,R ILE 449,0.0,0.0,0.0,-0.0129999999999999,0.0,0.0,-0.0010000000000000009,0.0,0.0,-0.013000000000000345,0.0,0.0,0.0,0.0,0.0,-0.027000000000000135,0.0,0.0
TYR 450,R TYR 450,0.0,0.0,0.0,-0.051000000000000156,0.0,0.0,-0.0129999999999999,0.0,0.0,0.132,0.0,0.0,0.0,0.0,0.0,0.06800000000000139,0.0,0.0
ASP 451,R ASP 451,0.0,0.0,0.0,-0.0010000000000012221,0.0,0.0,-0.03300000000000125,0.0,0.0,0.028999999999996362,0.0,0.0,0.0,0.0,0.0,-0.005000000000023874,0.0,0.0
MET 452,R MET 452,0.0,0.0,0.0,-0.0019999999999997797,0.0,0.0,-0.004999999999999893,0.0,0.0,-0.0009999999999994458,0.0,0.0,0.0,0.0,0.0,-0.007999999999999119,0.0,0.0
ASP 453,R ASP 453,0.0,0.0,0.0,0.0,0.0,0.0,-0.07200000000000273,0.0,0.0,0.07399999999998386,0.0,0.0,0.0,0.0,0.0,0.001999999999981128,0.0,0.0
LYS 454,R LYS 454,0.0,0.0,0.0,0.0,0.0,0.0,0.018000000000000682,0.0,0.0,-0.016000000000019554,0.0,0.0,0.0,0.0,0.0,0.001999999999981128,0.0,0.0
ASP 455,R ASP 455,0.0,0.0,0.0,0.0,0.0,0.0,-0.051000000000016144,0.0,0.0,0.051000000000016144,0.0,0.0,0.0,0.0,0.0,0.0,0.0,0.0
GLY 456,R GLY 456,0.0,0.0,0.0,0.0,0.0,0.0,0.0,0.0,0.0,0.0,0.0,0.0,0.0,0.0,0.0,0.0,0.0,0.0
TYR 457,R TYR 457,0.0,0.0,0.0,-0.0009999999999994458,0.0,0.0,0.0009999999999976694,0.0,0.0,-0.0040000000000000036,0.0,0.0,0.0,0.0,0.0,-0.004000000000001336,0.0,0.0
ILE 458,R ILE 458,0.0,0.0,0.0,-0.0030000000000001137,0.0,0.0,0.0020000000000000018,0.0,0.0,-0.0129999999999999,0.0,0.0,0.0,0.0,0.0,-0.01399999999999979,0.0,0.0
SER 459,R SER 459,0.0,0.0,0.0,-0.001000000000000334,0.0,0.0,-0.0020000000000000018,0.0,0.0,-0.010000000000000009,0.0,0.0,0.0,0.0,0.0,-0.013000000000000345,0.0,0.0
ASN 460,R ASN 460,0.0,0.0,0.0,-0.001000000000000334,0.0,0.0,-0.020000000000000462,0.0,0.0,0.016999999999999904,0.0,0.0,0.0,0.0,0.0,-0.004000000000019099,0.0,0.0
GLY 461,R GLY 461,0.0,0.0,0.0,0.0,0.0,0.0,-0.006000000000000227,0.0,0.0,0.0040000000000000036,0.0,0.0,0.0,0.0,0.0,-0.002000000000000224,0.0,0.0
GLU 462,R GLU 462,0.0,0.0,0.0,-0.0009999999999994458,0.0,0.0,-0.09399999999999409,0.0,0.0,0.08400000000000318,0.0,0.0,0.0,0.0,0.0,-0.01099999999999568,0.0,0.0
LEU 463,R LEU 463,0.0,0.0,0.0,-0.0129999999999999,0.0,0.0,0.0020000000000000018,0.0,0.0,-0.07799999999999985,0.0,0.0,0.0,0.0,0.0,-0.08899999999999508,0.0,0.0
PHE 464,R PHE 464,0.0,0.0,0.0,-0.012000000000000455,0.0,0.0,0.0040000000000000036,0.0,0.0,0.017999999999999988,0.0,0.0,0.0,0.0,0.0,0.009999999999999787,0.0,0.0
GLN 465,R GLN 465,0.0,0.0,0.0,-0.0039999999999995595,0.0,0.0,0.03300000000000036,0.0,0.0,-0.0030000000000001137,0.0,0.0,0.0,0.0,0.0,0.02599999999999625,0.0,0.0
VAL 466,R VAL 466,0.0,0.0,0.0,-0.022999999999999687,0.0,0.0,0.0019999999999988916,0.0,0.0,-0.052999999999999936,0.0,0.0,0.0,0.0,0.0,-0.07400000000000162,0.0,0.0
LEU 467,R LEU 467,0.0,0.0,0.0,-0.4089999999999998,0.0,0.0,0.005999999999999339,0.0,0.0,-0.06599999999999984,0.0,0.0,0.0,0.0,0.0,-0.46900000000000475,0.0,0.0
LYS 468,R LYS 468,0.0,0.0,0.0,-0.034000000000000696,0.0,0.0,0.5930000000000035,0.0,0.0,-0.2289999999999992,0.0,0.0,0.0,0.0,0.0,0.3299999999999983,0.0,0.0
MET 469,R MET 469,0.0,0.0,0.0,-0.025000000000000355,0.0,0.0,0.026000000000000023,0.0,0.0,-0.014000000000000012,0.0,0.0,0.0,0.0,0.0,-0.0129999999999999,0.0,0.0
MET 470,R MET 470,0.0,0.0,0.0,-0.8849999999999998,0.0,0.0,-0.040000000000000036,0.0,0.0,-0.03300000000000036,0.0,0.0,-0.0304344,0.0,0.0,-0.9884344000000002,0.0,0.0
VAL 471,R VAL 471,0.0,0.0,0.0,-1.5919999999999996,0.0,0.0,-0.030000000000001137,0.0,0.0,0.06099999999999994,0.0,0.0,-0.1093752,0.0,0.0,-1.670375200000004,0.0,0.0
GLY 472,R GLY 472,0.0,0.0,0.0,-0.018000000000000016,0.0,0.0,-0.03100000000000014,0.0,0.0,0.016000000000000014,0.0,0.0,0.0,0.0,0.0,-0.03299999999999992,0.0,0.0
ASN 473,R ASN 473,0.0,0.0,0.0,-0.02100000000000035,0.0,0.0,0.020999999999999908,0.0,0.0,0.028000000000000025,0.0,0.0,0.0,0.0,0.0,0.027999999999991587,0.0,0.0
ASN 474,R ASN 474,0.0,0.0,0.0,-1.0030000000000001,0.0,0.0,0.276,0.0,0.0,0.8230000000000001,0.0,0.0,-0.08836559999999999,0.0,0.0,0.007634400000014807,0.0,0.0
LEU 475,R LEU 475,0.0,0.0,0.0,-0.7869999999999999,0.0,0.0,0.028999999999999915,0.0,0.0,0.004999999999999893,0.0,0.0,-0.036359999999999996,0.0,0.0,-0.7893599999999985,0.0,0.0
LYS 476,R LYS 476,0.0,0.0,0.0,-0.011999999999999567,0.0,0.0,0.43599999999999994,0.0,0.0,-0.3149999999999995,0.0,0.0,0.0,0.0,0.0,0.10899999999999821,0.0,0.0
ASP 477,R ASP 477,0.0,0.0,0.0,-0.006000000000000227,0.0,0.0,-0.5,0.0,0.0,0.47699999999998965,0.0,0.0,0.0,0.0,0.0,-0.029000000000010573,0.0,0.0
THR 478,R THR 478,0.0,0.0,0.0,-0.0030000000000001137,0.0,0.0,-0.019000000000001904,0.0,0.0,0.004999999999999893,0.0,0.0,0.0,0.0,0.0,-0.017000000000003013,0.0,0.0
GLN 479,R GLN 479,0.0,0.0,0.0,-0.0259999999999998,0.0,0.0,-0.09999999999999964,0.0,0.0,0.09099999999999997,0.0,0.0,0.0,0.0,0.0,-0.035000000000003695,0.0,0.0
LEU 480,R LEU 480,0.0,0.0,0.0,-0.07499999999999929,0.0,0.0,0.020000000000000018,0.0,0.0,-0.05600000000000005,0.0,0.0,0.0,0.0,0.0,-0.11100000000000065,0.0,0.0
GLN 481,R GLN 481,0.0,0.0,0.0,-0.004000000000000448,0.0,0.0,-0.004000000000001336,0.0,0.0,0.02300000000000002,0.0,0.0,0.0,0.0,0.0,0.015000000000007674,0.0,0.0
GLN 482,R GLN 482,0.0,0.0,0.0,-0.004000000000000448,0.0,0.0,-0.03100000000000014,0.0,0.0,0.028999999999999915,0.0,0.0,0.0,0.0,0.0,-0.005999999999993122,0.0,0.0
ILE 483,R ILE 483,0.0,0.0,0.0,-0.05799999999999983,0.0,0.0,0.016000000000000014,0.0,0.0,-0.06299999999999972,0.0,0.0,0.0,0.0,0.0,-0.10499999999999954,0.0,0.0
VAL 484,R VAL 484,0.0,0.0,0.0,-0.010000000000000675,0.0,0.0,0.008000000000000895,0.0,0.0,-0.06999999999999984,0.0,0.0,0.0,0.0,0.0,-0.07200000000000273,0.0,0.0
ASP 485,R ASP 485,0.0,0.0,0.0,-0.0019999999999997797,0.0,0.0,-0.2049999999999983,0.0,0.0,0.1670000000000016,0.0,0.0,0.0,0.0,0.0,-0.03999999999999204,0.0,0.0
LYS 486,R LYS 486,0.0,0.0,0.0,-0.0030000000000001137,0.0,0.0,0.2540000000000049,0.0,0.0,-0.14000000000000057,0.0,0.0,0.0,0.0,0.0,0.1110000000000042,0.0,0.0
THR 487,R THR 487,0.0,0.0,0.0,-0.007000000000000117,0.0,0.0,-0.0009999999999994458,0.0,0.0,-0.07500000000000018,0.0,0.0,0.0,0.0,0.0,-0.08300000000000196,0.0,0.0
ILE 488,R ILE 488,0.0,0.0,0.0,-0.002000000000000668,0.0,0.0,0.0050000000000000044,0.0,0.0,-0.009000000000000341,0.0,0.0,0.0,0.0,0.0,-0.0060000000000011156,0.0,0.0
ILE 489,R ILE 489,0.0,0.0,0.0,-0.0009999999999994458,0.0,0.0,0.0040000000000000036,0.0,0.0,-0.004999999999999893,0.0,0.0,0.0,0.0,0.0,-0.0019999999999988916,0.0,0.0
ASN 490,R ASN 490,0.0,0.0,0.0,-0.0009999999999994458,0.0,0.0,-0.0039999999999995595,0.0,0.0,0.016000000000000014,0.0,0.0,0.0,0.0,0.0,0.011000000000024102,0.0,0.0
ALA 491,R ALA 491,0.0,0.0,0.0,-0.0009999999999998899,0.0,0.0,0.0,0.0,0.0,0.0009999999999994458,0.0,0.0,0.0,0.0,0.0,-8.881784197001252e-16,0.0,0.0
ASP 492,R ASP 492,0.0,0.0,0.0,0.0,0.0,0.0,-0.045000000000001705,0.0,0.0,0.045000000000015916,0.0,0.0,0.0,0.0,0.0,1.4210854715202004e-14,0.0,0.0
LYS 493,R LYS 493,0.0,0.0,0.0,-0.001000000000000334,0.0,0.0,-0.03100000000000591,0.0,0.0,0.0379999999999967,0.0,0.0,0.0,0.0,0.0,0.0059999999999860165,0.0,0.0
ASP 494,R ASP 494,0.0,0.0,0.0,0.0,0.0,0.0,-0.012000000000000455,0.0,0.0,0.012000000000000455,0.0,0.0,0.0,0.0,0.0,0.0,0.0,0.0
GLY 495,R GLY 495,0.0,0.0,0.0,0.0,0.0,0.0,-0.001000000000000334,0.0,0.0,0.001000000000000334,0.0,0.0,0.0,0.0,0.0,-8.881784197001252e-16,0.0,0.0
ASP 496,R ASP 496,0.0,0.0,0.0,0.0,0.0,0.0,-0.03200000000001069,0.0,0.0,0.030000000000001137,0.0,0.0,0.0,0.0,0.0,-0.0020000000000095497,0.0,0.0
GLY 497,R GLY 497,0.0,0.0,0.0,0.0,0.0,0.0,-0.0019999999999997797,0.0,0.0,0.0009999999999994458,0.0,0.0,0.0,0.0,0.0,-0.001000000000000334,0.0,0.0
ARG 498,R ARG 498,0.0,0.0,0.0,-0.0009999999999994458,0.0,0.0,0.03599999999999959,0.0,0.0,-0.043000000000006366,0.0,0.0,0.0,0.0,0.0,-0.007999999999981355,0.0,0.0
ILE 499,R ILE 499,0.0,0.0,0.0,-0.0019999999999988916,0.0,0.0,0.0010000000000000009,0.0,0.0,-0.009999999999999787,0.0,0.0,0.0,0.0,0.0,-0.010999999999998789,0.0,0.0
SER 500,R SER 500,0.0,0.0,0.0,0.0,0.0,0.0,0.002000000000000224,0.0,0.0,-0.0040000000000000036,0.0,0.0,0.0,0.0,0.0,-0.002000000000000224,0.0,0.0
PHE 501,R PHE 501,0.0,0.0,0.0,-0.0009999999999994458,0.0,0.0,-0.0020000000000000018,0.0,0.0,-0.007000000000000117,0.0,0.0,0.0,0.0,0.0,-0.009999999999999787,0.0,0.0
GLU 502,R GLU 502,0.0,0.0,0.0,-0.0009999999999998899,0.0,0.0,0.028000000000005798,0.0,0.0,-0.02600000000001046,0.0,0.0,0.0,0.0,0.0,0.000999999999990564,0.0,0.0
GLU 503,R GLU 503,0.0,0.0,0.0,-0.0009999999999994458,0.0,0.0,-0.01300000000000523,0.0,0.0,0.01300000000000523,0.0,0.0,0.0,0.0,0.0,-0.0010000000000047748,0.0,0.0
PHE 504,R PHE 504,0.0,0.0,0.0,-0.005000000000000782,0.0,0.0,-0.0020000000000000018,0.0,0.0,-0.01899999999999996,0.0,0.0,0.0,0.0,0.0,-0.02600000000000069,0.0,0.0
CYS 505,R CYS 505,0.0,0.0,0.0,-0.001000000000000334,0.0,0.0,0.0040000000000000036,0.0,0.0,-0.010000000000000009,0.0,0.0,0.0,0.0,0.0,-0.006999999999999673,0.0,0.0
ALA 506,R ALA 506,0.0,0.0,0.0,0.0,0.0,0.0,-0.0019999999999997797,0.0,0.0,0.0030000000000001137,0.0,0.0,0.0,0.0,0.0,0.001000000000000334,0.0,0.0
VAL 507,R VAL 507,0.0,0.0,0.0,-0.0030000000000001137,0.0,0.0,0.0,0.0,0.0,-0.01200000000000001,0.0,0.0,0.0,0.0,0.0,-0.015000000000000568,0.0,0.0
VAL 508,R VAL 508,0.0,0.0,0.0,-0.006000000000000227,0.0,0.0,-0.0039999999999995595,0.0,0.0,-0.03000000000000025,0.0,0.0,0.0,0.0,0.0,-0.03999999999999915,0.0,0.0
GLY 509,R GLY 509,0.0,0.0,0.0,0.0,0.0,0.0,0.005999999999999783,0.0,0.0,-0.007000000000000117,0.0,0.0,0.0,0.0,0.0,-0.001000000000000334,0.0,0.0
GLY 510,R GLY 510,0.0,0.0,0.0,0.0,0.0,0.0,0.006000000000000227,0.0,0.0,-0.008000000000000007,0.0,0.0,0.0,0.0,0.0,-0.0019999999999997797,0.0,0.0
LEU 511,R LEU 511,0.0,0.0,0.0,-0.016000000000000014,0.0,0.0,-0.008999999999999453,0.0,0.0,-0.0030000000000001137,0.0,0.0,0.0,0.0,0.0,-0.02799999999999514,0.0,0.0
ASP 512,R ASP 512,0.0,0.0,0.0,-0.006000000000000227,0.0,0.0,0.32399999999999807,0.0,0.0,-0.2749999999999915,0.0,0.0,0.0,0.0,0.0,0.043000000000006366,0.0,0.0
ILE 513,R ILE 513,0.0,0.0,0.0,-0.038000000000000256,0.0,0.0,-0.025000000000000355,0.0,0.0,0.006000000000000227,0.0,0.0,0.0,0.0,0.0,-0.057000000000000384,0.0,0.0
HIE 514,R HIE 514,0.0,0.0,0.0,-0.004999999999999005,0.0,0.0,0.027000000000000135,0.0,0.0,-0.051000000000000156,0.0,0.0,0.0,0.0,0.0,-0.02899999999999814,0.0,0.0
LYS 515,R LYS 515,0.0,0.0,0.0,-0.006000000000000227,0.0,0.0,-0.29700000000001125,0.0,0.0,0.28699999999999903,0.0,0.0,0.0,0.0,0.0,-0.01600000000001245,0.0,0.0
LYS 516,R LYS 516,0.0,0.0,0.0,-0.19299999999999962,0.0,0.0,-1.1970000000000027,0.0,0.0,1.7250000000000014,0.0,0.0,-0.1551384,0.0,0.0,0.17986160000000062,0.0,0.0
MET 517,R MET 517,0.0,0.0,0.0,-0.012000000000000455,0.0,0.0,-0.0029999999999992255,0.0,0.0,-0.0019999999999997797,0.0,0.0,0.0,0.0,0.0,-0.01699999999999946,0.0,0.0
VAL 518,R VAL 518,0.0,0.0,0.0,-0.0019999999999997797,0.0,0.0,-0.009000000000000341,0.0,0.0,0.014999999999999902,0.0,0.0,0.0,0.0,0.0,0.003999999999997783,0.0,0.0
VAL 519,R VAL 519,0.0,0.0,0.0,-0.0009999999999994458,0.0,0.0,-0.0039999999999995595,0.0,0.0,0.010000000000000231,0.0,0.0,0.0,0.0,0.0,0.004999999999999005,0.0,0.0
ASP 520,R ASP 520,0.0,0.0,0.0,0.0,0.0,0.0,0.25900000000000034,0.0,0.0,-0.2470000000000141,0.0,0.0,0.0,0.0,0.0,0.011999999999986244,0.0,0.0
VAL 521,R VAL 521,0.0,0.0,0.0,0.0,0.0,0.0,0.045000000000001705,0.0,0.0,-0.04800000000000182,0.0,0.0,0.0,0.0,0.0,-0.0030000000000001137,0.0,0.0
GLY 522,R GLY 522,0.0,0.0,0.0,0.0,0.0,0.0,-0.05799999999999983,0.0,0.0,0.07699999999999996,0.0,0.0,0.0,0.0,0.0,0.019000000000000128,0.0,0.0
VAL 523,R VAL 523,0.0,0.0,0.0,-0.01100000000000012,0.0,0.0,-0.007999999999999119,0.0,0.0,-0.02699999999999969,0.0,0.0,0.0,0.0,0.0,-0.0459999999999976,0.0,0.0
GLN 524,R GLN 524,0.0,0.0,0.0,-0.001000000000000334,0.0,0.0,-0.027000000000000135,0.0,0.0,0.038000000000000256,0.0,0.0,0.0,0.0,0.0,0.00999999999999801,0.0,0.0
VAL 525,R VAL 525,0.0,0.0,0.0,-0.0030000000000001137,0.0,0.0,0.0,0.0,0.0,-0.008000000000000007,0.0,0.0,0.0,0.0,0.0,-0.010999999999999233,0.0,0.0
GLU 526,R GLU 526,0.0,0.0,0.0,-0.0019999999999997797,0.0,0.0,0.2289999999999992,0.0,0.0,-0.21999999999999886,0.0,0.0,0.0,0.0,0.0,0.007000000000005002,0.0,0.0
THR 527,R THR 527,0.0,0.0,0.0,0.0,0.0,0.0,0.0039999999999995595,0.0,0.0,-0.006000000000000227,0.0,0.0,0.0,0.0,0.0,-0.0020000000000024443,0.0,0.0
ILE 528,R ILE 528,0.0,0.0,0.0,-0.0019999999999997797,0.0,0.0,-0.0009999999999998899,0.0,0.0,-0.0030000000000001137,0.0,0.0,0.0,0.0,0.0,-0.006000000000000227,0.0,0.0
SER 529,R SER 529,0.0,0.0,0.0,0.0,0.0,0.0,0.0029999999999992255,0.0,0.0,-0.008000000000000007,0.0,0.0,0.0,0.0,0.0,-0.004999999999999893,0.0,0.0
PRO 530,R PRO 530,0.0,0.0,0.0,-0.0010000000000000009,0.0,0.0,0.010999999999999233,0.0,0.0,-0.009999999999999787,0.0,0.0,0.0,0.0,0.0,-1.7763568394002505e-15,0.0,0.0
GLY 531,R GLY 531,0.0,0.0,0.0,0.0,0.0,0.0,-0.0030000000000001137,0.0,0.0,0.0030000000000001137,0.0,0.0,0.0,0.0,0.0,0.0,0.0,0.0
ASP 532,R ASP 532,0.0,0.0,0.0,0.0,0.0,0.0,-0.125,0.0,0.0,0.12400000000000944,0.0,0.0,0.0,0.0,0.0,-0.000999999999990564,0.0,0.0
GLY 533,R GLY 533,0.0,0.0,0.0,0.0,0.0,0.0,-0.0020000000000000018,0.0,0.0,0.002000000000000224,0.0,0.0,0.0,0.0,0.0,4.440892098500626e-16,0.0,0.0
ARG 534,R ARG 534,0.0,0.0,0.0,0.0,0.0,0.0,0.08499999999999375,0.0,0.0,-0.08800000000000097,0.0,0.0,0.0,0.0,0.0,-0.0030000000000143245,0.0,0.0
THR 535,R THR 535,0.0,0.0,0.0,0.0,0.0,0.0,0.010999999999999233,0.0,0.0,-0.007000000000000117,0.0,0.0,0.0,0.0,0.0,0.003999999999997783,0.0,0.0
PHE 536,R PHE 536,0.0,0.0,0.0,-0.001000000000000334,0.0,0.0,0.0,0.0,0.0,-0.0040000000000000036,0.0,0.0,0.0,0.0,0.0,-0.005000000000000782,0.0,0.0
PRO 537,R PRO 537,0.0,0.0,0.0,-0.0030000000000001137,0.0,0.0,0.04400000000000048,0.0,0.0,-0.038000000000000256,0.0,0.0,0.0,0.0,0.0,0.0030000000000001137,0.0,0.0
LYS 538,R LYS 538,0.0,0.0,0.0,-0.0009999999999998899,0.0,0.0,0.10499999999999687,0.0,0.0,-0.10999999999999943,0.0,0.0,0.0,0.0,0.0,-0.006000000000000227,0.0,0.0
ALA 539,R ALA 539,0.0,0.0,0.0,-0.0009999999999998899,0.0,0.0,0.0030000000000001137,0.0,0.0,-0.002000000000000224,0.0,0.0,0.0,0.0,0.0,8.881784197001252e-16,0.0,0.0
GLY 540,R GLY 540,0.0,0.0,0.0,-0.0010000000000000009,0.0,0.0,-0.005999999999999783,0.0,0.0,0.0040000000000000036,0.0,0.0,0.0,0.0,0.0,-0.0029999999999996696,0.0,0.0
GLN 541,R GLN 541,0.0,0.0,0.0,-0.0030000000000001137,0.0,0.0,0.022999999999999687,0.0,0.0,-0.016999999999999987,0.0,0.0,0.0,0.0,0.0,0.003000000000007219,0.0,0.0
THR 542,R THR 542,0.0,0.0,0.0,-0.007000000000000561,0.0,0.0,0.025000000000000355,0.0,0.0,-0.040000000000000036,0.0,0.0,0.0,0.0,0.0,-0.022000000000002018,0.0,0.0
CYS 543,R CYS 543,0.0,0.0,0.0,-0.01100000000000012,0.0,0.0,0.039000000000000146,0.0,0.0,-0.05799999999999994,0.0,0.0,0.0,0.0,0.0,-0.030000000000001137,0.0,0.0
VAL 544,R VAL 544,0.0,0.0,0.0,-0.009000000000000341,0.0,0.0,0.006000000000000227,0.0,0.0,-0.03499999999999992,0.0,0.0,0.0,0.0,0.0,-0.038000000000000256,0.0,0.0
VAL 545,R VAL 545,0.0,0.0,0.0,-0.06400000000000006,0.0,0.0,0.019000000000000128,0.0,0.0,-0.05600000000000005,0.0,0.0,0.0,0.0,0.0,-0.10099999999999909,0.0,0.0
HIE 546,R HIE 546,0.0,0.0,0.0,-0.023999999999999133,0.0,0.0,-0.07900000000000001,0.0,0.0,0.18400000000000105,0.0,0.0,0.0,0.0,0.0,0.08099999999999952,0.0,0.0
TYR 547,R TYR 547,0.0,0.0,0.0,-2.692,0.0,0.0,0.23400000000000043,0.0,0.0,3.062,0.0,0.0,-0.1722744,0.0,0.0,0.43172560000000004,0.0,0.0
THR 548,R THR 548,0.0,0.0,0.0,-0.03200000000000003,0.0,0.0,-0.05299999999999905,0.0,0.0,0.006000000000000005,0.0,0.0,0.0,0.0,0.0,-0.07900000000000418,0.0,0.0
GLY 549,R GLY 549,0.0,0.0,0.0,-0.06000000000000005,0.0,0.0,0.06800000000000006,0.0,0.0,-0.03100000000000014,0.0,0.0,0.0,0.0,0.0,-0.02300000000000013,0.0,0.0
MET 550,R MET 550,0.0,0.0,0.0,-0.023999999999999133,0.0,0.0,-0.04999999999999982,0.0,0.0,0.04899999999999993,0.0,0.0,0.0,0.0,0.0,-0.024999999999999023,0.0,0.0
LEU 551,R LEU 551,0.0,0.0,0.0,-0.028999999999999915,0.0,0.0,-0.009000000000000341,0.0,0.0,-0.02200000000000024,0.0,0.0,0.0,0.0,0.0,-0.060000000000002274,0.0,0.0
GLU 552,R GLU 552,0.0,0.0,0.0,-0.0040000000000000036,0.0,0.0,0.35300000000000864,0.0,0.0,-0.3370000000000175,0.0,0.0,0.0,0.0,0.0,0.011999999999986244,0.0,0.0
ASP 553,R ASP 553,0.0,0.0,0.0,-0.002000000000000224,0.0,0.0,0.3879999999999981,0.0,0.0,-0.3739999999999952,0.0,0.0,0.0,0.0,0.0,0.012000000000000455,0.0,0.0
GLY 554,R GLY 554,0.0,0.0,0.0,-0.0010000000000000009,0.0,0.0,0.0129999999999999,0.0,0.0,-0.014000000000000234,0.0,0.0,0.0,0.0,0.0,-0.002000000000000224,0.0,0.0
LYS 555,R LYS 555,0.0,0.0,0.0,-0.008000000000000007,0.0,0.0,-0.3160000000000025,0.0,0.0,0.42499999999999716,0.0,0.0,0.0,0.0,0.0,0.10099999999999909,0.0,0.0
LYS 556,R LYS 556,0.0,0.0,0.0,-0.030000000000001137,0.0,0.0,0.2459999999999809,0.0,0.0,0.0589999999999975,0.0,0.0,0.0,0.0,0.0,0.27499999999997726,0.0,0.0
PHE 557,R PHE 557,0.0,0.0,0.0,-0.952,0.0,0.0,-0.30000000000000004,0.0,0.0,0.4810000000000001,0.0,0.0,-0.0743832,0.0,0.0,-0.8453832000000001,0.0,0.0
ASP 558,R ASP 558,0.0,0.0,0.0,-1.8360000000000003,0.0,0.0,-4.926000000000002,0.0,0.0,12.262,0.0,0.0,-0.11994479999999999,0.0,0.0,5.380055200000001,0.0,0.0
SER 559,R SER 559,0.0,0.0,0.0,-0.05399999999999938,0.0,0.0,-0.0519999999999996,0.0,0.0,0.18999999999999995,0.0,0.0,0.0,0.0,0.0,0.08400000000000096,0.0,0.0
SER 560,R SER 560,0.0,0.0,0.0,-0.09799999999999986,0.0,0.0,0.19100000000000028,0.0,0.0,-0.072,0.0,0.0,0.0,0.0,0.0,0.02100000000000035,0.0,0.0
ARG 561,R ARG 561,0.0,0.0,0.0,-0.019000000000000128,0.0,0.0,0.10300000000000153,0.0,0.0,0.04600000000000648,0.0,0.0,0.0,0.0,0.0,0.13000000000002387,0.0,0.0
ASP 562,R ASP 562,0.0,0.0,0.0,-0.0389999999999997,0.0,0.0,-0.5039999999999978,0.0,0.0,0.4509999999999934,0.0,0.0,0.0,0.0,0.0,-0.09200000000000585,0.0,0.0
ARG 563,R ARG 563,0.0,0.0,0.0,-1.2400000000000002,0.0,0.0,2.753,0.0,0.0,-2.344999999999999,0.0,0.0,-0.061466400000000004,0.0,0.0,-0.8934663999999373,0.0,0.0
ASN 564,R ASN 564,0.0,0.0,0.0,-0.005999999999999783,0.0,0.0,0.018000000000000682,0.0,0.0,0.014000000000001123,0.0,0.0,0.0,0.0,0.0,0.02599999999999625,0.0,0.0
LYS 565,R LYS 565,0.0,0.0,0.0,-0.04099999999999948,0.0,0.0,0.695999999999998,0.0,0.0,-0.4259999999999984,0.0,0.0,0.0,0.0,0.0,0.22900000000000276,0.0,0.0
PRO 566,R PRO 566,0.0,0.0,0.0,-0.018000000000000682,0.0,0.0,0.1529999999999987,0.0,0.0,-0.11700000000000088,0.0,0.0,0.0,0.0,0.0,0.01799999999999713,0.0,0.0
PHE 567,R PHE 567,0.0,0.0,0.0,-2.8439999999999994,0.0,0.0,-0.18100000000000005,0.0,0.0,0.138,0.0,0.0,-0.2501352,0.0,0.0,-3.1371351999999995,0.0,0.0
LYS 568,R LYS 568,0.0,0.0,0.0,-0.040000000000000036,0.0,0.0,0.45600000000000307,0.0,0.0,-0.1629999999999967,0.0,0.0,0.0,0.0,0.0,0.2530000000000001,0.0,0.0
PHE 569,R PHE 569,0.0,0.0,0.0,-0.2619999999999987,0.0,0.0,-0.007000000000000117,0.0,0.0,0.09400000000000008,0.0,0.0,0.0,0.0,0.0,-0.1749999999999987,0.0,0.0
MET 570,R MET 570,0.0,0.0,0.0,-0.01499999999999968,0.0,0.0,0.03699999999999992,0.0,0.0,-0.040999999999999925,0.0,0.0,0.0,0.0,0.0,-0.018999999999999684,0.0,0.0
LEU 571,R LEU 571,0.0,0.0,0.0,-0.012000000000000455,0.0,0.0,0.004000000000000448,0.0,0.0,-0.02699999999999969,0.0,0.0,0.0,0.0,0.0,-0.03499999999999659,0.0,0.0
GLY 572,R GLY 572,0.0,0.0,0.0,-0.0010000000000000009,0.0,0.0,-0.001000000000000334,0.0,0.0,-0.0030000000000001137,0.0,0.0,0.0,0.0,0.0,-0.005000000000000782,0.0,0.0
LYS 573,R LYS 573,0.0,0.0,0.0,-0.014000000000000234,0.0,0.0,0.21599999999999397,0.0,0.0,-0.14399999999999125,0.0,0.0,0.0,0.0,0.0,0.058000000000006935,0.0,0.0
GLN 574,R GLN 574,0.0,0.0,0.0,-0.04300000000000015,0.0,0.0,0.019000000000000128,0.0,0.0,0.06799999999999962,0.0,0.0,0.0,0.0,0.0,0.04399999999999693,0.0,0.0
GLU 575,R GLU 575,0.0,0.0,0.0,-0.2030000000000003,0.0,0.0,-0.541000000000011,0.0,0.0,0.6809999999999974,0.0,0.0,0.0,0.0,0.0,-0.0630000000000166,0.0,0.0
VAL 576,R VAL 576,0.0,0.0,0.0,-1.218,0.0,0.0,0.0730000000000004,0.0,0.0,0.04600000000000026,0.0,0.0,-0.060451200000000004,0.0,0.0,-1.1594511999999977,0.0,0.0
ILE 577,R ILE 577,0.0,0.0,0.0,-2.0330000000000004,0.0,0.0,-0.14000000000000012,0.0,0.0,0.03799999999999981,0.0,0.0,-0.14639760000000002,0.0,0.0,-2.2813976000000014,0.0,0.0
ARG 578,R ARG 578,0.0,0.0,0.0,-0.04999999999999982,0.0,0.0,-0.24799999999999756,0.0,0.0,0.3780000000000001,0.0,0.0,0.0,0.0,0.0,0.0800000000000125,0.0,0.0
GLY 579,R GLY 579,0.0,0.0,0.0,-0.010000000000000009,0.0,0.0,0.016999999999999904,0.0,0.0,-0.020000000000000018,0.0,0.0,0.0,0.0,0.0,-0.013000000000000345,0.0,0.0
TRP 580,R TRP 580,0.0,0.0,0.0,-2.145999999999999,0.0,0.0,-0.9249999999999989,0.0,0.0,0.2979999999999996,0.0,0.0,-0.0664776,0.0,0.0,-2.8394776000000004,0.0,0.0
GLU 581,R GLU 581,0.0,0.0,0.0,-0.04900000000000038,0.0,0.0,-0.016000000000005343,0.0,0.0,-0.01300000000000523,0.0,0.0,0.0,0.0,0.0,-0.07800000000000296,0.0,0.0
GLU 582,R GLU 582,0.0,0.0,0.0,-0.006999999999999673,0.0,0.0,0.2190000000000012,0.0,0.0,-0.19899999999999807,0.0,0.0,0.0,0.0,0.0,0.01300000000000523,0.0,0.0
GLY 583,R GLY 583,0.0,0.0,0.0,-0.0020000000000000018,0.0,0.0,0.0019999999999997797,0.0,0.0,0.0,0.0,0.0,0.0,0.0,0.0,0.0,0.0,0.0
VAL 584,R VAL 584,0.0,0.0,0.0,-0.03399999999999981,0.0,0.0,0.018000000000000682,0.0,0.0,-0.053999999999999826,0.0,0.0,0.0,0.0,0.0,-0.06999999999999673,0.0,0.0
ALA 585,R ALA 585,0.0,0.0,0.0,-0.0019999999999997797,0.0,0.0,0.001000000000000334,0.0,0.0,-0.0030000000000001137,0.0,0.0,0.0,0.0,0.0,-0.0039999999999995595,0.0,0.0
GLN 586,R GLN 586,0.0,0.0,0.0,-0.0019999999999997797,0.0,0.0,-0.006999999999999673,0.0,0.0,0.031,0.0,0.0,0.0,0.0,0.0,0.021999999999998465,0.0,0.0
MET 587,R MET 587,0.0,0.0,0.0,-0.006999999999999673,0.0,0.0,0.0009999999999998899,0.0,0.0,0.0349999999999997,0.0,0.0,0.0,0.0,0.0,0.02899999999999947,0.0,0.0
SER 588,R SER 588,0.0,0.0,0.0,0.0,0.0,0.0,-0.0009999999999998899,0.0,0.0,-0.001000000000000334,0.0,0.0,0.0,0.0,0.0,-0.002000000000000224,0.0,0.0
VAL 589,R VAL 589,0.0,0.0,0.0,-0.001000000000000334,0.0,0.0,0.005000000000000782,0.0,0.0,-0.004999999999999893,0.0,0.0,0.0,0.0,0.0,-0.0009999999999994458,0.0,0.0
GLY 590,R GLY 590,0.0,0.0,0.0,-0.0010000000000000009,0.0,0.0,-0.006000000000000227,0.0,0.0,0.0040000000000000036,0.0,0.0,0.0,0.0,0.0,-0.0030000000000001137,0.0,0.0
GLN 591,R GLN 591,0.0,0.0,0.0,-0.0009999999999994458,0.0,0.0,-0.01200000000000001,0.0,0.0,0.018000000000000016,0.0,0.0,0.0,0.0,0.0,0.0049999999999954525,0.0,0.0
ARG 592,R ARG 592,0.0,0.0,0.0,-0.004000000000001336,0.0,0.0,0.0020000000000024443,0.0,0.0,0.07900000000000063,0.0,0.0,0.0,0.0,0.0,0.0770000000000266,0.0,0.0
ALA 593,R ALA 593,0.0,0.0,0.0,-0.0019999999999997797,0.0,0.0,0.0,0.0,0.0,-0.0030000000000001137,0.0,0.0,0.0,0.0,0.0,-0.004999999999999893,0.0,0.0
LYS 594,R LYS 594,0.0,0.0,0.0,-0.005000000000000782,0.0,0.0,-0.28600000000000136,0.0,0.0,0.39000000000000057,0.0,0.0,0.0,0.0,0.0,0.09900000000000375,0.0,0.0
LEU 595,R LEU 595,0.0,0.0,0.0,-0.03200000000000003,0.0,0.0,-0.0030000000000001137,0.0,0.0,-0.037000000000000366,0.0,0.0,0.0,0.0,0.0,-0.07199999999999918,0.0,0.0
THR 596,R THR 596,0.0,0.0,0.0,-0.004000000000000448,0.0,0.0,0.005000000000000782,0.0,0.0,-0.006000000000000227,0.0,0.0,0.0,0.0,0.0,-0.0049999999999954525,0.0,0.0
ILE 597,R ILE 597,0.0,0.0,0.0,-0.08900000000000041,0.0,0.0,-0.041999999999999926,0.0,0.0,0.0,0.0,0.0,0.0,0.0,0.0,-0.13100000000000023,0.0,0.0
SER 598,R SER 598,0.0,0.0,0.0,-0.004999999999999893,0.0,0.0,0.006999999999999673,0.0,0.0,-0.03699999999999992,0.0,0.0,0.0,0.0,0.0,-0.03500000000000014,0.0,0.0
PRO 599,R PRO 599,0.0,0.0,0.0,-0.0129999999999999,0.0,0.0,-0.08399999999999963,0.0,0.0,0.11199999999999832,0.0,0.0,0.0,0.0,0.0,0.014999999999998792,0.0,0.0
ASP 600,R ASP 600,0.0,0.0,0.0,-0.010000000000000231,0.0,0.0,0.3160000000000025,0.0,0.0,-0.2779999999999916,0.0,0.0,0.0,0.0,0.0,0.028000000000012903,0.0,0.0
TYR 601,R TYR 601,0.0,0.0,0.0,-0.0259999999999998,0.0,0.0,-0.01699999999999946,0.0,0.0,0.017000000000000015,0.0,0.0,0.0,0.0,0.0,-0.0259999999999998,0.0,0.0
ALA 602,R ALA 602,0.0,0.0,0.0,-0.09699999999999998,0.0,0.0,-0.04800000000000004,0.0,0.0,0.04100000000000037,0.0,0.0,0.0,0.0,0.0,-0.10400000000000009,0.0,0.0
TYR 603,R TYR 603,0.0,0.0,0.0,-3.3019999999999996,0.0,0.0,0.1280000000000001,0.0,0.0,3.912,0.0,0.0,-0.3982392,0.0,0.0,0.33976080000000053,0.0,0.0
GLY 604,R GLY 604,0.0,0.0,0.0,-0.01200000000000001,0.0,0.0,0.002000000000000224,0.0,0.0,-0.0129999999999999,0.0,0.0,0.0,0.0,0.0,-0.022999999999999687,0.0,0.0
ALA 605,R ALA 605,0.0,0.0,0.0,-0.0050000000000001155,0.0,0.0,-0.009999999999999787,0.0,0.0,0.01200000000000001,0.0,0.0,0.0,0.0,0.0,-0.0029999999999983373,0.0,0.0
THR 606,R THR 606,0.0,0.0,0.0,-0.08099999999999996,0.0,0.0,-0.032999999999999474,0.0,0.0,0.12900000000000045,0.0,0.0,-0.003823200000000082,0.0,0.0,0.01117680000000476,0.0,0.0
GLY 607,R GLY 607,0.0,0.0,0.0,-0.017000000000000126,0.0,0.0,0.006000000000000227,0.0,0.0,-0.009000000000000341,0.0,0.0,0.0,0.0,0.0,-0.020000000000000462,0.0,0.0
HIE 608,R HIE 608,0.0,0.0,0.0,-3.141000000000001,0.0,0.0,-0.22499999999999987,0.0,0.0,2.891,0.0,0.0,-0.258588,0.0,0.0,-0.7335879999999939,0.0,0.0
PRO 609,R PRO 609,0.0,0.0,0.0,-0.09399999999999986,0.0,0.0,-0.08699999999999974,0.0,0.0,0.11700000000000088,0.0,0.0,0.0,0.0,0.0,-0.06399999999999828,0.0,0.0
GLY 610,R GLY 610,0.0,0.0,0.0,-0.01100000000000001,0.0,0.0,0.006000000000000227,0.0,0.0,-0.0040000000000000036,0.0,0.0,0.0,0.0,0.0,-0.008999999999999897,0.0,0.0
ILE 611,R ILE 611,0.0,0.0,0.0,-1.561,0.0,0.0,-0.07500000000000001,0.0,0.0,0.016000000000000014,0.0,0.0,-0.11098079999999999,0.0,0.0,-1.7309808000000002,0.0,0.0
ILE 612,R ILE 612,0.0,0.0,0.0,-0.7670000000000003,0.0,0.0,-0.006000000000000005,0.0,0.0,-0.0129999999999999,0.0,0.0,-0.0316368,0.0,0.0,-0.8176367999999998,0.0,0.0
PRO 613,R PRO 613,0.0,0.0,0.0,-0.020000000000000018,0.0,0.0,-0.11700000000000088,0.0,0.0,0.14499999999999957,0.0,0.0,0.0,0.0,0.0,0.007999999999997343,0.0,0.0
PRO 614,R PRO 614,0.0,0.0,0.0,-0.008999999999999897,0.0,0.0,-0.06300000000000239,0.0,0.0,0.08399999999999963,0.0,0.0,0.0,0.0,0.0,0.012000000000000455,0.0,0.0
HIE 615,R HIE 615,0.0,0.0,0.0,-0.004999999999999893,0.0,0.0,0.025000000000000355,0.0,0.0,-0.019999999999999574,0.0,0.0,0.0,0.0,0.0,-3.552713678800501e-15,0.0,0.0
ALA 616,R ALA 616,0.0,0.0,0.0,-0.009999999999999787,0.0,0.0,-0.0259999999999998,0.0,0.0,0.02699999999999969,0.0,0.0,0.0,0.0,0.0,-0.008999999999999897,0.0,0.0
THR 617,R THR 617,0.0,0.0,0.0,-0.007000000000000561,0.0,0.0,-0.006000000000000227,0.0,0.0,0.0,0.0,0.0,0.0,0.0,0.0,-0.01300000000000523,0.0,0.0
LEU 618,R LEU 618,0.0,0.0,0.0,-0.24899999999999967,0.0,0.0,-0.0860000000000003,0.0,0.0,0.0019999999999997797,0.0,0.0,0.0,0.0,0.0,-0.33300000000000196,0.0,0.0
VAL 619,R VAL 619,0.0,0.0,0.0,-0.011999999999999567,0.0,0.0,0.0019999999999988916,0.0,0.0,-0.006000000000000227,0.0,0.0,0.0,0.0,0.0,-0.015999999999998238,0.0,0.0
PHE 620,R PHE 620,0.0,0.0,0.0,-0.6959999999999997,0.0,0.0,-0.839,0.0,0.0,0.42800000000000005,0.0,0.0,-0.08163359999999999,0.0,0.0,-1.1886335999999997,0.0,0.0
ASP 621,R ASP 621,0.0,0.0,0.0,-0.009000000000000341,0.0,0.0,0.028000000000002245,0.0,0.0,-0.057999999999992724,0.0,0.0,0.0,0.0,0.0,-0.03899999999998727,0.0,0.0
VAL 622,R VAL 622,0.0,0.0,0.0,-0.053000000000000824,0.0,0.0,0.011000000000001009,0.0,0.0,-0.04899999999999993,0.0,0.0,0.0,0.0,0.0,-0.0909999999999993,0.0,0.0
GLU 623,R GLU 623,0.0,0.0,0.0,-0.004999999999999893,0.0,0.0,-0.2640000000000029,0.0,0.0,0.22499999999999432,0.0,0.0,0.0,0.0,0.0,-0.04400000000001114,0.0,0.0
LEU 624,R LEU 624,0.0,0.0,0.0,-0.006000000000000227,0.0,0.0,0.0039999999999997815,0.0,0.0,-0.020000000000000018,0.0,0.0,0.0,0.0,0.0,-0.021999999999998465,0.0,0.0
LEU 625,R LEU 625,0.0,0.0,0.0,-0.006000000000000227,0.0,0.0,0.020000000000000462,0.0,0.0,-0.06800000000000006,0.0,0.0,0.0,0.0,0.0,-0.054000000000002046,0.0,0.0
LYS 626,R LYS 626,0.0,0.0,0.0,-0.002000000000000668,0.0,0.0,0.2960000000000065,0.0,0.0,-0.26199999999999335,0.0,0.0,0.0,0.0,0.0,0.03200000000001779,0.0,0.0
LEU 627,R LEU 627,0.0,0.0,0.0,-0.002000000000000668,0.0,0.0,0.0030000000000001137,0.0,0.0,-0.01200000000000001,0.0,0.0,0.0,0.0,0.0,-0.01099999999999568,0.0,0.0
GLU 628,R GLU 628,0.0,0.0,0.0,-0.0030000000000001137,0.0,0.0,-0.6120000000000019,0.0,0.0,0.617999999999995,0.0,0.0,0.0,0.0,0.0,0.002999999999985903,0.0,0.0
FK5 629,L FK5   1,0.0,0.0,0.0,-53.19699999999999,0.0,0.0,-14.495999999999999,0.0,0.0,19.253,0.0,0.0,-6.862874399999999,0.0,0.0,-55.302874399999965,0.0,0.0

Backbone Energy Decomposition:
Residue,Location,Internal,,,van der Waals,,,Electrostatic,,,Polar Solvation,,,Non-Polar Solv.,,,TOTAL,,
,,Avg.,Std. Dev.,Std. Err. of Mean,Avg.,Std. Dev.,Std. Err. of Mean,Avg.,Std. Dev.,Std. Err. of Mean,Avg.,Std. Dev.,Std. Err. of Mean,Avg.,Std. Dev.,Std. Err. of Mean
VAL   1,R VAL   1,0.0,0.0,0.0,0.0,0.0,0.0,0.24899999999999523,0.0,0.0,-0.18200000000000216,0.0,0.0,0.0,0.0,0.0,0.06699999999999307,0.0,0.0
PRO   2,R PRO   2,0.0,0.0,0.0,0.0,0.0,0.0,-0.05600000000000094,0.0,0.0,0.04899999999999949,0.0,0.0,0.0,0.0,0.0,-0.0070000000000014495,0.0,0.0
PHE   3,R PHE   3,0.0,0.0,0.0,0.0,0.0,0.0,0.0010000000000047748,0.0,0.0,0.012999999999999998,0.0,0.0,0.0,0.0,0.0,0.014000000000004675,0.0,0.0
PRO   4,R PRO   4,0.0,0.0,0.0,0.0,0.0,0.0,-0.027999999999998693,0.0,0.0,0.028000000000002245,0.0,0.0,0.0,0.0,0.0,3.552713678800501e-15,0.0,0.0
PRO   5,R PRO   5,0.0,0.0,0.0,0.0,0.0,0.0,-0.020000000000003126,0.0,0.0,0.015000000000000568,0.0,0.0,0.0,0.0,0.0,-0.005000000000002558,0.0,0.0
SER   6,R SER   6,0.0,0.0,0.0,0.0,0.0,0.0,0.0010000000000047748,0.0,0.0,-0.0019999999999997797,0.0,0.0,0.0,0.0,0.0,-0.0009999999999950049,0.0,0.0
HIE   7,R HIE   7,0.0,0.0,0.0,0.0,0.0,0.0,-0.001999999999995339,0.0,0.0,0.0030000000000000027,0.0,0.0,0.0,0.0,0.0,0.0010000000000047748,0.0,0.0
ARG   8,R ARG   8,0.0,0.0,0.0,0.0,0.0,0.0,0.012999999999991019,0.0,0.0,-0.010999999999999233,0.0,0.0,0.0,0.0,0.0,0.001999999999991786,0.0,0.0
LEU   9,R LEU   9,0.0,0.0,0.0,0.0,0.0,0.0,0.0010000000000047748,0.0,0.0,-0.0009999999999998899,0.0,0.0,0.0,0.0,0.0,3.552713678800501e-15,0.0,0.0
THR  10,R THR  10,0.0,0.0,0.0,0.0,0.0,0.0,-0.0030000000000001137,0.0,0.0,0.002000000000000224,0.0,0.0,0.0,0.0,0.0,-0.0010000000000012221,0.0,0.0
ALA  11,R ALA  11,0.0,0.0,0.0,0.0,0.0,0.0,-0.0020000000000024443,0.0,0.0,0.0019999999999997797,0.0,0.0,0.0,0.0,0.0,-2.6645352591003757e-15,0.0,0.0
LYS  12,R LYS  12,0.0,0.0,0.0,0.0,0.0,0.0,0.006000000000000227,0.0,0.0,-0.006999999999999673,0.0,0.0,0.0,0.0,0.0,-0.0009999999999994458,0.0,0.0
GLU  13,R GLU  13,0.0,0.0,0.0,0.0,0.0,0.0,-0.0059999999999860165,0.0,0.0,0.006000000000000227,0.0,0.0,0.0,0.0,0.0,1.4210854715202004e-14,0.0,0.0
VAL  14,R VAL  14,0.0,0.0,0.0,0.0,0.0,0.0,-0.0020000000000095497,0.0,0.0,0.0020000000000000018,0.0,0.0,0.0,0.0,0.0,-9.769962616701378e-15,0.0,0.0
PHE  15,R PHE  15,0.0,0.0,0.0,0.0,0.0,0.0,-0.000999999999990564,0.0,0.0,0.0010000000000000009,0.0,0.0,0.0,0.0,0.0,8.881784197001252e-15,0.0,0.0
ASP  16,R ASP  16,0.0,0.0,0.0,0.0,0.0,0.0,-0.0040000000000048885,0.0,0.0,0.0039999999999995595,0.0,0.0,0.0,0.0,0.0,-5.329070518200751e-15,0.0,0.0
ASN  17,R ASN  17,0.0,0.0,0.0,0.0,0.0,0.0,0.0010000000000047748,0.0,0.0,-0.0009999999999994458,0.0,0.0,0.0,0.0,0.0,5.329070518200751e-15,0.0,0.0
ASP  18,R ASP  18,0.0,0.0,0.0,0.0,0.0,0.0,-0.0030000000000001137,0.0,0.0,0.0030000000000001137,0.0,0.0,0.0,0.0,0.0,0.0,0.0,0.0
GLY  19,R GLY  19,0.0,0.0,0.0,0.0,0.0,0.0,0.0010000000000047748,0.0,0.0,-0.0009999999999998899,0.0,0.0,0.0,0.0,0.0,4.884981308350689e-15,0.0,0.0
LYS  20,R LYS  20,0.0,0.0,0.0,0.0,0.0,0.0,0.005000000000009663,0.0,0.0,-0.004999999999999005,0.0,0.0,0.0,0.0,0.0,1.0658141036401503e-14,0.0,0.0
PRO  21,R PRO  21,0.0,0.0,0.0,0.0,0.0,0.0,-0.005000000000002558,0.0,0.0,0.005000000000000782,0.0,0.0,0.0,0.0,0.0,-1.7763568394002505e-15,0.0,0.0
ARG  22,R ARG  22,0.0,0.0,0.0,0.0,0.0,0.0,0.009000000000000341,0.0,0.0,-0.009000000000000341,0.0,0.0,0.0,0.0,0.0,0.0,0.0,0.0
VAL  23,R VAL  23,0.0,0.0,0.0,0.0,0.0,0.0,-0.0040000000000048885,0.0,0.0,0.002999999999999975,0.0,0.0,0.0,0.0,0.0,-0.0010000000000047748,0.0,0.0
ASP  24,R ASP  24,0.0,0.0,0.0,0.0,0.0,0.0,-0.013999999999995794,0.0,0.0,0.015000000000000568,0.0,0.0,0.0,0.0,0.0,0.0010000000000047748,0.0,0.0
ILE  25,R ILE  25,0.0,0.0,0.0,0.0,0.0,0.0,-0.0049999999999954525,0.0,0.0,0.006000000000000005,0.0,0.0,0.0,0.0,0.0,0.0010000000000047748,0.0,0.0
LEU  26,R LEU  26,0.0,0.0,0.0,0.0,0.0,0.0,-0.0049999999999954525,0.0,0.0,0.006000000000000227,0.0,0.0,0.0,0.0,0.0,0.0010000000000047748,0.0,0.0
LYS  27,R LYS  27,0.0,0.0,0.0,0.0,0.0,0.0,0.013999999999995794,0.0,0.0,-0.011000000000001009,0.0,0.0,0.0,0.0,0.0,0.0029999999999947846,0.0,0.0
ALA  28,R ALA  28,0.0,0.0,0.0,0.0,0.0,0.0,-0.009000000000000341,0.0,0.0,0.008999999999999897,0.0,0.0,0.0,0.0,0.0,0.0,0.0,0.0
HIE  29,R HIE  29,0.0,0.0,0.0,0.0,0.0,0.0,-0.003999999999990678,0.0,0.0,0.007000000000000006,0.0,0.0,0.0,0.0,0.0,0.0030000000000098836,0.0,0.0
LEU  30,R LEU  30,0.0,0.0,0.0,0.0,0.0,0.0,-0.007999999999995566,0.0,0.0,0.013999999999999346,0.0,0.0,0.0,0.0,0.0,0.00600000000000378,0.0,0.0
MET  31,R MET  31,0.0,0.0,0.0,-0.0009999999999998899,0.0,0.0,-0.012000000000000455,0.0,0.0,0.016000000000000014,0.0,0.0,0.0,0.0,0.0,0.0029999999999947846,0.0,0.0
LYS  32,R LYS  32,0.0,0.0,0.0,0.0,0.0,0.0,0.027000000000001023,0.0,0.0,-0.018000000000000682,0.0,0.0,0.0,0.0,0.0,0.009000000000000341,0.0,0.0
GLU  33,R GLU  33,0.0,0.0,0.0,0.0,0.0,0.0,-0.022999999999996135,0.0,0.0,0.02300000000000324,0.0,0.0,0.0,0.0,0.0,7.105427357601002e-15,0.0,0.0
GLY  34,R GLY  34,0.0,0.0,0.0,0.0,0.0,0.0,0.0010000000000047748,0.0,0.0,0.0010000000000000009,0.0,0.0,0.0,0.0,0.0,0.0020000000000047757,0.0,0.0
ARG  35,R ARG  35,0.0,0.0,0.0,0.0,0.0,0.0,0.012000000000000455,0.0,0.0,-0.009000000000000341,0.0,0.0,0.0,0.0,0.0,0.0030000000000001137,0.0,0.0
LEU  36,R LEU  36,0.0,0.0,0.0,0.0,0.0,0.0,-0.0020000000000095497,0.0,0.0,0.0009999999999998899,0.0,0.0,0.0,0.0,0.0,-0.0010000000000092157,0.0,0.0
GLU  37,R GLU  37,0.0,0.0,0.0,0.0,0.0,0.0,-0.0049999999999954525,0.0,0.0,0.0039999999999995595,0.0,0.0,0.0,0.0,0.0,-0.000999999999995893,0.0,0.0
GLU  38,R GLU  38,0.0,0.0,0.0,0.0,0.0,0.0,-0.0020000000000095497,0.0,0.0,0.002000000000000668,0.0,0.0,0.0,0.0,0.0,-8.881784197001252e-15,0.0,0.0
THR  39,R THR  39,0.0,0.0,0.0,0.0,0.0,0.0,0.0,0.0,0.0,-0.001000000000000112,0.0,0.0,0.0,0.0,0.0,-0.001000000000000334,0.0,0.0
VAL  40,R VAL  40,0.0,0.0,0.0,0.0,0.0,0.0,0.0,0.0,0.0,0.0010000000000000009,0.0,0.0,0.0,0.0,0.0,0.001000000000000334,0.0,0.0
ALA  41,R ALA  41,0.0,0.0,0.0,0.0,0.0,0.0,0.0,0.0,0.0,0.0009999999999998899,0.0,0.0,0.0,0.0,0.0,0.0009999999999994458,0.0,0.0
LEU  42,R LEU  42,0.0,0.0,0.0,0.0,0.0,0.0,0.000999999999990564,0.0,0.0,-0.0019999999999997797,0.0,0.0,0.0,0.0,0.0,-0.0010000000000092157,0.0,0.0
ARG  43,R ARG  43,0.0,0.0,0.0,0.0,0.0,0.0,0.0030000000000001137,0.0,0.0,-0.0030000000000001137,0.0,0.0,0.0,0.0,0.0,0.0,0.0,0.0
ILE  44,R ILE  44,0.0,0.0,0.0,0.0,0.0,0.0,0.0010000000000047748,0.0,0.0,0.001000000000000112,0.0,0.0,0.0,0.0,0.0,0.002000000000005997,0.0,0.0
ILE  45,R ILE  45,0.0,0.0,0.0,0.0,0.0,0.0,0.0,0.0,0.0,0.0,0.0,0.0,0.0,0.0,0.0,0.0,0.0,0.0
THR  46,R THR  46,0.0,0.0,0.0,0.0,0.0,0.0,0.0010000000000047748,0.0,0.0,-0.0009999999999999454,0.0,0.0,0.0,0.0,0.0,5.329070518200751e-15,0.0,0.0
GLU  47,R GLU  47,0.0,0.0,0.0,0.0,0.0,0.0,0.0,0.0,0.0,-0.0009999999999994458,0.0,0.0,0.0,0.0,0.0,-0.0009999999999994458,0.0,0.0
GLY  48,R GLY  48,0.0,0.0,0.0,0.0,0.0,0.0,0.000999999999990564,0.0,0.0,0.0,0.0,0.0,0.0,0.0,0.0,0.000999999999990564,0.0,0.0
ALA  49,R ALA  49,0.0,0.0,0.0,0.0,0.0,0.0,0.0010000000000047748,0.0,0.0,-0.001000000000000112,0.0,0.0,0.0,0.0,0.0,5.329070518200751e-15,0.0,0.0
SER  50,R SER  50,0.0,0.0,0.0,0.0,0.0,0.0,0.000999999999990564,0.0,0.0,-0.0010000000000000009,0.0,0.0,0.0,0.0,0.0,-9.769962616701378e-15,0.0,0.0
ILE  51,R ILE  51,0.0,0.0,0.0,0.0,0.0,0.0,0.0,0.0,0.0,-0.0010000000000000009,0.0,0.0,0.0,0.0,0.0,-0.0010000000000000009,0.0,0.0
LEU  52,R LEU  52,0.0,0.0,0.0,0.0,0.0,0.0,0.0,0.0,0.0,-0.0010000000000000009,0.0,0.0,0.0,0.0,0.0,-0.001000000000000112,0.0,0.0
ARG  53,R ARG  53,0.0,0.0,0.0,0.0,0.0,0.0,-0.001999999999995339,0.0,0.0,0.0019999999999988916,0.0,0.0,0.0,0.0,0.0,3.552713678800501e-15,0.0,0.0
GLN  54,R GLN  54,0.0,0.0,0.0,0.0,0.0,0.0,0.0010000000000047748,0.0,0.0,-0.001000000000000334,0.0,0.0,0.0,0.0,0.0,3.552713678800501e-15,0.0,0.0
GLU  55,R GLU  55,0.0,0.0,0.0,0.0,0.0,0.0,0.001999999999995339,0.0,0.0,-0.0019999999999988916,0.0,0.0,0.0,0.0,0.0,-3.552713678800501e-15,0.0,0.0
LYS  56,R LYS  56,0.0,0.0,0.0,0.0,0.0,0.0,-0.0030000000000001137,0.0,0.0,0.0030000000000001137,0.0,0.0,0.0,0.0,0.0,0.0,0.0,0.0
ASN  57,R ASN  57,0.0,0.0,0.0,0.0,0.0,0.0,0.0,0.0,0.0,0.001000000000000334,0.0,0.0,0.0,0.0,0.0,0.001000000000000334,0.0,0.0
LEU  58,R LEU  58,0.0,0.0,0.0,0.0,0.0,0.0,0.0,0.0,0.0,0.0,0.0,0.0,0.0,0.0,0.0,0.0,0.0,0.0
LEU  59,R LEU  59,0.0,0.0,0.0,0.0,0.0,0.0,0.0010000000000047748,0.0,0.0,-0.0009999999999998899,0.0,0.0,0.0,0.0,0.0,5.329070518200751e-15,0.0,0.0
ASP  60,R ASP  60,0.0,0.0,0.0,0.0,0.0,0.0,-0.0010000000000047748,0.0,0.0,0.0,0.0,0.0,0.0,0.0,0.0,-0.0010000000000047748,0.0,0.0
ILE  61,R ILE  61,0.0,0.0,0.0,0.0,0.0,0.0,0.0,0.0,0.0,-0.001000000000000334,0.0,0.0,0.0,0.0,0.0,-0.001000000000000334,0.0,0.0
ASP  62,R ASP  62,0.0,0.0,0.0,0.0,0.0,0.0,-0.0030000000000001137,0.0,0.0,0.0030000000000001137,0.0,0.0,0.0,0.0,0.0,0.0,0.0,0.0
ALA  63,R ALA  63,0.0,0.0,0.0,0.0,0.0,0.0,0.0,0.0,0.0,0.0,0.0,0.0,0.0,0.0,0.0,0.0,0.0,0.0
PRO  64,R PRO  64,0.0,0.0,0.0,0.0,0.0,0.0,-0.0030000000000001137,0.0,0.0,0.0030000000000001137,0.0,0.0,0.0,0.0,0.0,0.0,0.0,0.0
VAL  65,R VAL  65,0.0,0.0,0.0,0.0,0.0,0.0,-0.0010000000000047748,0.0,0.0,0.0,0.0,0.0,0.0,0.0,0.0,-0.0010000000000047748,0.0,0.0
THR  66,R THR  66,0.0,0.0,0.0,0.0,0.0,0.0,0.0,0.0,0.0,0.0,0.0,0.0,0.0,0.0,0.0,0.0,0.0,0.0
VAL  67,R VAL  67,0.0,0.0,0.0,0.0,0.0,0.0,-0.001999999999995339,0.0,0.0,0.0040000000000000036,0.0,0.0,0.0,0.0,0.0,0.0020000000000042206,0.0,0.0
CYS  68,R CYS  68,0.0,0.0,0.0,0.0,0.0,0.0,0.0030000000000001137,0.0,0.0,-0.0020000000000000018,0.0,0.0,0.0,0.0,0.0,0.0009999999999994458,0.0,0.0
GLY  69,R GLY  69,0.0,0.0,0.0,0.0,0.0,0.0,-0.0010000000000047748,0.0,0.0,0.002000000000000668,0.0,0.0,0.0,0.0,0.0,0.000999999999995893,0.0,0.0
ASP  70,R ASP  70,0.0,0.0,0.0,0.0,0.0,0.0,-0.011000000000002785,0.0,0.0,0.014999999999997016,0.0,0.0,0.0,0.0,0.0,0.00399999999999423,0.0,0.0
ILE  71,R ILE  71,0.0,0.0,0.0,0.0,0.0,0.0,-0.009999999999990905,0.0,0.0,0.018000000000000238,0.0,0.0,0.0,0.0,0.0,0.008000000000009333,0.0,0.0
HIE  72,R HIE  72,0.0,0.0,0.0,0.0,0.0,0.0,-0.010000000000005116,0.0,0.0,0.009999999999999787,0.0,0.0,0.0,0.0,0.0,-5.329070518200751e-15,0.0,0.0
GLY  73,R GLY  73,0.0,0.0,0.0,0.0,0.0,0.0,-0.009000000000000341,0.0,0.0,0.009000000000000341,0.0,0.0,0.0,0.0,0.0,0.0,0.0,0.0
GLN  74,R GLN  74,0.0,0.0,0.0,0.0,0.0,0.0,0.0010000000000047748,0.0,0.0,0.0040000000000000036,0.0,0.0,0.0,0.0,0.0,0.005000000000004778,0.0,0.0
PHE  75,R PHE  75,0.0,0.0,0.0,-0.0009999999999994458,0.0,0.0,0.0030000000000001137,0.0,0.0,0.0020000000000000018,0.0,0.0,0.0,0.0,0.0,0.003999999999995119,0.0,0.0
PHE  76,R PHE  76,0.0,0.0,0.0,-0.001000000000000334,0.0,0.0,0.0020000000000095497,0.0,0.0,-0.001000000000000112,0.0,0.0,0.0,0.0,0.0,5.329070518200751e-15,0.0,0.0
ASP  77,R ASP  77,0.0,0.0,0.0,-0.001000000000000334,0.0,0.0,-0.01999999999999602,0.0,0.0,0.01699999999999946,0.0,0.0,0.0,0.0,0.0,-0.004000000000001336,0.0,0.0
LEU  78,R LEU  78,0.0,0.0,0.0,-0.001000000000000334,0.0,0.0,0.0020000000000095497,0.0,0.0,0.0030000000000001137,0.0,0.0,0.0,0.0,0.0,0.004000000000019099,0.0,0.0
MET  79,R MET  79,0.0,0.0,0.0,0.0,0.0,0.0,0.001999999999995339,0.0,0.0,-0.0050000000000000044,0.0,0.0,0.0,0.0,0.0,-0.0030000000000046656,0.0,0.0
LYS  80,R LYS  80,0.0,0.0,0.0,0.0,0.0,0.0,0.027000000000001023,0.0,0.0,-0.02400000000000091,0.0,0.0,0.0,0.0,0.0,0.0030000000000001137,0.0,0.0
LEU  81,R LEU  81,0.0,0.0,0.0,0.0,0.0,0.0,0.0,0.0,0.0,0.0,0.0,0.0,0.0,0.0,0.0,0.0,0.0,0.0
PHE  82,R PHE  82,0.0,0.0,0.0,-0.001000000000000334,0.0,0.0,0.001999999999995339,0.0,0.0,-0.0020000000000000018,0.0,0.0,0.0,0.0,0.0,-0.0010000000000083276,0.0,0.0
GLU  83,R GLU  83,0.0,0.0,0.0,0.0,0.0,0.0,-0.009000000000000341,0.0,0.0,0.009000000000000341,0.0,0.0,0.0,0.0,0.0,0.0,0.0,0.0
VAL  84,R VAL  84,0.0,0.0,0.0,0.0,0.0,0.0,0.0,0.0,0.0,-0.0009999999999994458,0.0,0.0,0.0,0.0,0.0,-0.0009999999999994458,0.0,0.0
GLY  85,R GLY  85,0.0,0.0,0.0,0.0,0.0,0.0,0.0040000000000048885,0.0,0.0,-0.0040000000000000036,0.0,0.0,0.0,0.0,0.0,5.329070518200751e-15,0.0,0.0
GLY  86,R GLY  86,0.0,0.0,0.0,0.0,0.0,0.0,0.0030000000000001137,0.0,0.0,-0.0019999999999997797,0.0,0.0,0.0,0.0,0.0,0.001000000000000334,0.0,0.0
SER  87,R SER  87,0.0,0.0,0.0,0.0,0.0,0.0,0.0,0.0,0.0,0.0,0.0,0.0,0.0,0.0,0.0,0.0,0.0,0.0
PRO  88,R PRO  88,0.0,0.0,0.0,0.0,0.0,0.0,-0.007000000000005002,0.0,0.0,0.006000000000000227,0.0,0.0,0.0,0.0,0.0,-0.0010000000000047748,0.0,0.0
ALA  89,R ALA  89,0.0,0.0,0.0,0.0,0.0,0.0,0.0009999999999976694,0.0,0.0,-0.0009999999999994458,0.0,0.0,0.0,0.0,0.0,-1.7763568394002505e-15,0.0,0.0
ASN  90,R ASN  90,0.0,0.0,0.0,0.0,0.0,0.0,0.0010000000000047748,0.0,0.0,-0.001000000000000334,0.0,0.0,0.0,0.0,0.0,4.440892098500626e-15,0.0,0.0
THR  91,R THR  91,0.0,0.0,0.0,0.0,0.0,0.0,-0.0010000000000047748,0.0,0.0,0.0009999999999998899,0.0,0.0,0.0,0.0,0.0,-4.884981308350689e-15,0.0,0.0
ARG  92,R ARG  92,0.0,0.0,0.0,0.0,0.0,0.0,0.005000000000009663,0.0,0.0,-0.004999999999999005,0.0,0.0,0.0,0.0,0.0,1.0658141036401503e-14,0.0,0.0
TYR  93,R TYR  93,0.0,0.0,0.0,0.0,0.0,0.0,0.0010000000000047748,0.0,0.0,0.0,0.0,0.0,0.0,0.0,0.0,0.0010000000000047748,0.0,0.0
LEU  94,R LEU  94,0.0,0.0,0.0,0.0,0.0,0.0,-0.0030000000000001137,0.0,0.0,0.0030000000000000027,0.0,0.0,0.0,0.0,0.0,0.0,0.0,0.0
PHE  95,R PHE  95,0.0,0.0,0.0,0.0,0.0,0.0,0.001999999999995339,0.0,0.0,0.0,0.0,0.0,0.0,0.0,0.0,0.001999999999995339,0.0,0.0
LEU  96,R LEU  96,0.0,0.0,0.0,0.0,0.0,0.0,0.0030000000000001137,0.0,0.0,-0.0030000000000001137,0.0,0.0,0.0,0.0,0.0,0.0,0.0,0.0
GLY  97,R GLY  97,0.0,0.0,0.0,0.0,0.0,0.0,-0.0030000000000001137,0.0,0.0,0.004999999999999893,0.0,0.0,0.0,0.0,0.0,0.002000000000000668,0.0,0.0
ASP  98,R ASP  98,0.0,0.0,0.0,0.0,0.0,0.0,-0.006000000000000227,0.0,0.0,0.008000000000002672,0.0,0.0,0.0,0.0,0.0,0.0020000000000024443,0.0,0.0
TYR  99,R TYR  99,0.0,0.0,0.0,0.0,0.0,0.0,-0.007999999999995566,0.0,0.0,0.010999999999999899,0.0,0.0,0.0,0.0,0.0,0.0030000000000045546,0.0,0.0
VAL 100,R VAL 100,0.0,0.0,0.0,0.0,0.0,0.0,0.0030000000000001137,0.0,0.0,0.011999999999999567,0.0,0.0,0.0,0.0,0.0,0.01499999999999968,0.0,0.0
ASP 101,R ASP 101,0.0,0.0,0.0,0.0,0.0,0.0,-0.007999999999995566,0.0,0.0,0.01600000000000179,0.0,0.0,0.0,0.0,0.0,0.008000000000006224,0.0,0.0
ARG 102,R ARG 102,0.0,0.0,0.0,-0.002000000000000224,0.0,0.0,-0.013999999999995794,0.0,0.0,0.05900000000000105,0.0,0.0,0.0,0.0,0.0,0.04300000000000992,0.0,0.0
GLY 103,R GLY 103,0.0,0.0,0.0,-0.001000000000000334,0.0,0.0,0.02599999999999625,0.0,0.0,-0.004999999999999893,0.0,0.0,0.0,0.0,0.0,0.020000000000004903,0.0,0.0
TYR 104,R TYR 104,0.0,0.0,0.0,-0.0009999999999998899,0.0,0.0,-0.001999999999995339,0.0,0.0,0.006000000000000227,0.0,0.0,0.0,0.0,0.0,0.0030000000000001137,0.0,0.0
PHE 105,R PHE 105,0.0,0.0,0.0,0.0,0.0,0.0,-0.003999999999990678,0.0,0.0,0.017000000000000015,0.0,0.0,0.0,0.0,0.0,0.01300000000000967,0.0,0.0
SER 106,R SER 106,0.0,0.0,0.0,0.0,0.0,0.0,-0.0010000000000047748,0.0,0.0,0.008000000000000007,0.0,0.0,0.0,0.0,0.0,0.006999999999994344,0.0,0.0
ILE 107,R ILE 107,0.0,0.0,0.0,-0.0009999999999998899,0.0,0.0,0.001999999999995339,0.0,0.0,0.0030000000000000027,0.0,0.0,0.0,0.0,0.0,0.003999999999997783,0.0,0.0
GLU 108,R GLU 108,0.0,0.0,0.0,-0.001000000000000334,0.0,0.0,-0.006000000000000227,0.0,0.0,0.0070000000000014495,0.0,0.0,0.0,0.0,0.0,-3.552713678800501e-15,0.0,0.0
CYS 109,R CYS 109,0.0,0.0,0.0,0.0,0.0,0.0,0.0,0.0,0.0,0.0009999999999994458,0.0,0.0,0.0,0.0,0.0,0.0009999999999994458,0.0,0.0
VAL 110,R VAL 110,0.0,0.0,0.0,0.0,0.0,0.0,0.0,0.0,0.0,0.0020000000000000018,0.0,0.0,0.0,0.0,0.0,0.0019999999999997797,0.0,0.0
LEU 111,R LEU 111,0.0,0.0,0.0,0.0,0.0,0.0,0.000999999999990564,0.0,0.0,-0.0010000000000000009,0.0,0.0,0.0,0.0,0.0,-9.769962616701378e-15,0.0,0.0
TYR 112,R TYR 112,0.0,0.0,0.0,0.0,0.0,0.0,0.000999999999990564,0.0,0.0,0.0,0.0,0.0,0.0,0.0,0.0,0.000999999999990564,0.0,0.0
LEU 113,R LEU 113,0.0,0.0,0.0,0.0,0.0,0.0,0.0,0.0,0.0,0.0,0.0,0.0,0.0,0.0,0.0,0.0,0.0,0.0
TRP 114,R TRP 114,0.0,0.0,0.0,0.0,0.0,0.0,0.0010000000000047748,0.0,0.0,-0.0009999999999998899,0.0,0.0,0.0,0.0,0.0,5.329070518200751e-15,0.0,0.0
ALA 115,R ALA 115,0.0,0.0,0.0,0.0,0.0,0.0,0.0010000000000047748,0.0,0.0,-0.001000000000000112,0.0,0.0,0.0,0.0,0.0,4.440892098500626e-15,0.0,0.0
LEU 116,R LEU 116,0.0,0.0,0.0,0.0,0.0,0.0,0.0,0.0,0.0,0.0,0.0,0.0,0.0,0.0,0.0,0.0,0.0,0.0
LYS 117,R LYS 117,0.0,0.0,0.0,0.0,0.0,0.0,0.0049999999999954525,0.0,0.0,-0.004999999999999005,0.0,0.0,0.0,0.0,0.0,-3.552713678800501e-15,0.0,0.0
ILE 118,R ILE 118,0.0,0.0,0.0,0.0,0.0,0.0,0.0,0.0,0.0,-0.0009999999999998899,0.0,0.0,0.0,0.0,0.0,-0.0009999999999994458,0.0,0.0
LEU 119,R LEU 119,0.0,0.0,0.0,0.0,0.0,0.0,0.0,0.0,0.0,0.0,0.0,0.0,0.0,0.0,0.0,0.0,0.0,0.0
TYR 120,R TYR 120,0.0,0.0,0.0,0.0,0.0,0.0,-0.0010000000000047748,0.0,0.0,0.0009999999999998899,0.0,0.0,0.0,0.0,0.0,-4.440892098500626e-15,0.0,0.0
PRO 121,R PRO 121,0.0,0.0,0.0,0.0,0.0,0.0,-0.001999999999995339,0.0,0.0,0.0019999999999988916,0.0,0.0,0.0,0.0,0.0,3.552713678800501e-15,0.0,0.0
LYS 122,R LYS 122,0.0,0.0,0.0,0.0,0.0,0.0,0.003999999999990678,0.0,0.0,-0.004000000000001336,0.0,0.0,0.0,0.0,0.0,-1.0658141036401503e-14,0.0,0.0
THR 123,R THR 123,0.0,0.0,0.0,0.0,0.0,0.0,0.0,0.0,0.0,0.0010000000000000009,0.0,0.0,0.0,0.0,0.0,0.0010000000000012221,0.0,0.0
LEU 124,R LEU 124,0.0,0.0,0.0,0.0,0.0,0.0,0.0,0.0,0.0,0.0,0.0,0.0,0.0,0.0,0.0,0.0,0.0,0.0
PHE 125,R PHE 125,0.0,0.0,0.0,0.0,0.0,0.0,-0.001999999999995339,0.0,0.0,0.0020000000000000018,0.0,0.0,0.0,0.0,0.0,4.440892098500626e-15,0.0,0.0
LEU 126,R LEU 126,0.0,0.0,0.0,0.0,0.0,0.0,0.0010000000000047748,0.0,0.0,0.0,0.0,0.0,0.0,0.0,0.0,0.0010000000000047748,0.0,0.0
LEU 127,R LEU 127,0.0,0.0,0.0,0.0,0.0,0.0,-0.0020000000000095497,0.0,0.0,0.0019999999999997797,0.0,0.0,0.0,0.0,0.0,-8.881784197001252e-15,0.0,0.0
ARG 128,R ARG 128,0.0,0.0,0.0,0.0,0.0,0.0,-0.003999999999990678,0.0,0.0,0.007000000000005002,0.0,0.0,0.0,0.0,0.0,0.0030000000000143245,0.0,0.0
GLY 129,R GLY 129,0.0,0.0,0.0,0.0,0.0,0.0,0.0,0.0,0.0,0.002000000000000668,0.0,0.0,0.0,0.0,0.0,0.0020000000000024443,0.0,0.0
ASN 130,R ASN 130,0.0,0.0,0.0,0.0,0.0,0.0,0.0040000000000048885,0.0,0.0,-0.0010000000000000009,0.0,0.0,0.0,0.0,0.0,0.0030000000000047766,0.0,0.0
HIE 131,R HIE 131,0.0,0.0,0.0,0.0,0.0,0.0,0.0010000000000047748,0.0,0.0,0.0019999999999997797,0.0,0.0,0.0,0.0,0.0,0.0030000000000036664,0.0,0.0
GLU 132,R GLU 132,0.0,0.0,0.0,0.0,0.0,0.0,0.007000000000005002,0.0,0.0,-0.009000000000000341,0.0,0.0,0.0,0.0,0.0,-0.001999999999995339,0.0,0.0
CYS 133,R CYS 133,0.0,0.0,0.0,0.0,0.0,0.0,0.0,0.0,0.0,0.001000000000000112,0.0,0.0,0.0,0.0,0.0,0.0009999999999994458,0.0,0.0
ARG 134,R ARG 134,0.0,0.0,0.0,0.0,0.0,0.0,-0.016000000000005343,0.0,0.0,0.01799999999999713,0.0,0.0,0.0,0.0,0.0,0.001999999999991786,0.0,0.0
HIE 135,R HIE 135,0.0,0.0,0.0,-0.0009999999999994458,0.0,0.0,0.0049999999999954525,0.0,0.0,-0.0029999999999996696,0.0,0.0,0.0,0.0,0.0,0.0009999999999923403,0.0,0.0
LEU 136,R LEU 136,0.0,0.0,0.0,0.0,0.0,0.0,0.01100000000000989,0.0,0.0,-0.008999999999999897,0.0,0.0,0.0,0.0,0.0,0.0020000000000095497,0.0,0.0
THR 137,R THR 137,0.0,0.0,0.0,0.0,0.0,0.0,0.0030000000000001137,0.0,0.0,-0.0009999999999998899,0.0,0.0,0.0,0.0,0.0,0.0019999999999988916,0.0,0.0
GLU 138,R GLU 138,0.0,0.0,0.0,0.0,0.0,0.0,0.028999999999996362,0.0,0.0,-0.0259999999999998,0.0,0.0,0.0,0.0,0.0,0.002999999999996561,0.0,0.0
TYR 139,R TYR 139,0.0,0.0,0.0,-0.0009999999999998899,0.0,0.0,0.022999999999996135,0.0,0.0,-0.013000000000000123,0.0,0.0,0.0,0.0,0.0,0.00899999999999146,0.0,0.0
PHE 140,R PHE 140,0.0,0.0,0.0,-0.0009999999999998899,0.0,0.0,0.007000000000005002,0.0,0.0,0.01699999999999946,0.0,0.0,0.0,0.0,0.0,0.022999999999999687,0.0,0.0
THR 141,R THR 141,0.0,0.0,0.0,-0.0009999999999998899,0.0,0.0,-0.005000000000002558,0.0,0.0,0.0030000000000001137,0.0,0.0,0.0,0.0,0.0,-0.0030000000000001137,0.0,0.0
PHE 142,R PHE 142,0.0,0.0,0.0,0.0,0.0,0.0,-0.006000000000000227,0.0,0.0,0.010000000000000009,0.0,0.0,0.0,0.0,0.0,0.0039999999999997815,0.0,0.0
LYS 143,R LYS 143,0.0,0.0,0.0,-0.0009999999999994458,0.0,0.0,-0.022999999999996135,0.0,0.0,0.0470000000000006,0.0,0.0,0.0,0.0,0.0,0.022999999999999687,0.0,0.0
GLN 144,R GLN 144,0.0,0.0,0.0,-0.0009999999999998899,0.0,0.0,-0.0049999999999954525,0.0,0.0,0.0,0.0,0.0,0.0,0.0,0.0,-0.006000000000000227,0.0,0.0
GLU 145,R GLU 145,0.0,0.0,0.0,0.0,0.0,0.0,-0.0020000000000024443,0.0,0.0,0.0020000000000024443,0.0,0.0,0.0,0.0,0.0,0.0,0.0,0.0
CYS 146,R CYS 146,0.0,0.0,0.0,0.0,0.0,0.0,-0.0049999999999954525,0.0,0.0,0.01100000000000012,0.0,0.0,0.0,0.0,0.0,0.006000000000004668,0.0,0.0
LYS 147,R LYS 147,0.0,0.0,0.0,0.0,0.0,0.0,-0.009000000000000341,0.0,0.0,0.030999999999998806,0.0,0.0,0.0,0.0,0.0,0.021999999999998465,0.0,0.0
ILE 148,R ILE 148,0.0,0.0,0.0,0.0,0.0,0.0,-0.0030000000000001137,0.0,0.0,0.017999999999999794,0.0,0.0,0.0,0.0,0.0,0.01499999999999968,0.0,0.0
LYS 149,R LYS 149,0.0,0.0,0.0,0.0,0.0,0.0,0.0030000000000001137,0.0,0.0,0.012000000000000455,0.0,0.0,0.0,0.0,0.0,0.015000000000000568,0.0,0.0
TYR 150,R TYR 150,0.0,0.0,0.0,-0.0009999999999998899,0.0,0.0,-0.0010000000000047748,0.0,0.0,0.001000000000000334,0.0,0.0,0.0,0.0,0.0,-0.0010000000000083276,0.0,0.0
SER 151,R SER 151,0.0,0.0,0.0,0.0,0.0,0.0,-0.0030000000000001137,0.0,0.0,0.004000000000000448,0.0,0.0,0.0,0.0,0.0,0.001000000000000334,0.0,0.0
GLU 152,R GLU 152,0.0,0.0,0.0,0.0,0.0,0.0,0.006000000000000227,0.0,0.0,-0.006999999999997897,0.0,0.0,0.0,0.0,0.0,-0.0009999999999976694,0.0,0.0
ARG 153,R ARG 153,0.0,0.0,0.0,0.0,0.0,0.0,-0.006000000000000227,0.0,0.0,0.008000000000002672,0.0,0.0,0.0,0.0,0.0,0.0020000000000024443,0.0,0.0
VAL 154,R VAL 154,0.0,0.0,0.0,0.0,0.0,0.0,0.0,0.0,0.0,0.0029999999999996696,0.0,0.0,0.0,0.0,0.0,0.0030000000000001137,0.0,0.0
TYR 155,R TYR 155,0.0,0.0,0.0,0.0,0.0,0.0,-0.0010000000000047748,0.0,0.0,0.0009999999999994458,0.0,0.0,0.0,0.0,0.0,-5.329070518200751e-15,0.0,0.0
ASP 156,R ASP 156,0.0,0.0,0.0,0.0,0.0,0.0,0.006999999999997897,0.0,0.0,-0.009000000000000341,0.0,0.0,0.0,0.0,0.0,-0.0020000000000024443,0.0,0.0
ALA 157,R ALA 157,0.0,0.0,0.0,0.0,0.0,0.0,0.0010000000000047748,0.0,0.0,0.0,0.0,0.0,0.0,0.0,0.0,0.0010000000000047748,0.0,0.0
CYS 158,R CYS 158,0.0,0.0,0.0,0.0,0.0,0.0,0.0,0.0,0.0,0.0019999999999999983,0.0,0.0,0.0,0.0,0.0,0.0019999999999997797,0.0,0.0
MET 159,R MET 159,0.0,0.0,0.0,0.0,0.0,0.0,0.0010000000000047748,0.0,0.0,-0.001000000000000334,0.0,0.0,0.0,0.0,0.0,5.329070518200751e-15,0.0,0.0
ASP 160,R ASP 160,0.0,0.0,0.0,0.0,0.0,0.0,0.005000000000002558,0.0,0.0,-0.006000000000000227,0.0,0.0,0.0,0.0,0.0,-0.0009999999999976694,0.0,0.0
ALA 161,R ALA 161,0.0,0.0,0.0,0.0,0.0,0.0,0.0,0.0,0.0,0.0010000000000000009,0.0,0.0,0.0,0.0,0.0,0.0009999999999994458,0.0,0.0
PHE 162,R PHE 162,0.0,0.0,0.0,0.0,0.0,0.0,-0.000999999999990564,0.0,0.0,0.0010000000000000009,0.0,0.0,0.0,0.0,0.0,8.881784197001252e-15,0.0,0.0
ASP 163,R ASP 163,0.0,0.0,0.0,0.0,0.0,0.0,0.0049999999999954525,0.0,0.0,-0.005000000000002558,0.0,0.0,0.0,0.0,0.0,-7.105427357601002e-15,0.0,0.0
CYS 164,R CYS 164,0.0,0.0,0.0,0.0,0.0,0.0,-0.0010000000000047748,0.0,0.0,0.0009999999999998899,0.0,0.0,0.0,0.0,0.0,-4.884981308350689e-15,0.0,0.0
LEU 165,R LEU 165,0.0,0.0,0.0,0.0,0.0,0.0,0.0030000000000001137,0.0,0.0,-0.0009999999999998899,0.0,0.0,0.0,0.0,0.0,0.002000000000000668,0.0,0.0
PRO 166,R PRO 166,0.0,0.0,0.0,0.0,0.0,0.0,0.0020000000000024443,0.0,0.0,-0.0019999999999988916,0.0,0.0,0.0,0.0,0.0,3.552713678800501e-15,0.0,0.0
LEU 167,R LEU 167,0.0,0.0,0.0,0.0,0.0,0.0,0.0009999999999976694,0.0,0.0,-0.001000000000000334,0.0,0.0,0.0,0.0,0.0,-2.6645352591003757e-15,0.0,0.0
ALA 168,R ALA 168,0.0,0.0,0.0,0.0,0.0,0.0,0.000999999999990564,0.0,0.0,0.0,0.0,0.0,0.0,0.0,0.0,0.000999999999990564,0.0,0.0
ALA 169,R ALA 169,0.0,0.0,0.0,0.0,0.0,0.0,0.0,0.0,0.0,0.0,0.0,0.0,0.0,0.0,0.0,0.0,0.0,0.0
LEU 170,R LEU 170,0.0,0.0,0.0,-0.001000000000000334,0.0,0.0,0.0,0.0,0.0,0.001000000000000334,0.0,0.0,0.0,0.0,0.0,-4.440892098500626e-15,0.0,0.0
MET 171,R MET 171,0.0,0.0,0.0,0.0,0.0,0.0,0.0,0.0,0.0,0.0,0.0,0.0,0.0,0.0,0.0,0.0,0.0,0.0
ASN 172,R ASN 172,0.0,0.0,0.0,0.0,0.0,0.0,0.0,0.0,0.0,0.0,0.0,0.0,0.0,0.0,0.0,0.0,0.0,0.0
GLN 173,R GLN 173,0.0,0.0,0.0,0.0,0.0,0.0,0.0,0.0,0.0,0.0,0.0,0.0,0.0,0.0,0.0,0.0,0.0,0.0
GLN 174,R GLN 174,0.0,0.0,0.0,0.0,0.0,0.0,0.0010000000000047748,0.0,0.0,-0.0009999999999998899,0.0,0.0,0.0,0.0,0.0,4.884981308350689e-15,0.0,0.0
PHE 175,R PHE 175,0.0,0.0,0.0,0.0,0.0,0.0,0.0,0.0,0.0,0.0,0.0,0.0,0.0,0.0,0.0,0.0,0.0,0.0
LEU 176,R LEU 176,0.0,0.0,0.0,0.0,0.0,0.0,0.0,0.0,0.0,0.0,0.0,0.0,0.0,0.0,0.0,0.0,0.0,0.0
CYS 177,R CYS 177,0.0,0.0,0.0,0.0,0.0,0.0,0.0,0.0,0.0,0.0,0.0,0.0,0.0,0.0,0.0,0.0,0.0,0.0
VAL 178,R VAL 178,0.0,0.0,0.0,0.0,0.0,0.0,-0.001999999999995339,0.0,0.0,0.0020000000000000018,0.0,0.0,0.0,0.0,0.0,4.884981308350689e-15,0.0,0.0
HIE 179,R HIE 179,0.0,0.0,0.0,0.0,0.0,0.0,-0.001999999999995339,0.0,0.0,0.0029999999999996696,0.0,0.0,0.0,0.0,0.0,0.0010000000000047748,0.0,0.0
GLY 180,R GLY 180,0.0,0.0,0.0,0.0,0.0,0.0,-0.0030000000000001137,0.0,0.0,0.0030000000000001137,0.0,0.0,0.0,0.0,0.0,0.0,0.0,0.0
GLY 181,R GLY 181,0.0,0.0,0.0,0.0,0.0,0.0,0.0,0.0,0.0,0.0,0.0,0.0,0.0,0.0,0.0,0.0,0.0,0.0
LEU 182,R LEU 182,0.0,0.0,0.0,0.0,0.0,0.0,0.0030000000000001137,0.0,0.0,-0.0030000000000001137,0.0,0.0,0.0,0.0,0.0,0.0,0.0,0.0
SER 183,R SER 183,0.0,0.0,0.0,0.0,0.0,0.0,-0.0010000000000047748,0.0,0.0,0.001000000000000334,0.0,0.0,0.0,0.0,0.0,-4.440892098500626e-15,0.0,0.0
PRO 184,R PRO 184,0.0,0.0,0.0,0.0,0.0,0.0,0.006000000000000227,0.0,0.0,-0.006000000000000227,0.0,0.0,0.0,0.0,0.0,0.0,0.0,0.0
GLU 185,R GLU 185,0.0,0.0,0.0,0.0,0.0,0.0,0.005000000000002558,0.0,0.0,-0.004999999999999005,0.0,0.0,0.0,0.0,0.0,3.552713678800501e-15,0.0,0.0
ILE 186,R ILE 186,0.0,0.0,0.0,0.0,0.0,0.0,0.0009999999999976694,0.0,0.0,-0.001000000000000334,0.0,0.0,0.0,0.0,0.0,-2.6645352591003757e-15,0.0,0.0
ASN 187,R ASN 187,0.0,0.0,0.0,0.0,0.0,0.0,0.0,0.0,0.0,0.0009999999999998899,0.0,0.0,0.0,0.0,0.0,0.0009999999999994458,0.0,0.0
THR 188,R THR 188,0.0,0.0,0.0,0.0,0.0,0.0,0.0010000000000047748,0.0,0.0,-0.0009999999999998899,0.0,0.0,0.0,0.0,0.0,4.884981308350689e-15,0.0,0.0
LEU 189,R LEU 189,0.0,0.0,0.0,0.0,0.0,0.0,0.0010000000000047748,0.0,0.0,-0.001000000000000112,0.0,0.0,0.0,0.0,0.0,4.440892098500626e-15,0.0,0.0
ASP 190,R ASP 190,0.0,0.0,0.0,0.0,0.0,0.0,0.0030000000000001137,0.0,0.0,-0.0039999999999995595,0.0,0.0,0.0,0.0,0.0,-0.0009999999999994458,0.0,0.0
ASP 191,R ASP 191,0.0,0.0,0.0,0.0,0.0,0.0,0.0049999999999954525,0.0,0.0,-0.006000000000000227,0.0,0.0,0.0,0.0,0.0,-0.0010000000000047748,0.0,0.0
ILE 192,R ILE 192,0.0,0.0,0.0,0.0,0.0,0.0,0.000999999999990564,0.0,0.0,-0.0020000000000000018,0.0,0.0,0.0,0.0,0.0,-0.0010000000000092157,0.0,0.0
ARG 193,R ARG 193,0.0,0.0,0.0,0.0,0.0,0.0,-0.0040000000000048885,0.0,0.0,0.004000000000001336,0.0,0.0,0.0,0.0,0.0,-3.552713678800501e-15,0.0,0.0
LYS 194,R LYS 194,0.0,0.0,0.0,0.0,0.0,0.0,-0.0049999999999954525,0.0,0.0,0.005000000000000782,0.0,0.0,0.0,0.0,0.0,5.329070518200751e-15,0.0,0.0
LEU 195,R LEU 195,0.0,0.0,0.0,0.0,0.0,0.0,0.0,0.0,0.0,0.0010000000000000009,0.0,0.0,0.0,0.0,0.0,0.0010000000000012221,0.0,0.0
ASP 196,R ASP 196,0.0,0.0,0.0,0.0,0.0,0.0,0.007000000000005002,0.0,0.0,-0.006999999999997897,0.0,0.0,0.0,0.0,0.0,7.105427357601002e-15,0.0,0.0
ARG 197,R ARG 197,0.0,0.0,0.0,0.0,0.0,0.0,-0.006000000000000227,0.0,0.0,0.006000000000000227,0.0,0.0,0.0,0.0,0.0,0.0,0.0,0.0
PHE 198,R PHE 198,0.0,0.0,0.0,0.0,0.0,0.0,0.0010000000000047748,0.0,0.0,-0.001000000000000334,0.0,0.0,0.0,0.0,0.0,4.440892098500626e-15,0.0,0.0
LYS 199,R LYS 199,0.0,0.0,0.0,0.0,0.0,0.0,-0.012000000000000455,0.0,0.0,0.012000000000000455,0.0,0.0,0.0,0.0,0.0,0.0,0.0,0.0
GLU 200,R GLU 200,0.0,0.0,0.0,0.0,0.0,0.0,0.006999999999997897,0.0,0.0,-0.0070000000000014495,0.0,0.0,0.0,0.0,0.0,-3.552713678800501e-15,0.0,0.0
PRO 201,R PRO 201,0.0,0.0,0.0,0.0,0.0,0.0,0.015000000000000568,0.0,0.0,-0.01600000000000179,0.0,0.0,0.0,0.0,0.0,-0.0010000000000012221,0.0,0.0
PRO 202,R PRO 202,0.0,0.0,0.0,0.0,0.0,0.0,0.010000000000001563,0.0,0.0,-0.010999999999999233,0.0,0.0,0.0,0.0,0.0,-0.0009999999999976694,0.0,0.0
ALA 203,R ALA 203,0.0,0.0,0.0,0.0,0.0,0.0,0.0049999999999954525,0.0,0.0,-0.005000000000000782,0.0,0.0,0.0,0.0,0.0,-5.329070518200751e-15,0.0,0.0
TYR 204,R TYR 204,0.0,0.0,0.0,0.0,0.0,0.0,0.0030000000000001137,0.0,0.0,-0.0029999999999998916,0.0,0.0,0.0,0.0,0.0,4.440892098500626e-16,0.0,0.0
GLY 205,R GLY 205,0.0,0.0,0.0,0.0,0.0,0.0,0.0,0.0,0.0,0.0,0.0,0.0,0.0,0.0,0.0,0.0,0.0,0.0
PRO 206,R PRO 206,0.0,0.0,0.0,0.0,0.0,0.0,0.007999999999999119,0.0,0.0,-0.008000000000002672,0.0,0.0,0.0,0.0,0.0,-3.552713678800501e-15,0.0,0.0
MET 207,R MET 207,0.0,0.0,0.0,0.0,0.0,0.0,0.0,0.0,0.0,-0.0009999999999994458,0.0,0.0,0.0,0.0,0.0,-0.0009999999999994458,0.0,0.0
CYS 208,R CYS 208,0.0,0.0,0.0,0.0,0.0,0.0,-0.0010000000000047748,0.0,0.0,0.0009999999999998899,0.0,0.0,0.0,0.0,0.0,-4.440892098500626e-15,0.0,0.0
ASP 209,R ASP 209,0.0,0.0,0.0,0.0,0.0,0.0,0.009000000000000341,0.0,0.0,-0.009000000000000341,0.0,0.0,0.0,0.0,0.0,0.0,0.0,0.0
ILE 210,R ILE 210,0.0,0.0,0.0,0.0,0.0,0.0,-0.000999999999990564,0.0,0.0,0.002000000000000668,0.0,0.0,0.0,0.0,0.0,0.001000000000010104,0.0,0.0
LEU 211,R LEU 211,0.0,0.0,0.0,0.0,0.0,0.0,0.0,0.0,0.0,0.0,0.0,0.0,0.0,0.0,0.0,0.0,0.0,0.0
TRP 212,R TRP 212,0.0,0.0,0.0,0.0,0.0,0.0,0.0030000000000001137,0.0,0.0,-0.0020000000000000018,0.0,0.0,0.0,0.0,0.0,0.0009999999999994458,0.0,0.0
SER 213,R SER 213,0.0,0.0,0.0,0.0,0.0,0.0,0.0,0.0,0.0,0.0,0.0,0.0,0.0,0.0,0.0,0.0,0.0,0.0
ASP 214,R ASP 214,0.0,0.0,0.0,0.0,0.0,0.0,0.009000000000000341,0.0,0.0,-0.009000000000000341,0.0,0.0,0.0,0.0,0.0,0.0,0.0,0.0
PRO 215,R PRO 215,0.0,0.0,0.0,0.0,0.0,0.0,0.007999999999999119,0.0,0.0,-0.00999999999999801,0.0,0.0,0.0,0.0,0.0,-0.0019999999999988916,0.0,0.0
LEU 216,R LEU 216,0.0,0.0,0.0,0.0,0.0,0.0,-0.0030000000000001137,0.0,0.0,0.0030000000000000027,0.0,0.0,0.0,0.0,0.0,0.0,0.0,0.0
GLU 217,R GLU 217,0.0,0.0,0.0,0.0,0.0,0.0,0.0020000000000024443,0.0,0.0,-0.0030000000000001137,0.0,0.0,0.0,0.0,0.0,-0.0009999999999976694,0.0,0.0
ASP 218,R ASP 218,0.0,0.0,0.0,0.0,0.0,0.0,0.003999999999997783,0.0,0.0,-0.005000000000002558,0.0,0.0,0.0,0.0,0.0,-0.0010000000000047748,0.0,0.0
PHE 219,R PHE 219,0.0,0.0,0.0,0.0,0.0,0.0,-0.001999999999995339,0.0,0.0,0.0009999999999998899,0.0,0.0,0.0,0.0,0.0,-0.000999999999995449,0.0,0.0
GLY 220,R GLY 220,0.0,0.0,0.0,0.0,0.0,0.0,-0.0010000000000047748,0.0,0.0,0.0,0.0,0.0,0.0,0.0,0.0,-0.0010000000000047748,0.0,0.0
ASN 221,R ASN 221,0.0,0.0,0.0,0.0,0.0,0.0,0.0010000000000047748,0.0,0.0,-0.001000000000000334,0.0,0.0,0.0,0.0,0.0,4.440892098500626e-15,0.0,0.0
GLU 222,R GLU 222,0.0,0.0,0.0,0.0,0.0,0.0,0.000999999999990564,0.0,0.0,-0.002000000000000668,0.0,0.0,0.0,0.0,0.0,-0.001000000000010104,0.0,0.0
LYS 223,R LYS 223,0.0,0.0,0.0,0.0,0.0,0.0,-0.007000000000005002,0.0,0.0,0.006000000000000227,0.0,0.0,0.0,0.0,0.0,-0.0010000000000047748,0.0,0.0
THR 224,R THR 224,0.0,0.0,0.0,0.0,0.0,0.0,-0.0009999999999976694,0.0,0.0,0.0009999999999998899,0.0,0.0,0.0,0.0,0.0,1.7763568394002505e-15,0.0,0.0
GLN 225,R GLN 225,0.0,0.0,0.0,0.0,0.0,0.0,0.0010000000000047748,0.0,0.0,-0.001000000000000334,0.0,0.0,0.0,0.0,0.0,4.440892098500626e-15,0.0,0.0
GLU 226,R GLU 226,0.0,0.0,0.0,0.0,0.0,0.0,0.0049999999999954525,0.0,0.0,-0.005000000000002558,0.0,0.0,0.0,0.0,0.0,-7.105427357601002e-15,0.0,0.0
HIE 227,R HIE 227,0.0,0.0,0.0,0.0,0.0,0.0,-0.000999999999990564,0.0,0.0,0.0,0.0,0.0,0.0,0.0,0.0,-0.000999999999990564,0.0,0.0
PHE 228,R PHE 228,0.0,0.0,0.0,0.0,0.0,0.0,0.0,0.0,0.0,0.0,0.0,0.0,0.0,0.0,0.0,0.0,0.0,0.0
THR 229,R THR 229,0.0,0.0,0.0,0.0,0.0,0.0,-0.0010000000000047748,0.0,0.0,0.0,0.0,0.0,0.0,0.0,0.0,-0.0010000000000047748,0.0,0.0
HIE 230,R HIE 230,0.0,0.0,0.0,0.0,0.0,0.0,-0.0020000000000095497,0.0,0.0,0.0019999999999997797,0.0,0.0,0.0,0.0,0.0,-9.769962616701378e-15,0.0,0.0
ASN 231,R ASN 231,0.0,0.0,0.0,0.0,0.0,0.0,0.0049999999999954525,0.0,0.0,-0.0040000000000000036,0.0,0.0,0.0,0.0,0.0,0.000999999999995893,0.0,0.0
THR 232,R THR 232,0.0,0.0,0.0,0.0,0.0,0.0,0.009000000000000341,0.0,0.0,-0.009000000000000341,0.0,0.0,0.0,0.0,0.0,0.0,0.0,0.0
VAL 233,R VAL 233,0.0,0.0,0.0,0.0,0.0,0.0,0.012000000000000455,0.0,0.0,-0.01100000000000012,0.0,0.0,0.0,0.0,0.0,0.001000000000000334,0.0,0.0
ARG 234,R ARG 234,0.0,0.0,0.0,0.0,0.0,0.0,-0.02400000000000091,0.0,0.0,0.02499999999999858,0.0,0.0,0.0,0.0,0.0,0.0009999999999976694,0.0,0.0
GLY 235,R GLY 235,0.0,0.0,0.0,0.0,0.0,0.0,-0.001999999999995339,0.0,0.0,0.0020000000000000018,0.0,0.0,0.0,0.0,0.0,5.329070518200751e-15,0.0,0.0
CYS 236,R CYS 236,0.0,0.0,0.0,0.0,0.0,0.0,0.001999999999995339,0.0,0.0,-0.002000000000000224,0.0,0.0,0.0,0.0,0.0,-4.884981308350689e-15,0.0,0.0
SER 237,R SER 237,0.0,0.0,0.0,0.0,0.0,0.0,0.006000000000000227,0.0,0.0,-0.005999999999999339,0.0,0.0,0.0,0.0,0.0,8.881784197001252e-16,0.0,0.0
TYR 238,R TYR 238,0.0,0.0,0.0,0.0,0.0,0.0,0.0020000000000095497,0.0,0.0,-0.001000000000000334,0.0,0.0,0.0,0.0,0.0,0.0010000000000092157,0.0,0.0
PHE 239,R PHE 239,0.0,0.0,0.0,0.0,0.0,0.0,0.0010000000000047748,0.0,0.0,-0.0009999999999998899,0.0,0.0,0.0,0.0,0.0,4.440892098500626e-15,0.0,0.0
TYR 240,R TYR 240,0.0,0.0,0.0,0.0,0.0,0.0,0.0020000000000095497,0.0,0.0,-0.0009999999999998899,0.0,0.0,0.0,0.0,0.0,0.001000000000010104,0.0,0.0
SER 241,R SER 241,0.0,0.0,0.0,0.0,0.0,0.0,0.000999999999990564,0.0,0.0,-0.0009999999999998899,0.0,0.0,0.0,0.0,0.0,-1.0658141036401503e-14,0.0,0.0
TYR 242,R TYR 242,0.0,0.0,0.0,0.0,0.0,0.0,0.0,0.0,0.0,0.0,0.0,0.0,0.0,0.0,0.0,0.0,0.0,0.0
PRO 243,R PRO 243,0.0,0.0,0.0,0.0,0.0,0.0,0.0030000000000001137,0.0,0.0,-0.0019999999999988916,0.0,0.0,0.0,0.0,0.0,0.0010000000000012221,0.0,0.0
ALA 244,R ALA 244,0.0,0.0,0.0,0.0,0.0,0.0,0.0,0.0,0.0,0.0009999999999998899,0.0,0.0,0.0,0.0,0.0,0.0009999999999994458,0.0,0.0
VAL 245,R VAL 245,0.0,0.0,0.0,0.0,0.0,0.0,0.0,0.0,0.0,0.0009999999999998899,0.0,0.0,0.0,0.0,0.0,0.0009999999999994458,0.0,0.0
CYS 246,R CYS 246,0.0,0.0,0.0,0.0,0.0,0.0,-0.0010000000000047748,0.0,0.0,0.0,0.0,0.0,0.0,0.0,0.0,-0.0010000000000047748,0.0,0.0
GLU 247,R GLU 247,0.0,0.0,0.0,0.0,0.0,0.0,0.0010000000000047748,0.0,0.0,-0.0019999999999988916,0.0,0.0,0.0,0.0,0.0,-0.0009999999999941167,0.0,0.0
PHE 248,R PHE 248,0.0,0.0,0.0,0.0,0.0,0.0,0.0,0.0,0.0,0.0,0.0,0.0,0.0,0.0,0.0,0.0,0.0,0.0
LEU 249,R LEU 249,0.0,0.0,0.0,0.0,0.0,0.0,-0.0010000000000047748,0.0,0.0,0.0,0.0,0.0,0.0,0.0,0.0,-0.0010000000000047748,0.0,0.0
GLN 250,R GLN 250,0.0,0.0,0.0,0.0,0.0,0.0,0.0,0.0,0.0,0.0009999999999994458,0.0,0.0,0.0,0.0,0.0,0.0009999999999994458,0.0,0.0
HIE 251,R HIE 251,0.0,0.0,0.0,0.0,0.0,0.0,0.0,0.0,0.0,0.0010000000000000009,0.0,0.0,0.0,0.0,0.0,0.0009999999999994458,0.0,0.0
ASN 252,R ASN 252,0.0,0.0,0.0,0.0,0.0,0.0,-0.0010000000000047748,0.0,0.0,0.0,0.0,0.0,0.0,0.0,0.0,-0.0010000000000047748,0.0,0.0
ASN 253,R ASN 253,0.0,0.0,0.0,0.0,0.0,0.0,0.0,0.0,0.0,0.0009999999999998899,0.0,0.0,0.0,0.0,0.0,0.0009999999999998899,0.0,0.0
LEU 254,R LEU 254,0.0,0.0,0.0,0.0,0.0,0.0,0.0,0.0,0.0,0.0,0.0,0.0,0.0,0.0,0.0,0.0,0.0,0.0
LEU 255,R LEU 255,0.0,0.0,0.0,0.0,0.0,0.0,0.0,0.0,0.0,-0.0009999999999998899,0.0,0.0,0.0,0.0,0.0,-0.0009999999999998899,0.0,0.0
SER 256,R SER 256,0.0,0.0,0.0,0.0,0.0,0.0,0.0,0.0,0.0,0.0009999999999998899,0.0,0.0,0.0,0.0,0.0,0.0010000000000012221,0.0,0.0
ILE 257,R ILE 257,0.0,0.0,0.0,0.0,0.0,0.0,0.0,0.0,0.0,0.0010000000000000009,0.0,0.0,0.0,0.0,0.0,0.0009999999999998899,0.0,0.0
LEU 258,R LEU 258,0.0,0.0,0.0,0.0,0.0,0.0,0.0020000000000095497,0.0,0.0,-0.0019999999999997797,0.0,0.0,0.0,0.0,0.0,9.769962616701378e-15,0.0,0.0
ARG 259,R ARG 259,0.0,0.0,0.0,0.0,0.0,0.0,-0.001999999999995339,0.0,0.0,0.006000000000000227,0.0,0.0,0.0,0.0,0.0,0.0040000000000048885,0.0,0.0
ALA 260,R ALA 260,0.0,0.0,0.0,0.0,0.0,0.0,0.000999999999990564,0.0,0.0,0.0010000000000000009,0.0,0.0,0.0,0.0,0.0,0.0019999999999900098,0.0,0.0
HIE 261,R HIE 261,0.0,0.0,0.0,0.0,0.0,0.0,0.0049999999999954525,0.0,0.0,-0.004000000000000448,0.0,0.0,0.0,0.0,0.0,0.000999999999995893,0.0,0.0
GLU 262,R GLU 262,0.0,0.0,0.0,0.0,0.0,0.0,-0.0020000000000024443,0.0,0.0,0.0020000000000024443,0.0,0.0,0.0,0.0,0.0,0.0,0.0,0.0
ALA 263,R ALA 263,0.0,0.0,0.0,-0.0009999999999998899,0.0,0.0,0.005000000000009663,0.0,0.0,-0.002000000000000668,0.0,0.0,0.0,0.0,0.0,0.0020000000000042206,0.0,0.0
GLN 264,R GLN 264,0.0,0.0,0.0,-0.0009999999999998899,0.0,0.0,-0.0030000000000001137,0.0,0.0,0.0039999999999995595,0.0,0.0,0.0,0.0,0.0,8.881784197001252e-15,0.0,0.0
ASP 265,R ASP 265,0.0,0.0,0.0,0.0,0.0,0.0,-0.017999999999993577,0.0,0.0,0.01699999999999946,0.0,0.0,0.0,0.0,0.0,-0.0009999999999941167,0.0,0.0
ALA 266,R ALA 266,0.0,0.0,0.0,0.0,0.0,0.0,-0.003999999999990678,0.0,0.0,0.0059999999999999915,0.0,0.0,0.0,0.0,0.0,0.0020000000000095497,0.0,0.0
GLY 267,R GLY 267,0.0,0.0,0.0,0.0,0.0,0.0,0.0020000000000095497,0.0,0.0,-0.001000000000000334,0.0,0.0,0.0,0.0,0.0,0.0010000000000092157,0.0,0.0
TYR 268,R TYR 268,0.0,0.0,0.0,0.0,0.0,0.0,-0.0030000000000001137,0.0,0.0,0.0030000000000000027,0.0,0.0,0.0,0.0,0.0,-8.881784197001252e-16,0.0,0.0
ARG 269,R ARG 269,0.0,0.0,0.0,0.0,0.0,0.0,0.006000000000000227,0.0,0.0,-0.006000000000000227,0.0,0.0,0.0,0.0,0.0,0.0,0.0,0.0
MET 270,R MET 270,0.0,0.0,0.0,0.0,0.0,0.0,0.0,0.0,0.0,0.0,0.0,0.0,0.0,0.0,0.0,0.0,0.0,0.0
TYR 271,R TYR 271,0.0,0.0,0.0,0.0,0.0,0.0,-0.001999999999995339,0.0,0.0,0.0020000000000000018,0.0,0.0,0.0,0.0,0.0,4.884981308350689e-15,0.0,0.0
ARG 272,R ARG 272,0.0,0.0,0.0,0.0,0.0,0.0,0.001999999999995339,0.0,0.0,-0.001000000000000334,0.0,0.0,0.0,0.0,0.0,0.0009999999999950049,0.0,0.0
LYS 273,R LYS 273,0.0,0.0,0.0,0.0,0.0,0.0,0.0010000000000047748,0.0,0.0,-0.002000000000000668,0.0,0.0,0.0,0.0,0.0,-0.000999999999995893,0.0,0.0
SER 274,R SER 274,0.0,0.0,0.0,0.0,0.0,0.0,-0.0010000000000047748,0.0,0.0,0.0009999999999994458,0.0,0.0,0.0,0.0,0.0,-3.552713678800501e-15,0.0,0.0
GLN 275,R GLN 275,0.0,0.0,0.0,0.0,0.0,0.0,0.0,0.0,0.0,0.0,0.0,0.0,0.0,0.0,0.0,0.0,0.0,0.0
THR 276,R THR 276,0.0,0.0,0.0,0.0,0.0,0.0,-0.000999999999990564,0.0,0.0,0.0,0.0,0.0,0.0,0.0,0.0,-0.000999999999990564,0.0,0.0
THR 277,R THR 277,0.0,0.0,0.0,0.0,0.0,0.0,0.0,0.0,0.0,-0.001000000000000334,0.0,0.0,0.0,0.0,0.0,-0.001000000000000334,0.0,0.0
GLY 278,R GLY 278,0.0,0.0,0.0,0.0,0.0,0.0,0.0,0.0,0.0,0.0,0.0,0.0,0.0,0.0,0.0,0.0,0.0,0.0
PHE 279,R PHE 279,0.0,0.0,0.0,0.0,0.0,0.0,0.0010000000000047748,0.0,0.0,-0.0009999999999998899,0.0,0.0,0.0,0.0,0.0,5.329070518200751e-15,0.0,0.0
PRO 280,R PRO 280,0.0,0.0,0.0,0.0,0.0,0.0,-0.0030000000000001137,0.0,0.0,0.002000000000000668,0.0,0.0,0.0,0.0,0.0,-0.0009999999999994458,0.0,0.0
SER 281,R SER 281,0.0,0.0,0.0,0.0,0.0,0.0,0.0,0.0,0.0,0.0,0.0,0.0,0.0,0.0,0.0,0.0,0.0,0.0
LEU 282,R LEU 282,0.0,0.0,0.0,0.0,0.0,0.0,-0.000999999999990564,0.0,0.0,0.0009999999999998899,0.0,0.0,0.0,0.0,0.0,9.325873406851315e-15,0.0,0.0
ILE 283,R ILE 283,0.0,0.0,0.0,0.0,0.0,0.0,0.0010000000000047748,0.0,0.0,0.0,0.0,0.0,0.0,0.0,0.0,0.0010000000000047748,0.0,0.0
THR 284,R THR 284,0.0,0.0,0.0,0.0,0.0,0.0,-0.0030000000000001137,0.0,0.0,0.0030000000000001137,0.0,0.0,0.0,0.0,0.0,0.0,0.0,0.0
ILE 285,R ILE 285,0.0,0.0,0.0,0.0,0.0,0.0,0.003999999999997783,0.0,0.0,0.0,0.0,0.0,0.0,0.0,0.0,0.003999999999997783,0.0,0.0
PHE 286,R PHE 286,0.0,0.0,0.0,0.0,0.0,0.0,-0.0030000000000001137,0.0,0.0,0.007000000000000117,0.0,0.0,0.0,0.0,0.0,0.004000000000000448,0.0,0.0
SER 287,R SER 287,0.0,0.0,0.0,0.0,0.0,0.0,-0.006999999999997897,0.0,0.0,0.010000000000000009,0.0,0.0,0.0,0.0,0.0,0.0030000000000027782,0.0,0.0
ALA 288,R ALA 288,0.0,0.0,0.0,0.0,0.0,0.0,0.001999999999995339,0.0,0.0,0.006000000000000227,0.0,0.0,0.0,0.0,0.0,0.007999999999995566,0.0,0.0
PRO 289,R PRO 289,0.0,0.0,0.0,0.0,0.0,0.0,-0.0259999999999998,0.0,0.0,0.03399999999999892,0.0,0.0,0.0,0.0,0.0,0.007999999999999119,0.0,0.0
ASN 290,R ASN 290,0.0,0.0,0.0,0.0,0.0,0.0,-0.017000000000010118,0.0,0.0,0.028999999999999915,0.0,0.0,0.0,0.0,0.0,0.011999999999989797,0.0,0.0
TYR 291,R TYR 291,0.0,0.0,0.0,-0.001000000000000334,0.0,0.0,-0.010000000000005116,0.0,0.0,-0.006000000000000005,0.0,0.0,0.0,0.0,0.0,-0.016999999999995907,0.0,0.0
LEU 292,R LEU 292,0.0,0.0,0.0,-0.0029999999999996696,0.0,0.0,-0.015000000000000568,0.0,0.0,-0.03600000000000003,0.0,0.0,0.0,0.0,0.0,-0.05400000000000116,0.0,0.0
ASP 293,R ASP 293,0.0,0.0,0.0,-0.0030000000000001137,0.0,0.0,-0.0870000000000033,0.0,0.0,0.0779999999999994,0.0,0.0,0.0,0.0,0.0,-0.012000000000004007,0.0,0.0
VAL 294,R VAL 294,0.0,0.0,0.0,-0.002000000000000224,0.0,0.0,-0.0309999999999917,0.0,0.0,0.08000000000000007,0.0,0.0,0.0,0.0,0.0,0.04700000000001303,0.0,0.0
TYR 295,R TYR 295,0.0,0.0,0.0,0.0,0.0,0.0,-0.021000000000000796,0.0,0.0,0.020999999999999908,0.0,0.0,0.0,0.0,0.0,-8.881784197001252e-16,0.0,0.0
ASN 296,R ASN 296,0.0,0.0,0.0,-0.0009999999999998899,0.0,0.0,-0.0020000000000095497,0.0,0.0,0.001000000000000334,0.0,0.0,0.0,0.0,0.0,-0.0019999999999997797,0.0,0.0
ASN 297,R ASN 297,0.0,0.0,0.0,0.0,0.0,0.0,-0.012999999999991019,0.0,0.0,0.014999999999999902,0.0,0.0,0.0,0.0,0.0,0.0020000000000088836,0.0,0.0
LYS 298,R LYS 298,0.0,0.0,0.0,0.0,0.0,0.0,0.027000000000001023,0.0,0.0,-0.022000000000002018,0.0,0.0,0.0,0.0,0.0,0.004999999999999005,0.0,0.0
ALA 299,R ALA 299,0.0,0.0,0.0,0.0,0.0,0.0,-0.005000000000009663,0.0,0.0,0.006000000000000227,0.0,0.0,0.0,0.0,0.0,0.000999999999990564,0.0,0.0
ALA 300,R ALA 300,0.0,0.0,0.0,0.0,0.0,0.0,-0.001999999999995339,0.0,0.0,0.0019999999999997797,0.0,0.0,0.0,0.0,0.0,4.440892098500626e-15,0.0,0.0
VAL 301,R VAL 301,0.0,0.0,0.0,0.0,0.0,0.0,-0.0030000000000001137,0.0,0.0,0.0030000000000001137,0.0,0.0,0.0,0.0,0.0,0.0,0.0,0.0
LEU 302,R LEU 302,0.0,0.0,0.0,0.0,0.0,0.0,-0.0010000000000047748,0.0,0.0,0.002000000000000224,0.0,0.0,0.0,0.0,0.0,0.000999999999995893,0.0,0.0
LYS 303,R LYS 303,0.0,0.0,0.0,0.0,0.0,0.0,0.006999999999990791,0.0,0.0,-0.0070000000000014495,0.0,0.0,0.0,0.0,0.0,-1.0658141036401503e-14,0.0,0.0
TYR 304,R TYR 304,0.0,0.0,0.0,0.0,0.0,0.0,-0.000999999999990564,0.0,0.0,0.0009999999999998899,0.0,0.0,0.0,0.0,0.0,8.881784197001252e-15,0.0,0.0
GLU 305,R GLU 305,0.0,0.0,0.0,0.0,0.0,0.0,-0.005000000000002558,0.0,0.0,0.004999999999999005,0.0,0.0,0.0,0.0,0.0,-3.552713678800501e-15,0.0,0.0
ASN 306,R ASN 306,0.0,0.0,0.0,0.0,0.0,0.0,-0.0010000000000047748,0.0,0.0,0.001000000000000334,0.0,0.0,0.0,0.0,0.0,-4.440892098500626e-15,0.0,0.0
ASN 307,R ASN 307,0.0,0.0,0.0,-0.0009999999999998899,0.0,0.0,0.0,0.0,0.0,0.001000000000000334,0.0,0.0,0.0,0.0,0.0,-4.440892098500626e-15,0.0,0.0
VAL 308,R VAL 308,0.0,0.0,0.0,0.0,0.0,0.0,-0.000999999999990564,0.0,0.0,0.0,0.0,0.0,0.0,0.0,0.0,-0.000999999999990564,0.0,0.0
MET 309,R MET 309,0.0,0.0,0.0,0.0,0.0,0.0,-0.0009999999999976694,0.0,0.0,0.0009999999999998899,0.0,0.0,0.0,0.0,0.0,2.220446049250313e-15,0.0,0.0
ASN 310,R ASN 310,0.0,0.0,0.0,0.0,0.0,0.0,0.0,0.0,0.0,0.0,0.0,0.0,0.0,0.0,0.0,0.0,0.0,0.0
ILE 311,R ILE 311,0.0,0.0,0.0,0.0,0.0,0.0,-0.001999999999995339,0.0,0.0,0.0020000000000000018,0.0,0.0,0.0,0.0,0.0,4.440892098500626e-15,0.0,0.0
ARG 312,R ARG 312,0.0,0.0,0.0,0.0,0.0,0.0,0.015000000000000568,0.0,0.0,-0.01499999999999968,0.0,0.0,0.0,0.0,0.0,8.881784197001252e-16,0.0,0.0
GLN 313,R GLN 313,0.0,0.0,0.0,0.0,0.0,0.0,-0.0020000000000095497,0.0,0.0,0.0029999999999998916,0.0,0.0,0.0,0.0,0.0,0.000999999999990564,0.0,0.0
PHE 314,R PHE 314,0.0,0.0,0.0,0.0,0.0,0.0,0.000999999999990564,0.0,0.0,-0.0009999999999994458,0.0,0.0,0.0,0.0,0.0,-8.881784197001252e-15,0.0,0.0
ASN 315,R ASN 315,0.0,0.0,0.0,0.0,0.0,0.0,0.0049999999999954525,0.0,0.0,-0.0019999999999997797,0.0,0.0,0.0,0.0,0.0,0.002999999999995673,0.0,0.0
CYS 316,R CYS 316,0.0,0.0,0.0,-0.0009999999999998899,0.0,0.0,0.001999999999995339,0.0,0.0,0.0019999999999997797,0.0,0.0,0.0,0.0,0.0,0.0029999999999903437,0.0,0.0
SER 317,R SER 317,0.0,0.0,0.0,-0.0009999999999998899,0.0,0.0,-0.010000000000005116,0.0,0.0,0.017000000000001236,0.0,0.0,0.0,0.0,0.0,0.0060000000000055564,0.0,0.0
PRO 318,R PRO 318,0.0,0.0,0.0,0.0,0.0,0.0,-0.02200000000000557,0.0,0.0,0.030000000000001137,0.0,0.0,0.0,0.0,0.0,0.007999999999995566,0.0,0.0
HIE 319,R HIE 319,0.0,0.0,0.0,-0.0009999999999998899,0.0,0.0,-0.016999999999995907,0.0,0.0,0.03799999999999998,0.0,0.0,0.0,0.0,0.0,0.019999999999999574,0.0,0.0
PRO 320,R PRO 320,0.0,0.0,0.0,-0.002000000000000224,0.0,0.0,-0.043000000000002814,0.0,0.0,0.04400000000000048,0.0,0.0,0.0,0.0,0.0,-0.0010000000000047748,0.0,0.0
TYR 321,R TYR 321,0.0,0.0,0.0,-0.004999999999999893,0.0,0.0,0.027000000000001023,0.0,0.0,-0.10699999999999998,0.0,0.0,0.0,0.0,0.0,-0.08500000000000885,0.0,0.0
TRP 322,R TRP 322,0.0,0.0,0.0,-0.01699999999999946,0.0,0.0,-0.07600000000000762,0.0,0.0,-0.04600000000000004,0.0,0.0,0.0,0.0,0.0,-0.13900000000001778,0.0,0.0
LEU 323,R LEU 323,0.0,0.0,0.0,-0.040999999999999925,0.0,0.0,0.10500000000000398,0.0,0.0,-0.5310000000000001,0.0,0.0,0.0,0.0,0.0,-0.4669999999999934,0.0,0.0
PRO 324,R PRO 324,0.0,0.0,0.0,-0.06600000000000028,0.0,0.0,-0.08300000000000196,0.0,0.0,0.3069999999999986,0.0,0.0,0.0,0.0,0.0,0.15799999999999415,0.0,0.0
ASN 325,R ASN 325,0.0,0.0,0.0,-0.013000000000000345,0.0,0.0,0.034000000000006025,0.0,0.0,-0.006000000000000227,0.0,0.0,0.0,0.0,0.0,0.01500000000001478,0.0,0.0
PHE 326,R PHE 326,0.0,0.0,0.0,-0.006999999999999673,0.0,0.0,0.02400000000000091,0.0,0.0,-0.02999999999999936,0.0,0.0,0.0,0.0,0.0,-0.012999999999989242,0.0,0.0
MET 327,R MET 327,0.0,0.0,0.0,-0.018000000000000238,0.0,0.0,-0.04999999999999716,0.0,0.0,-0.04600000000000026,0.0,0.0,0.0,0.0,0.0,-0.11399999999999899,0.0,0.0
ASP 328,R ASP 328,0.0,0.0,0.0,-0.022999999999999687,0.0,0.0,0.06200000000000472,0.0,0.0,0.1280000000000001,0.0,0.0,0.0,0.0,0.0,0.1670000000000087,0.0,0.0
VAL 329,R VAL 329,0.0,0.0,0.0,-0.05900000000000016,0.0,0.0,0.05099999999999483,0.0,0.0,-0.06600000000000006,0.0,0.0,0.0,0.0,0.0,-0.07400000000000273,0.0,0.0
PHE 330,R PHE 330,0.0,0.0,0.0,-0.03300000000000036,0.0,0.0,0.034000000000006025,0.0,0.0,-0.025000000000000133,0.0,0.0,0.0,0.0,0.0,-0.02399999999999558,0.0,0.0
THR 331,R THR 331,0.0,0.0,0.0,-0.06599999999999984,0.0,0.0,-0.009000000000000341,0.0,0.0,-0.20399999999999996,0.0,0.0,0.0,0.0,0.0,-0.27900000000000347,0.0,0.0
TRP 332,R TRP 332,0.0,0.0,0.0,-0.6600000000000001,0.0,0.0,-0.25200000000000955,0.0,0.0,0.724,0.0,0.0,-0.0342792,0.0,0.0,-0.22227920000000712,0.0,0.0
SER 333,R SER 333,0.0,0.0,0.0,-0.5640000000000001,0.0,0.0,-0.09599999999999653,0.0,0.0,-0.06800000000000006,0.0,0.0,-0.0457128,0.0,0.0,-0.7737127999999984,0.0,0.0
LEU 334,R LEU 334,0.0,0.0,0.0,-0.11000000000000032,0.0,0.0,0.04800000000000182,0.0,0.0,-0.31600000000000006,0.0,0.0,0.0,0.0,0.0,-0.37799999999999834,0.0,0.0
PRO 335,R PRO 335,0.0,0.0,0.0,-0.5190000000000001,0.0,0.0,0.392000000000003,0.0,0.0,0.3730000000000011,0.0,0.0,-0.039887999999999986,0.0,0.0,0.2061120000000054,0.0,0.0
PHE 336,R PHE 336,0.0,0.0,0.0,-0.5169999999999995,0.0,0.0,0.030000000000001137,0.0,0.0,0.0950000000000002,0.0,0.0,-0.008604,0.0,0.0,-0.4006040000000093,0.0,0.0
VAL 337,R VAL 337,0.0,0.0,0.0,-0.09099999999999975,0.0,0.0,-0.02599999999999625,0.0,0.0,-0.03699999999999992,0.0,0.0,0.0,0.0,0.0,-0.15399999999999014,0.0,0.0
GLY 338,R GLY 338,0.0,0.0,0.0,-0.04800000000000004,0.0,0.0,-0.16699999999998738,0.0,0.0,0.22399999999999998,0.0,0.0,0.0,0.0,0.0,0.009000000000018105,0.0,0.0
GLU 339,R GLU 339,0.0,0.0,0.0,-0.09699999999999998,0.0,0.0,0.09799999999999898,0.0,0.0,-0.2900000000000027,0.0,0.0,0.0,0.0,0.0,-0.2889999999999979,0.0,0.0
LYS 340,R LYS 340,0.0,0.0,0.0,-0.03599999999999959,0.0,0.0,-0.054000000000002046,0.0,0.0,0.016000000000005343,0.0,0.0,0.0,0.0,0.0,-0.07399999999999807,0.0,0.0
VAL 341,R VAL 341,0.0,0.0,0.0,-0.009000000000000341,0.0,0.0,-0.02599999999999625,0.0,0.0,0.07799999999999985,0.0,0.0,0.0,0.0,0.0,0.043000000000002814,0.0,0.0
THR 342,R THR 342,0.0,0.0,0.0,-0.006000000000000227,0.0,0.0,-0.04999999999999716,0.0,0.0,0.06199999999999983,0.0,0.0,0.0,0.0,0.0,0.006000000000002004,0.0,0.0
GLU 343,R GLU 343,0.0,0.0,0.0,-0.006000000000000227,0.0,0.0,0.04200000000000159,0.0,0.0,-0.030999999999998806,0.0,0.0,0.0,0.0,0.0,0.005000000000002558,0.0,0.0
MET 344,R MET 344,0.0,0.0,0.0,-0.0029999999999996696,0.0,0.0,0.0010000000000047748,0.0,0.0,0.01200000000000001,0.0,0.0,0.0,0.0,0.0,0.010000000000004672,0.0,0.0
LEU 345,R LEU 345,0.0,0.0,0.0,-0.0009999999999998899,0.0,0.0,-0.014000000000010004,0.0,0.0,0.039000000000000146,0.0,0.0,0.0,0.0,0.0,0.023999999999985366,0.0,0.0
VAL 346,R VAL 346,0.0,0.0,0.0,-0.0009999999999998899,0.0,0.0,-0.016999999999995907,0.0,0.0,0.03300000000000003,0.0,0.0,0.0,0.0,0.0,0.015000000000005898,0.0,0.0
ASN 347,R ASN 347,0.0,0.0,0.0,-0.001000000000000334,0.0,0.0,-0.0049999999999954525,0.0,0.0,0.022999999999999965,0.0,0.0,0.0,0.0,0.0,0.01699999999999946,0.0,0.0
VAL 348,R VAL 348,0.0,0.0,0.0,0.0,0.0,0.0,-0.006000000000000227,0.0,0.0,0.021,0.0,0.0,0.0,0.0,0.0,0.01499999999999968,0.0,0.0
LEU 349,R LEU 349,0.0,0.0,0.0,0.0,0.0,0.0,-0.007000000000005002,0.0,0.0,0.013000000000000012,0.0,0.0,0.0,0.0,0.0,0.005999999999994898,0.0,0.0
ASN 350,R ASN 350,0.0,0.0,0.0,0.0,0.0,0.0,-0.0030000000000001137,0.0,0.0,0.005999999999999339,0.0,0.0,0.0,0.0,0.0,0.0029999999999992255,0.0,0.0
ILE 351,R ILE 351,0.0,0.0,0.0,0.0,0.0,0.0,-0.001999999999995339,0.0,0.0,0.0030000000000001137,0.0,0.0,0.0,0.0,0.0,0.0010000000000047748,0.0,0.0
CYS 352,R CYS 352,0.0,0.0,0.0,0.0,0.0,0.0,0.10300000000000153,0.0,0.0,-0.103999999999985,0.0,0.0,0.0,0.0,0.0,-0.000999999999990564,0.0,0.0
GLY 353,R GLY 353,0.0,0.0,0.0,0.0,0.0,0.0,-0.025999999999982037,0.0,0.0,0.02599999999999625,0.0,0.0,0.0,0.0,0.0,1.4210854715202004e-14,0.0,0.0
ASN 354,R ASN 354,0.0,0.0,0.0,0.0,0.0,0.0,0.000999999999990564,0.0,0.0,-0.0019999999999997797,0.0,0.0,0.0,0.0,0.0,-0.0010000000000092157,0.0,0.0
GLU 355,R GLU 355,0.0,0.0,0.0,0.0,0.0,0.0,0.006000000000000227,0.0,0.0,-0.004999999999999005,0.0,0.0,0.0,0.0,0.0,0.0010000000000012221,0.0,0.0
ALA 356,R ALA 356,0.0,0.0,0.0,0.0,0.0,0.0,0.0,0.0,0.0,0.0,0.0,0.0,0.0,0.0,0.0,0.0,0.0,0.0
SER 357,R SER 357,0.0,0.0,0.0,0.0,0.0,0.0,0.001999999999995339,0.0,0.0,-0.0019999999999997797,0.0,0.0,0.0,0.0,0.0,-4.440892098500626e-15,0.0,0.0
TYR 358,R TYR 358,0.0,0.0,0.0,0.0,0.0,0.0,0.0009999999999976694,0.0,0.0,-0.0010000000000012221,0.0,0.0,0.0,0.0,0.0,-3.552713678800501e-15,0.0,0.0
PRO 359,R PRO 359,0.0,0.0,0.0,0.0,0.0,0.0,0.0030000000000001137,0.0,0.0,-0.0030000000000001137,0.0,0.0,0.0,0.0,0.0,0.0,0.0,0.0
LEU 360,R LEU 360,0.0,0.0,0.0,0.0,0.0,0.0,0.0030000000000001137,0.0,0.0,-0.0019999999999997797,0.0,0.0,0.0,0.0,0.0,0.001000000000000334,0.0,0.0
GLU 361,R GLU 361,0.0,0.0,0.0,0.0,0.0,0.0,0.006000000000000227,0.0,0.0,-0.006000000000000227,0.0,0.0,0.0,0.0,0.0,0.0,0.0,0.0
MET 362,R MET 362,0.0,0.0,0.0,0.0,0.0,0.0,0.0010000000000047748,0.0,0.0,0.0,0.0,0.0,0.0,0.0,0.0,0.0010000000000047748,0.0,0.0
CYS 363,R CYS 363,0.0,0.0,0.0,0.0,0.0,0.0,0.0,0.0,0.0,0.0009999999999994458,0.0,0.0,0.0,0.0,0.0,0.0009999999999994458,0.0,0.0
SER 364,R SER 364,0.0,0.0,0.0,0.0,0.0,0.0,-0.0020000000000024443,0.0,0.0,0.0030000000000001137,0.0,0.0,0.0,0.0,0.0,0.0009999999999976694,0.0,0.0
HIE 365,R HIE 365,0.0,0.0,0.0,0.0,0.0,0.0,-0.003999999999990678,0.0,0.0,0.0040000000000000036,0.0,0.0,0.0,0.0,0.0,9.769962616701378e-15,0.0,0.0
PHE 366,R PHE 366,0.0,0.0,0.0,0.0,0.0,0.0,-0.0030000000000001137,0.0,0.0,0.002000000000000668,0.0,0.0,0.0,0.0,0.0,-0.0009999999999976694,0.0,0.0
ASP 367,R ASP 367,0.0,0.0,0.0,0.0,0.0,0.0,0.021000000000000796,0.0,0.0,-0.019999999999999574,0.0,0.0,0.0,0.0,0.0,0.0010000000000012221,0.0,0.0
ALA 368,R ALA 368,0.0,0.0,0.0,0.0,0.0,0.0,0.001999999999995339,0.0,0.0,-0.002000000000000224,0.0,0.0,0.0,0.0,0.0,-5.329070518200751e-15,0.0,0.0
ASP 369,R ASP 369,0.0,0.0,0.0,0.0,0.0,0.0,0.016999999999995907,0.0,0.0,-0.016000000000000014,0.0,0.0,0.0,0.0,0.0,0.000999999999995893,0.0,0.0
GLU 370,R GLU 370,0.0,0.0,0.0,0.0,0.0,0.0,0.01799999999998647,0.0,0.0,-0.017999999999998906,0.0,0.0,0.0,0.0,0.0,-1.2434497875801753e-14,0.0,0.0
ILE 371,R ILE 371,0.0,0.0,0.0,0.0,0.0,0.0,0.001999999999995339,0.0,0.0,-0.0029999999999996696,0.0,0.0,0.0,0.0,0.0,-0.0010000000000043308,0.0,0.0
LYS 372,R LYS 372,0.0,0.0,0.0,0.0,0.0,0.0,-0.021000000000000796,0.0,0.0,0.021999999999998465,0.0,0.0,0.0,0.0,0.0,0.0009999999999976694,0.0,0.0
ARG 373,R ARG 373,0.0,0.0,0.0,0.0,0.0,0.0,-0.02599999999999625,0.0,0.0,0.030000000000001137,0.0,0.0,0.0,0.0,0.0,0.0040000000000048885,0.0,0.0
LEU 374,R LEU 374,0.0,0.0,0.0,0.0,0.0,0.0,-0.0010000000000047748,0.0,0.0,0.002000000000000224,0.0,0.0,0.0,0.0,0.0,0.000999999999995893,0.0,0.0
GLY 375,R GLY 375,0.0,0.0,0.0,0.0,0.0,0.0,-0.0049999999999954525,0.0,0.0,0.0040000000000000036,0.0,0.0,0.0,0.0,0.0,-0.0009999999999950049,0.0,0.0
LYS 376,R LYS 376,0.0,0.0,0.0,0.0,0.0,0.0,-0.020000000000010232,0.0,0.0,0.022999999999999687,0.0,0.0,0.0,0.0,0.0,0.0029999999999894555,0.0,0.0
ARG 377,R ARG 377,0.0,0.0,0.0,0.0,0.0,0.0,-0.02400000000000091,0.0,0.0,0.030000000000001137,0.0,0.0,0.0,0.0,0.0,0.006000000000000227,0.0,0.0
PHE 378,R PHE 378,0.0,0.0,0.0,0.0,0.0,0.0,-0.0030000000000001137,0.0,0.0,0.0030000000000001137,0.0,0.0,0.0,0.0,0.0,0.0,0.0,0.0
LYS 379,R LYS 379,0.0,0.0,0.0,0.0,0.0,0.0,-0.014000000000010004,0.0,0.0,0.015000000000000568,0.0,0.0,0.0,0.0,0.0,0.000999999999990564,0.0,0.0
LYS 380,R LYS 380,0.0,0.0,0.0,0.0,0.0,0.0,-0.015000000000000568,0.0,0.0,0.01600000000000179,0.0,0.0,0.0,0.0,0.0,0.0010000000000012221,0.0,0.0
LEU 381,R LEU 381,0.0,0.0,0.0,0.0,0.0,0.0,-0.005000000000009663,0.0,0.0,0.006000000000000227,0.0,0.0,0.0,0.0,0.0,0.000999999999990564,0.0,0.0
ASP 382,R ASP 382,0.0,0.0,0.0,0.0,0.0,0.0,0.0,0.0,0.0,-0.0009999999999976694,0.0,0.0,0.0,0.0,0.0,-0.0009999999999976694,0.0,0.0
LEU 383,R LEU 383,0.0,0.0,0.0,0.0,0.0,0.0,0.0,0.0,0.0,-0.0009999999999994458,0.0,0.0,0.0,0.0,0.0,-0.0009999999999994458,0.0,0.0
ASP 384,R ASP 384,0.0,0.0,0.0,0.0,0.0,0.0,0.0,0.0,0.0,0.0,0.0,0.0,0.0,0.0,0.0,0.0,0.0,0.0
ASN 385,R ASN 385,0.0,0.0,0.0,0.0,0.0,0.0,-0.000999999999990564,0.0,0.0,0.0,0.0,0.0,0.0,0.0,0.0,-0.000999999999990564,0.0,0.0
SER 386,R SER 386,0.0,0.0,0.0,-0.0009999999999998899,0.0,0.0,0.0,0.0,0.0,0.0,0.0,0.0,0.0,0.0,0.0,-0.000999999999990564,0.0,0.0
GLY 387,R GLY 387,0.0,0.0,0.0,0.0,0.0,0.0,0.0020000000000095497,0.0,0.0,-0.001000000000000334,0.0,0.0,0.0,0.0,0.0,0.0010000000000083276,0.0,0.0
SER 388,R SER 388,0.0,0.0,0.0,0.0,0.0,0.0,0.0030000000000001137,0.0,0.0,-0.0009999999999994458,0.0,0.0,0.0,0.0,0.0,0.002000000000000668,0.0,0.0
LEU 389,R LEU 389,0.0,0.0,0.0,0.0,0.0,0.0,0.0010000000000047748,0.0,0.0,0.0,0.0,0.0,0.0,0.0,0.0,0.0010000000000047748,0.0,0.0
SER 390,R SER 390,0.0,0.0,0.0,0.0,0.0,0.0,0.005000000000009663,0.0,0.0,-0.004000000000000448,0.0,0.0,0.0,0.0,0.0,0.0010000000000092157,0.0,0.0
VAL 391,R VAL 391,0.0,0.0,0.0,0.0,0.0,0.0,0.0009999999999976694,0.0,0.0,0.0019999999999997797,0.0,0.0,0.0,0.0,0.0,0.002999999999996561,0.0,0.0
GLU 392,R GLU 392,0.0,0.0,0.0,0.0,0.0,0.0,-0.008000000000002672,0.0,0.0,0.005999999999996675,0.0,0.0,0.0,0.0,0.0,-0.002000000000005997,0.0,0.0
GLU 393,R GLU 393,0.0,0.0,0.0,0.0,0.0,0.0,0.0,0.0,0.0,0.0009999999999976694,0.0,0.0,0.0,0.0,0.0,0.0009999999999976694,0.0,0.0
PHE 394,R PHE 394,0.0,0.0,0.0,-0.0009999999999998899,0.0,0.0,0.006000000000000227,0.0,0.0,0.0020000000000000018,0.0,0.0,0.0,0.0,0.0,0.006999999999995454,0.0,0.0
MET 395,R MET 395,0.0,0.0,0.0,-0.0009999999999998899,0.0,0.0,-0.001999999999995339,0.0,0.0,0.002000000000000668,0.0,0.0,0.0,0.0,0.0,-0.0009999999999994458,0.0,0.0
SER 396,R SER 396,0.0,0.0,0.0,0.0,0.0,0.0,-0.005000000000002558,0.0,0.0,0.006000000000000227,0.0,0.0,0.0,0.0,0.0,0.0009999999999976694,0.0,0.0
LEU 397,R LEU 397,0.0,0.0,0.0,0.0,0.0,0.0,-0.009000000000000341,0.0,0.0,0.01699999999999946,0.0,0.0,0.0,0.0,0.0,0.007999999999999119,0.0,0.0
PRO 398,R PRO 398,0.0,0.0,0.0,-0.0009999999999998899,0.0,0.0,-0.012999999999998124,0.0,0.0,0.023999999999997357,0.0,0.0,0.0,0.0,0.0,0.010000000000001563,0.0,0.0
GLU 399,R GLU 399,0.0,0.0,0.0,-0.0009999999999998899,0.0,0.0,0.017000000000003013,0.0,0.0,-0.015999999999998238,0.0,0.0,0.0,0.0,0.0,1.4210854715202004e-14,0.0,0.0
LEU 400,R LEU 400,0.0,0.0,0.0,-0.0009999999999998899,0.0,0.0,-0.0020000000000095497,0.0,0.0,0.02200000000000024,0.0,0.0,0.0,0.0,0.0,0.019000000000000128,0.0,0.0
GLN 401,R GLN 401,0.0,0.0,0.0,-0.0029999999999996696,0.0,0.0,-0.018999999999991246,0.0,0.0,0.06300000000000061,0.0,0.0,0.0,0.0,0.0,0.04100000000002346,0.0,0.0
GLN 402,R GLN 402,0.0,0.0,0.0,-0.010000000000000009,0.0,0.0,0.014000000000002899,0.0,0.0,0.05600000000000005,0.0,0.0,0.0,0.0,0.0,0.05999999999999783,0.0,0.0
ASN 403,R ASN 403,0.0,0.0,0.0,-0.008999999999999897,0.0,0.0,0.010000000000005116,0.0,0.0,0.007999999999999785,0.0,0.0,0.0,0.0,0.0,0.009000000000003894,0.0,0.0
PRO 404,R PRO 404,0.0,0.0,0.0,-0.01200000000000001,0.0,0.0,-0.06099999999999994,0.0,0.0,0.13300000000000267,0.0,0.0,0.0,0.0,0.0,0.060000000000002274,0.0,0.0
LEU 405,R LEU 405,0.0,0.0,0.0,-0.006000000000000227,0.0,0.0,0.0030000000000001137,0.0,0.0,0.02799999999999958,0.0,0.0,0.0,0.0,0.0,0.024999999999999467,0.0,0.0
VAL 406,R VAL 406,0.0,0.0,0.0,-0.0019999999999997797,0.0,0.0,0.015000000000000568,0.0,0.0,0.006000000000000227,0.0,0.0,0.0,0.0,0.0,0.01899999999999835,0.0,0.0
GLN 407,R GLN 407,0.0,0.0,0.0,-0.001000000000000334,0.0,0.0,0.01300000000000523,0.0,0.0,-0.0039999999999995595,0.0,0.0,0.0,0.0,0.0,0.008000000000000895,0.0,0.0
ARG 408,R ARG 408,0.0,0.0,0.0,-0.001000000000000334,0.0,0.0,0.033999999999991815,0.0,0.0,0.016999999999995907,0.0,0.0,0.0,0.0,0.0,0.04999999999999716,0.0,0.0
VAL 409,R VAL 409,0.0,0.0,0.0,-0.001000000000000334,0.0,0.0,0.006000000000000227,0.0,0.0,0.01699999999999946,0.0,0.0,0.0,0.0,0.0,0.022000000000002018,0.0,0.0
ILE 410,R ILE 410,0.0,0.0,0.0,0.0,0.0,0.0,0.009000000000000341,0.0,0.0,-0.0009999999999994458,0.0,0.0,0.0,0.0,0.0,0.008000000000000895,0.0,0.0
ASP 411,R ASP 411,0.0,0.0,0.0,0.0,0.0,0.0,0.0,0.0,0.0,0.0009999999999976694,0.0,0.0,0.0,0.0,0.0,0.0009999999999976694,0.0,0.0
ILE 412,R ILE 412,0.0,0.0,0.0,0.0,0.0,0.0,0.0009999999999976694,0.0,0.0,0.0129999999999999,0.0,0.0,0.0,0.0,0.0,0.01399999999999757,0.0,0.0
PHE 413,R PHE 413,0.0,0.0,0.0,-0.0009999999999998899,0.0,0.0,0.0030000000000001137,0.0,0.0,0.0009999999999994458,0.0,0.0,0.0,0.0,0.0,0.0030000000000089955,0.0,0.0
ASP 414,R ASP 414,0.0,0.0,0.0,0.0,0.0,0.0,-0.0030000000000001137,0.0,0.0,0.0,0.0,0.0,0.0,0.0,0.0,-0.0030000000000001137,0.0,0.0
THR 415,R THR 415,0.0,0.0,0.0,-0.0009999999999998899,0.0,0.0,-0.0030000000000001137,0.0,0.0,0.0020000000000000018,0.0,0.0,0.0,0.0,0.0,-0.0020000000000042206,0.0,0.0
ASP 416,R ASP 416,0.0,0.0,0.0,0.0,0.0,0.0,-0.0030000000000001137,0.0,0.0,0.001999999999995339,0.0,0.0,0.0,0.0,0.0,-0.0010000000000047748,0.0,0.0
GLY 417,R GLY 417,0.0,0.0,0.0,0.0,0.0,0.0,-0.0020000000000095497,0.0,0.0,0.0030000000000001137,0.0,0.0,0.0,0.0,0.0,0.000999999999990564,0.0,0.0
ASN 418,R ASN 418,0.0,0.0,0.0,0.0,0.0,0.0,-0.0030000000000001137,0.0,0.0,0.0030000000000000027,0.0,0.0,0.0,0.0,0.0,0.0,0.0,0.0
GLY 419,R GLY 419,0.0,0.0,0.0,0.0,0.0,0.0,-0.0010000000000047748,0.0,0.0,0.0009999999999994458,0.0,0.0,0.0,0.0,0.0,-5.329070518200751e-15,0.0,0.0
GLU 420,R GLU 420,0.0,0.0,0.0,0.0,0.0,0.0,-0.0030000000000001137,0.0,0.0,0.005000000000002558,0.0,0.0,0.0,0.0,0.0,0.0020000000000024443,0.0,0.0
VAL 421,R VAL 421,0.0,0.0,0.0,0.0,0.0,0.0,0.0,0.0,0.0,0.002000000000000224,0.0,0.0,0.0,0.0,0.0,0.002000000000000668,0.0,0.0
ASP 422,R ASP 422,0.0,0.0,0.0,0.0,0.0,0.0,0.009000000000000341,0.0,0.0,-0.01099999999999568,0.0,0.0,0.0,0.0,0.0,-0.001999999999995339,0.0,0.0
PHE 423,R PHE 423,0.0,0.0,0.0,0.0,0.0,0.0,0.006000000000000227,0.0,0.0,-0.0040000000000000036,0.0,0.0,0.0,0.0,0.0,0.002000000000000224,0.0,0.0
LYS 424,R LYS 424,0.0,0.0,0.0,0.0,0.0,0.0,-0.006000000000000227,0.0,0.0,0.01099999999999568,0.0,0.0,0.0,0.0,0.0,0.0049999999999954525,0.0,0.0
GLU 425,R GLU 425,0.0,0.0,0.0,0.0,0.0,0.0,0.015000000000000568,0.0,0.0,-0.012999999999998124,0.0,0.0,0.0,0.0,0.0,0.0020000000000024443,0.0,0.0
PHE 426,R PHE 426,0.0,0.0,0.0,0.0,0.0,0.0,0.009000000000000341,0.0,0.0,-0.008000000000000007,0.0,0.0,0.0,0.0,0.0,0.001000000000000334,0.0,0.0
ILE 427,R ILE 427,0.0,0.0,0.0,0.0,0.0,0.0,0.01099999999999568,0.0,0.0,-0.009000000000000119,0.0,0.0,0.0,0.0,0.0,0.001999999999995339,0.0,0.0
GLU 428,R GLU 428,0.0,0.0,0.0,-0.0009999999999998899,0.0,0.0,0.02400000000000091,0.0,0.0,-0.0259999999999998,0.0,0.0,0.0,0.0,0.0,-0.0030000000000036664,0.0,0.0
GLY 429,R GLY 429,0.0,0.0,0.0,-0.001000000000000334,0.0,0.0,0.010000000000005116,0.0,0.0,-0.0010000000000012221,0.0,0.0,0.0,0.0,0.0,0.007999999999999119,0.0,0.0
VAL 430,R VAL 430,0.0,0.0,0.0,-0.001000000000000334,0.0,0.0,0.017000000000010118,0.0,0.0,-0.009000000000000008,0.0,0.0,0.0,0.0,0.0,0.007000000000005002,0.0,0.0
SER 431,R SER 431,0.0,0.0,0.0,-0.001000000000000334,0.0,0.0,0.014000000000002899,0.0,0.0,-0.008000000000000007,0.0,0.0,0.0,0.0,0.0,0.005000000000006111,0.0,0.0
GLN 432,R GLN 432,0.0,0.0,0.0,-0.0009999999999994458,0.0,0.0,0.018000000000000682,0.0,0.0,-0.0009999999999998899,0.0,0.0,0.0,0.0,0.0,0.016000000000010672,0.0,0.0
PHE 433,R PHE 433,0.0,0.0,0.0,0.0,0.0,0.0,0.02200000000000557,0.0,0.0,-0.02100000000000013,0.0,0.0,0.0,0.0,0.0,0.001000000000005663,0.0,0.0
SER 434,R SER 434,0.0,0.0,0.0,-0.0009999999999994458,0.0,0.0,0.015000000000000568,0.0,0.0,-0.014000000000000234,0.0,0.0,0.0,0.0,0.0,-4.440892098500626e-15,0.0,0.0
VAL 435,R VAL 435,0.0,0.0,0.0,0.0,0.0,0.0,-0.007000000000005002,0.0,0.0,0.009999999999999787,0.0,0.0,0.0,0.0,0.0,0.002999999999996561,0.0,0.0
LYS 436,R LYS 436,0.0,0.0,0.0,-0.0009999999999998899,0.0,0.0,-0.055999999999997385,0.0,0.0,0.058999999999999275,0.0,0.0,0.0,0.0,0.0,0.002000000000011326,0.0,0.0
GLY 437,R GLY 437,0.0,0.0,0.0,0.0,0.0,0.0,0.0049999999999954525,0.0,0.0,0.002000000000000668,0.0,0.0,0.0,0.0,0.0,0.0069999999999961204,0.0,0.0
ASP 438,R ASP 438,0.0,0.0,0.0,-0.0009999999999998899,0.0,0.0,0.04800000000000182,0.0,0.0,-0.04800000000000182,0.0,0.0,0.0,0.0,0.0,-0.000999999999990564,0.0,0.0
LYS 439,R LYS 439,0.0,0.0,0.0,-0.0009999999999998899,0.0,0.0,-0.049000000000006594,0.0,0.0,0.06099999999999994,0.0,0.0,0.0,0.0,0.0,0.010999999999988574,0.0,0.0
GLU 440,R GLU 440,0.0,0.0,0.0,0.0,0.0,0.0,0.03300000000000125,0.0,0.0,-0.04299999999999926,0.0,0.0,0.0,0.0,0.0,-0.00999999999999801,0.0,0.0
GLN 441,R GLN 441,0.0,0.0,0.0,0.0,0.0,0.0,-0.0010000000000047748,0.0,0.0,0.017999999999999794,0.0,0.0,0.0,0.0,0.0,0.01699999999999502,0.0,0.0
LYS 442,R LYS 442,0.0,0.0,0.0,-0.0009999999999994458,0.0,0.0,-0.058000000000006935,0.0,0.0,0.09399999999999764,0.0,0.0,0.0,0.0,0.0,0.03500000000000014,0.0,0.0
LEU 443,R LEU 443,0.0,0.0,0.0,-0.001000000000000334,0.0,0.0,-0.0030000000000001137,0.0,0.0,0.004999999999999893,0.0,0.0,0.0,0.0,0.0,0.0010000000000092157,0.0,0.0
ARG 444,R ARG 444,0.0,0.0,0.0,0.0,0.0,0.0,-0.043000000000006366,0.0,0.0,0.07700000000000173,0.0,0.0,0.0,0.0,0.0,0.03399999999999537,0.0,0.0
PHE 445,R PHE 445,0.0,0.0,0.0,-0.0009999999999994458,0.0,0.0,-0.02200000000000557,0.0,0.0,0.016999999999999904,0.0,0.0,0.0,0.0,0.0,-0.006000000000002004,0.0,0.0
ALA 446,R ALA 446,0.0,0.0,0.0,-0.0029999999999992255,0.0,0.0,-0.025000000000005684,0.0,0.0,0.01699999999999946,0.0,0.0,0.0,0.0,0.0,-0.011000000000006338,0.0,0.0
PHE 447,R PHE 447,0.0,0.0,0.0,-0.0019999999999997797,0.0,0.0,-0.018000000000000682,0.0,0.0,0.017000000000000348,0.0,0.0,0.0,0.0,0.0,-0.002999999999995673,0.0,0.0
ARG 448,R ARG 448,0.0,0.0,0.0,-0.0009999999999994458,0.0,0.0,-0.013999999999995794,0.0,0.0,0.05399999999999494,0.0,0.0,0.0,0.0,0.0,0.03899999999999437,0.0,0.0
ILE 449,R ILE 449,0.0,0.0,0.0,-0.004000000000000448,0.0,0.0,-0.03100000000000591,0.0,0.0,-0.006000000000000227,0.0,0.0,0.0,0.0,0.0,-0.04100000000000392,0.0,0.0
TYR 450,R TYR 450,0.0,0.0,0.0,-0.0030000000000001137,0.0,0.0,-0.023000000000010346,0.0,0.0,0.02400000000000002,0.0,0.0,0.0,0.0,0.0,-0.002000000000010438,0.0,0.0
ASP 451,R ASP 451,0.0,0.0,0.0,-0.001000000000000334,0.0,0.0,-0.012000000000000455,0.0,0.0,0.027000000000001023,0.0,0.0,0.0,0.0,0.0,0.013999999999995794,0.0,0.0
MET 452,R MET 452,0.0,0.0,0.0,0.0,0.0,0.0,0.007000000000005002,0.0,0.0,0.01200000000000001,0.0,0.0,0.0,0.0,0.0,0.019000000000005457,0.0,0.0
ASP 453,R ASP 453,0.0,0.0,0.0,0.0,0.0,0.0,-0.010000000000005116,0.0,0.0,0.007999999999995566,0.0,0.0,0.0,0.0,0.0,-0.0020000000000095497,0.0,0.0
LYS 454,R LYS 454,0.0,0.0,0.0,-0.0009999999999998899,0.0,0.0,0.014999999999986358,0.0,0.0,-0.003999999999997783,0.0,0.0,0.0,0.0,0.0,0.0099999999999838,0.0,0.0
ASP 455,R ASP 455,0.0,0.0,0.0,0.0,0.0,0.0,-0.001999999999995339,0.0,0.0,0.0009999999999976694,0.0,0.0,0.0,0.0,0.0,-0.0009999999999976694,0.0,0.0
GLY 456,R GLY 456,0.0,0.0,0.0,0.0,0.0,0.0,0.0040000000000048885,0.0,0.0,0.004000000000000448,0.0,0.0,0.0,0.0,0.0,0.008000000000006224,0.0,0.0
TYR 457,R TYR 457,0.0,0.0,0.0,0.0,0.0,0.0,-0.0049999999999954525,0.0,0.0,0.01699999999999946,0.0,0.0,0.0,0.0,0.0,0.012000000000004007,0.0,0.0
ILE 458,R ILE 458,0.0,0.0,0.0,0.0,0.0,0.0,0.000999999999990564,0.0,0.0,-0.004999999999999893,0.0,0.0,0.0,0.0,0.0,-0.004000000000009329,0.0,0.0
SER 459,R SER 459,0.0,0.0,0.0,0.0,0.0,0.0,-0.01199999999999335,0.0,0.0,0.0039999999999995595,0.0,0.0,0.0,0.0,0.0,-0.00799999999999379,0.0,0.0
ASN 460,R ASN 460,0.0,0.0,0.0,-0.001000000000000334,0.0,0.0,-0.018999999999991246,0.0,0.0,0.0039999999999995595,0.0,0.0,0.0,0.0,0.0,-0.01599999999998225,0.0,0.0
GLY 461,R GLY 461,0.0,0.0,0.0,-0.0009999999999998899,0.0,0.0,-0.016000000000005343,0.0,0.0,0.006000000000000005,0.0,0.0,0.0,0.0,0.0,-0.01100000000000989,0.0,0.0
GLU 462,R GLU 462,0.0,0.0,0.0,-0.0019999999999997797,0.0,0.0,-0.0660000000000025,0.0,0.0,0.0,0.0,0.0,0.0,0.0,0.0,-0.06800000000001205,0.0,0.0
LEU 463,R LEU 463,0.0,0.0,0.0,-0.008999999999999453,0.0,0.0,-0.05100000000000193,0.0,0.0,0.007000000000000006,0.0,0.0,0.0,0.0,0.0,-0.0530000000000026,0.0,0.0
PHE 464,R PHE 464,0.0,0.0,0.0,-0.008000000000000007,0.0,0.0,-0.05299999999999727,0.0,0.0,0.052999999999999936,0.0,0.0,0.0,0.0,0.0,-0.008000000000006224,0.0,0.0
GLN 465,R GLN 465,0.0,0.0,0.0,-0.008000000000000007,0.0,0.0,-0.04899999999999238,0.0,0.0,0.0010000000000000009,0.0,0.0,0.0,0.0,0.0,-0.05600000000000227,0.0,0.0
VAL 466,R VAL 466,0.0,0.0,0.0,-0.0389999999999997,0.0,0.0,-0.07100000000000506,0.0,0.0,-0.04800000000000004,0.0,0.0,0.0,0.0,0.0,-0.15800000000000658,0.0,0.0
LEU 467,R LEU 467,0.0,0.0,0.0,-0.20400000000000018,0.0,0.0,-0.05000000000001137,0.0,0.0,0.062,0.0,0.0,0.0,0.0,0.0,-0.1920000000000049,0.0,0.0
LYS 468,R LYS 468,0.0,0.0,0.0,-0.040999999999999925,0.0,0.0,0.12400000000000944,0.0,0.0,-0.18500000000000227,0.0,0.0,0.0,0.0,0.0,-0.10199999999998965,0.0,0.0
MET 469,R MET 469,0.0,0.0,0.0,-0.03699999999999992,0.0,0.0,-0.021000000000000796,0.0,0.0,0.02400000000000002,0.0,0.0,0.0,0.0,0.0,-0.034000000000006025,0.0,0.0
MET 470,R MET 470,0.0,0.0,0.0,-0.45500000000000007,0.0,0.0,-0.29999999999999716,0.0,0.0,0.7690000000000001,0.0,0.0,-0.046764,0.0,0.0,-0.03276399999999491,0.0,0.0
VAL 471,R VAL 471,0.0,0.0,0.0,-0.35199999999999987,0.0,0.0,-0.23099999999999454,0.0,0.0,0.29100000000000004,0.0,0.0,-0.0380736,0.0,0.0,-0.33007359999999153,0.0,0.0
GLY 472,R GLY 472,0.0,0.0,0.0,-0.07799999999999985,0.0,0.0,-0.010000000000005116,0.0,0.0,0.138,0.0,0.0,0.0,0.0,0.0,0.04999999999999183,0.0,0.0
ASN 473,R ASN 473,0.0,0.0,0.0,-0.040999999999999925,0.0,0.0,0.022999999999996135,0.0,0.0,0.01100000000000001,0.0,0.0,0.0,0.0,0.0,-0.007000000000000561,0.0,0.0
ASN 474,R ASN 474,0.0,0.0,0.0,-0.26300000000000034,0.0,0.0,-0.055999999999997385,0.0,0.0,0.32899999999999996,0.0,0.0,0.0,0.0,0.0,0.009999999999997344,0.0,0.0
LEU 475,R LEU 475,0.0,0.0,0.0,-0.08199999999999985,0.0,0.0,-0.060000000000002274,0.0,0.0,-0.07700000000000007,0.0,0.0,0.0,0.0,0.0,-0.21899999999999586,0.0,0.0
LYS 476,R LYS 476,0.0,0.0,0.0,-0.0129999999999999,0.0,0.0,0.15500000000000114,0.0,0.0,-0.0470000000000006,0.0,0.0,0.0,0.0,0.0,0.09500000000000952,0.0,0.0
ASP 477,R ASP 477,0.0,0.0,0.0,-0.004999999999999893,0.0,0.0,-0.10900000000000887,0.0,0.0,0.07900000000000063,0.0,0.0,0.0,0.0,0.0,-0.035000000000003695,0.0,0.0
THR 478,R THR 478,0.0,0.0,0.0,-0.0030000000000001137,0.0,0.0,0.015000000000000568,0.0,0.0,-0.052999999999999936,0.0,0.0,0.0,0.0,0.0,-0.04099999999999948,0.0,0.0
GLN 479,R GLN 479,0.0,0.0,0.0,-0.008000000000000007,0.0,0.0,0.02400000000000091,0.0,0.0,-0.11399999999999988,0.0,0.0,0.0,0.0,0.0,-0.09800000000000164,0.0,0.0
LEU 480,R LEU 480,0.0,0.0,0.0,-0.011999999999999567,0.0,0.0,0.017000000000010118,0.0,0.0,-0.07200000000000006,0.0,0.0,0.0,0.0,0.0,-0.0669999999999904,0.0,0.0
GLN 481,R GLN 481,0.0,0.0,0.0,-0.004000000000000448,0.0,0.0,0.007000000000005002,0.0,0.0,0.0019999999999988916,0.0,0.0,0.0,0.0,0.0,0.004999999999999005,0.0,0.0
GLN 482,R GLN 482,0.0,0.0,0.0,-0.0030000000000001137,0.0,0.0,0.021000000000000796,0.0,0.0,-0.11099999999999977,0.0,0.0,0.0,0.0,0.0,-0.0930000000000133,0.0,0.0
ILE 483,R ILE 483,0.0,0.0,0.0,-0.005999999999999339,0.0,0.0,0.03100000000000591,0.0,0.0,-0.20199999999999996,0.0,0.0,0.0,0.0,0.0,-0.17699999999999427,0.0,0.0
VAL 484,R VAL 484,0.0,0.0,0.0,-0.0039999999999995595,0.0,0.0,0.021000000000000796,0.0,0.0,-0.04699999999999971,0.0,0.0,0.0,0.0,0.0,-0.029999999999997584,0.0,0.0
ASP 485,R ASP 485,0.0,0.0,0.0,-0.0019999999999997797,0.0,0.0,-0.01999999999999602,0.0,0.0,0.03300000000000125,0.0,0.0,0.0,0.0,0.0,0.01100000000000989,0.0,0.0
LYS 486,R LYS 486,0.0,0.0,0.0,-0.001000000000000334,0.0,0.0,0.05500000000000682,0.0,0.0,-0.05100000000000193,0.0,0.0,0.0,0.0,0.0,0.0030000000000143245,0.0,0.0
THR 487,R THR 487,0.0,0.0,0.0,-0.0019999999999997797,0.0,0.0,0.015000000000000568,0.0,0.0,-0.06000000000000005,0.0,0.0,0.0,0.0,0.0,-0.0470000000000006,0.0,0.0
ILE 488,R ILE 488,0.0,0.0,0.0,-0.001000000000000334,0.0,0.0,0.011000000000002785,0.0,0.0,0.020000000000000462,0.0,0.0,0.0,0.0,0.0,0.030000000000005578,0.0,0.0
ILE 489,R ILE 489,0.0,0.0,0.0,0.0,0.0,0.0,0.006000000000000227,0.0,0.0,0.019999999999999574,0.0,0.0,0.0,0.0,0.0,0.025999999999999357,0.0,0.0
ASN 490,R ASN 490,0.0,0.0,0.0,0.0,0.0,0.0,0.007000000000005002,0.0,0.0,0.018000000000000016,0.0,0.0,0.0,0.0,0.0,0.02500000000000524,0.0,0.0
ALA 491,R ALA 491,0.0,0.0,0.0,0.0,0.0,0.0,0.007000000000005002,0.0,0.0,0.006000000000000227,0.0,0.0,0.0,0.0,0.0,0.01300000000000523,0.0,0.0
ASP 492,R ASP 492,0.0,0.0,0.0,-0.0009999999999998899,0.0,0.0,-0.006000000000000227,0.0,0.0,0.005999999999993122,0.0,0.0,0.0,0.0,0.0,-0.0009999999999976694,0.0,0.0
LYS 493,R LYS 493,0.0,0.0,0.0,0.0,0.0,0.0,0.0,0.0,0.0,0.0040000000000048885,0.0,0.0,0.0,0.0,0.0,0.0040000000000048885,0.0,0.0
ASP 494,R ASP 494,0.0,0.0,0.0,0.0,0.0,0.0,-0.0030000000000001137,0.0,0.0,0.0010000000000012221,0.0,0.0,0.0,0.0,0.0,-0.0019999999999988916,0.0,0.0
GLY 495,R GLY 495,0.0,0.0,0.0,0.0,0.0,0.0,0.0,0.0,0.0,0.0030000000000001137,0.0,0.0,0.0,0.0,0.0,0.0030000000000001137,0.0,0.0
ASP 496,R ASP 496,0.0,0.0,0.0,0.0,0.0,0.0,-0.014000000000002899,0.0,0.0,0.014000000000002899,0.0,0.0,0.0,0.0,0.0,0.0,0.0,0.0
GLY 497,R GLY 497,0.0,0.0,0.0,0.0,0.0,0.0,-0.006000000000000227,0.0,0.0,0.0129999999999999,0.0,0.0,0.0,0.0,0.0,0.006999999999999673,0.0,0.0
ARG 498,R ARG 498,0.0,0.0,0.0,0.0,0.0,0.0,0.02199999999999136,0.0,0.0,0.006000000000000227,0.0,0.0,0.0,0.0,0.0,0.027999999999991587,0.0,0.0
ILE 499,R ILE 499,0.0,0.0,0.0,0.0,0.0,0.0,-0.0030000000000001137,0.0,0.0,0.004000000000000448,0.0,0.0,0.0,0.0,0.0,0.0010000000000012221,0.0,0.0
SER 500,R SER 500,0.0,0.0,0.0,-0.001000000000000334,0.0,0.0,0.0010000000000047748,0.0,0.0,-0.004999999999999893,0.0,0.0,0.0,0.0,0.0,-0.0049999999999919,0.0,0.0
PHE 501,R PHE 501,0.0,0.0,0.0,-0.0009999999999994458,0.0,0.0,0.007999999999995566,0.0,0.0,-0.004999999999999893,0.0,0.0,0.0,0.0,0.0,0.001999999999990898,0.0,0.0
GLU 502,R GLU 502,0.0,0.0,0.0,0.0,0.0,0.0,0.015999999999998238,0.0,0.0,-0.01699999999999946,0.0,0.0,0.0,0.0,0.0,-0.0010000000000012221,0.0,0.0
GLU 503,R GLU 503,0.0,0.0,0.0,-0.001000000000000334,0.0,0.0,0.01300000000000523,0.0,0.0,-0.015000000000000568,0.0,0.0,0.0,0.0,0.0,-0.0030000000000001137,0.0,0.0
PHE 504,R PHE 504,0.0,0.0,0.0,-0.0009999999999998899,0.0,0.0,0.009000000000000341,0.0,0.0,-0.018999999999999906,0.0,0.0,0.0,0.0,0.0,-0.011000000000004562,0.0,0.0
CYS 505,R CYS 505,0.0,0.0,0.0,0.0,0.0,0.0,0.008000000000009777,0.0,0.0,0.006000000000000227,0.0,0.0,0.0,0.0,0.0,0.014000000000010004,0.0,0.0
ALA 506,R ALA 506,0.0,0.0,0.0,0.0,0.0,0.0,0.01099999999999568,0.0,0.0,0.0030000000000001137,0.0,0.0,0.0,0.0,0.0,0.013999999999995794,0.0,0.0
VAL 507,R VAL 507,0.0,0.0,0.0,-0.0019999999999997797,0.0,0.0,0.012000000000000455,0.0,0.0,0.0129999999999999,0.0,0.0,0.0,0.0,0.0,0.023000000000005016,0.0,0.0
VAL 508,R VAL 508,0.0,0.0,0.0,-0.002000000000000224,0.0,0.0,0.026000000000003354,0.0,0.0,-0.015000000000000013,0.0,0.0,0.0,0.0,0.0,0.009000000000000785,0.0,0.0
GLY 509,R GLY 509,0.0,0.0,0.0,-0.0019999999999997797,0.0,0.0,0.008000000000009777,0.0,0.0,0.001000000000000334,0.0,0.0,0.0,0.0,0.0,0.00700000000001566,0.0,0.0
GLY 510,R GLY 510,0.0,0.0,0.0,-0.0020000000000000018,0.0,0.0,0.0030000000000001137,0.0,0.0,0.02400000000000002,0.0,0.0,0.0,0.0,0.0,0.024999999999990585,0.0,0.0
LEU 511,R LEU 511,0.0,0.0,0.0,-0.0030000000000001137,0.0,0.0,-0.01300000000000523,0.0,0.0,0.08100000000000007,0.0,0.0,0.0,0.0,0.0,0.06499999999999462,0.0,0.0
ASP 512,R ASP 512,0.0,0.0,0.0,-0.007000000000000117,0.0,0.0,0.14000000000000057,0.0,0.0,-0.13200000000000145,0.0,0.0,0.0,0.0,0.0,0.0009999999999941167,0.0,0.0
ILE 513,R ILE 513,0.0,0.0,0.0,-0.013000000000000345,0.0,0.0,0.08899999999999864,0.0,0.0,-0.07600000000000007,0.0,0.0,0.0,0.0,0.0,-6.661338147750939e-15,0.0,0.0
HIE 514,R HIE 514,0.0,0.0,0.0,-0.004000000000000448,0.0,0.0,-0.009000000000000341,0.0,0.0,0.07600000000000007,0.0,0.0,0.0,0.0,0.0,0.06299999999999484,0.0,0.0
LYS 515,R LYS 515,0.0,0.0,0.0,-0.0040000000000000036,0.0,0.0,-0.1770000000000067,0.0,0.0,0.2779999999999987,0.0,0.0,0.0,0.0,0.0,0.0969999999999871,0.0,0.0
LYS 516,R LYS 516,0.0,0.0,0.0,-0.010000000000000231,0.0,0.0,-0.2190000000000083,0.0,0.0,0.3379999999999974,0.0,0.0,0.0,0.0,0.0,0.10899999999999821,0.0,0.0
MET 517,R MET 517,0.0,0.0,0.0,-0.004000000000000448,0.0,0.0,-0.010000000000005116,0.0,0.0,0.05600000000000005,0.0,0.0,0.0,0.0,0.0,0.041999999999990933,0.0,0.0
VAL 518,R VAL 518,0.0,0.0,0.0,-0.0030000000000001137,0.0,0.0,0.0379999999999967,0.0,0.0,-0.016999999999999904,0.0,0.0,0.0,0.0,0.0,0.01799999999999713,0.0,0.0
VAL 519,R VAL 519,0.0,0.0,0.0,0.0,0.0,0.0,0.005000000000002558,0.0,0.0,-0.0009999999999998899,0.0,0.0,0.0,0.0,0.0,0.004000000000003112,0.0,0.0
ASP 520,R ASP 520,0.0,0.0,0.0,0.0,0.0,0.0,0.05000000000000426,0.0,0.0,-0.053000000000000824,0.0,0.0,0.0,0.0,0.0,-0.002999999999996561,0.0,0.0
VAL 521,R VAL 521,0.0,0.0,0.0,-0.001000000000000334,0.0,0.0,0.1280000000000001,0.0,0.0,-0.1280000000000001,0.0,0.0,0.0,0.0,0.0,-0.0009999999999976694,0.0,0.0
GLY 522,R GLY 522,0.0,0.0,0.0,-0.0029999999999996696,0.0,0.0,-0.2810000000000059,0.0,0.0,0.4140000000000015,0.0,0.0,0.0,0.0,0.0,0.13000000000000966,0.0,0.0
VAL 523,R VAL 523,0.0,0.0,0.0,-0.0030000000000001137,0.0,0.0,-0.018000000000000682,0.0,0.0,0.007000000000000117,0.0,0.0,0.0,0.0,0.0,-0.014000000000000679,0.0,0.0
GLN 524,R GLN 524,0.0,0.0,0.0,-0.002000000000000224,0.0,0.0,0.027000000000001023,0.0,0.0,-0.02400000000000002,0.0,0.0,0.0,0.0,0.0,0.001000000000005663,0.0,0.0
VAL 525,R VAL 525,0.0,0.0,0.0,-0.0009999999999998899,0.0,0.0,0.001999999999995339,0.0,0.0,0.0039999999999995595,0.0,0.0,0.0,0.0,0.0,0.004999999999997229,0.0,0.0
GLU 526,R GLU 526,0.0,0.0,0.0,-0.0009999999999998899,0.0,0.0,0.02599999999999625,0.0,0.0,-0.029999999999997584,0.0,0.0,0.0,0.0,0.0,-0.0049999999999919,0.0,0.0
THR 527,R THR 527,0.0,0.0,0.0,0.0,0.0,0.0,0.012999999999998124,0.0,0.0,-0.0019999999999997797,0.0,0.0,0.0,0.0,0.0,0.010999999999998344,0.0,0.0
ILE 528,R ILE 528,0.0,0.0,0.0,0.0,0.0,0.0,0.005000000000002558,0.0,0.0,0.005999999999999339,0.0,0.0,0.0,0.0,0.0,0.011000000000001897,0.0,0.0
SER 529,R SER 529,0.0,0.0,0.0,0.0,0.0,0.0,0.0,0.0,0.0,-0.0039999999999995595,0.0,0.0,0.0,0.0,0.0,-0.0039999999999995595,0.0,0.0
PRO 530,R PRO 530,0.0,0.0,0.0,0.0,0.0,0.0,-0.012000000000000455,0.0,0.0,0.010999999999999233,0.0,0.0,0.0,0.0,0.0,-0.0010000000000012221,0.0,0.0
GLY 531,R GLY 531,0.0,0.0,0.0,0.0,0.0,0.0,0.018000000000000682,0.0,0.0,-0.014999999999999958,0.0,0.0,0.0,0.0,0.0,0.0030000000000001137,0.0,0.0
ASP 532,R ASP 532,0.0,0.0,0.0,0.0,0.0,0.0,-0.025000000000005684,0.0,0.0,0.020999999999997243,0.0,0.0,0.0,0.0,0.0,-0.004000000000008441,0.0,0.0
GLY 533,R GLY 533,0.0,0.0,0.0,-0.0009999999999998899,0.0,0.0,0.006000000000000227,0.0,0.0,-0.004000000000000448,0.0,0.0,0.0,0.0,0.0,0.0009999999999950049,0.0,0.0
ARG 534,R ARG 534,0.0,0.0,0.0,0.0,0.0,0.0,0.02599999999999625,0.0,0.0,-0.018000000000000682,0.0,0.0,0.0,0.0,0.0,0.007999999999995566,0.0,0.0
THR 535,R THR 535,0.0,0.0,0.0,0.0,0.0,0.0,-0.012000000000000455,0.0,0.0,0.009999999999999787,0.0,0.0,0.0,0.0,0.0,-0.0019999999999988916,0.0,0.0
PHE 536,R PHE 536,0.0,0.0,0.0,-0.0009999999999998899,0.0,0.0,0.0,0.0,0.0,0.008000000000000007,0.0,0.0,0.0,0.0,0.0,0.006999999999994344,0.0,0.0
PRO 537,R PRO 537,0.0,0.0,0.0,-0.0009999999999998899,0.0,0.0,-0.015000000000000568,0.0,0.0,0.03400000000000247,0.0,0.0,0.0,0.0,0.0,0.018000000000004235,0.0,0.0
LYS 538,R LYS 538,0.0,0.0,0.0,-0.0009999999999998899,0.0,0.0,0.007999999999995566,0.0,0.0,0.009999999999999787,0.0,0.0,0.0,0.0,0.0,0.01700000000000479,0.0,0.0
ALA 539,R ALA 539,0.0,0.0,0.0,-0.0009999999999998899,0.0,0.0,-0.005000000000009663,0.0,0.0,0.020999999999999908,0.0,0.0,0.0,0.0,0.0,0.01499999999998547,0.0,0.0
GLY 540,R GLY 540,0.0,0.0,0.0,-0.0019999999999997797,0.0,0.0,-0.005000000000009663,0.0,0.0,0.022999999999999993,0.0,0.0,0.0,0.0,0.0,0.015999999999994685,0.0,0.0
GLN 541,R GLN 541,0.0,0.0,0.0,-0.0019999999999997797,0.0,0.0,-0.019000000000005457,0.0,0.0,-0.006999999999999673,0.0,0.0,0.0,0.0,0.0,-0.02800000000000047,0.0,0.0
THR 542,R THR 542,0.0,0.0,0.0,-0.0030000000000001137,0.0,0.0,0.024999999999991473,0.0,0.0,-0.14100000000000001,0.0,0.0,0.0,0.0,0.0,-0.11900000000000865,0.0,0.0
CYS 543,R CYS 543,0.0,0.0,0.0,-0.01100000000000012,0.0,0.0,-0.11899999999999977,0.0,0.0,0.15900000000000003,0.0,0.0,0.0,0.0,0.0,0.029000000000004578,0.0,0.0
VAL 544,R VAL 544,0.0,0.0,0.0,-0.006999999999999673,0.0,0.0,0.06499999999999773,0.0,0.0,-0.16100000000000003,0.0,0.0,0.0,0.0,0.0,-0.10299999999999265,0.0,0.0
VAL 545,R VAL 545,0.0,0.0,0.0,-0.020999999999999908,0.0,0.0,-0.12399999999999523,0.0,0.0,0.05499999999999994,0.0,0.0,0.0,0.0,0.0,-0.0899999999999963,0.0,0.0
HIE 546,R HIE 546,0.0,0.0,0.0,-0.019000000000000128,0.0,0.0,0.08400000000000318,0.0,0.0,-0.163,0.0,0.0,0.0,0.0,0.0,-0.09800000000000253,0.0,0.0
TYR 547,R TYR 547,0.0,0.0,0.0,-0.04899999999999993,0.0,0.0,-0.14100000000000534,0.0,0.0,0.019000000000000017,0.0,0.0,0.0,0.0,0.0,-0.1709999999999976,0.0,0.0
THR 548,R THR 548,0.0,0.0,0.0,-0.04699999999999971,0.0,0.0,-0.1290000000000049,0.0,0.0,-0.22699999999999987,0.0,0.0,0.0,0.0,0.0,-0.40300000000000846,0.0,0.0
GLY 549,R GLY 549,0.0,0.0,0.0,-0.13099999999999934,0.0,0.0,-0.45599999999998886,0.0,0.0,0.21899999999999986,0.0,0.0,0.0,0.0,0.0,-0.36799999999998967,0.0,0.0
MET 550,R MET 550,0.0,0.0,0.0,-0.03399999999999981,0.0,0.0,0.1530000000000058,0.0,0.0,-0.11499999999999977,0.0,0.0,0.0,0.0,0.0,0.004000000000014214,0.0,0.0
LEU 551,R LEU 551,0.0,0.0,0.0,-0.009999999999999787,0.0,0.0,0.02400000000000091,0.0,0.0,0.05799999999999983,0.0,0.0,0.0,0.0,0.0,0.07199999999999562,0.0,0.0
GLU 552,R GLU 552,0.0,0.0,0.0,-0.0030000000000001137,0.0,0.0,0.08200000000000074,0.0,0.0,-0.05699999999999861,0.0,0.0,0.0,0.0,0.0,0.022000000000002018,0.0,0.0
ASP 553,R ASP 553,0.0,0.0,0.0,-0.0009999999999998899,0.0,0.0,0.05299999999999727,0.0,0.0,-0.045000000000001705,0.0,0.0,0.0,0.0,0.0,0.006999999999990791,0.0,0.0
GLY 554,R GLY 554,0.0,0.0,0.0,-0.0029999999999996696,0.0,0.0,-0.045000000000001705,0.0,0.0,0.06000000000000005,0.0,0.0,0.0,0.0,0.0,0.011999999999998234,0.0,0.0
LYS 555,R LYS 555,0.0,0.0,0.0,-0.004999999999999893,0.0,0.0,-0.02400000000000091,0.0,0.0,0.021999999999998465,0.0,0.0,0.0,0.0,0.0,-0.007000000000012108,0.0,0.0
LYS 556,R LYS 556,0.0,0.0,0.0,-0.01200000000000001,0.0,0.0,-0.2469999999999999,0.0,0.0,0.04800000000000182,0.0,0.0,0.0,0.0,0.0,-0.21099999999999852,0.0,0.0
PHE 557,R PHE 557,0.0,0.0,0.0,-0.09499999999999975,0.0,0.0,-0.20300000000000296,0.0,0.0,-0.06299999999999972,0.0,0.0,0.0,0.0,0.0,-0.36100000000000065,0.0,0.0
ASP 558,R ASP 558,0.0,0.0,0.0,-0.1559999999999997,0.0,0.0,0.5289999999999964,0.0,0.0,-0.5869999999999997,0.0,0.0,0.0,0.0,0.0,-0.21399999999999508,0.0,0.0
SER 559,R SER 559,0.0,0.0,0.0,-0.11899999999999977,0.0,0.0,-0.07099999999999795,0.0,0.0,-0.051000000000000156,0.0,0.0,0.0,0.0,0.0,-0.24099999999999788,0.0,0.0
SER 560,R SER 560,0.0,0.0,0.0,-0.06500000000000039,0.0,0.0,-0.07099999999999795,0.0,0.0,-0.04499999999999993,0.0,0.0,0.0,0.0,0.0,-0.1809999999999956,0.0,0.0
ARG 561,R ARG 561,0.0,0.0,0.0,-0.0129999999999999,0.0,0.0,0.17199999999999704,0.0,0.0,-0.26599999999999824,0.0,0.0,0.0,0.0,0.0,-0.10699999999999221,0.0,0.0
ASP 562,R ASP 562,0.0,0.0,0.0,-0.0129999999999999,0.0,0.0,-0.08899999999999864,0.0,0.0,0.12400000000000233,0.0,0.0,0.0,0.0,0.0,0.021999999999998465,0.0,0.0
ARG 563,R ARG 563,0.0,0.0,0.0,-0.015000000000000124,0.0,0.0,0.2819999999999965,0.0,0.0,-0.27800000000000225,0.0,0.0,0.0,0.0,0.0,-0.011000000000006338,0.0,0.0
ASN 564,R ASN 564,0.0,0.0,0.0,-0.006999999999999673,0.0,0.0,0.027999999999991587,0.0,0.0,0.07299999999999995,0.0,0.0,0.0,0.0,0.0,0.09399999999998654,0.0,0.0
LYS 565,R LYS 565,0.0,0.0,0.0,-0.028000000000000025,0.0,0.0,0.13700000000000045,0.0,0.0,-0.1379999999999999,0.0,0.0,0.0,0.0,0.0,-0.029000000000005244,0.0,0.0
PRO 566,R PRO 566,0.0,0.0,0.0,-0.028999999999999915,0.0,0.0,-0.18099999999999739,0.0,0.0,0.08000000000000007,0.0,0.0,0.0,0.0,0.0,-0.13000000000000078,0.0,0.0
PHE 567,R PHE 567,0.0,0.0,0.0,-0.08000000000000007,0.0,0.0,0.1460000000000008,0.0,0.0,-0.051000000000000156,0.0,0.0,0.0,0.0,0.0,0.015000000000002345,0.0,0.0
LYS 568,R LYS 568,0.0,0.0,0.0,-0.07900000000000018,0.0,0.0,0.2560000000000002,0.0,0.0,-0.370000000000001,0.0,0.0,0.0,0.0,0.0,-0.1929999999999943,0.0,0.0
PHE 569,R PHE 569,0.0,0.0,0.0,-0.039000000000000146,0.0,0.0,-0.054000000000002046,0.0,0.0,0.03400000000000003,0.0,0.0,0.0,0.0,0.0,-0.05900000000000283,0.0,0.0
MET 570,R MET 570,0.0,0.0,0.0,-0.017000000000000348,0.0,0.0,-0.01999999999999602,0.0,0.0,0.019000000000000128,0.0,0.0,0.0,0.0,0.0,-0.0179999999999918,0.0,0.0
LEU 571,R LEU 571,0.0,0.0,0.0,-0.006000000000000227,0.0,0.0,-0.027000000000001023,0.0,0.0,0.04499999999999993,0.0,0.0,0.0,0.0,0.0,0.011999999999998678,0.0,0.0
GLY 572,R GLY 572,0.0,0.0,0.0,-0.006000000000000227,0.0,0.0,0.02199999999999136,0.0,0.0,0.035999999999999976,0.0,0.0,0.0,0.0,0.0,0.051999999999991164,0.0,0.0
LYS 573,R LYS 573,0.0,0.0,0.0,-0.011999999999999567,0.0,0.0,0.019000000000005457,0.0,0.0,0.054000000000002046,0.0,0.0,0.0,0.0,0.0,0.06100000000000705,0.0,0.0
GLN 574,R GLN 574,0.0,0.0,0.0,-0.062000000000000055,0.0,0.0,-0.009999999999990905,0.0,0.0,0.036999999999999034,0.0,0.0,0.0,0.0,0.0,-0.034999999999989484,0.0,0.0
GLU 575,R GLU 575,0.0,0.0,0.0,-0.6889999999999996,0.0,0.0,-0.8840000000000003,0.0,0.0,2.4269999999999996,0.0,0.0,-0.1352736,0.0,0.0,0.718726399999992,0.0,0.0
VAL 576,R VAL 576,0.0,0.0,0.0,-0.43999999999999995,0.0,0.0,-1.671999999999997,0.0,0.0,0.09799999999999986,0.0,0.0,-0.07747200000000001,0.0,0.0,-2.091471999999995,0.0,0.0
ILE 577,R ILE 577,0.0,0.0,0.0,-0.025000000000000355,0.0,0.0,-1.8920000000000101,0.0,0.0,0.6400000000000006,0.0,0.0,-0.023349600000000012,0.0,0.0,-1.3003496000000152,0.0,0.0
ARG 578,R ARG 578,0.0,0.0,0.0,-0.054999999999999716,0.0,0.0,-0.26500000000000057,0.0,0.0,0.379999999999999,0.0,0.0,0.0,0.0,0.0,0.059999999999991616,0.0,0.0
GLY 579,R GLY 579,0.0,0.0,0.0,-0.036000000000000476,0.0,0.0,-0.1290000000000049,0.0,0.0,0.19000000000000017,0.0,0.0,0.0,0.0,0.0,0.02499999999999325,0.0,0.0
TRP 580,R TRP 580,0.0,0.0,0.0,-0.06099999999999994,0.0,0.0,-0.09300000000000352,0.0,0.0,0.10999999999999999,0.0,0.0,0.0,0.0,0.0,-0.043999999999995154,0.0,0.0
GLU 581,R GLU 581,0.0,0.0,0.0,-0.020999999999999908,0.0,0.0,-0.07000000000000028,0.0,0.0,0.1880000000000024,0.0,0.0,0.0,0.0,0.0,0.09700000000000131,0.0,0.0
GLU 582,R GLU 582,0.0,0.0,0.0,-0.005999999999999783,0.0,0.0,-0.012999999999998124,0.0,0.0,0.004000000000001336,0.0,0.0,0.0,0.0,0.0,-0.014999999999997016,0.0,0.0
GLY 583,R GLY 583,0.0,0.0,0.0,-0.007000000000000561,0.0,0.0,-0.010000000000005116,0.0,0.0,-0.06699999999999973,0.0,0.0,0.0,0.0,0.0,-0.0840000000000094,0.0,0.0
VAL 584,R VAL 584,0.0,0.0,0.0,-0.007000000000000117,0.0,0.0,-0.0040000000000048885,0.0,0.0,-0.05599999999999983,0.0,0.0,0.0,0.0,0.0,-0.06700000000000284,0.0,0.0
ALA 585,R ALA 585,0.0,0.0,0.0,-0.0019999999999997797,0.0,0.0,-0.016999999999995907,0.0,0.0,0.06899999999999995,0.0,0.0,0.0,0.0,0.0,0.04999999999999449,0.0,0.0
GLN 586,R GLN 586,0.0,0.0,0.0,-0.0019999999999997797,0.0,0.0,0.0010000000000047748,0.0,0.0,0.01100000000000012,0.0,0.0,0.0,0.0,0.0,0.010000000000009557,0.0,0.0
MET 587,R MET 587,0.0,0.0,0.0,-0.0009999999999994458,0.0,0.0,-0.007000000000005002,0.0,0.0,-0.01200000000000001,0.0,0.0,0.0,0.0,0.0,-0.020000000000009344,0.0,0.0
SER 588,R SER 588,0.0,0.0,0.0,-0.0009999999999998899,0.0,0.0,-0.014000000000010004,0.0,0.0,0.01100000000000012,0.0,0.0,0.0,0.0,0.0,-0.0040000000000146585,0.0,0.0
VAL 589,R VAL 589,0.0,0.0,0.0,0.0,0.0,0.0,0.017000000000003013,0.0,0.0,-0.009999999999999787,0.0,0.0,0.0,0.0,0.0,0.007000000000003226,0.0,0.0
GLY 590,R GLY 590,0.0,0.0,0.0,0.0,0.0,0.0,0.02200000000000557,0.0,0.0,-0.008999999999999897,0.0,0.0,0.0,0.0,0.0,0.01300000000000523,0.0,0.0
GLN 591,R GLN 591,0.0,0.0,0.0,-0.0009999999999994458,0.0,0.0,-0.03499999999999659,0.0,0.0,0.016000000000000014,0.0,0.0,0.0,0.0,0.0,-0.02000000000000135,0.0,0.0
ARG 592,R ARG 592,0.0,0.0,0.0,-0.001000000000000334,0.0,0.0,0.029000000000010573,0.0,0.0,-0.1059999999999981,0.0,0.0,0.0,0.0,0.0,-0.07799999999997809,0.0,0.0
ALA 593,R ALA 593,0.0,0.0,0.0,-0.0030000000000001137,0.0,0.0,-0.010000000000005116,0.0,0.0,0.026000000000000245,0.0,0.0,0.0,0.0,0.0,0.012999999999995016,0.0,0.0
LYS 594,R LYS 594,0.0,0.0,0.0,-0.0030000000000001137,0.0,0.0,-0.0759999999999934,0.0,0.0,-0.0010000000000012221,0.0,0.0,0.0,0.0,0.0,-0.07999999999999474,0.0,0.0
LEU 595,R LEU 595,0.0,0.0,0.0,-0.009000000000000341,0.0,0.0,0.09199999999999875,0.0,0.0,-0.07800000000000007,0.0,0.0,0.0,0.0,0.0,0.004999999999999005,0.0,0.0
THR 596,R THR 596,0.0,0.0,0.0,-0.004999999999999893,0.0,0.0,-0.04000000000000625,0.0,0.0,0.02400000000000002,0.0,0.0,0.0,0.0,0.0,-0.021000000000002572,0.0,0.0
ILE 597,R ILE 597,0.0,0.0,0.0,-0.01100000000000012,0.0,0.0,0.055999999999997385,0.0,0.0,-0.05600000000000005,0.0,0.0,0.0,0.0,0.0,-0.010999999999998344,0.0,0.0
SER 598,R SER 598,0.0,0.0,0.0,-0.01100000000000012,0.0,0.0,0.08500000000000085,0.0,0.0,-0.0779999999999994,0.0,0.0,0.0,0.0,0.0,-0.004000000000008441,0.0,0.0
PRO 599,R PRO 599,0.0,0.0,0.0,-0.021999999999999797,0.0,0.0,0.04299999999999926,0.0,0.0,-0.047999999999998266,0.0,0.0,0.0,0.0,0.0,-0.02699999999999747,0.0,0.0
ASP 600,R ASP 600,0.0,0.0,0.0,-0.019000000000000128,0.0,0.0,0.0730000000000004,0.0,0.0,-0.05799999999999983,0.0,0.0,0.0,0.0,0.0,-0.0040000000000048885,0.0,0.0
TYR 601,R TYR 601,0.0,0.0,0.0,-0.04499999999999993,0.0,0.0,0.12700000000000955,0.0,0.0,-0.20000000000000018,0.0,0.0,0.0,0.0,0.0,-0.11799999999999322,0.0,0.0
ALA 602,R ALA 602,0.0,0.0,0.0,-0.3440000000000003,0.0,0.0,-0.5229999999999961,0.0,0.0,1.194,0.0,0.0,-0.07233119999999998,0.0,0.0,0.2546688000000097,0.0,0.0
TYR 603,R TYR 603,0.0,0.0,0.0,-0.2370000000000001,0.0,0.0,0.08899999999999864,0.0,0.0,0.28100000000000014,0.0,0.0,-0.0583272,0.0,0.0,0.07467280000000409,0.0,0.0
GLY 604,R GLY 604,0.0,0.0,0.0,-0.04900000000000038,0.0,0.0,-0.0379999999999967,0.0,0.0,0.05600000000000005,0.0,0.0,0.0,0.0,0.0,-0.03100000000000236,0.0,0.0
ALA 605,R ALA 605,0.0,0.0,0.0,-0.01100000000000012,0.0,0.0,0.018000000000000682,0.0,0.0,0.0019999999999988916,0.0,0.0,0.0,0.0,0.0,0.008999999999989683,0.0,0.0
THR 606,R THR 606,0.0,0.0,0.0,-0.02499999999999991,0.0,0.0,0.04600000000000648,0.0,0.0,-0.030999999999999694,0.0,0.0,0.0,0.0,0.0,-0.00999999999999801,0.0,0.0
GLY 607,R GLY 607,0.0,0.0,0.0,-0.11399999999999988,0.0,0.0,-0.060000000000002274,0.0,0.0,0.23500000000000032,0.0,0.0,-0.002375999999999996,0.0,0.0,0.05862399999999468,0.0,0.0
HIE 608,R HIE 608,0.0,0.0,0.0,-0.12400000000000011,0.0,0.0,0.009000000000000341,0.0,0.0,-0.010999999999999677,0.0,0.0,0.0,0.0,0.0,-0.12600000000000877,0.0,0.0
PRO 609,R PRO 609,0.0,0.0,0.0,-0.08099999999999996,0.0,0.0,-0.02400000000000091,0.0,0.0,0.41300000000000026,0.0,0.0,0.0,0.0,0.0,0.3079999999999963,0.0,0.0
GLY 610,R GLY 610,0.0,0.0,0.0,-0.040999999999999925,0.0,0.0,-0.009000000000000341,0.0,0.0,0.0029999999999998916,0.0,0.0,0.0,0.0,0.0,-0.04700000000001214,0.0,0.0
ILE 611,R ILE 611,0.0,0.0,0.0,-0.09099999999999975,0.0,0.0,0.054000000000002046,0.0,0.0,-0.2280000000000002,0.0,0.0,0.0,0.0,0.0,-0.26499999999999213,0.0,0.0
ILE 612,R ILE 612,0.0,0.0,0.0,-0.09200000000000008,0.0,0.0,-0.02599999999999625,0.0,0.0,0.019000000000000128,0.0,0.0,0.0,0.0,0.0,-0.09899999999999487,0.0,0.0
PRO 613,R PRO 613,0.0,0.0,0.0,-0.01599999999999957,0.0,0.0,0.15399999999999636,0.0,0.0,-0.08799999999999741,0.0,0.0,0.0,0.0,0.0,0.05000000000000071,0.0,0.0
PRO 614,R PRO 614,0.0,0.0,0.0,-0.006999999999999673,0.0,0.0,0.08200000000000074,0.0,0.0,-0.045000000000001705,0.0,0.0,0.0,0.0,0.0,0.030000000000001137,0.0,0.0
HIE 615,R HIE 615,0.0,0.0,0.0,-0.004999999999999893,0.0,0.0,-0.012000000000000455,0.0,0.0,0.06600000000000072,0.0,0.0,0.0,0.0,0.0,0.04899999999999061,0.0,0.0
ALA 616,R ALA 616,0.0,0.0,0.0,-0.01100000000000012,0.0,0.0,0.06399999999999295,0.0,0.0,-0.04600000000000026,0.0,0.0,0.0,0.0,0.0,0.006999999999997009,0.0,0.0
THR 617,R THR 617,0.0,0.0,0.0,-0.008999999999999897,0.0,0.0,-0.001999999999995339,0.0,0.0,-0.054999999999999716,0.0,0.0,0.0,0.0,0.0,-0.0659999999999954,0.0,0.0
LEU 618,R LEU 618,0.0,0.0,0.0,-0.019000000000000128,0.0,0.0,-0.03700000000000614,0.0,0.0,0.006000000000000005,0.0,0.0,0.0,0.0,0.0,-0.05000000000001181,0.0,0.0
VAL 619,R VAL 619,0.0,0.0,0.0,-0.020000000000000018,0.0,0.0,0.1419999999999959,0.0,0.0,-0.19100000000000006,0.0,0.0,0.0,0.0,0.0,-0.06899999999999995,0.0,0.0
PHE 620,R PHE 620,0.0,0.0,0.0,-0.020000000000000018,0.0,0.0,-0.03900000000000148,0.0,0.0,-0.0259999999999998,0.0,0.0,0.0,0.0,0.0,-0.0849999999999973,0.0,0.0
ASP 621,R ASP 621,0.0,0.0,0.0,-0.01499999999999968,0.0,0.0,0.027000000000001023,0.0,0.0,0.03200000000000003,0.0,0.0,0.0,0.0,0.0,0.04400000000000048,0.0,0.0
VAL 622,R VAL 622,0.0,0.0,0.0,-0.009999999999999787,0.0,0.0,0.0689999999999884,0.0,0.0,-0.21299999999999963,0.0,0.0,0.0,0.0,0.0,-0.1540000000000088,0.0,0.0
GLU 623,R GLU 623,0.0,0.0,0.0,-0.006999999999999673,0.0,0.0,-0.10000000000000142,0.0,0.0,0.16600000000000037,0.0,0.0,0.0,0.0,0.0,0.058999999999993946,0.0,0.0
LEU 624,R LEU 624,0.0,0.0,0.0,-0.0030000000000001137,0.0,0.0,0.025000000000005684,0.0,0.0,-0.09200000000000053,0.0,0.0,0.0,0.0,0.0,-0.06999999999999496,0.0,0.0
LEU 625,R LEU 625,0.0,0.0,0.0,-0.0009999999999998899,0.0,0.0,0.03299999999998704,0.0,0.0,-0.015000000000000124,0.0,0.0,0.0,0.0,0.0,0.016999999999995907,0.0,0.0
LYS 626,R LYS 626,0.0,0.0,0.0,-0.002000000000000224,0.0,0.0,0.06599999999998829,0.0,0.0,-0.05600000000000094,0.0,0.0,0.0,0.0,0.0,0.007999999999992013,0.0,0.0
LEU 627,R LEU 627,0.0,0.0,0.0,-0.002000000000000224,0.0,0.0,0.0,0.0,0.0,0.0129999999999999,0.0,0.0,0.0,0.0,0.0,0.011000000000004562,0.0,0.0
GLU 628,R GLU 628,0.0,0.0,0.0,-0.0019999999999997797,0.0,0.0,-0.357999999999997,0.0,0.0,0.3649999999999949,0.0,0.0,0.0,0.0,0.0,0.004999999999988347,0.0,0.0
FK5 629,L FK5   1,0.0,0.0,0.0,0.0,0.0,0.0,0.0,0.0,0.0,0.0,0.0,0.0,0.0,0.0,0.0,0.0,0.0,0.0

